pread64(3</usr/lib/x86_64-linux-gnu/libc.so.6>, "\6\0\0\0\4\0\0\0@\0\0\0\0\0\0\0@\0\0\0\0\0\0\0@\0\0\0\0\0\0\0H\3\0\0\0\0\0\0H\3\0\0\0\0\0\0\10\0\0\0\0\0\0\0\3\0\0\0\4\0\0\0\240\1\36\0\0\0\0\0\240\1\36\0\0\0\0\0\240\1\36\0\0\0\0\0\34\0\0\0\0\0\0\0"..., 840, 64) = 840
pread64(3</usr/lib/x86_64-linux-gnu/libc.so.6>, "\6\0\0\0\4\0\0\0@\0\0\0\0\0\0\0@\0\0\0\0\0\0\0@\0\0\0\0\0\0\0H\3\0\0\0\0\0\0H\3\0\0\0\0\0\0\10\0\0\0\0\0\0\0\3\0\0\0\4\0\0\0\240\1\36\0\0\0\0\0\240\1\36\0\0\0\0\0\240\1\36\0\0\0\0\0\34\0\0\0\0\0\0\0"..., 840, 64) = 840
fsync(3</tmp/nia-publication-fault-7_6ur5fa/case/store>) = 0
pread64(3</tmp/nia-publication-fault-7_6ur5fa/case/store/objects/7c/28b05decc8f6bb33b6cf0f646c5af5aa8055e00a4cf6da1a746bd63b1d1ef2>, "MCPLAN02\37\37\37\37\37\37\37\37\37\37\37\37\37\37\37\37================\0\0\0\0\0\0\0\0\0\0\0\0\0\0\0\1\0\0\0\0\0\0\0\1\0\0\0\0\0\0\0\2\216\346\2104^\35\225\2\356\214\327'zE<0\277\267{\224r\1\276\263"..., 65536, 0) = 467
pread64(3</tmp/nia-publication-fault-7_6ur5fa/case/store/objects/7c/28b05decc8f6bb33b6cf0f646c5af5aa8055e00a4cf6da1a746bd63b1d1ef2>, "", 65069, 467) = 0
pread64(3</tmp/nia-publication-fault-7_6ur5fa/case/store/objects/7c/28b05decc8f6bb33b6cf0f646c5af5aa8055e00a4cf6da1a746bd63b1d1ef2>, "", 65536, 467) = 0
pread64(3</tmp/nia-publication-fault-7_6ur5fa/case/store/objects/7c/28b05decc8f6bb33b6cf0f646c5af5aa8055e00a4cf6da1a746bd63b1d1ef2>, "MCPLAN02\37\37\37\37\37\37\37\37\37\37\37\37\37\37\37\37================\0\0\0\0\0\0\0\0\0\0\0\0\0\0\0\1\0\0\0\0\0\0\0\1\0\0\0\0\0\0\0\2\216\346\2104^\35\225\2\356\214\327'zE<0\277\267{\224r\1\276\263"..., 4500000, 0) = 467
pread64(3</tmp/nia-publication-fault-7_6ur5fa/case/store/objects/7c/28b05decc8f6bb33b6cf0f646c5af5aa8055e00a4cf6da1a746bd63b1d1ef2>, "", 4499533, 467) = 0
pread64(3</tmp/nia-publication-fault-7_6ur5fa/case/store/objects/21/944ec3a07bc2c4968e56fb8293ef4e32f02aecead46768799ef9a6a96e2705>, "NIAPUB01\37\37\37\37\37\37\37\37\37\37\37\37\37\37\37\37))))))))))))))))EN\16:\276\304-E\373\22\204\265\26:\214\305\301\1\4\312\17\2\177.%\237)jJ\374\31\270\216\346\2104^\35\225\2\356\214\327'zE<0\277\267{\224r\1\276\263"..., 65536, 0) = 192
pread64(3</tmp/nia-publication-fault-7_6ur5fa/case/store/objects/21/944ec3a07bc2c4968e56fb8293ef4e32f02aecead46768799ef9a6a96e2705>, "", 65344, 192) = 0
pread64(3</tmp/nia-publication-fault-7_6ur5fa/case/store/objects/21/944ec3a07bc2c4968e56fb8293ef4e32f02aecead46768799ef9a6a96e2705>, "", 65536, 192) = 0
pread64(3</tmp/nia-publication-fault-7_6ur5fa/case/store/objects/21/944ec3a07bc2c4968e56fb8293ef4e32f02aecead46768799ef9a6a96e2705>, "NIAPUB01\37\37\37\37\37\37\37\37\37\37\37\37\37\37\37\37))))))))))))))))EN\16:\276\304-E\373\22\204\265\26:\214\305\301\1\4\312\17\2\177.%\237)jJ\374\31\270\216\346\2104^\35\225\2\356\214\327'zE<0\277\267{\224r\1\276\263"..., 193, 0) = 192
pread64(3</tmp/nia-publication-fault-7_6ur5fa/case/store/objects/21/944ec3a07bc2c4968e56fb8293ef4e32f02aecead46768799ef9a6a96e2705>, "", 1, 192) = 0
pread64(3</tmp/nia-publication-fault-7_6ur5fa/case/store/objects/45/4e0e3abec42d45fb1284b5163a8cc5c10104ca0f027f2e259f296a4afc19b8>, "NIAGEN04))))))))))))))))3333333333333333\0\0\0\0\0\0\0\1\0\0\0\0\0\0\0\2\216\346\2104^\35\225\2\356\214\327'zE<0\277\267{\224r\1\276\2630\16\235\362\270\3122\35\"\"\"\"\"\"\"\""..., 65536, 0) = 288
pread64(3</tmp/nia-publication-fault-7_6ur5fa/case/store/objects/45/4e0e3abec42d45fb1284b5163a8cc5c10104ca0f027f2e259f296a4afc19b8>, "", 65248, 288) = 0
pread64(3</tmp/nia-publication-fault-7_6ur5fa/case/store/objects/45/4e0e3abec42d45fb1284b5163a8cc5c10104ca0f027f2e259f296a4afc19b8>, "", 65536, 288) = 0
pread64(3</tmp/nia-publication-fault-7_6ur5fa/case/store/objects/45/4e0e3abec42d45fb1284b5163a8cc5c10104ca0f027f2e259f296a4afc19b8>, "NIAGEN04))))))))))))))))3333333333333333\0\0\0\0\0\0\0\1\0\0\0\0\0\0\0\2\216\346\2104^\35\225\2\356\214\327'zE<0\277\267{\224r\1\276\2630\16\235\362\270\3122\35\"\"\"\"\"\"\"\""..., 32992, 0) = 288
pread64(3</tmp/nia-publication-fault-7_6ur5fa/case/store/objects/45/4e0e3abec42d45fb1284b5163a8cc5c10104ca0f027f2e259f296a4afc19b8>, "", 32704, 288) = 0
pread64(3</tmp/nia-publication-fault-7_6ur5fa/case/store/objects/b2/d93d1647239d0ba4daeaa2a008547e866b63fe552b7835bb1cf81afd008832>, "NIASPOL1~R\322\ng\4\374Nt{\300\301\330\36\340\226\257\27\360\206\320\344f\21\354\217~\254\226\320\232\"\0\0\0\0\0\0\3\350\0\0\0\0\0\0\0\1GGGGGGGGGGGGGGGGGGGGGGGGGGGGGGGG\212\210\343\335t\t\361\225"..., 65536, 0) = 136
pread64(3</tmp/nia-publication-fault-7_6ur5fa/case/store/objects/b2/d93d1647239d0ba4daeaa2a008547e866b63fe552b7835bb1cf81afd008832>, "", 65400, 136) = 0
pread64(3</tmp/nia-publication-fault-7_6ur5fa/case/store/objects/b2/d93d1647239d0ba4daeaa2a008547e866b63fe552b7835bb1cf81afd008832>, "", 65536, 136) = 0
pread64(3</tmp/nia-publication-fault-7_6ur5fa/case/store/objects/b2/d93d1647239d0ba4daeaa2a008547e866b63fe552b7835bb1cf81afd008832>, "NIASPOL1~R\322\ng\4\374Nt{\300\301\330\36\340\226\257\27\360\206\320\344f\21\354\217~\254\226\320\232\"\0\0\0\0\0\0\3\350\0\0\0\0\0\0\0\1GGGGGGGGGGGGGGGGGGGGGGGGGGGGGGGG\212\210\343\335t\t\361\225"..., 20536, 0) = 136
pread64(3</tmp/nia-publication-fault-7_6ur5fa/case/store/objects/b2/d93d1647239d0ba4daeaa2a008547e866b63fe552b7835bb1cf81afd008832>, "", 20400, 136) = 0
fsync(3</tmp/nia-publication-fault-7_6ur5fa/case/state>) = 0
fsync(3</tmp/nia-publication-fault-7_6ur5fa/case/state>) = 0
fsync(3</tmp/nia-publication-fault-7_6ur5fa/case/store>) = 0
pread64(3</tmp/nia-publication-fault-7_6ur5fa/case/store/objects/7c/28b05decc8f6bb33b6cf0f646c5af5aa8055e00a4cf6da1a746bd63b1d1ef2>, "MCPLAN02\37\37\37\37\37\37\37\37\37\37\37\37\37\37\37\37================\0\0\0\0\0\0\0\0\0\0\0\0\0\0\0\1\0\0\0\0\0\0\0\1\0\0\0\0\0\0\0\2\216\346\2104^\35\225\2\356\214\327'zE<0\277\267{\224r\1\276\263"..., 65536, 0) = 467
pread64(3</tmp/nia-publication-fault-7_6ur5fa/case/store/objects/7c/28b05decc8f6bb33b6cf0f646c5af5aa8055e00a4cf6da1a746bd63b1d1ef2>, "", 65069, 467) = 0
pread64(3</tmp/nia-publication-fault-7_6ur5fa/case/store/objects/7c/28b05decc8f6bb33b6cf0f646c5af5aa8055e00a4cf6da1a746bd63b1d1ef2>, "", 65536, 467) = 0
pread64(3</tmp/nia-publication-fault-7_6ur5fa/case/store/objects/7c/28b05decc8f6bb33b6cf0f646c5af5aa8055e00a4cf6da1a746bd63b1d1ef2>, "MCPLAN02\37\37\37\37\37\37\37\37\37\37\37\37\37\37\37\37================\0\0\0\0\0\0\0\0\0\0\0\0\0\0\0\1\0\0\0\0\0\0\0\1\0\0\0\0\0\0\0\2\216\346\2104^\35\225\2\356\214\327'zE<0\277\267{\224r\1\276\263"..., 4500000, 0) = 467
pread64(3</tmp/nia-publication-fault-7_6ur5fa/case/store/objects/7c/28b05decc8f6bb33b6cf0f646c5af5aa8055e00a4cf6da1a746bd63b1d1ef2>, "", 4499533, 467) = 0
pread64(3</tmp/nia-publication-fault-7_6ur5fa/case/store/objects/21/944ec3a07bc2c4968e56fb8293ef4e32f02aecead46768799ef9a6a96e2705>, "NIAPUB01\37\37\37\37\37\37\37\37\37\37\37\37\37\37\37\37))))))))))))))))EN\16:\276\304-E\373\22\204\265\26:\214\305\301\1\4\312\17\2\177.%\237)jJ\374\31\270\216\346\2104^\35\225\2\356\214\327'zE<0\277\267{\224r\1\276\263"..., 65536, 0) = 192
pread64(3</tmp/nia-publication-fault-7_6ur5fa/case/store/objects/21/944ec3a07bc2c4968e56fb8293ef4e32f02aecead46768799ef9a6a96e2705>, "", 65344, 192) = 0
pread64(3</tmp/nia-publication-fault-7_6ur5fa/case/store/objects/21/944ec3a07bc2c4968e56fb8293ef4e32f02aecead46768799ef9a6a96e2705>, "", 65536, 192) = 0
pread64(3</tmp/nia-publication-fault-7_6ur5fa/case/store/objects/21/944ec3a07bc2c4968e56fb8293ef4e32f02aecead46768799ef9a6a96e2705>, "NIAPUB01\37\37\37\37\37\37\37\37\37\37\37\37\37\37\37\37))))))))))))))))EN\16:\276\304-E\373\22\204\265\26:\214\305\301\1\4\312\17\2\177.%\237)jJ\374\31\270\216\346\2104^\35\225\2\356\214\327'zE<0\277\267{\224r\1\276\263"..., 193, 0) = 192
pread64(3</tmp/nia-publication-fault-7_6ur5fa/case/store/objects/21/944ec3a07bc2c4968e56fb8293ef4e32f02aecead46768799ef9a6a96e2705>, "", 1, 192) = 0
pread64(3</tmp/nia-publication-fault-7_6ur5fa/case/store/objects/45/4e0e3abec42d45fb1284b5163a8cc5c10104ca0f027f2e259f296a4afc19b8>, "NIAGEN04))))))))))))))))3333333333333333\0\0\0\0\0\0\0\1\0\0\0\0\0\0\0\2\216\346\2104^\35\225\2\356\214\327'zE<0\277\267{\224r\1\276\2630\16\235\362\270\3122\35\"\"\"\"\"\"\"\""..., 65536, 0) = 288
pread64(3</tmp/nia-publication-fault-7_6ur5fa/case/store/objects/45/4e0e3abec42d45fb1284b5163a8cc5c10104ca0f027f2e259f296a4afc19b8>, "", 65248, 288) = 0
pread64(3</tmp/nia-publication-fault-7_6ur5fa/case/store/objects/45/4e0e3abec42d45fb1284b5163a8cc5c10104ca0f027f2e259f296a4afc19b8>, "", 65536, 288) = 0
pread64(3</tmp/nia-publication-fault-7_6ur5fa/case/store/objects/45/4e0e3abec42d45fb1284b5163a8cc5c10104ca0f027f2e259f296a4afc19b8>, "NIAGEN04))))))))))))))))3333333333333333\0\0\0\0\0\0\0\1\0\0\0\0\0\0\0\2\216\346\2104^\35\225\2\356\214\327'zE<0\277\267{\224r\1\276\2630\16\235\362\270\3122\35\"\"\"\"\"\"\"\""..., 32992, 0) = 288
pread64(3</tmp/nia-publication-fault-7_6ur5fa/case/store/objects/45/4e0e3abec42d45fb1284b5163a8cc5c10104ca0f027f2e259f296a4afc19b8>, "", 32704, 288) = 0
pread64(3</tmp/nia-publication-fault-7_6ur5fa/case/store/pins/33333333333333333333333333333333>, "EN\16:\276\304-E\373\22\204\265\26:\214\305\301\1\4\312\17\2\177.%\237)jJ\374\31\270", 33, 0) = 32
pread64(3</tmp/nia-publication-fault-7_6ur5fa/case/store/pins/33333333333333333333333333333333>, "", 1, 32) = 0
pread64(3</tmp/nia-publication-fault-7_6ur5fa/case/store/objects/b2/d93d1647239d0ba4daeaa2a008547e866b63fe552b7835bb1cf81afd008832>, "NIASPOL1~R\322\ng\4\374Nt{\300\301\330\36\340\226\257\27\360\206\320\344f\21\354\217~\254\226\320\232\"\0\0\0\0\0\0\3\350\0\0\0\0\0\0\0\1GGGGGGGGGGGGGGGGGGGGGGGGGGGGGGGG\212\210\343\335t\t\361\225"..., 65536, 0) = 136
pread64(3</tmp/nia-publication-fault-7_6ur5fa/case/store/objects/b2/d93d1647239d0ba4daeaa2a008547e866b63fe552b7835bb1cf81afd008832>, "", 65400, 136) = 0
pread64(3</tmp/nia-publication-fault-7_6ur5fa/case/store/objects/b2/d93d1647239d0ba4daeaa2a008547e866b63fe552b7835bb1cf81afd008832>, "", 65536, 136) = 0
pread64(3</tmp/nia-publication-fault-7_6ur5fa/case/store/objects/b2/d93d1647239d0ba4daeaa2a008547e866b63fe552b7835bb1cf81afd008832>, "NIASPOL1~R\322\ng\4\374Nt{\300\301\330\36\340\226\257\27\360\206\320\344f\21\354\217~\254\226\320\232\"\0\0\0\0\0\0\3\350\0\0\0\0\0\0\0\1GGGGGGGGGGGGGGGGGGGGGGGGGGGGGGGG\212\210\343\335t\t\361\225"..., 20536, 0) = 136
pread64(3</tmp/nia-publication-fault-7_6ur5fa/case/store/objects/b2/d93d1647239d0ba4daeaa2a008547e866b63fe552b7835bb1cf81afd008832>, "", 20400, 136) = 0
pread64(3</tmp/nia-publication-fault-7_6ur5fa/case/store/objects/7e/52d20a6704fc4e747bc0c1d81ee096af17f086d0e46611ec8f7eac96d09a22>, "NIASMAP1\37\37\37\37\37\37\37\37\37\37\37\37\37\37\37\37\0\0\0\0\0\0\0\0\0\0\0\0\0\0\0\0\0\0\0\0\0\0\0\0\0\0\0\0\0\0\0\0\0\0\0\0\0\0\0\0\0\0\0\0\0\0\0\0\0\0\0\0\0\0\0\0\0\0\0\0\0\0\0\0\216\346\2104^\35\225\2"..., 65536, 0) = 256
pread64(3</tmp/nia-publication-fault-7_6ur5fa/case/store/objects/7e/52d20a6704fc4e747bc0c1d81ee096af17f086d0e46611ec8f7eac96d09a22>, "", 65280, 256) = 0
pread64(3</tmp/nia-publication-fault-7_6ur5fa/case/store/objects/7e/52d20a6704fc4e747bc0c1d81ee096af17f086d0e46611ec8f7eac96d09a22>, "", 65536, 256) = 0
pread64(3</tmp/nia-publication-fault-7_6ur5fa/case/store/objects/7e/52d20a6704fc4e747bc0c1d81ee096af17f086d0e46611ec8f7eac96d09a22>, "NIASMAP1\37\37\37\37\37\37\37\37\37\37\37\37\37\37\37\37\0\0\0\0\0\0\0\0\0\0\0\0\0\0\0\0\0\0\0\0\0\0\0\0\0\0\0\0\0\0\0\0\0\0\0\0\0\0\0\0\0\0\0\0\0\0\0\0\0\0\0\0\0\0\0\0\0\0\0\0\0\0\0\0\216\346\2104^\35\225\2"..., 393376, 0) = 256
pread64(3</tmp/nia-publication-fault-7_6ur5fa/case/store/objects/7e/52d20a6704fc4e747bc0c1d81ee096af17f086d0e46611ec8f7eac96d09a22>, "", 393120, 256) = 0
pread64(3</tmp/nia-publication-fault-7_6ur5fa/case/store/objects/8e/e688345e1d9502ee8cd7277a453c30bfb77b947201beb3300e9df2b8ca321d>, "\0\0\0\0\0\0\0\10NIACSEL1\273\343\341b6\331$M\267\345\300\262\251\302\306\27f\270\251!\330\260\227\374\323p\347\177\25.\3311\0\0\0\0\0\0\0\1\f\241y\346\276\376\267a\363a?\36\365|\250\222\353\303\246\242(\334\243/\23\t\360\254\6\247\336~J6\366\353|\33#j"..., 65536, 0) = 152
pread64(3</tmp/nia-publication-fault-7_6ur5fa/case/store/objects/8e/e688345e1d9502ee8cd7277a453c30bfb77b947201beb3300e9df2b8ca321d>, "", 65384, 152) = 0
pread64(3</tmp/nia-publication-fault-7_6ur5fa/case/store/objects/8e/e688345e1d9502ee8cd7277a453c30bfb77b947201beb3300e9df2b8ca321d>, "", 65536, 152) = 0
pread64(3</tmp/nia-publication-fault-7_6ur5fa/case/store/objects/32/094e7c613fdb6dffb1f27d926b176f7fd8946b8c2cf3ca9e3b95cb91a1a8ca>, "NIACLOS1\216\346\2104^\35\225\2\356\214\327'zE<0\277\267{\224r\1\276\2630\16\235\362\270\3122\35\273\343\341b6\331$M\267\345\300\262\251\302\306\27f\270\251!\330\260\227\374\323p\347\177\25.\3311\0\0\0\0\0\0\0\5\f\241y\346\276\376\267a\363a?\36\365|\250\222"..., 65536, 0) = 240
pread64(3</tmp/nia-publication-fault-7_6ur5fa/case/store/objects/32/094e7c613fdb6dffb1f27d926b176f7fd8946b8c2cf3ca9e3b95cb91a1a8ca>, "", 65296, 240) = 0
pread64(3</tmp/nia-publication-fault-7_6ur5fa/case/store/objects/32/094e7c613fdb6dffb1f27d926b176f7fd8946b8c2cf3ca9e3b95cb91a1a8ca>, "", 65536, 240) = 0
pread64(3</tmp/nia-publication-fault-7_6ur5fa/case/store/objects/be/79019cd624c1b58af3cac32a235b467dac74ebfc6ee94e6390a198650449a5>, "NIASUP01GGGGGGGGGGGGGGGGGGGGGGGGGGGGGGGGf\246uqQ\370\356U\333\22w\26\307\343\334\340\276\200t\266N \355\245B\345\301\344l\251\304\36\f\241y\346\276\376\267a\363a?\36\365|\250\222\353\303\246\242(\334\243/"..., 65536, 0) = 320
pread64(3</tmp/nia-publication-fault-7_6ur5fa/case/store/objects/be/79019cd624c1b58af3cac32a235b467dac74ebfc6ee94e6390a198650449a5>, "", 65216, 320) = 0
pread64(3</tmp/nia-publication-fault-7_6ur5fa/case/store/objects/be/79019cd624c1b58af3cac32a235b467dac74ebfc6ee94e6390a198650449a5>, "", 65536, 320) = 0
pread64(3</tmp/nia-publication-fault-7_6ur5fa/case/store/objects/be/79019cd624c1b58af3cac32a235b467dac74ebfc6ee94e6390a198650449a5>, "NIASUP01GGGGGGGGGGGGGGGGGGGGGGGGGGGGGGGGf\246uqQ\370\356U\333\22w\26\307\343\334\340\276\200t\266N \355\245B\345\301\344l\251\304\36\f\241y\346\276\376\267a\363a?\36\365|\250\222\353\303\246\242(\334\243/"..., 320, 0) = 320
pread64(3</tmp/nia-publication-fault-7_6ur5fa/case/store/objects/66/a6757151f8ee55db127716c7e3dce0be8074b64e20eda542e5c1e46ca9c41e>, "\7\10\t", 65536, 0) = 3
pread64(3</tmp/nia-publication-fault-7_6ur5fa/case/store/objects/66/a6757151f8ee55db127716c7e3dce0be8074b64e20eda542e5c1e46ca9c41e>, "", 65533, 3) = 0
pread64(3</tmp/nia-publication-fault-7_6ur5fa/case/store/objects/66/a6757151f8ee55db127716c7e3dce0be8074b64e20eda542e5c1e46ca9c41e>, "", 65536, 3) = 0
pread64(3</tmp/nia-publication-fault-7_6ur5fa/case/store/objects/0c/a179e6befeb761f3613f1ef57ca892ebc3a6a228dca32f1309f0ac06a7de7e>, "!<arch>\ndebian-binary/  0           0     0     100644  4         `\n2.0\ncontrol.tar/    0       "..., 65536, 0) = 20672
pread64(3</tmp/nia-publication-fault-7_6ur5fa/case/store/objects/0c/a179e6befeb761f3613f1ef57ca892ebc3a6a228dca32f1309f0ac06a7de7e>, "", 44864, 20672) = 0
pread64(3</tmp/nia-publication-fault-7_6ur5fa/case/store/objects/0c/a179e6befeb761f3613f1ef57ca892ebc3a6a228dca32f1309f0ac06a7de7e>, "", 65536, 20672) = 0
pread64(3</tmp/nia-publication-fault-7_6ur5fa/case/store/objects/a3/1a856f430af395bccd7eb2f142b11ad3ae0fc5daf3acc4ffb341c48a5abd39>, "Package: empty-package\nVersion: 1\nArchitecture: all\nMaintainer: Fixture <fixture@example.invalid"..., 65536, 0) = 149
pread64(3</tmp/nia-publication-fault-7_6ur5fa/case/store/objects/a3/1a856f430af395bccd7eb2f142b11ad3ae0fc5daf3acc4ffb341c48a5abd39>, "", 65387, 149) = 0
pread64(3</tmp/nia-publication-fault-7_6ur5fa/case/store/objects/a3/1a856f430af395bccd7eb2f142b11ad3ae0fc5daf3acc4ffb341c48a5abd39>, "", 65536, 149) = 0
pread64(3</tmp/nia-publication-fault-7_6ur5fa/case/store/objects/66/a6757151f8ee55db127716c7e3dce0be8074b64e20eda542e5c1e46ca9c41e>, "\7\10\t", 65536, 0) = 3
pread64(3</tmp/nia-publication-fault-7_6ur5fa/case/store/objects/66/a6757151f8ee55db127716c7e3dce0be8074b64e20eda542e5c1e46ca9c41e>, "", 65533, 3) = 0
pread64(3</tmp/nia-publication-fault-7_6ur5fa/case/store/objects/66/a6757151f8ee55db127716c7e3dce0be8074b64e20eda542e5c1e46ca9c41e>, "", 65536, 3) = 0
pread64(3</tmp/nia-publication-fault-7_6ur5fa/case/store/objects/66/a6757151f8ee55db127716c7e3dce0be8074b64e20eda542e5c1e46ca9c41e>, "\7\10\t", 65536, 0) = 3
pread64(3</tmp/nia-publication-fault-7_6ur5fa/case/store/objects/66/a6757151f8ee55db127716c7e3dce0be8074b64e20eda542e5c1e46ca9c41e>, "", 65533, 3) = 0
pread64(3</tmp/nia-publication-fault-7_6ur5fa/case/store/objects/66/a6757151f8ee55db127716c7e3dce0be8074b64e20eda542e5c1e46ca9c41e>, "", 65536, 3) = 0
pread64(3</tmp/nia-publication-fault-7_6ur5fa/case/store/objects/66/a6757151f8ee55db127716c7e3dce0be8074b64e20eda542e5c1e46ca9c41e>, "\7\10\t", 65536, 0) = 3
pread64(3</tmp/nia-publication-fault-7_6ur5fa/case/store/objects/66/a6757151f8ee55db127716c7e3dce0be8074b64e20eda542e5c1e46ca9c41e>, "", 65533, 3) = 0
pread64(3</tmp/nia-publication-fault-7_6ur5fa/case/store/objects/66/a6757151f8ee55db127716c7e3dce0be8074b64e20eda542e5c1e46ca9c41e>, "", 65536, 3) = 0
pread64(3</tmp/nia-publication-fault-7_6ur5fa/case/store/objects/38/c0e841345eeb0948445869eb5553bb39ebf66c24fe6fa00123868f32600451>, "NIAGINT1\37\37\37\37\37\37\37\37\37\37\37\37\37\37\37\37\0\0\0\0\0\0\0\0\0\0\0\0\0\0\0\0\0\0\0\0\0\0\0\0\0\0\0\0\0\0\0\0\216\346\2104^\35\225\2\356\214\327'zE<0\277\267{\224r\1\276\2630\16\235\362\270\3122\0352\tN|a?\333m"..., 65536, 0) = 206
pread64(3</tmp/nia-publication-fault-7_6ur5fa/case/store/objects/38/c0e841345eeb0948445869eb5553bb39ebf66c24fe6fa00123868f32600451>, "", 65330, 206) = 0
pread64(3</tmp/nia-publication-fault-7_6ur5fa/case/store/objects/38/c0e841345eeb0948445869eb5553bb39ebf66c24fe6fa00123868f32600451>, "", 65536, 206) = 0
pread64(3</tmp/nia-publication-fault-7_6ur5fa/case/store/objects/38/c0e841345eeb0948445869eb5553bb39ebf66c24fe6fa00123868f32600451>, "NIAGINT1\37\37\37\37\37\37\37\37\37\37\37\37\37\37\37\37\0\0\0\0\0\0\0\0\0\0\0\0\0\0\0\0\0\0\0\0\0\0\0\0\0\0\0\0\0\0\0\0\216\346\2104^\35\225\2\356\214\327'zE<0\277\267{\224r\1\276\2630\16\235\362\270\3122\0352\tN|a?\333m"..., 1053888, 0) = 206
pread64(3</tmp/nia-publication-fault-7_6ur5fa/case/store/objects/38/c0e841345eeb0948445869eb5553bb39ebf66c24fe6fa00123868f32600451>, "", 1053682, 206) = 0
pread64(3</tmp/nia-publication-fault-7_6ur5fa/case/store/objects/32/094e7c613fdb6dffb1f27d926b176f7fd8946b8c2cf3ca9e3b95cb91a1a8ca>, "NIACLOS1\216\346\2104^\35\225\2\356\214\327'zE<0\277\267{\224r\1\276\2630\16\235\362\270\3122\35\273\343\341b6\331$M\267\345\300\262\251\302\306\27f\270\251!\330\260\227\374\323p\347\177\25.\3311\0\0\0\0\0\0\0\5\f\241y\346\276\376\267a\363a?\36\365|\250\222"..., 65536, 0) = 240
pread64(3</tmp/nia-publication-fault-7_6ur5fa/case/store/objects/32/094e7c613fdb6dffb1f27d926b176f7fd8946b8c2cf3ca9e3b95cb91a1a8ca>, "", 65296, 240) = 0
pread64(3</tmp/nia-publication-fault-7_6ur5fa/case/store/objects/32/094e7c613fdb6dffb1f27d926b176f7fd8946b8c2cf3ca9e3b95cb91a1a8ca>, "", 65536, 240) = 0
pread64(3</tmp/nia-publication-fault-7_6ur5fa/case/store/objects/32/094e7c613fdb6dffb1f27d926b176f7fd8946b8c2cf3ca9e3b95cb91a1a8ca>, "NIACLOS1\216\346\2104^\35\225\2\356\214\327'zE<0\277\267{\224r\1\276\2630\16\235\362\270\3122\35\273\343\341b6\331$M\267\345\300\262\251\302\306\27f\270\251!\330\260\227\374\323p\347\177\25.\3311\0\0\0\0\0\0\0\5", 80, 0) = 80
pread64(3</tmp/nia-publication-fault-7_6ur5fa/case/store/objects/32/094e7c613fdb6dffb1f27d926b176f7fd8946b8c2cf3ca9e3b95cb91a1a8ca>, "\f\241y\346\276\376\267a\363a?\36\365|\250\222\353\303\246\242(\334\243/\23\t\360\254\6\247\336~", 32, 80) = 32
pread64(10</tmp/nia-publication-fault-7_6ur5fa/case/store/objects/0c/a179e6befeb761f3613f1ef57ca892ebc3a6a228dca32f1309f0ac06a7de7e>, "!<arch>\ndebian-binary/  0           0     0     100644  4         `\n2.0\ncontrol.tar/    0       "..., 65536, 0) = 20672
pread64(10</tmp/nia-publication-fault-7_6ur5fa/case/store/objects/0c/a179e6befeb761f3613f1ef57ca892ebc3a6a228dca32f1309f0ac06a7de7e>, "", 44864, 20672) = 0
pread64(10</tmp/nia-publication-fault-7_6ur5fa/case/store/objects/0c/a179e6befeb761f3613f1ef57ca892ebc3a6a228dca32f1309f0ac06a7de7e>, "", 65536, 20672) = 0
pread64(3</tmp/nia-publication-fault-7_6ur5fa/case/store/objects/32/094e7c613fdb6dffb1f27d926b176f7fd8946b8c2cf3ca9e3b95cb91a1a8ca>, "J6\366\353|\33#j\266\313(\335\270\202\221\236\210\213\363\223\337\300\r\223\0\212\326s\6\227\370\367", 32, 112) = 32
pread64(10</tmp/nia-publication-fault-7_6ur5fa/case/store/objects/4a/36f6eb7c1b236ab6cb28ddb882919e888bf393dfc00d93008ad6730697f8f7>, "./control\0\0\0\0\0\0\0\0\0\0\0\0\0\0\0\0\0\0\0\0\0\0\0\0\0\0\0\0\0\0\0\0\0\0\0\0\0\0\0\0\0\0\0\0\0\0\0\0\0\0\0\0\0\0\0\0\0\0\0\0\0\0\0\0\0\0\0\0\0\0\0\0\0\0\0\0\0\0\0\0\0\0\0\0\0\0\0"..., 65536, 0) = 10240
pread64(10</tmp/nia-publication-fault-7_6ur5fa/case/store/objects/4a/36f6eb7c1b236ab6cb28ddb882919e888bf393dfc00d93008ad6730697f8f7>, "", 55296, 10240) = 0
pread64(10</tmp/nia-publication-fault-7_6ur5fa/case/store/objects/4a/36f6eb7c1b236ab6cb28ddb882919e888bf393dfc00d93008ad6730697f8f7>, "", 65536, 10240) = 0
pread64(3</tmp/nia-publication-fault-7_6ur5fa/case/store/objects/32/094e7c613fdb6dffb1f27d926b176f7fd8946b8c2cf3ca9e3b95cb91a1a8ca>, "\204\377\222i\37\220\232\5\262$\341\305j\273Hd\360\33O\216<\205NK\264\307\272\361\323\366\326R", 32, 144) = 32
pread64(10</tmp/nia-publication-fault-7_6ur5fa/case/store/objects/84/ff92691f909a05b224e1c56abb4864f01b4f8e3c854e4bb4c7baf1d3f6d652>, "\0\0\0\0\0\0\0\0\0\0\0\0\0\0\0\0\0\0\0\0\0\0\0\0\0\0\0\0\0\0\0\0\0\0\0\0\0\0\0\0\0\0\0\0\0\0\0\0\0\0\0\0\0\0\0\0\0\0\0\0\0\0\0\0\0\0\0\0\0\0\0\0\0\0\0\0\0\0\0\0\0\0\0\0\0\0\0\0\0\0\0\0\0\0\0\0"..., 65536, 0) = 10240
pread64(10</tmp/nia-publication-fault-7_6ur5fa/case/store/objects/84/ff92691f909a05b224e1c56abb4864f01b4f8e3c854e4bb4c7baf1d3f6d652>, "", 55296, 10240) = 0
pread64(10</tmp/nia-publication-fault-7_6ur5fa/case/store/objects/84/ff92691f909a05b224e1c56abb4864f01b4f8e3c854e4bb4c7baf1d3f6d652>, "", 65536, 10240) = 0
pread64(3</tmp/nia-publication-fault-7_6ur5fa/case/store/objects/32/094e7c613fdb6dffb1f27d926b176f7fd8946b8c2cf3ca9e3b95cb91a1a8ca>, "\216\346\2104^\35\225\2\356\214\327'zE<0\277\267{\224r\1\276\2630\16\235\362\270\3122\35", 32, 176) = 32
pread64(10</tmp/nia-publication-fault-7_6ur5fa/case/store/objects/8e/e688345e1d9502ee8cd7277a453c30bfb77b947201beb3300e9df2b8ca321d>, "\0\0\0\0\0\0\0\10NIACSEL1\273\343\341b6\331$M\267\345\300\262\251\302\306\27f\270\251!\330\260\227\374\323p\347\177\25.\3311\0\0\0\0\0\0\0\1\f\241y\346\276\376\267a\363a?\36\365|\250\222\353\303\246\242(\334\243/\23\t\360\254\6\247\336~J6\366\353|\33#j"..., 65536, 0) = 152
pread64(10</tmp/nia-publication-fault-7_6ur5fa/case/store/objects/8e/e688345e1d9502ee8cd7277a453c30bfb77b947201beb3300e9df2b8ca321d>, "", 65384, 152) = 0
pread64(10</tmp/nia-publication-fault-7_6ur5fa/case/store/objects/8e/e688345e1d9502ee8cd7277a453c30bfb77b947201beb3300e9df2b8ca321d>, "", 65536, 152) = 0
pread64(3</tmp/nia-publication-fault-7_6ur5fa/case/store/objects/32/094e7c613fdb6dffb1f27d926b176f7fd8946b8c2cf3ca9e3b95cb91a1a8ca>, "\243\32\205oC\n\363\225\274\315~\262\361B\261\32\323\256\17\305\332\363\254\304\377\263A\304\212Z\2759", 32, 208) = 32
pread64(10</tmp/nia-publication-fault-7_6ur5fa/case/store/objects/a3/1a856f430af395bccd7eb2f142b11ad3ae0fc5daf3acc4ffb341c48a5abd39>, "Package: empty-package\nVersion: 1\nArchitecture: all\nMaintainer: Fixture <fixture@example.invalid"..., 65536, 0) = 149
pread64(10</tmp/nia-publication-fault-7_6ur5fa/case/store/objects/a3/1a856f430af395bccd7eb2f142b11ad3ae0fc5daf3acc4ffb341c48a5abd39>, "", 65387, 149) = 0
pread64(10</tmp/nia-publication-fault-7_6ur5fa/case/store/objects/a3/1a856f430af395bccd7eb2f142b11ad3ae0fc5daf3acc4ffb341c48a5abd39>, "", 65536, 149) = 0
pread64(3</tmp/nia-publication-fault-7_6ur5fa/case/store/objects/8e/e688345e1d9502ee8cd7277a453c30bfb77b947201beb3300e9df2b8ca321d>, "\0\0\0\0\0\0\0\10NIACSEL1\273\343\341b6\331$M\267\345\300\262\251\302\306\27f\270\251!\330\260\227\374\323p\347\177\25.\3311\0\0\0\0\0\0\0\1\f\241y\346\276\376\267a\363a?\36\365|\250\222\353\303\246\242(\334\243/\23\t\360\254\6\247\336~J6\366\353|\33#j"..., 65536, 0) = 152
pread64(3</tmp/nia-publication-fault-7_6ur5fa/case/store/objects/8e/e688345e1d9502ee8cd7277a453c30bfb77b947201beb3300e9df2b8ca321d>, "", 65384, 152) = 0
pread64(3</tmp/nia-publication-fault-7_6ur5fa/case/store/objects/8e/e688345e1d9502ee8cd7277a453c30bfb77b947201beb3300e9df2b8ca321d>, "", 65536, 152) = 0
pread64(3</tmp/nia-publication-fault-7_6ur5fa/case/store/objects/8e/e688345e1d9502ee8cd7277a453c30bfb77b947201beb3300e9df2b8ca321d>, "\0\0\0\0\0\0\0\10NIACSEL1\273\343\341b6\331$M\267\345\300\262\251\302\306\27f\270\251!\330\260\227\374\323p\347\177\25.\3311\0\0\0\0\0\0\0\1\f\241y\346\276\376\267a\363a?\36\365|\250\222\353\303\246\242(\334\243/\23\t\360\254\6\247\336~J6\366\353|\33#j"..., 393272, 0) = 152
pread64(3</tmp/nia-publication-fault-7_6ur5fa/case/store/objects/8e/e688345e1d9502ee8cd7277a453c30bfb77b947201beb3300e9df2b8ca321d>, "", 393120, 152) = 0
pread64(3</tmp/nia-publication-fault-7_6ur5fa/case/store/objects/0c/a179e6befeb761f3613f1ef57ca892ebc3a6a228dca32f1309f0ac06a7de7e>, "!<arch>\ndebian-binary/  0           0     0     100644  4         `\n2.0\ncontrol.tar/    0       "..., 65536, 0) = 20672
pread64(3</tmp/nia-publication-fault-7_6ur5fa/case/store/objects/0c/a179e6befeb761f3613f1ef57ca892ebc3a6a228dca32f1309f0ac06a7de7e>, "", 44864, 20672) = 0
pread64(3</tmp/nia-publication-fault-7_6ur5fa/case/store/objects/0c/a179e6befeb761f3613f1ef57ca892ebc3a6a228dca32f1309f0ac06a7de7e>, "", 65536, 20672) = 0
pread64(3</tmp/nia-publication-fault-7_6ur5fa/case/store/objects/0c/a179e6befeb761f3613f1ef57ca892ebc3a6a228dca32f1309f0ac06a7de7e>, "!<arch>\n", 8, 0) = 8
pread64(3</tmp/nia-publication-fault-7_6ur5fa/case/store/objects/0c/a179e6befeb761f3613f1ef57ca892ebc3a6a228dca32f1309f0ac06a7de7e>, "debian-binary/  0           0     0     100644  4         `\n", 60, 8) = 60
pread64(3</tmp/nia-publication-fault-7_6ur5fa/case/store/objects/0c/a179e6befeb761f3613f1ef57ca892ebc3a6a228dca32f1309f0ac06a7de7e>, "2.0\n", 4, 68) = 4
pread64(3</tmp/nia-publication-fault-7_6ur5fa/case/store/objects/0c/a179e6befeb761f3613f1ef57ca892ebc3a6a228dca32f1309f0ac06a7de7e>, "2.0\n", 4, 68) = 4
pread64(3</tmp/nia-publication-fault-7_6ur5fa/case/store/objects/0c/a179e6befeb761f3613f1ef57ca892ebc3a6a228dca32f1309f0ac06a7de7e>, "control.tar/    0           0     0     100644  10240     `\n", 60, 72) = 60
pread64(3</tmp/nia-publication-fault-7_6ur5fa/case/store/objects/0c/a179e6befeb761f3613f1ef57ca892ebc3a6a228dca32f1309f0ac06a7de7e>, "./control\0\0\0\0\0\0\0\0\0\0\0\0\0\0\0\0\0\0\0\0\0\0\0\0\0\0\0\0\0\0\0\0\0\0\0\0\0\0\0\0\0\0\0\0\0\0\0\0\0\0\0\0\0\0\0\0\0\0\0\0\0\0\0\0\0\0\0\0\0\0\0\0\0\0\0\0\0\0\0\0\0\0\0\0\0\0\0"..., 10240, 132) = 10240
pread64(3</tmp/nia-publication-fault-7_6ur5fa/case/store/objects/0c/a179e6befeb761f3613f1ef57ca892ebc3a6a228dca32f1309f0ac06a7de7e>, "data.tar/       0           0     0     100644  10240     `\n", 60, 10372) = 60
pread64(3</tmp/nia-publication-fault-7_6ur5fa/case/store/objects/0c/a179e6befeb761f3613f1ef57ca892ebc3a6a228dca32f1309f0ac06a7de7e>, "\0\0\0\0\0\0\0\0\0\0\0\0\0\0\0\0\0\0\0\0\0\0\0\0\0\0\0\0\0\0\0\0\0\0\0\0\0\0\0\0\0\0\0\0\0\0\0\0\0\0\0\0\0\0\0\0\0\0\0\0\0\0\0\0\0\0\0\0\0\0\0\0\0\0\0\0\0\0\0\0\0\0\0\0\0\0\0\0\0\0\0\0\0\0\0\0"..., 10240, 10432) = 10240
pread64(3</tmp/nia-publication-fault-7_6ur5fa/case/store/objects/0c/a179e6befeb761f3613f1ef57ca892ebc3a6a228dca32f1309f0ac06a7de7e>, "!<arch>\ndebian-binary/  0           0     0     100644  4         `\n2.0\ncontrol.tar/    0       "..., 65536, 0) = 20672
pread64(3</tmp/nia-publication-fault-7_6ur5fa/case/store/objects/0c/a179e6befeb761f3613f1ef57ca892ebc3a6a228dca32f1309f0ac06a7de7e>, "", 44864, 20672) = 0
pread64(3</tmp/nia-publication-fault-7_6ur5fa/case/store/objects/0c/a179e6befeb761f3613f1ef57ca892ebc3a6a228dca32f1309f0ac06a7de7e>, "", 65536, 20672) = 0
pread64(3</tmp/nia-publication-fault-7_6ur5fa/case/store/objects/0c/a179e6befeb761f3613f1ef57ca892ebc3a6a228dca32f1309f0ac06a7de7e>, "!<arch>\n", 8, 0) = 8
pread64(3</tmp/nia-publication-fault-7_6ur5fa/case/store/objects/0c/a179e6befeb761f3613f1ef57ca892ebc3a6a228dca32f1309f0ac06a7de7e>, "debian-binary/  0           0     0     100644  4         `\n", 60, 8) = 60
pread64(3</tmp/nia-publication-fault-7_6ur5fa/case/store/objects/0c/a179e6befeb761f3613f1ef57ca892ebc3a6a228dca32f1309f0ac06a7de7e>, "2.0\n", 4, 68) = 4
pread64(3</tmp/nia-publication-fault-7_6ur5fa/case/store/objects/0c/a179e6befeb761f3613f1ef57ca892ebc3a6a228dca32f1309f0ac06a7de7e>, "2.0\n", 4, 68) = 4
pread64(3</tmp/nia-publication-fault-7_6ur5fa/case/store/objects/0c/a179e6befeb761f3613f1ef57ca892ebc3a6a228dca32f1309f0ac06a7de7e>, "control.tar/    0           0     0     100644  10240     `\n", 60, 72) = 60
pread64(3</tmp/nia-publication-fault-7_6ur5fa/case/store/objects/0c/a179e6befeb761f3613f1ef57ca892ebc3a6a228dca32f1309f0ac06a7de7e>, "./control\0\0\0\0\0\0\0\0\0\0\0\0\0\0\0\0\0\0\0\0\0\0\0\0\0\0\0\0\0\0\0\0\0\0\0\0\0\0\0\0\0\0\0\0\0\0\0\0\0\0\0\0\0\0\0\0\0\0\0\0\0\0\0\0\0\0\0\0\0\0\0\0\0\0\0\0\0\0\0\0\0\0\0\0\0\0\0"..., 10240, 132) = 10240
pread64(3</tmp/nia-publication-fault-7_6ur5fa/case/store/objects/0c/a179e6befeb761f3613f1ef57ca892ebc3a6a228dca32f1309f0ac06a7de7e>, "data.tar/       0           0     0     100644  10240     `\n", 60, 10372) = 60
pread64(3</tmp/nia-publication-fault-7_6ur5fa/case/store/objects/0c/a179e6befeb761f3613f1ef57ca892ebc3a6a228dca32f1309f0ac06a7de7e>, "\0\0\0\0\0\0\0\0\0\0\0\0\0\0\0\0\0\0\0\0\0\0\0\0\0\0\0\0\0\0\0\0\0\0\0\0\0\0\0\0\0\0\0\0\0\0\0\0\0\0\0\0\0\0\0\0\0\0\0\0\0\0\0\0\0\0\0\0\0\0\0\0\0\0\0\0\0\0\0\0\0\0\0\0\0\0\0\0\0\0\0\0\0\0\0\0"..., 10240, 10432) = 10240
fsync(11</tmp/nia-publication-fault-7_6ur5fa/case/store/incoming>) = 0
pread64(3</tmp/nia-publication-fault-7_6ur5fa/case/store/objects/0c/a179e6befeb761f3613f1ef57ca892ebc3a6a228dca32f1309f0ac06a7de7e>, "\0\0\0\0\0\0\0\0\0\0\0\0\0\0\0\0\0\0\0\0\0\0\0\0\0\0\0\0\0\0\0\0\0\0\0\0\0\0\0\0\0\0\0\0\0\0\0\0\0\0\0\0\0\0\0\0\0\0\0\0\0\0\0\0\0\0\0\0\0\0\0\0\0\0\0\0\0\0\0\0\0\0\0\0\0\0\0\0\0\0\0\0\0\0\0\0"..., 10240, 10432) = 10240
write(10</tmp/nia-publication-fault-7_6ur5fa/case/store/incoming/fd6ad5f278a7c5d200810a8361ce32e2>, "\0\0\0\0\0\0\0\0\0\0\0\0\0\0\0\0\0\0\0\0\0\0\0\0\0\0\0\0\0\0\0\0\0\0\0\0\0\0\0\0\0\0\0\0\0\0\0\0\0\0\0\0\0\0\0\0\0\0\0\0\0\0\0\0\0\0\0\0\0\0\0\0\0\0\0\0\0\0\0\0\0\0\0\0\0\0\0\0\0\0\0\0\0\0\0\0"..., 10240) = 10240
fsync(10</tmp/nia-publication-fault-7_6ur5fa/case/store/incoming/fd6ad5f278a7c5d200810a8361ce32e2>) = 0
renameat2(11</tmp/nia-publication-fault-7_6ur5fa/case/store/incoming>, "fd6ad5f278a7c5d200810a8361ce32e2", 10</tmp/nia-publication-fault-7_6ur5fa/case/store/objects/84>, "ff92691f909a05b224e1c56abb4864f01b4f8e3c854e4bb4c7baf1d3f6d652", RENAME_NOREPLACE) = -1 EEXIST (File exists)
pread64(10</tmp/nia-publication-fault-7_6ur5fa/case/store/objects/84/ff92691f909a05b224e1c56abb4864f01b4f8e3c854e4bb4c7baf1d3f6d652>, "\0\0\0\0\0\0\0\0\0\0\0\0\0\0\0\0\0\0\0\0\0\0\0\0\0\0\0\0\0\0\0\0\0\0\0\0\0\0\0\0\0\0\0\0\0\0\0\0\0\0\0\0\0\0\0\0\0\0\0\0\0\0\0\0\0\0\0\0\0\0\0\0\0\0\0\0\0\0\0\0\0\0\0\0\0\0\0\0\0\0\0\0\0\0\0\0"..., 65536, 0) = 10240
pread64(10</tmp/nia-publication-fault-7_6ur5fa/case/store/objects/84/ff92691f909a05b224e1c56abb4864f01b4f8e3c854e4bb4c7baf1d3f6d652>, "", 55296, 10240) = 0
pread64(10</tmp/nia-publication-fault-7_6ur5fa/case/store/objects/84/ff92691f909a05b224e1c56abb4864f01b4f8e3c854e4bb4c7baf1d3f6d652>, "", 65536, 10240) = 0
fsync(11</tmp/nia-publication-fault-7_6ur5fa/case/store/incoming>) = 0
pread64(3</tmp/nia-publication-fault-7_6ur5fa/case/store/objects/84/ff92691f909a05b224e1c56abb4864f01b4f8e3c854e4bb4c7baf1d3f6d652>, "\0\0\0\0\0\0\0\0\0\0\0\0\0\0\0\0\0\0\0\0\0\0\0\0\0\0\0\0\0\0\0\0\0\0\0\0\0\0\0\0\0\0\0\0\0\0\0\0\0\0\0\0\0\0\0\0\0\0\0\0\0\0\0\0\0\0\0\0\0\0\0\0\0\0\0\0\0\0\0\0\0\0\0\0\0\0\0\0\0\0\0\0\0\0\0\0"..., 65536, 0) = 10240
pread64(3</tmp/nia-publication-fault-7_6ur5fa/case/store/objects/84/ff92691f909a05b224e1c56abb4864f01b4f8e3c854e4bb4c7baf1d3f6d652>, "", 55296, 10240) = 0
pread64(3</tmp/nia-publication-fault-7_6ur5fa/case/store/objects/84/ff92691f909a05b224e1c56abb4864f01b4f8e3c854e4bb4c7baf1d3f6d652>, "", 65536, 10240) = 0
pread64(3</tmp/nia-publication-fault-7_6ur5fa/case/store/objects/84/ff92691f909a05b224e1c56abb4864f01b4f8e3c854e4bb4c7baf1d3f6d652>, "\0\0\0\0\0\0\0\0\0\0\0\0\0\0\0\0\0\0\0\0\0\0\0\0\0\0\0\0\0\0\0\0\0\0\0\0\0\0\0\0\0\0\0\0\0\0\0\0\0\0\0\0\0\0\0\0\0\0\0\0\0\0\0\0\0\0\0\0\0\0\0\0\0\0\0\0\0\0\0\0\0\0\0\0\0\0\0\0\0\0\0\0\0\0\0\0"..., 10240, 0) = 10240
fsync(11</tmp/nia-publication-fault-7_6ur5fa/case/store/incoming>) = 0
pread64(3</tmp/nia-publication-fault-7_6ur5fa/case/store/objects/84/ff92691f909a05b224e1c56abb4864f01b4f8e3c854e4bb4c7baf1d3f6d652>, "\0\0\0\0\0\0\0\0\0\0\0\0\0\0\0\0\0\0\0\0\0\0\0\0\0\0\0\0\0\0\0\0\0\0\0\0\0\0\0\0\0\0\0\0\0\0\0\0\0\0\0\0\0\0\0\0\0\0\0\0\0\0\0\0\0\0\0\0\0\0\0\0\0\0\0\0\0\0\0\0\0\0\0\0\0\0\0\0\0\0\0\0\0\0\0\0"..., 10240, 0) = 10240
write(10</tmp/nia-publication-fault-7_6ur5fa/case/store/incoming/2e98881d3ed99c295dd71394469b2111>, "\0\0\0\0\0\0\0\0\0\0\0\0\0\0\0\0\0\0\0\0\0\0\0\0\0\0\0\0\0\0\0\0\0\0\0\0\0\0\0\0\0\0\0\0\0\0\0\0\0\0\0\0\0\0\0\0\0\0\0\0\0\0\0\0\0\0\0\0\0\0\0\0\0\0\0\0\0\0\0\0\0\0\0\0\0\0\0\0\0\0\0\0\0\0\0\0"..., 10240) = 10240
fsync(10</tmp/nia-publication-fault-7_6ur5fa/case/store/incoming/2e98881d3ed99c295dd71394469b2111>) = 0
renameat2(11</tmp/nia-publication-fault-7_6ur5fa/case/store/incoming>, "2e98881d3ed99c295dd71394469b2111", 10</tmp/nia-publication-fault-7_6ur5fa/case/store/objects/84>, "ff92691f909a05b224e1c56abb4864f01b4f8e3c854e4bb4c7baf1d3f6d652", RENAME_NOREPLACE) = -1 EEXIST (File exists)
pread64(10</tmp/nia-publication-fault-7_6ur5fa/case/store/objects/84/ff92691f909a05b224e1c56abb4864f01b4f8e3c854e4bb4c7baf1d3f6d652>, "\0\0\0\0\0\0\0\0\0\0\0\0\0\0\0\0\0\0\0\0\0\0\0\0\0\0\0\0\0\0\0\0\0\0\0\0\0\0\0\0\0\0\0\0\0\0\0\0\0\0\0\0\0\0\0\0\0\0\0\0\0\0\0\0\0\0\0\0\0\0\0\0\0\0\0\0\0\0\0\0\0\0\0\0\0\0\0\0\0\0\0\0\0\0\0\0"..., 65536, 0) = 10240
pread64(10</tmp/nia-publication-fault-7_6ur5fa/case/store/objects/84/ff92691f909a05b224e1c56abb4864f01b4f8e3c854e4bb4c7baf1d3f6d652>, "", 55296, 10240) = 0
pread64(10</tmp/nia-publication-fault-7_6ur5fa/case/store/objects/84/ff92691f909a05b224e1c56abb4864f01b4f8e3c854e4bb4c7baf1d3f6d652>, "", 65536, 10240) = 0
fsync(11</tmp/nia-publication-fault-7_6ur5fa/case/store/incoming>) = 0
pread64(3</tmp/nia-publication-fault-7_6ur5fa/case/store/objects/84/ff92691f909a05b224e1c56abb4864f01b4f8e3c854e4bb4c7baf1d3f6d652>, "\0\0\0\0\0\0\0\0\0\0\0\0\0\0\0\0\0\0\0\0\0\0\0\0\0\0\0\0\0\0\0\0\0\0\0\0\0\0\0\0\0\0\0\0\0\0\0\0\0\0\0\0\0\0\0\0\0\0\0\0\0\0\0\0\0\0\0\0\0\0\0\0\0\0\0\0\0\0\0\0\0\0\0\0\0\0\0\0\0\0\0\0\0\0\0\0"..., 65536, 0) = 10240
pread64(3</tmp/nia-publication-fault-7_6ur5fa/case/store/objects/84/ff92691f909a05b224e1c56abb4864f01b4f8e3c854e4bb4c7baf1d3f6d652>, "", 55296, 10240) = 0
pread64(3</tmp/nia-publication-fault-7_6ur5fa/case/store/objects/84/ff92691f909a05b224e1c56abb4864f01b4f8e3c854e4bb4c7baf1d3f6d652>, "", 65536, 10240) = 0
pread64(3</tmp/nia-publication-fault-7_6ur5fa/case/store/objects/84/ff92691f909a05b224e1c56abb4864f01b4f8e3c854e4bb4c7baf1d3f6d652>, "\0\0\0\0\0\0\0\0\0\0\0\0\0\0\0\0\0\0\0\0\0\0\0\0\0\0\0\0\0\0\0\0\0\0\0\0\0\0\0\0\0\0\0\0\0\0\0\0\0\0\0\0\0\0\0\0\0\0\0\0\0\0\0\0\0\0\0\0\0\0\0\0\0\0\0\0\0\0\0\0\0\0\0\0\0\0\0\0\0\0\0\0\0\0\0\0"..., 512, 0) = 512
pread64(3</tmp/nia-publication-fault-7_6ur5fa/case/store/objects/84/ff92691f909a05b224e1c56abb4864f01b4f8e3c854e4bb4c7baf1d3f6d652>, "\0\0\0\0\0\0\0\0\0\0\0\0\0\0\0\0\0\0\0\0\0\0\0\0\0\0\0\0\0\0\0\0\0\0\0\0\0\0\0\0\0\0\0\0\0\0\0\0\0\0\0\0\0\0\0\0\0\0\0\0\0\0\0\0\0\0\0\0\0\0\0\0\0\0\0\0\0\0\0\0\0\0\0\0\0\0\0\0\0\0\0\0\0\0\0\0"..., 9728, 512) = 9728
pread64(3</tmp/nia-publication-fault-7_6ur5fa/case/store/objects/0c/a179e6befeb761f3613f1ef57ca892ebc3a6a228dca32f1309f0ac06a7de7e>, "!<arch>\ndebian-binary/  0           0     0     100644  4         `\n2.0\ncontrol.tar/    0       "..., 65536, 0) = 20672
pread64(3</tmp/nia-publication-fault-7_6ur5fa/case/store/objects/0c/a179e6befeb761f3613f1ef57ca892ebc3a6a228dca32f1309f0ac06a7de7e>, "", 44864, 20672) = 0
pread64(3</tmp/nia-publication-fault-7_6ur5fa/case/store/objects/0c/a179e6befeb761f3613f1ef57ca892ebc3a6a228dca32f1309f0ac06a7de7e>, "", 65536, 20672) = 0
pread64(3</tmp/nia-publication-fault-7_6ur5fa/case/store/objects/0c/a179e6befeb761f3613f1ef57ca892ebc3a6a228dca32f1309f0ac06a7de7e>, "!<arch>\n", 8, 0) = 8
pread64(3</tmp/nia-publication-fault-7_6ur5fa/case/store/objects/0c/a179e6befeb761f3613f1ef57ca892ebc3a6a228dca32f1309f0ac06a7de7e>, "debian-binary/  0           0     0     100644  4         `\n", 60, 8) = 60
pread64(3</tmp/nia-publication-fault-7_6ur5fa/case/store/objects/0c/a179e6befeb761f3613f1ef57ca892ebc3a6a228dca32f1309f0ac06a7de7e>, "2.0\n", 4, 68) = 4
pread64(3</tmp/nia-publication-fault-7_6ur5fa/case/store/objects/0c/a179e6befeb761f3613f1ef57ca892ebc3a6a228dca32f1309f0ac06a7de7e>, "2.0\n", 4, 68) = 4
pread64(3</tmp/nia-publication-fault-7_6ur5fa/case/store/objects/0c/a179e6befeb761f3613f1ef57ca892ebc3a6a228dca32f1309f0ac06a7de7e>, "control.tar/    0           0     0     100644  10240     `\n", 60, 72) = 60
pread64(3</tmp/nia-publication-fault-7_6ur5fa/case/store/objects/0c/a179e6befeb761f3613f1ef57ca892ebc3a6a228dca32f1309f0ac06a7de7e>, "./control\0\0\0\0\0\0\0\0\0\0\0\0\0\0\0\0\0\0\0\0\0\0\0\0\0\0\0\0\0\0\0\0\0\0\0\0\0\0\0\0\0\0\0\0\0\0\0\0\0\0\0\0\0\0\0\0\0\0\0\0\0\0\0\0\0\0\0\0\0\0\0\0\0\0\0\0\0\0\0\0\0\0\0\0\0\0\0"..., 10240, 132) = 10240
pread64(3</tmp/nia-publication-fault-7_6ur5fa/case/store/objects/0c/a179e6befeb761f3613f1ef57ca892ebc3a6a228dca32f1309f0ac06a7de7e>, "data.tar/       0           0     0     100644  10240     `\n", 60, 10372) = 60
pread64(3</tmp/nia-publication-fault-7_6ur5fa/case/store/objects/0c/a179e6befeb761f3613f1ef57ca892ebc3a6a228dca32f1309f0ac06a7de7e>, "\0\0\0\0\0\0\0\0\0\0\0\0\0\0\0\0\0\0\0\0\0\0\0\0\0\0\0\0\0\0\0\0\0\0\0\0\0\0\0\0\0\0\0\0\0\0\0\0\0\0\0\0\0\0\0\0\0\0\0\0\0\0\0\0\0\0\0\0\0\0\0\0\0\0\0\0\0\0\0\0\0\0\0\0\0\0\0\0\0\0\0\0\0\0\0\0"..., 10240, 10432) = 10240
pread64(3</tmp/nia-publication-fault-7_6ur5fa/case/store/objects/0c/a179e6befeb761f3613f1ef57ca892ebc3a6a228dca32f1309f0ac06a7de7e>, "!<arch>\ndebian-binary/  0           0     0     100644  4         `\n2.0\ncontrol.tar/    0       "..., 65536, 0) = 20672
pread64(3</tmp/nia-publication-fault-7_6ur5fa/case/store/objects/0c/a179e6befeb761f3613f1ef57ca892ebc3a6a228dca32f1309f0ac06a7de7e>, "", 44864, 20672) = 0
pread64(3</tmp/nia-publication-fault-7_6ur5fa/case/store/objects/0c/a179e6befeb761f3613f1ef57ca892ebc3a6a228dca32f1309f0ac06a7de7e>, "", 65536, 20672) = 0
pread64(3</tmp/nia-publication-fault-7_6ur5fa/case/store/objects/0c/a179e6befeb761f3613f1ef57ca892ebc3a6a228dca32f1309f0ac06a7de7e>, "!<arch>\n", 8, 0) = 8
pread64(3</tmp/nia-publication-fault-7_6ur5fa/case/store/objects/0c/a179e6befeb761f3613f1ef57ca892ebc3a6a228dca32f1309f0ac06a7de7e>, "debian-binary/  0           0     0     100644  4         `\n", 60, 8) = 60
pread64(3</tmp/nia-publication-fault-7_6ur5fa/case/store/objects/0c/a179e6befeb761f3613f1ef57ca892ebc3a6a228dca32f1309f0ac06a7de7e>, "2.0\n", 4, 68) = 4
pread64(3</tmp/nia-publication-fault-7_6ur5fa/case/store/objects/0c/a179e6befeb761f3613f1ef57ca892ebc3a6a228dca32f1309f0ac06a7de7e>, "2.0\n", 4, 68) = 4
pread64(3</tmp/nia-publication-fault-7_6ur5fa/case/store/objects/0c/a179e6befeb761f3613f1ef57ca892ebc3a6a228dca32f1309f0ac06a7de7e>, "control.tar/    0           0     0     100644  10240     `\n", 60, 72) = 60
pread64(3</tmp/nia-publication-fault-7_6ur5fa/case/store/objects/0c/a179e6befeb761f3613f1ef57ca892ebc3a6a228dca32f1309f0ac06a7de7e>, "./control\0\0\0\0\0\0\0\0\0\0\0\0\0\0\0\0\0\0\0\0\0\0\0\0\0\0\0\0\0\0\0\0\0\0\0\0\0\0\0\0\0\0\0\0\0\0\0\0\0\0\0\0\0\0\0\0\0\0\0\0\0\0\0\0\0\0\0\0\0\0\0\0\0\0\0\0\0\0\0\0\0\0\0\0\0\0\0"..., 10240, 132) = 10240
pread64(3</tmp/nia-publication-fault-7_6ur5fa/case/store/objects/0c/a179e6befeb761f3613f1ef57ca892ebc3a6a228dca32f1309f0ac06a7de7e>, "data.tar/       0           0     0     100644  10240     `\n", 60, 10372) = 60
pread64(3</tmp/nia-publication-fault-7_6ur5fa/case/store/objects/0c/a179e6befeb761f3613f1ef57ca892ebc3a6a228dca32f1309f0ac06a7de7e>, "\0\0\0\0\0\0\0\0\0\0\0\0\0\0\0\0\0\0\0\0\0\0\0\0\0\0\0\0\0\0\0\0\0\0\0\0\0\0\0\0\0\0\0\0\0\0\0\0\0\0\0\0\0\0\0\0\0\0\0\0\0\0\0\0\0\0\0\0\0\0\0\0\0\0\0\0\0\0\0\0\0\0\0\0\0\0\0\0\0\0\0\0\0\0\0\0"..., 10240, 10432) = 10240
fsync(11</tmp/nia-publication-fault-7_6ur5fa/case/store/incoming>) = 0
pread64(3</tmp/nia-publication-fault-7_6ur5fa/case/store/objects/0c/a179e6befeb761f3613f1ef57ca892ebc3a6a228dca32f1309f0ac06a7de7e>, "./control\0\0\0\0\0\0\0\0\0\0\0\0\0\0\0\0\0\0\0\0\0\0\0\0\0\0\0\0\0\0\0\0\0\0\0\0\0\0\0\0\0\0\0\0\0\0\0\0\0\0\0\0\0\0\0\0\0\0\0\0\0\0\0\0\0\0\0\0\0\0\0\0\0\0\0\0\0\0\0\0\0\0\0\0\0\0\0"..., 10240, 132) = 10240
write(10</tmp/nia-publication-fault-7_6ur5fa/case/store/incoming/59fad5ae791fba822781d0776921046f>, "./control\0\0\0\0\0\0\0\0\0\0\0\0\0\0\0\0\0\0\0\0\0\0\0\0\0\0\0\0\0\0\0\0\0\0\0\0\0\0\0\0\0\0\0\0\0\0\0\0\0\0\0\0\0\0\0\0\0\0\0\0\0\0\0\0\0\0\0\0\0\0\0\0\0\0\0\0\0\0\0\0\0\0\0\0\0\0\0"..., 10240) = 10240
fsync(10</tmp/nia-publication-fault-7_6ur5fa/case/store/incoming/59fad5ae791fba822781d0776921046f>) = 0
renameat2(11</tmp/nia-publication-fault-7_6ur5fa/case/store/incoming>, "59fad5ae791fba822781d0776921046f", 10</tmp/nia-publication-fault-7_6ur5fa/case/store/objects/4a>, "36f6eb7c1b236ab6cb28ddb882919e888bf393dfc00d93008ad6730697f8f7", RENAME_NOREPLACE) = -1 EEXIST (File exists)
pread64(10</tmp/nia-publication-fault-7_6ur5fa/case/store/objects/4a/36f6eb7c1b236ab6cb28ddb882919e888bf393dfc00d93008ad6730697f8f7>, "./control\0\0\0\0\0\0\0\0\0\0\0\0\0\0\0\0\0\0\0\0\0\0\0\0\0\0\0\0\0\0\0\0\0\0\0\0\0\0\0\0\0\0\0\0\0\0\0\0\0\0\0\0\0\0\0\0\0\0\0\0\0\0\0\0\0\0\0\0\0\0\0\0\0\0\0\0\0\0\0\0\0\0\0\0\0\0\0"..., 65536, 0) = 10240
pread64(10</tmp/nia-publication-fault-7_6ur5fa/case/store/objects/4a/36f6eb7c1b236ab6cb28ddb882919e888bf393dfc00d93008ad6730697f8f7>, "", 55296, 10240) = 0
pread64(10</tmp/nia-publication-fault-7_6ur5fa/case/store/objects/4a/36f6eb7c1b236ab6cb28ddb882919e888bf393dfc00d93008ad6730697f8f7>, "", 65536, 10240) = 0
fsync(11</tmp/nia-publication-fault-7_6ur5fa/case/store/incoming>) = 0
pread64(3</tmp/nia-publication-fault-7_6ur5fa/case/store/objects/4a/36f6eb7c1b236ab6cb28ddb882919e888bf393dfc00d93008ad6730697f8f7>, "./control\0\0\0\0\0\0\0\0\0\0\0\0\0\0\0\0\0\0\0\0\0\0\0\0\0\0\0\0\0\0\0\0\0\0\0\0\0\0\0\0\0\0\0\0\0\0\0\0\0\0\0\0\0\0\0\0\0\0\0\0\0\0\0\0\0\0\0\0\0\0\0\0\0\0\0\0\0\0\0\0\0\0\0\0\0\0\0"..., 65536, 0) = 10240
pread64(3</tmp/nia-publication-fault-7_6ur5fa/case/store/objects/4a/36f6eb7c1b236ab6cb28ddb882919e888bf393dfc00d93008ad6730697f8f7>, "", 55296, 10240) = 0
pread64(3</tmp/nia-publication-fault-7_6ur5fa/case/store/objects/4a/36f6eb7c1b236ab6cb28ddb882919e888bf393dfc00d93008ad6730697f8f7>, "", 65536, 10240) = 0
pread64(3</tmp/nia-publication-fault-7_6ur5fa/case/store/objects/4a/36f6eb7c1b236ab6cb28ddb882919e888bf393dfc00d93008ad6730697f8f7>, "./control\0\0\0\0\0\0\0\0\0\0\0\0\0\0\0\0\0\0\0\0\0\0\0\0\0\0\0\0\0\0\0\0\0\0\0\0\0\0\0\0\0\0\0\0\0\0\0\0\0\0\0\0\0\0\0\0\0\0\0\0\0\0\0\0\0\0\0\0\0\0\0\0\0\0\0\0\0\0\0\0\0\0\0\0\0\0\0"..., 10240, 0) = 10240
fsync(11</tmp/nia-publication-fault-7_6ur5fa/case/store/incoming>) = 0
write(10</tmp/nia-publication-fault-7_6ur5fa/case/store/incoming/dc4e3814e1f75de1630ff311c31357e2>, "Package: empty-package\nVersion: 1\nArchitecture: all\nMaintainer: Fixture <fixture@example.invalid"..., 149) = 149
fsync(10</tmp/nia-publication-fault-7_6ur5fa/case/store/incoming/dc4e3814e1f75de1630ff311c31357e2>) = 0
renameat2(11</tmp/nia-publication-fault-7_6ur5fa/case/store/incoming>, "dc4e3814e1f75de1630ff311c31357e2", 10</tmp/nia-publication-fault-7_6ur5fa/case/store/objects/a3>, "1a856f430af395bccd7eb2f142b11ad3ae0fc5daf3acc4ffb341c48a5abd39", RENAME_NOREPLACE) = -1 EEXIST (File exists)
pread64(10</tmp/nia-publication-fault-7_6ur5fa/case/store/objects/a3/1a856f430af395bccd7eb2f142b11ad3ae0fc5daf3acc4ffb341c48a5abd39>, "Package: empty-package\nVersion: 1\nArchitecture: all\nMaintainer: Fixture <fixture@example.invalid"..., 65536, 0) = 149
pread64(10</tmp/nia-publication-fault-7_6ur5fa/case/store/objects/a3/1a856f430af395bccd7eb2f142b11ad3ae0fc5daf3acc4ffb341c48a5abd39>, "", 65387, 149) = 0
pread64(10</tmp/nia-publication-fault-7_6ur5fa/case/store/objects/a3/1a856f430af395bccd7eb2f142b11ad3ae0fc5daf3acc4ffb341c48a5abd39>, "", 65536, 149) = 0
fsync(11</tmp/nia-publication-fault-7_6ur5fa/case/store/incoming>) = 0
pread64(3</tmp/nia-publication-fault-7_6ur5fa/case/store/objects/a3/1a856f430af395bccd7eb2f142b11ad3ae0fc5daf3acc4ffb341c48a5abd39>, "Package: empty-package\nVersion: 1\nArchitecture: all\nMaintainer: Fixture <fixture@example.invalid"..., 65536, 0) = 149
pread64(3</tmp/nia-publication-fault-7_6ur5fa/case/store/objects/a3/1a856f430af395bccd7eb2f142b11ad3ae0fc5daf3acc4ffb341c48a5abd39>, "", 65387, 149) = 0
pread64(3</tmp/nia-publication-fault-7_6ur5fa/case/store/objects/a3/1a856f430af395bccd7eb2f142b11ad3ae0fc5daf3acc4ffb341c48a5abd39>, "", 65536, 149) = 0
pread64(3</tmp/nia-publication-fault-7_6ur5fa/case/store/objects/a3/1a856f430af395bccd7eb2f142b11ad3ae0fc5daf3acc4ffb341c48a5abd39>, "Package: empty-package\nVersion: 1\nArchitecture: all\nMaintainer: Fixture <fixture@example.invalid"..., 16777216, 0) = 149
pread64(3</tmp/nia-publication-fault-7_6ur5fa/case/store/objects/a3/1a856f430af395bccd7eb2f142b11ad3ae0fc5daf3acc4ffb341c48a5abd39>, "", 16777067, 149) = 0
pread64(3</tmp/nia-publication-fault-7_6ur5fa/case/store/objects/a3/1a856f430af395bccd7eb2f142b11ad3ae0fc5daf3acc4ffb341c48a5abd39>, "Package: empty-package\nVersion: 1\nArchitecture: all\nMaintainer: Fixture <fixture@example.invalid"..., 65536, 0) = 149
pread64(3</tmp/nia-publication-fault-7_6ur5fa/case/store/objects/a3/1a856f430af395bccd7eb2f142b11ad3ae0fc5daf3acc4ffb341c48a5abd39>, "", 65387, 149) = 0
pread64(3</tmp/nia-publication-fault-7_6ur5fa/case/store/objects/a3/1a856f430af395bccd7eb2f142b11ad3ae0fc5daf3acc4ffb341c48a5abd39>, "", 65536, 149) = 0
pread64(3</tmp/nia-publication-fault-7_6ur5fa/case/store/objects/a3/1a856f430af395bccd7eb2f142b11ad3ae0fc5daf3acc4ffb341c48a5abd39>, "Package: empty-package\nVersion: 1\nArchitecture: all\nMaintainer: Fixture <fixture@example.invalid"..., 16777216, 0) = 149
pread64(3</tmp/nia-publication-fault-7_6ur5fa/case/store/objects/a3/1a856f430af395bccd7eb2f142b11ad3ae0fc5daf3acc4ffb341c48a5abd39>, "", 16777067, 149) = 0
pread64(3</tmp/nia-publication-fault-7_6ur5fa/case/store/objects/0c/a179e6befeb761f3613f1ef57ca892ebc3a6a228dca32f1309f0ac06a7de7e>, "!<arch>\ndebian-binary/  0           0     0     100644  4         `\n2.0\ncontrol.tar/    0       "..., 65536, 0) = 20672
pread64(3</tmp/nia-publication-fault-7_6ur5fa/case/store/objects/0c/a179e6befeb761f3613f1ef57ca892ebc3a6a228dca32f1309f0ac06a7de7e>, "", 44864, 20672) = 0
pread64(3</tmp/nia-publication-fault-7_6ur5fa/case/store/objects/0c/a179e6befeb761f3613f1ef57ca892ebc3a6a228dca32f1309f0ac06a7de7e>, "", 65536, 20672) = 0
pread64(3</tmp/nia-publication-fault-7_6ur5fa/case/store/objects/0c/a179e6befeb761f3613f1ef57ca892ebc3a6a228dca32f1309f0ac06a7de7e>, "!<arch>\n", 8, 0) = 8
pread64(3</tmp/nia-publication-fault-7_6ur5fa/case/store/objects/0c/a179e6befeb761f3613f1ef57ca892ebc3a6a228dca32f1309f0ac06a7de7e>, "debian-binary/  0           0     0     100644  4         `\n", 60, 8) = 60
pread64(3</tmp/nia-publication-fault-7_6ur5fa/case/store/objects/0c/a179e6befeb761f3613f1ef57ca892ebc3a6a228dca32f1309f0ac06a7de7e>, "2.0\n", 4, 68) = 4
pread64(3</tmp/nia-publication-fault-7_6ur5fa/case/store/objects/0c/a179e6befeb761f3613f1ef57ca892ebc3a6a228dca32f1309f0ac06a7de7e>, "2.0\n", 4, 68) = 4
pread64(3</tmp/nia-publication-fault-7_6ur5fa/case/store/objects/0c/a179e6befeb761f3613f1ef57ca892ebc3a6a228dca32f1309f0ac06a7de7e>, "control.tar/    0           0     0     100644  10240     `\n", 60, 72) = 60
pread64(3</tmp/nia-publication-fault-7_6ur5fa/case/store/objects/0c/a179e6befeb761f3613f1ef57ca892ebc3a6a228dca32f1309f0ac06a7de7e>, "./control\0\0\0\0\0\0\0\0\0\0\0\0\0\0\0\0\0\0\0\0\0\0\0\0\0\0\0\0\0\0\0\0\0\0\0\0\0\0\0\0\0\0\0\0\0\0\0\0\0\0\0\0\0\0\0\0\0\0\0\0\0\0\0\0\0\0\0\0\0\0\0\0\0\0\0\0\0\0\0\0\0\0\0\0\0\0\0"..., 10240, 132) = 10240
pread64(3</tmp/nia-publication-fault-7_6ur5fa/case/store/objects/0c/a179e6befeb761f3613f1ef57ca892ebc3a6a228dca32f1309f0ac06a7de7e>, "data.tar/       0           0     0     100644  10240     `\n", 60, 10372) = 60
pread64(3</tmp/nia-publication-fault-7_6ur5fa/case/store/objects/0c/a179e6befeb761f3613f1ef57ca892ebc3a6a228dca32f1309f0ac06a7de7e>, "\0\0\0\0\0\0\0\0\0\0\0\0\0\0\0\0\0\0\0\0\0\0\0\0\0\0\0\0\0\0\0\0\0\0\0\0\0\0\0\0\0\0\0\0\0\0\0\0\0\0\0\0\0\0\0\0\0\0\0\0\0\0\0\0\0\0\0\0\0\0\0\0\0\0\0\0\0\0\0\0\0\0\0\0\0\0\0\0\0\0\0\0\0\0\0\0"..., 10240, 10432) = 10240
pread64(3</tmp/nia-publication-fault-7_6ur5fa/case/store/objects/0c/a179e6befeb761f3613f1ef57ca892ebc3a6a228dca32f1309f0ac06a7de7e>, "!<arch>\ndebian-binary/  0           0     0     100644  4         `\n2.0\ncontrol.tar/    0       "..., 65536, 0) = 20672
pread64(3</tmp/nia-publication-fault-7_6ur5fa/case/store/objects/0c/a179e6befeb761f3613f1ef57ca892ebc3a6a228dca32f1309f0ac06a7de7e>, "", 44864, 20672) = 0
pread64(3</tmp/nia-publication-fault-7_6ur5fa/case/store/objects/0c/a179e6befeb761f3613f1ef57ca892ebc3a6a228dca32f1309f0ac06a7de7e>, "", 65536, 20672) = 0
pread64(3</tmp/nia-publication-fault-7_6ur5fa/case/store/objects/0c/a179e6befeb761f3613f1ef57ca892ebc3a6a228dca32f1309f0ac06a7de7e>, "!<arch>\n", 8, 0) = 8
pread64(3</tmp/nia-publication-fault-7_6ur5fa/case/store/objects/0c/a179e6befeb761f3613f1ef57ca892ebc3a6a228dca32f1309f0ac06a7de7e>, "debian-binary/  0           0     0     100644  4         `\n", 60, 8) = 60
pread64(3</tmp/nia-publication-fault-7_6ur5fa/case/store/objects/0c/a179e6befeb761f3613f1ef57ca892ebc3a6a228dca32f1309f0ac06a7de7e>, "2.0\n", 4, 68) = 4
pread64(3</tmp/nia-publication-fault-7_6ur5fa/case/store/objects/0c/a179e6befeb761f3613f1ef57ca892ebc3a6a228dca32f1309f0ac06a7de7e>, "2.0\n", 4, 68) = 4
pread64(3</tmp/nia-publication-fault-7_6ur5fa/case/store/objects/0c/a179e6befeb761f3613f1ef57ca892ebc3a6a228dca32f1309f0ac06a7de7e>, "control.tar/    0           0     0     100644  10240     `\n", 60, 72) = 60
pread64(3</tmp/nia-publication-fault-7_6ur5fa/case/store/objects/0c/a179e6befeb761f3613f1ef57ca892ebc3a6a228dca32f1309f0ac06a7de7e>, "./control\0\0\0\0\0\0\0\0\0\0\0\0\0\0\0\0\0\0\0\0\0\0\0\0\0\0\0\0\0\0\0\0\0\0\0\0\0\0\0\0\0\0\0\0\0\0\0\0\0\0\0\0\0\0\0\0\0\0\0\0\0\0\0\0\0\0\0\0\0\0\0\0\0\0\0\0\0\0\0\0\0\0\0\0\0\0\0"..., 10240, 132) = 10240
pread64(3</tmp/nia-publication-fault-7_6ur5fa/case/store/objects/0c/a179e6befeb761f3613f1ef57ca892ebc3a6a228dca32f1309f0ac06a7de7e>, "data.tar/       0           0     0     100644  10240     `\n", 60, 10372) = 60
pread64(3</tmp/nia-publication-fault-7_6ur5fa/case/store/objects/0c/a179e6befeb761f3613f1ef57ca892ebc3a6a228dca32f1309f0ac06a7de7e>, "\0\0\0\0\0\0\0\0\0\0\0\0\0\0\0\0\0\0\0\0\0\0\0\0\0\0\0\0\0\0\0\0\0\0\0\0\0\0\0\0\0\0\0\0\0\0\0\0\0\0\0\0\0\0\0\0\0\0\0\0\0\0\0\0\0\0\0\0\0\0\0\0\0\0\0\0\0\0\0\0\0\0\0\0\0\0\0\0\0\0\0\0\0\0\0\0"..., 10240, 10432) = 10240
fsync(11</tmp/nia-publication-fault-7_6ur5fa/case/store/incoming>) = 0
pread64(3</tmp/nia-publication-fault-7_6ur5fa/case/store/objects/0c/a179e6befeb761f3613f1ef57ca892ebc3a6a228dca32f1309f0ac06a7de7e>, "./control\0\0\0\0\0\0\0\0\0\0\0\0\0\0\0\0\0\0\0\0\0\0\0\0\0\0\0\0\0\0\0\0\0\0\0\0\0\0\0\0\0\0\0\0\0\0\0\0\0\0\0\0\0\0\0\0\0\0\0\0\0\0\0\0\0\0\0\0\0\0\0\0\0\0\0\0\0\0\0\0\0\0\0\0\0\0\0"..., 10240, 132) = 10240
write(10</tmp/nia-publication-fault-7_6ur5fa/case/store/incoming/2078f461dffd03e2f548e220b0b24d7a>, "./control\0\0\0\0\0\0\0\0\0\0\0\0\0\0\0\0\0\0\0\0\0\0\0\0\0\0\0\0\0\0\0\0\0\0\0\0\0\0\0\0\0\0\0\0\0\0\0\0\0\0\0\0\0\0\0\0\0\0\0\0\0\0\0\0\0\0\0\0\0\0\0\0\0\0\0\0\0\0\0\0\0\0\0\0\0\0\0"..., 10240) = 10240
fsync(10</tmp/nia-publication-fault-7_6ur5fa/case/store/incoming/2078f461dffd03e2f548e220b0b24d7a>) = 0
renameat2(11</tmp/nia-publication-fault-7_6ur5fa/case/store/incoming>, "2078f461dffd03e2f548e220b0b24d7a", 10</tmp/nia-publication-fault-7_6ur5fa/case/store/objects/4a>, "36f6eb7c1b236ab6cb28ddb882919e888bf393dfc00d93008ad6730697f8f7", RENAME_NOREPLACE) = -1 EEXIST (File exists)
pread64(10</tmp/nia-publication-fault-7_6ur5fa/case/store/objects/4a/36f6eb7c1b236ab6cb28ddb882919e888bf393dfc00d93008ad6730697f8f7>, "./control\0\0\0\0\0\0\0\0\0\0\0\0\0\0\0\0\0\0\0\0\0\0\0\0\0\0\0\0\0\0\0\0\0\0\0\0\0\0\0\0\0\0\0\0\0\0\0\0\0\0\0\0\0\0\0\0\0\0\0\0\0\0\0\0\0\0\0\0\0\0\0\0\0\0\0\0\0\0\0\0\0\0\0\0\0\0\0"..., 65536, 0) = 10240
pread64(10</tmp/nia-publication-fault-7_6ur5fa/case/store/objects/4a/36f6eb7c1b236ab6cb28ddb882919e888bf393dfc00d93008ad6730697f8f7>, "", 55296, 10240) = 0
pread64(10</tmp/nia-publication-fault-7_6ur5fa/case/store/objects/4a/36f6eb7c1b236ab6cb28ddb882919e888bf393dfc00d93008ad6730697f8f7>, "", 65536, 10240) = 0
fsync(11</tmp/nia-publication-fault-7_6ur5fa/case/store/incoming>) = 0
pread64(3</tmp/nia-publication-fault-7_6ur5fa/case/store/objects/4a/36f6eb7c1b236ab6cb28ddb882919e888bf393dfc00d93008ad6730697f8f7>, "./control\0\0\0\0\0\0\0\0\0\0\0\0\0\0\0\0\0\0\0\0\0\0\0\0\0\0\0\0\0\0\0\0\0\0\0\0\0\0\0\0\0\0\0\0\0\0\0\0\0\0\0\0\0\0\0\0\0\0\0\0\0\0\0\0\0\0\0\0\0\0\0\0\0\0\0\0\0\0\0\0\0\0\0\0\0\0\0"..., 65536, 0) = 10240
pread64(3</tmp/nia-publication-fault-7_6ur5fa/case/store/objects/4a/36f6eb7c1b236ab6cb28ddb882919e888bf393dfc00d93008ad6730697f8f7>, "", 55296, 10240) = 0
pread64(3</tmp/nia-publication-fault-7_6ur5fa/case/store/objects/4a/36f6eb7c1b236ab6cb28ddb882919e888bf393dfc00d93008ad6730697f8f7>, "", 65536, 10240) = 0
pread64(3</tmp/nia-publication-fault-7_6ur5fa/case/store/objects/4a/36f6eb7c1b236ab6cb28ddb882919e888bf393dfc00d93008ad6730697f8f7>, "./control\0\0\0\0\0\0\0\0\0\0\0\0\0\0\0\0\0\0\0\0\0\0\0\0\0\0\0\0\0\0\0\0\0\0\0\0\0\0\0\0\0\0\0\0\0\0\0\0\0\0\0\0\0\0\0\0\0\0\0\0\0\0\0\0\0\0\0\0\0\0\0\0\0\0\0\0\0\0\0\0\0\0\0\0\0\0\0"..., 10240, 0) = 10240
fsync(11</tmp/nia-publication-fault-7_6ur5fa/case/store/incoming>) = 0
write(10</tmp/nia-publication-fault-7_6ur5fa/case/store/incoming/2c52a8b42e9b91bfc020cd3c35f0a8af>, "Package: empty-package\nVersion: 1\nArchitecture: all\nMaintainer: Fixture <fixture@example.invalid"..., 149) = 149
fsync(10</tmp/nia-publication-fault-7_6ur5fa/case/store/incoming/2c52a8b42e9b91bfc020cd3c35f0a8af>) = 0
renameat2(11</tmp/nia-publication-fault-7_6ur5fa/case/store/incoming>, "2c52a8b42e9b91bfc020cd3c35f0a8af", 10</tmp/nia-publication-fault-7_6ur5fa/case/store/objects/a3>, "1a856f430af395bccd7eb2f142b11ad3ae0fc5daf3acc4ffb341c48a5abd39", RENAME_NOREPLACE) = -1 EEXIST (File exists)
pread64(10</tmp/nia-publication-fault-7_6ur5fa/case/store/objects/a3/1a856f430af395bccd7eb2f142b11ad3ae0fc5daf3acc4ffb341c48a5abd39>, "Package: empty-package\nVersion: 1\nArchitecture: all\nMaintainer: Fixture <fixture@example.invalid"..., 65536, 0) = 149
pread64(10</tmp/nia-publication-fault-7_6ur5fa/case/store/objects/a3/1a856f430af395bccd7eb2f142b11ad3ae0fc5daf3acc4ffb341c48a5abd39>, "", 65387, 149) = 0
pread64(10</tmp/nia-publication-fault-7_6ur5fa/case/store/objects/a3/1a856f430af395bccd7eb2f142b11ad3ae0fc5daf3acc4ffb341c48a5abd39>, "", 65536, 149) = 0
fsync(11</tmp/nia-publication-fault-7_6ur5fa/case/store/incoming>) = 0
pread64(3</tmp/nia-publication-fault-7_6ur5fa/case/store/objects/0c/a179e6befeb761f3613f1ef57ca892ebc3a6a228dca32f1309f0ac06a7de7e>, "!<arch>\ndebian-binary/  0           0     0     100644  4         `\n2.0\ncontrol.tar/    0       "..., 65536, 0) = 20672
pread64(3</tmp/nia-publication-fault-7_6ur5fa/case/store/objects/0c/a179e6befeb761f3613f1ef57ca892ebc3a6a228dca32f1309f0ac06a7de7e>, "", 44864, 20672) = 0
pread64(3</tmp/nia-publication-fault-7_6ur5fa/case/store/objects/0c/a179e6befeb761f3613f1ef57ca892ebc3a6a228dca32f1309f0ac06a7de7e>, "", 65536, 20672) = 0
pread64(3</tmp/nia-publication-fault-7_6ur5fa/case/store/objects/4a/36f6eb7c1b236ab6cb28ddb882919e888bf393dfc00d93008ad6730697f8f7>, "./control\0\0\0\0\0\0\0\0\0\0\0\0\0\0\0\0\0\0\0\0\0\0\0\0\0\0\0\0\0\0\0\0\0\0\0\0\0\0\0\0\0\0\0\0\0\0\0\0\0\0\0\0\0\0\0\0\0\0\0\0\0\0\0\0\0\0\0\0\0\0\0\0\0\0\0\0\0\0\0\0\0\0\0\0\0\0\0"..., 65536, 0) = 10240
pread64(3</tmp/nia-publication-fault-7_6ur5fa/case/store/objects/4a/36f6eb7c1b236ab6cb28ddb882919e888bf393dfc00d93008ad6730697f8f7>, "", 55296, 10240) = 0
pread64(3</tmp/nia-publication-fault-7_6ur5fa/case/store/objects/4a/36f6eb7c1b236ab6cb28ddb882919e888bf393dfc00d93008ad6730697f8f7>, "", 65536, 10240) = 0
pread64(3</tmp/nia-publication-fault-7_6ur5fa/case/store/objects/84/ff92691f909a05b224e1c56abb4864f01b4f8e3c854e4bb4c7baf1d3f6d652>, "\0\0\0\0\0\0\0\0\0\0\0\0\0\0\0\0\0\0\0\0\0\0\0\0\0\0\0\0\0\0\0\0\0\0\0\0\0\0\0\0\0\0\0\0\0\0\0\0\0\0\0\0\0\0\0\0\0\0\0\0\0\0\0\0\0\0\0\0\0\0\0\0\0\0\0\0\0\0\0\0\0\0\0\0\0\0\0\0\0\0\0\0\0\0\0\0"..., 65536, 0) = 10240
pread64(3</tmp/nia-publication-fault-7_6ur5fa/case/store/objects/84/ff92691f909a05b224e1c56abb4864f01b4f8e3c854e4bb4c7baf1d3f6d652>, "", 55296, 10240) = 0
pread64(3</tmp/nia-publication-fault-7_6ur5fa/case/store/objects/84/ff92691f909a05b224e1c56abb4864f01b4f8e3c854e4bb4c7baf1d3f6d652>, "", 65536, 10240) = 0
pread64(3</tmp/nia-publication-fault-7_6ur5fa/case/store/objects/8e/e688345e1d9502ee8cd7277a453c30bfb77b947201beb3300e9df2b8ca321d>, "\0\0\0\0\0\0\0\10NIACSEL1\273\343\341b6\331$M\267\345\300\262\251\302\306\27f\270\251!\330\260\227\374\323p\347\177\25.\3311\0\0\0\0\0\0\0\1\f\241y\346\276\376\267a\363a?\36\365|\250\222\353\303\246\242(\334\243/\23\t\360\254\6\247\336~J6\366\353|\33#j"..., 65536, 0) = 152
pread64(3</tmp/nia-publication-fault-7_6ur5fa/case/store/objects/8e/e688345e1d9502ee8cd7277a453c30bfb77b947201beb3300e9df2b8ca321d>, "", 65384, 152) = 0
pread64(3</tmp/nia-publication-fault-7_6ur5fa/case/store/objects/8e/e688345e1d9502ee8cd7277a453c30bfb77b947201beb3300e9df2b8ca321d>, "", 65536, 152) = 0
pread64(3</tmp/nia-publication-fault-7_6ur5fa/case/store/objects/a3/1a856f430af395bccd7eb2f142b11ad3ae0fc5daf3acc4ffb341c48a5abd39>, "Package: empty-package\nVersion: 1\nArchitecture: all\nMaintainer: Fixture <fixture@example.invalid"..., 65536, 0) = 149
pread64(3</tmp/nia-publication-fault-7_6ur5fa/case/store/objects/a3/1a856f430af395bccd7eb2f142b11ad3ae0fc5daf3acc4ffb341c48a5abd39>, "", 65387, 149) = 0
pread64(3</tmp/nia-publication-fault-7_6ur5fa/case/store/objects/a3/1a856f430af395bccd7eb2f142b11ad3ae0fc5daf3acc4ffb341c48a5abd39>, "", 65536, 149) = 0
fsync(10</tmp/nia-publication-fault-7_6ur5fa/case/store/incoming>) = 0
write(3</tmp/nia-publication-fault-7_6ur5fa/case/store/incoming/f95b25b95f44dd263b8198a77eb62b8b>, "NIACLOS1\216\346\2104^\35\225\2\356\214\327'zE<0\277\267{\224r\1\276\2630\16\235\362\270\3122\35\273\343\341b6\331$M\267\345\300\262\251\302\306\27f\270\251!\330\260\227\374\323p\347\177\25.\3311\0\0\0\0\0\0\0\5", 80) = 80
write(3</tmp/nia-publication-fault-7_6ur5fa/case/store/incoming/f95b25b95f44dd263b8198a77eb62b8b>, "\f\241y\346\276\376\267a\363a?\36\365|\250\222\353\303\246\242(\334\243/\23\t\360\254\6\247\336~", 32) = 32
write(3</tmp/nia-publication-fault-7_6ur5fa/case/store/incoming/f95b25b95f44dd263b8198a77eb62b8b>, "J6\366\353|\33#j\266\313(\335\270\202\221\236\210\213\363\223\337\300\r\223\0\212\326s\6\227\370\367", 32) = 32
write(3</tmp/nia-publication-fault-7_6ur5fa/case/store/incoming/f95b25b95f44dd263b8198a77eb62b8b>, "\204\377\222i\37\220\232\5\262$\341\305j\273Hd\360\33O\216<\205NK\264\307\272\361\323\366\326R", 32) = 32
write(3</tmp/nia-publication-fault-7_6ur5fa/case/store/incoming/f95b25b95f44dd263b8198a77eb62b8b>, "\216\346\2104^\35\225\2\356\214\327'zE<0\277\267{\224r\1\276\2630\16\235\362\270\3122\35", 32) = 32
write(3</tmp/nia-publication-fault-7_6ur5fa/case/store/incoming/f95b25b95f44dd263b8198a77eb62b8b>, "\243\32\205oC\n\363\225\274\315~\262\361B\261\32\323\256\17\305\332\363\254\304\377\263A\304\212Z\2759", 32) = 32
fsync(3</tmp/nia-publication-fault-7_6ur5fa/case/store/incoming/f95b25b95f44dd263b8198a77eb62b8b>) = 0
renameat2(10</tmp/nia-publication-fault-7_6ur5fa/case/store/incoming>, "f95b25b95f44dd263b8198a77eb62b8b", 3</tmp/nia-publication-fault-7_6ur5fa/case/store/objects/32>, "094e7c613fdb6dffb1f27d926b176f7fd8946b8c2cf3ca9e3b95cb91a1a8ca", RENAME_NOREPLACE) = -1 EEXIST (File exists)
pread64(3</tmp/nia-publication-fault-7_6ur5fa/case/store/objects/32/094e7c613fdb6dffb1f27d926b176f7fd8946b8c2cf3ca9e3b95cb91a1a8ca>, "NIACLOS1\216\346\2104^\35\225\2\356\214\327'zE<0\277\267{\224r\1\276\2630\16\235\362\270\3122\35\273\343\341b6\331$M\267\345\300\262\251\302\306\27f\270\251!\330\260\227\374\323p\347\177\25.\3311\0\0\0\0\0\0\0\5\f\241y\346\276\376\267a\363a?\36\365|\250\222"..., 65536, 0) = 240
pread64(3</tmp/nia-publication-fault-7_6ur5fa/case/store/objects/32/094e7c613fdb6dffb1f27d926b176f7fd8946b8c2cf3ca9e3b95cb91a1a8ca>, "", 65296, 240) = 0
pread64(3</tmp/nia-publication-fault-7_6ur5fa/case/store/objects/32/094e7c613fdb6dffb1f27d926b176f7fd8946b8c2cf3ca9e3b95cb91a1a8ca>, "", 65536, 240) = 0
fsync(10</tmp/nia-publication-fault-7_6ur5fa/case/store/incoming>) = 0
pread64(3</tmp/nia-publication-fault-7_6ur5fa/case/root/.mission/root.id>, "\37\37\37\37\37\37\37\37\37\37\37\37\37\37\37\37", 16, 0) = 16
pread64(3</tmp/nia-publication-fault-7_6ur5fa/case/state/root.state>, "MCROOT02\37\37\37\37\37\37\37\37\37\37\37\37\37\37\37\37\0\0\0\0\0\0\0\0================|(\260]\354\310\366\2733\266\317\17dlZ\365\252\200U\340\nL\366\332\32tk\326;\35\36\362\0\0\0\0\0\0\0\0\0\0\0\0\0\0\0\0"..., 192, 0) = 192
fsync(3</tmp/nia-publication-fault-7_6ur5fa/case/bank/29292929292929292929292929292929/state>) = 0
pread64(3</tmp/nia-publication-fault-7_6ur5fa/case/bank/29292929292929292929292929292929/state/generation.manifest>, "NIAGEN04))))))))))))))))3333333333333333\0\0\0\0\0\0\0\1\0\0\0\0\0\0\0\2\216\346\2104^\35\225\2\356\214\327'zE<0\277\267{\224r\1\276\2630\16\235\362\270\3122\35\"\"\"\"\"\"\"\""..., 32992, 0) = 288
pread64(3</tmp/nia-publication-fault-7_6ur5fa/case/bank/29292929292929292929292929292929/state/generation.manifest>, "", 32704, 288) = 0
fsync(3</tmp/nia-publication-fault-7_6ur5fa/case/bank/29292929292929292929292929292929/state>) = 0
pread64(3</tmp/nia-publication-fault-7_6ur5fa/case/bank/29292929292929292929292929292929/root/.mission/root.id>, "))))))))))))))))", 16, 0) = 16
pread64(3</tmp/nia-publication-fault-7_6ur5fa/case/bank/29292929292929292929292929292929/state/root.state>, "MCROOT02))))))))))))))))\0\0\0\0\0\0\0\1\0\0\0\0\0\0\0\0\0\0\0\0\0\0\0\0\0\0\0\0\0\0\0\0\0\0\0\0\0\0\0\0\0\0\0\0\0\0\0\0\0\0\0\0\0\0\0\0\6>\23t\214\2765\223Zh\362\244\350\23\343\4"..., 192, 0) = 192
fsync(3</tmp/nia-publication-fault-7_6ur5fa/case/store>) = 0
pread64(3</tmp/nia-publication-fault-7_6ur5fa/case/store/pins/33333333333333333333333333333333>, "EN\16:\276\304-E\373\22\204\265\26:\214\305\301\1\4\312\17\2\177.%\237)jJ\374\31\270", 33, 0) = 32
pread64(3</tmp/nia-publication-fault-7_6ur5fa/case/store/pins/33333333333333333333333333333333>, "", 1, 32) = 0
pread64(3</tmp/nia-publication-fault-7_6ur5fa/case/store/objects/8e/e688345e1d9502ee8cd7277a453c30bfb77b947201beb3300e9df2b8ca321d>, "\0\0\0\0\0\0\0\10NIACSEL1\273\343\341b6\331$M\267\345\300\262\251\302\306\27f\270\251!\330\260\227\374\323p\347\177\25.\3311\0\0\0\0\0\0\0\1\f\241y\346\276\376\267a\363a?\36\365|\250\222\353\303\246\242(\334\243/\23\t\360\254\6\247\336~J6\366\353|\33#j"..., 65536, 0) = 152
pread64(3</tmp/nia-publication-fault-7_6ur5fa/case/store/objects/8e/e688345e1d9502ee8cd7277a453c30bfb77b947201beb3300e9df2b8ca321d>, "", 65384, 152) = 0
pread64(3</tmp/nia-publication-fault-7_6ur5fa/case/store/objects/8e/e688345e1d9502ee8cd7277a453c30bfb77b947201beb3300e9df2b8ca321d>, "", 65536, 152) = 0
pread64(3</tmp/nia-publication-fault-7_6ur5fa/case/store/objects/06/3e13748cbe35935a68f2a4e813e304a840ad6be46e05313190b7df3df64069>, "MCPLAN02))))))))))))))))J\221\251af\2333\363\322\2457\334\20\314\305\221\0\0\0\0\0\0\0\0\0\0\0\0\0\0\0\1\0\0\0\0\0\0\0\1\0\0\0\0\0\0\0\2\216\346\2104^\35\225\2\356\214\327'zE<0\277\267{\224r\1\276\263"..., 65536, 0) = 995
pread64(3</tmp/nia-publication-fault-7_6ur5fa/case/store/objects/06/3e13748cbe35935a68f2a4e813e304a840ad6be46e05313190b7df3df64069>, "", 64541, 995) = 0
pread64(3</tmp/nia-publication-fault-7_6ur5fa/case/store/objects/06/3e13748cbe35935a68f2a4e813e304a840ad6be46e05313190b7df3df64069>, "", 65536, 995) = 0
pread64(3</tmp/nia-publication-fault-7_6ur5fa/case/store/objects/06/3e13748cbe35935a68f2a4e813e304a840ad6be46e05313190b7df3df64069>, "MCPLAN02))))))))))))))))J\221\251af\2333\363\322\2457\334\20\314\305\221\0\0\0\0\0\0\0\0\0\0\0\0\0\0\0\1\0\0\0\0\0\0\0\1\0\0\0\0\0\0\0\2\216\346\2104^\35\225\2\356\214\327'zE<0\277\267{\224r\1\276\263"..., 4500000, 0) = 995
pread64(3</tmp/nia-publication-fault-7_6ur5fa/case/store/objects/06/3e13748cbe35935a68f2a4e813e304a840ad6be46e05313190b7df3df64069>, "", 4499005, 995) = 0
pread64(3</tmp/nia-publication-fault-7_6ur5fa/case/store/objects/66/a6757151f8ee55db127716c7e3dce0be8074b64e20eda542e5c1e46ca9c41e>, "\7\10\t", 65536, 0) = 3
pread64(3</tmp/nia-publication-fault-7_6ur5fa/case/store/objects/66/a6757151f8ee55db127716c7e3dce0be8074b64e20eda542e5c1e46ca9c41e>, "", 65533, 3) = 0
pread64(3</tmp/nia-publication-fault-7_6ur5fa/case/store/objects/66/a6757151f8ee55db127716c7e3dce0be8074b64e20eda542e5c1e46ca9c41e>, "", 65536, 3) = 0
pread64(3</tmp/nia-publication-fault-7_6ur5fa/case/store/objects/96/a296d224f285c67bee93c30f8a309157f0daa35dc5b87e410b78630a09cfc7>, "\0\0", 65536, 0) = 2
pread64(3</tmp/nia-publication-fault-7_6ur5fa/case/store/objects/96/a296d224f285c67bee93c30f8a309157f0daa35dc5b87e410b78630a09cfc7>, "", 65534, 2) = 0
pread64(3</tmp/nia-publication-fault-7_6ur5fa/case/store/objects/96/a296d224f285c67bee93c30f8a309157f0daa35dc5b87e410b78630a09cfc7>, "", 65536, 2) = 0
pread64(3</tmp/nia-publication-fault-7_6ur5fa/case/store/objects/8e/e688345e1d9502ee8cd7277a453c30bfb77b947201beb3300e9df2b8ca321d>, "\0\0\0\0\0\0\0\10NIACSEL1\273\343\341b6\331$M\267\345\300\262\251\302\306\27f\270\251!\330\260\227\374\323p\347\177\25.\3311\0\0\0\0\0\0\0\1\f\241y\346\276\376\267a\363a?\36\365|\250\222\353\303\246\242(\334\243/\23\t\360\254\6\247\336~J6\366\353|\33#j"..., 65536, 0) = 152
pread64(3</tmp/nia-publication-fault-7_6ur5fa/case/store/objects/8e/e688345e1d9502ee8cd7277a453c30bfb77b947201beb3300e9df2b8ca321d>, "", 65384, 152) = 0
pread64(3</tmp/nia-publication-fault-7_6ur5fa/case/store/objects/8e/e688345e1d9502ee8cd7277a453c30bfb77b947201beb3300e9df2b8ca321d>, "", 65536, 152) = 0
pread64(3</tmp/nia-publication-fault-7_6ur5fa/case/store/objects/96/a296d224f285c67bee93c30f8a309157f0daa35dc5b87e410b78630a09cfc7>, "\0\0", 65536, 0) = 2
pread64(3</tmp/nia-publication-fault-7_6ur5fa/case/store/objects/96/a296d224f285c67bee93c30f8a309157f0daa35dc5b87e410b78630a09cfc7>, "", 65534, 2) = 0
pread64(3</tmp/nia-publication-fault-7_6ur5fa/case/store/objects/96/a296d224f285c67bee93c30f8a309157f0daa35dc5b87e410b78630a09cfc7>, "", 65536, 2) = 0
pread64(3</tmp/nia-publication-fault-7_6ur5fa/case/store/objects/96/a296d224f285c67bee93c30f8a309157f0daa35dc5b87e410b78630a09cfc7>, "\0\0", 65536, 0) = 2
pread64(3</tmp/nia-publication-fault-7_6ur5fa/case/store/objects/96/a296d224f285c67bee93c30f8a309157f0daa35dc5b87e410b78630a09cfc7>, "", 65534, 2) = 0
pread64(3</tmp/nia-publication-fault-7_6ur5fa/case/store/objects/96/a296d224f285c67bee93c30f8a309157f0daa35dc5b87e410b78630a09cfc7>, "", 65536, 2) = 0
pread64(3</tmp/nia-publication-fault-7_6ur5fa/case/store/objects/8e/e688345e1d9502ee8cd7277a453c30bfb77b947201beb3300e9df2b8ca321d>, "\0\0\0\0\0\0\0\10NIACSEL1\273\343\341b6\331$M\267\345\300\262\251\302\306\27f\270\251!\330\260\227\374\323p\347\177\25.\3311\0\0\0\0\0\0\0\1\f\241y\346\276\376\267a\363a?\36\365|\250\222\353\303\246\242(\334\243/\23\t\360\254\6\247\336~J6\366\353|\33#j"..., 65536, 0) = 152
pread64(3</tmp/nia-publication-fault-7_6ur5fa/case/store/objects/8e/e688345e1d9502ee8cd7277a453c30bfb77b947201beb3300e9df2b8ca321d>, "", 65384, 152) = 0
pread64(3</tmp/nia-publication-fault-7_6ur5fa/case/store/objects/8e/e688345e1d9502ee8cd7277a453c30bfb77b947201beb3300e9df2b8ca321d>, "", 65536, 152) = 0
pread64(3</tmp/nia-publication-fault-7_6ur5fa/case/store/objects/b2/d93d1647239d0ba4daeaa2a008547e866b63fe552b7835bb1cf81afd008832>, "NIASPOL1~R\322\ng\4\374Nt{\300\301\330\36\340\226\257\27\360\206\320\344f\21\354\217~\254\226\320\232\"\0\0\0\0\0\0\3\350\0\0\0\0\0\0\0\1GGGGGGGGGGGGGGGGGGGGGGGGGGGGGGGG\212\210\343\335t\t\361\225"..., 65536, 0) = 136
pread64(3</tmp/nia-publication-fault-7_6ur5fa/case/store/objects/b2/d93d1647239d0ba4daeaa2a008547e866b63fe552b7835bb1cf81afd008832>, "", 65400, 136) = 0
pread64(3</tmp/nia-publication-fault-7_6ur5fa/case/store/objects/b2/d93d1647239d0ba4daeaa2a008547e866b63fe552b7835bb1cf81afd008832>, "", 65536, 136) = 0
pread64(3</tmp/nia-publication-fault-7_6ur5fa/case/store/objects/b2/d93d1647239d0ba4daeaa2a008547e866b63fe552b7835bb1cf81afd008832>, "NIASPOL1~R\322\ng\4\374Nt{\300\301\330\36\340\226\257\27\360\206\320\344f\21\354\217~\254\226\320\232\"\0\0\0\0\0\0\3\350\0\0\0\0\0\0\0\1GGGGGGGGGGGGGGGGGGGGGGGGGGGGGGGG\212\210\343\335t\t\361\225"..., 20536, 0) = 136
pread64(3</tmp/nia-publication-fault-7_6ur5fa/case/store/objects/b2/d93d1647239d0ba4daeaa2a008547e866b63fe552b7835bb1cf81afd008832>, "", 20400, 136) = 0
pread64(3</tmp/nia-publication-fault-7_6ur5fa/case/store/objects/7e/52d20a6704fc4e747bc0c1d81ee096af17f086d0e46611ec8f7eac96d09a22>, "NIASMAP1\37\37\37\37\37\37\37\37\37\37\37\37\37\37\37\37\0\0\0\0\0\0\0\0\0\0\0\0\0\0\0\0\0\0\0\0\0\0\0\0\0\0\0\0\0\0\0\0\0\0\0\0\0\0\0\0\0\0\0\0\0\0\0\0\0\0\0\0\0\0\0\0\0\0\0\0\0\0\0\0\216\346\2104^\35\225\2"..., 65536, 0) = 256
pread64(3</tmp/nia-publication-fault-7_6ur5fa/case/store/objects/7e/52d20a6704fc4e747bc0c1d81ee096af17f086d0e46611ec8f7eac96d09a22>, "", 65280, 256) = 0
pread64(3</tmp/nia-publication-fault-7_6ur5fa/case/store/objects/7e/52d20a6704fc4e747bc0c1d81ee096af17f086d0e46611ec8f7eac96d09a22>, "", 65536, 256) = 0
pread64(3</tmp/nia-publication-fault-7_6ur5fa/case/store/objects/7e/52d20a6704fc4e747bc0c1d81ee096af17f086d0e46611ec8f7eac96d09a22>, "NIASMAP1\37\37\37\37\37\37\37\37\37\37\37\37\37\37\37\37\0\0\0\0\0\0\0\0\0\0\0\0\0\0\0\0\0\0\0\0\0\0\0\0\0\0\0\0\0\0\0\0\0\0\0\0\0\0\0\0\0\0\0\0\0\0\0\0\0\0\0\0\0\0\0\0\0\0\0\0\0\0\0\0\216\346\2104^\35\225\2"..., 393376, 0) = 256
pread64(3</tmp/nia-publication-fault-7_6ur5fa/case/store/objects/7e/52d20a6704fc4e747bc0c1d81ee096af17f086d0e46611ec8f7eac96d09a22>, "", 393120, 256) = 0
pread64(3</tmp/nia-publication-fault-7_6ur5fa/case/store/objects/8e/e688345e1d9502ee8cd7277a453c30bfb77b947201beb3300e9df2b8ca321d>, "\0\0\0\0\0\0\0\10NIACSEL1\273\343\341b6\331$M\267\345\300\262\251\302\306\27f\270\251!\330\260\227\374\323p\347\177\25.\3311\0\0\0\0\0\0\0\1\f\241y\346\276\376\267a\363a?\36\365|\250\222\353\303\246\242(\334\243/\23\t\360\254\6\247\336~J6\366\353|\33#j"..., 65536, 0) = 152
pread64(3</tmp/nia-publication-fault-7_6ur5fa/case/store/objects/8e/e688345e1d9502ee8cd7277a453c30bfb77b947201beb3300e9df2b8ca321d>, "", 65384, 152) = 0
pread64(3</tmp/nia-publication-fault-7_6ur5fa/case/store/objects/8e/e688345e1d9502ee8cd7277a453c30bfb77b947201beb3300e9df2b8ca321d>, "", 65536, 152) = 0
pread64(3</tmp/nia-publication-fault-7_6ur5fa/case/store/objects/32/094e7c613fdb6dffb1f27d926b176f7fd8946b8c2cf3ca9e3b95cb91a1a8ca>, "NIACLOS1\216\346\2104^\35\225\2\356\214\327'zE<0\277\267{\224r\1\276\2630\16\235\362\270\3122\35\273\343\341b6\331$M\267\345\300\262\251\302\306\27f\270\251!\330\260\227\374\323p\347\177\25.\3311\0\0\0\0\0\0\0\5\f\241y\346\276\376\267a\363a?\36\365|\250\222"..., 65536, 0) = 240
pread64(3</tmp/nia-publication-fault-7_6ur5fa/case/store/objects/32/094e7c613fdb6dffb1f27d926b176f7fd8946b8c2cf3ca9e3b95cb91a1a8ca>, "", 65296, 240) = 0
pread64(3</tmp/nia-publication-fault-7_6ur5fa/case/store/objects/32/094e7c613fdb6dffb1f27d926b176f7fd8946b8c2cf3ca9e3b95cb91a1a8ca>, "", 65536, 240) = 0
pread64(3</tmp/nia-publication-fault-7_6ur5fa/case/store/objects/be/79019cd624c1b58af3cac32a235b467dac74ebfc6ee94e6390a198650449a5>, "NIASUP01GGGGGGGGGGGGGGGGGGGGGGGGGGGGGGGGf\246uqQ\370\356U\333\22w\26\307\343\334\340\276\200t\266N \355\245B\345\301\344l\251\304\36\f\241y\346\276\376\267a\363a?\36\365|\250\222\353\303\246\242(\334\243/"..., 65536, 0) = 320
pread64(3</tmp/nia-publication-fault-7_6ur5fa/case/store/objects/be/79019cd624c1b58af3cac32a235b467dac74ebfc6ee94e6390a198650449a5>, "", 65216, 320) = 0
pread64(3</tmp/nia-publication-fault-7_6ur5fa/case/store/objects/be/79019cd624c1b58af3cac32a235b467dac74ebfc6ee94e6390a198650449a5>, "", 65536, 320) = 0
pread64(3</tmp/nia-publication-fault-7_6ur5fa/case/store/objects/be/79019cd624c1b58af3cac32a235b467dac74ebfc6ee94e6390a198650449a5>, "NIASUP01GGGGGGGGGGGGGGGGGGGGGGGGGGGGGGGGf\246uqQ\370\356U\333\22w\26\307\343\334\340\276\200t\266N \355\245B\345\301\344l\251\304\36\f\241y\346\276\376\267a\363a?\36\365|\250\222\353\303\246\242(\334\243/"..., 320, 0) = 320
pread64(3</tmp/nia-publication-fault-7_6ur5fa/case/store/objects/66/a6757151f8ee55db127716c7e3dce0be8074b64e20eda542e5c1e46ca9c41e>, "\7\10\t", 65536, 0) = 3
pread64(3</tmp/nia-publication-fault-7_6ur5fa/case/store/objects/66/a6757151f8ee55db127716c7e3dce0be8074b64e20eda542e5c1e46ca9c41e>, "", 65533, 3) = 0
pread64(3</tmp/nia-publication-fault-7_6ur5fa/case/store/objects/66/a6757151f8ee55db127716c7e3dce0be8074b64e20eda542e5c1e46ca9c41e>, "", 65536, 3) = 0
pread64(3</tmp/nia-publication-fault-7_6ur5fa/case/store/objects/0c/a179e6befeb761f3613f1ef57ca892ebc3a6a228dca32f1309f0ac06a7de7e>, "!<arch>\ndebian-binary/  0           0     0     100644  4         `\n2.0\ncontrol.tar/    0       "..., 65536, 0) = 20672
pread64(3</tmp/nia-publication-fault-7_6ur5fa/case/store/objects/0c/a179e6befeb761f3613f1ef57ca892ebc3a6a228dca32f1309f0ac06a7de7e>, "", 44864, 20672) = 0
pread64(3</tmp/nia-publication-fault-7_6ur5fa/case/store/objects/0c/a179e6befeb761f3613f1ef57ca892ebc3a6a228dca32f1309f0ac06a7de7e>, "", 65536, 20672) = 0
pread64(3</tmp/nia-publication-fault-7_6ur5fa/case/store/objects/a3/1a856f430af395bccd7eb2f142b11ad3ae0fc5daf3acc4ffb341c48a5abd39>, "Package: empty-package\nVersion: 1\nArchitecture: all\nMaintainer: Fixture <fixture@example.invalid"..., 65536, 0) = 149
pread64(3</tmp/nia-publication-fault-7_6ur5fa/case/store/objects/a3/1a856f430af395bccd7eb2f142b11ad3ae0fc5daf3acc4ffb341c48a5abd39>, "", 65387, 149) = 0
pread64(3</tmp/nia-publication-fault-7_6ur5fa/case/store/objects/a3/1a856f430af395bccd7eb2f142b11ad3ae0fc5daf3acc4ffb341c48a5abd39>, "", 65536, 149) = 0
pread64(3</tmp/nia-publication-fault-7_6ur5fa/case/store/objects/66/a6757151f8ee55db127716c7e3dce0be8074b64e20eda542e5c1e46ca9c41e>, "\7\10\t", 65536, 0) = 3
pread64(3</tmp/nia-publication-fault-7_6ur5fa/case/store/objects/66/a6757151f8ee55db127716c7e3dce0be8074b64e20eda542e5c1e46ca9c41e>, "", 65533, 3) = 0
pread64(3</tmp/nia-publication-fault-7_6ur5fa/case/store/objects/66/a6757151f8ee55db127716c7e3dce0be8074b64e20eda542e5c1e46ca9c41e>, "", 65536, 3) = 0
pread64(3</tmp/nia-publication-fault-7_6ur5fa/case/store/objects/66/a6757151f8ee55db127716c7e3dce0be8074b64e20eda542e5c1e46ca9c41e>, "\7\10\t", 65536, 0) = 3
pread64(3</tmp/nia-publication-fault-7_6ur5fa/case/store/objects/66/a6757151f8ee55db127716c7e3dce0be8074b64e20eda542e5c1e46ca9c41e>, "", 65533, 3) = 0
pread64(3</tmp/nia-publication-fault-7_6ur5fa/case/store/objects/66/a6757151f8ee55db127716c7e3dce0be8074b64e20eda542e5c1e46ca9c41e>, "", 65536, 3) = 0
pread64(3</tmp/nia-publication-fault-7_6ur5fa/case/store/objects/66/a6757151f8ee55db127716c7e3dce0be8074b64e20eda542e5c1e46ca9c41e>, "\7\10\t", 65536, 0) = 3
pread64(3</tmp/nia-publication-fault-7_6ur5fa/case/store/objects/66/a6757151f8ee55db127716c7e3dce0be8074b64e20eda542e5c1e46ca9c41e>, "", 65533, 3) = 0
pread64(3</tmp/nia-publication-fault-7_6ur5fa/case/store/objects/66/a6757151f8ee55db127716c7e3dce0be8074b64e20eda542e5c1e46ca9c41e>, "", 65536, 3) = 0
pread64(3</tmp/nia-publication-fault-7_6ur5fa/case/store/objects/38/c0e841345eeb0948445869eb5553bb39ebf66c24fe6fa00123868f32600451>, "NIAGINT1\37\37\37\37\37\37\37\37\37\37\37\37\37\37\37\37\0\0\0\0\0\0\0\0\0\0\0\0\0\0\0\0\0\0\0\0\0\0\0\0\0\0\0\0\0\0\0\0\216\346\2104^\35\225\2\356\214\327'zE<0\277\267{\224r\1\276\2630\16\235\362\270\3122\0352\tN|a?\333m"..., 65536, 0) = 206
pread64(3</tmp/nia-publication-fault-7_6ur5fa/case/store/objects/38/c0e841345eeb0948445869eb5553bb39ebf66c24fe6fa00123868f32600451>, "", 65330, 206) = 0
pread64(3</tmp/nia-publication-fault-7_6ur5fa/case/store/objects/38/c0e841345eeb0948445869eb5553bb39ebf66c24fe6fa00123868f32600451>, "", 65536, 206) = 0
pread64(3</tmp/nia-publication-fault-7_6ur5fa/case/store/objects/38/c0e841345eeb0948445869eb5553bb39ebf66c24fe6fa00123868f32600451>, "NIAGINT1\37\37\37\37\37\37\37\37\37\37\37\37\37\37\37\37\0\0\0\0\0\0\0\0\0\0\0\0\0\0\0\0\0\0\0\0\0\0\0\0\0\0\0\0\0\0\0\0\216\346\2104^\35\225\2\356\214\327'zE<0\277\267{\224r\1\276\2630\16\235\362\270\3122\0352\tN|a?\333m"..., 1053888, 0) = 206
pread64(3</tmp/nia-publication-fault-7_6ur5fa/case/store/objects/38/c0e841345eeb0948445869eb5553bb39ebf66c24fe6fa00123868f32600451>, "", 1053682, 206) = 0
pread64(3</tmp/nia-publication-fault-7_6ur5fa/case/store/objects/32/094e7c613fdb6dffb1f27d926b176f7fd8946b8c2cf3ca9e3b95cb91a1a8ca>, "NIACLOS1\216\346\2104^\35\225\2\356\214\327'zE<0\277\267{\224r\1\276\2630\16\235\362\270\3122\35\273\343\341b6\331$M\267\345\300\262\251\302\306\27f\270\251!\330\260\227\374\323p\347\177\25.\3311\0\0\0\0\0\0\0\5\f\241y\346\276\376\267a\363a?\36\365|\250\222"..., 65536, 0) = 240
pread64(3</tmp/nia-publication-fault-7_6ur5fa/case/store/objects/32/094e7c613fdb6dffb1f27d926b176f7fd8946b8c2cf3ca9e3b95cb91a1a8ca>, "", 65296, 240) = 0
pread64(3</tmp/nia-publication-fault-7_6ur5fa/case/store/objects/32/094e7c613fdb6dffb1f27d926b176f7fd8946b8c2cf3ca9e3b95cb91a1a8ca>, "", 65536, 240) = 0
pread64(3</tmp/nia-publication-fault-7_6ur5fa/case/store/objects/32/094e7c613fdb6dffb1f27d926b176f7fd8946b8c2cf3ca9e3b95cb91a1a8ca>, "NIACLOS1\216\346\2104^\35\225\2\356\214\327'zE<0\277\267{\224r\1\276\2630\16\235\362\270\3122\35\273\343\341b6\331$M\267\345\300\262\251\302\306\27f\270\251!\330\260\227\374\323p\347\177\25.\3311\0\0\0\0\0\0\0\5", 80, 0) = 80
pread64(3</tmp/nia-publication-fault-7_6ur5fa/case/store/objects/32/094e7c613fdb6dffb1f27d926b176f7fd8946b8c2cf3ca9e3b95cb91a1a8ca>, "\f\241y\346\276\376\267a\363a?\36\365|\250\222\353\303\246\242(\334\243/\23\t\360\254\6\247\336~", 32, 80) = 32
pread64(13</tmp/nia-publication-fault-7_6ur5fa/case/store/objects/0c/a179e6befeb761f3613f1ef57ca892ebc3a6a228dca32f1309f0ac06a7de7e>, "!<arch>\ndebian-binary/  0           0     0     100644  4         `\n2.0\ncontrol.tar/    0       "..., 65536, 0) = 20672
pread64(13</tmp/nia-publication-fault-7_6ur5fa/case/store/objects/0c/a179e6befeb761f3613f1ef57ca892ebc3a6a228dca32f1309f0ac06a7de7e>, "", 44864, 20672) = 0
pread64(13</tmp/nia-publication-fault-7_6ur5fa/case/store/objects/0c/a179e6befeb761f3613f1ef57ca892ebc3a6a228dca32f1309f0ac06a7de7e>, "", 65536, 20672) = 0
pread64(3</tmp/nia-publication-fault-7_6ur5fa/case/store/objects/32/094e7c613fdb6dffb1f27d926b176f7fd8946b8c2cf3ca9e3b95cb91a1a8ca>, "J6\366\353|\33#j\266\313(\335\270\202\221\236\210\213\363\223\337\300\r\223\0\212\326s\6\227\370\367", 32, 112) = 32
pread64(13</tmp/nia-publication-fault-7_6ur5fa/case/store/objects/4a/36f6eb7c1b236ab6cb28ddb882919e888bf393dfc00d93008ad6730697f8f7>, "./control\0\0\0\0\0\0\0\0\0\0\0\0\0\0\0\0\0\0\0\0\0\0\0\0\0\0\0\0\0\0\0\0\0\0\0\0\0\0\0\0\0\0\0\0\0\0\0\0\0\0\0\0\0\0\0\0\0\0\0\0\0\0\0\0\0\0\0\0\0\0\0\0\0\0\0\0\0\0\0\0\0\0\0\0\0\0\0"..., 65536, 0) = 10240
pread64(13</tmp/nia-publication-fault-7_6ur5fa/case/store/objects/4a/36f6eb7c1b236ab6cb28ddb882919e888bf393dfc00d93008ad6730697f8f7>, "", 55296, 10240) = 0
pread64(13</tmp/nia-publication-fault-7_6ur5fa/case/store/objects/4a/36f6eb7c1b236ab6cb28ddb882919e888bf393dfc00d93008ad6730697f8f7>, "", 65536, 10240) = 0
pread64(3</tmp/nia-publication-fault-7_6ur5fa/case/store/objects/32/094e7c613fdb6dffb1f27d926b176f7fd8946b8c2cf3ca9e3b95cb91a1a8ca>, "\204\377\222i\37\220\232\5\262$\341\305j\273Hd\360\33O\216<\205NK\264\307\272\361\323\366\326R", 32, 144) = 32
pread64(13</tmp/nia-publication-fault-7_6ur5fa/case/store/objects/84/ff92691f909a05b224e1c56abb4864f01b4f8e3c854e4bb4c7baf1d3f6d652>, "\0\0\0\0\0\0\0\0\0\0\0\0\0\0\0\0\0\0\0\0\0\0\0\0\0\0\0\0\0\0\0\0\0\0\0\0\0\0\0\0\0\0\0\0\0\0\0\0\0\0\0\0\0\0\0\0\0\0\0\0\0\0\0\0\0\0\0\0\0\0\0\0\0\0\0\0\0\0\0\0\0\0\0\0\0\0\0\0\0\0\0\0\0\0\0\0"..., 65536, 0) = 10240
pread64(13</tmp/nia-publication-fault-7_6ur5fa/case/store/objects/84/ff92691f909a05b224e1c56abb4864f01b4f8e3c854e4bb4c7baf1d3f6d652>, "", 55296, 10240) = 0
pread64(13</tmp/nia-publication-fault-7_6ur5fa/case/store/objects/84/ff92691f909a05b224e1c56abb4864f01b4f8e3c854e4bb4c7baf1d3f6d652>, "", 65536, 10240) = 0
pread64(3</tmp/nia-publication-fault-7_6ur5fa/case/store/objects/32/094e7c613fdb6dffb1f27d926b176f7fd8946b8c2cf3ca9e3b95cb91a1a8ca>, "\216\346\2104^\35\225\2\356\214\327'zE<0\277\267{\224r\1\276\2630\16\235\362\270\3122\35", 32, 176) = 32
pread64(13</tmp/nia-publication-fault-7_6ur5fa/case/store/objects/8e/e688345e1d9502ee8cd7277a453c30bfb77b947201beb3300e9df2b8ca321d>, "\0\0\0\0\0\0\0\10NIACSEL1\273\343\341b6\331$M\267\345\300\262\251\302\306\27f\270\251!\330\260\227\374\323p\347\177\25.\3311\0\0\0\0\0\0\0\1\f\241y\346\276\376\267a\363a?\36\365|\250\222\353\303\246\242(\334\243/\23\t\360\254\6\247\336~J6\366\353|\33#j"..., 65536, 0) = 152
pread64(13</tmp/nia-publication-fault-7_6ur5fa/case/store/objects/8e/e688345e1d9502ee8cd7277a453c30bfb77b947201beb3300e9df2b8ca321d>, "", 65384, 152) = 0
pread64(13</tmp/nia-publication-fault-7_6ur5fa/case/store/objects/8e/e688345e1d9502ee8cd7277a453c30bfb77b947201beb3300e9df2b8ca321d>, "", 65536, 152) = 0
pread64(3</tmp/nia-publication-fault-7_6ur5fa/case/store/objects/32/094e7c613fdb6dffb1f27d926b176f7fd8946b8c2cf3ca9e3b95cb91a1a8ca>, "\243\32\205oC\n\363\225\274\315~\262\361B\261\32\323\256\17\305\332\363\254\304\377\263A\304\212Z\2759", 32, 208) = 32
pread64(13</tmp/nia-publication-fault-7_6ur5fa/case/store/objects/a3/1a856f430af395bccd7eb2f142b11ad3ae0fc5daf3acc4ffb341c48a5abd39>, "Package: empty-package\nVersion: 1\nArchitecture: all\nMaintainer: Fixture <fixture@example.invalid"..., 65536, 0) = 149
pread64(13</tmp/nia-publication-fault-7_6ur5fa/case/store/objects/a3/1a856f430af395bccd7eb2f142b11ad3ae0fc5daf3acc4ffb341c48a5abd39>, "", 65387, 149) = 0
pread64(13</tmp/nia-publication-fault-7_6ur5fa/case/store/objects/a3/1a856f430af395bccd7eb2f142b11ad3ae0fc5daf3acc4ffb341c48a5abd39>, "", 65536, 149) = 0
pread64(3</tmp/nia-publication-fault-7_6ur5fa/case/store/objects/8e/e688345e1d9502ee8cd7277a453c30bfb77b947201beb3300e9df2b8ca321d>, "\0\0\0\0\0\0\0\10NIACSEL1\273\343\341b6\331$M\267\345\300\262\251\302\306\27f\270\251!\330\260\227\374\323p\347\177\25.\3311\0\0\0\0\0\0\0\1\f\241y\346\276\376\267a\363a?\36\365|\250\222\353\303\246\242(\334\243/\23\t\360\254\6\247\336~J6\366\353|\33#j"..., 65536, 0) = 152
pread64(3</tmp/nia-publication-fault-7_6ur5fa/case/store/objects/8e/e688345e1d9502ee8cd7277a453c30bfb77b947201beb3300e9df2b8ca321d>, "", 65384, 152) = 0
pread64(3</tmp/nia-publication-fault-7_6ur5fa/case/store/objects/8e/e688345e1d9502ee8cd7277a453c30bfb77b947201beb3300e9df2b8ca321d>, "", 65536, 152) = 0
pread64(3</tmp/nia-publication-fault-7_6ur5fa/case/store/objects/8e/e688345e1d9502ee8cd7277a453c30bfb77b947201beb3300e9df2b8ca321d>, "\0\0\0\0\0\0\0\10NIACSEL1\273\343\341b6\331$M\267\345\300\262\251\302\306\27f\270\251!\330\260\227\374\323p\347\177\25.\3311\0\0\0\0\0\0\0\1\f\241y\346\276\376\267a\363a?\36\365|\250\222\353\303\246\242(\334\243/\23\t\360\254\6\247\336~J6\366\353|\33#j"..., 393272, 0) = 152
pread64(3</tmp/nia-publication-fault-7_6ur5fa/case/store/objects/8e/e688345e1d9502ee8cd7277a453c30bfb77b947201beb3300e9df2b8ca321d>, "", 393120, 152) = 0
pread64(3</tmp/nia-publication-fault-7_6ur5fa/case/store/objects/0c/a179e6befeb761f3613f1ef57ca892ebc3a6a228dca32f1309f0ac06a7de7e>, "!<arch>\ndebian-binary/  0           0     0     100644  4         `\n2.0\ncontrol.tar/    0       "..., 65536, 0) = 20672
pread64(3</tmp/nia-publication-fault-7_6ur5fa/case/store/objects/0c/a179e6befeb761f3613f1ef57ca892ebc3a6a228dca32f1309f0ac06a7de7e>, "", 44864, 20672) = 0
pread64(3</tmp/nia-publication-fault-7_6ur5fa/case/store/objects/0c/a179e6befeb761f3613f1ef57ca892ebc3a6a228dca32f1309f0ac06a7de7e>, "", 65536, 20672) = 0
pread64(3</tmp/nia-publication-fault-7_6ur5fa/case/store/objects/0c/a179e6befeb761f3613f1ef57ca892ebc3a6a228dca32f1309f0ac06a7de7e>, "!<arch>\n", 8, 0) = 8
pread64(3</tmp/nia-publication-fault-7_6ur5fa/case/store/objects/0c/a179e6befeb761f3613f1ef57ca892ebc3a6a228dca32f1309f0ac06a7de7e>, "debian-binary/  0           0     0     100644  4         `\n", 60, 8) = 60
pread64(3</tmp/nia-publication-fault-7_6ur5fa/case/store/objects/0c/a179e6befeb761f3613f1ef57ca892ebc3a6a228dca32f1309f0ac06a7de7e>, "2.0\n", 4, 68) = 4
pread64(3</tmp/nia-publication-fault-7_6ur5fa/case/store/objects/0c/a179e6befeb761f3613f1ef57ca892ebc3a6a228dca32f1309f0ac06a7de7e>, "2.0\n", 4, 68) = 4
pread64(3</tmp/nia-publication-fault-7_6ur5fa/case/store/objects/0c/a179e6befeb761f3613f1ef57ca892ebc3a6a228dca32f1309f0ac06a7de7e>, "control.tar/    0           0     0     100644  10240     `\n", 60, 72) = 60
pread64(3</tmp/nia-publication-fault-7_6ur5fa/case/store/objects/0c/a179e6befeb761f3613f1ef57ca892ebc3a6a228dca32f1309f0ac06a7de7e>, "./control\0\0\0\0\0\0\0\0\0\0\0\0\0\0\0\0\0\0\0\0\0\0\0\0\0\0\0\0\0\0\0\0\0\0\0\0\0\0\0\0\0\0\0\0\0\0\0\0\0\0\0\0\0\0\0\0\0\0\0\0\0\0\0\0\0\0\0\0\0\0\0\0\0\0\0\0\0\0\0\0\0\0\0\0\0\0\0"..., 10240, 132) = 10240
pread64(3</tmp/nia-publication-fault-7_6ur5fa/case/store/objects/0c/a179e6befeb761f3613f1ef57ca892ebc3a6a228dca32f1309f0ac06a7de7e>, "data.tar/       0           0     0     100644  10240     `\n", 60, 10372) = 60
pread64(3</tmp/nia-publication-fault-7_6ur5fa/case/store/objects/0c/a179e6befeb761f3613f1ef57ca892ebc3a6a228dca32f1309f0ac06a7de7e>, "\0\0\0\0\0\0\0\0\0\0\0\0\0\0\0\0\0\0\0\0\0\0\0\0\0\0\0\0\0\0\0\0\0\0\0\0\0\0\0\0\0\0\0\0\0\0\0\0\0\0\0\0\0\0\0\0\0\0\0\0\0\0\0\0\0\0\0\0\0\0\0\0\0\0\0\0\0\0\0\0\0\0\0\0\0\0\0\0\0\0\0\0\0\0\0\0"..., 10240, 10432) = 10240
pread64(3</tmp/nia-publication-fault-7_6ur5fa/case/store/objects/0c/a179e6befeb761f3613f1ef57ca892ebc3a6a228dca32f1309f0ac06a7de7e>, "!<arch>\ndebian-binary/  0           0     0     100644  4         `\n2.0\ncontrol.tar/    0       "..., 65536, 0) = 20672
pread64(3</tmp/nia-publication-fault-7_6ur5fa/case/store/objects/0c/a179e6befeb761f3613f1ef57ca892ebc3a6a228dca32f1309f0ac06a7de7e>, "", 44864, 20672) = 0
pread64(3</tmp/nia-publication-fault-7_6ur5fa/case/store/objects/0c/a179e6befeb761f3613f1ef57ca892ebc3a6a228dca32f1309f0ac06a7de7e>, "", 65536, 20672) = 0
pread64(3</tmp/nia-publication-fault-7_6ur5fa/case/store/objects/0c/a179e6befeb761f3613f1ef57ca892ebc3a6a228dca32f1309f0ac06a7de7e>, "!<arch>\n", 8, 0) = 8
pread64(3</tmp/nia-publication-fault-7_6ur5fa/case/store/objects/0c/a179e6befeb761f3613f1ef57ca892ebc3a6a228dca32f1309f0ac06a7de7e>, "debian-binary/  0           0     0     100644  4         `\n", 60, 8) = 60
pread64(3</tmp/nia-publication-fault-7_6ur5fa/case/store/objects/0c/a179e6befeb761f3613f1ef57ca892ebc3a6a228dca32f1309f0ac06a7de7e>, "2.0\n", 4, 68) = 4
pread64(3</tmp/nia-publication-fault-7_6ur5fa/case/store/objects/0c/a179e6befeb761f3613f1ef57ca892ebc3a6a228dca32f1309f0ac06a7de7e>, "2.0\n", 4, 68) = 4
pread64(3</tmp/nia-publication-fault-7_6ur5fa/case/store/objects/0c/a179e6befeb761f3613f1ef57ca892ebc3a6a228dca32f1309f0ac06a7de7e>, "control.tar/    0           0     0     100644  10240     `\n", 60, 72) = 60
pread64(3</tmp/nia-publication-fault-7_6ur5fa/case/store/objects/0c/a179e6befeb761f3613f1ef57ca892ebc3a6a228dca32f1309f0ac06a7de7e>, "./control\0\0\0\0\0\0\0\0\0\0\0\0\0\0\0\0\0\0\0\0\0\0\0\0\0\0\0\0\0\0\0\0\0\0\0\0\0\0\0\0\0\0\0\0\0\0\0\0\0\0\0\0\0\0\0\0\0\0\0\0\0\0\0\0\0\0\0\0\0\0\0\0\0\0\0\0\0\0\0\0\0\0\0\0\0\0\0"..., 10240, 132) = 10240
pread64(3</tmp/nia-publication-fault-7_6ur5fa/case/store/objects/0c/a179e6befeb761f3613f1ef57ca892ebc3a6a228dca32f1309f0ac06a7de7e>, "data.tar/       0           0     0     100644  10240     `\n", 60, 10372) = 60
pread64(3</tmp/nia-publication-fault-7_6ur5fa/case/store/objects/0c/a179e6befeb761f3613f1ef57ca892ebc3a6a228dca32f1309f0ac06a7de7e>, "\0\0\0\0\0\0\0\0\0\0\0\0\0\0\0\0\0\0\0\0\0\0\0\0\0\0\0\0\0\0\0\0\0\0\0\0\0\0\0\0\0\0\0\0\0\0\0\0\0\0\0\0\0\0\0\0\0\0\0\0\0\0\0\0\0\0\0\0\0\0\0\0\0\0\0\0\0\0\0\0\0\0\0\0\0\0\0\0\0\0\0\0\0\0\0\0"..., 10240, 10432) = 10240
fsync(14</tmp/nia-publication-fault-7_6ur5fa/case/store/incoming>) = 0
pread64(3</tmp/nia-publication-fault-7_6ur5fa/case/store/objects/0c/a179e6befeb761f3613f1ef57ca892ebc3a6a228dca32f1309f0ac06a7de7e>, "\0\0\0\0\0\0\0\0\0\0\0\0\0\0\0\0\0\0\0\0\0\0\0\0\0\0\0\0\0\0\0\0\0\0\0\0\0\0\0\0\0\0\0\0\0\0\0\0\0\0\0\0\0\0\0\0\0\0\0\0\0\0\0\0\0\0\0\0\0\0\0\0\0\0\0\0\0\0\0\0\0\0\0\0\0\0\0\0\0\0\0\0\0\0\0\0"..., 10240, 10432) = 10240
write(13</tmp/nia-publication-fault-7_6ur5fa/case/store/incoming/79544e8d8c41ffcfbb1d12ed17f32486>, "\0\0\0\0\0\0\0\0\0\0\0\0\0\0\0\0\0\0\0\0\0\0\0\0\0\0\0\0\0\0\0\0\0\0\0\0\0\0\0\0\0\0\0\0\0\0\0\0\0\0\0\0\0\0\0\0\0\0\0\0\0\0\0\0\0\0\0\0\0\0\0\0\0\0\0\0\0\0\0\0\0\0\0\0\0\0\0\0\0\0\0\0\0\0\0\0"..., 10240) = 10240
fsync(13</tmp/nia-publication-fault-7_6ur5fa/case/store/incoming/79544e8d8c41ffcfbb1d12ed17f32486>) = 0
renameat2(14</tmp/nia-publication-fault-7_6ur5fa/case/store/incoming>, "79544e8d8c41ffcfbb1d12ed17f32486", 13</tmp/nia-publication-fault-7_6ur5fa/case/store/objects/84>, "ff92691f909a05b224e1c56abb4864f01b4f8e3c854e4bb4c7baf1d3f6d652", RENAME_NOREPLACE) = -1 EEXIST (File exists)
pread64(13</tmp/nia-publication-fault-7_6ur5fa/case/store/objects/84/ff92691f909a05b224e1c56abb4864f01b4f8e3c854e4bb4c7baf1d3f6d652>, "\0\0\0\0\0\0\0\0\0\0\0\0\0\0\0\0\0\0\0\0\0\0\0\0\0\0\0\0\0\0\0\0\0\0\0\0\0\0\0\0\0\0\0\0\0\0\0\0\0\0\0\0\0\0\0\0\0\0\0\0\0\0\0\0\0\0\0\0\0\0\0\0\0\0\0\0\0\0\0\0\0\0\0\0\0\0\0\0\0\0\0\0\0\0\0\0"..., 65536, 0) = 10240
pread64(13</tmp/nia-publication-fault-7_6ur5fa/case/store/objects/84/ff92691f909a05b224e1c56abb4864f01b4f8e3c854e4bb4c7baf1d3f6d652>, "", 55296, 10240) = 0
pread64(13</tmp/nia-publication-fault-7_6ur5fa/case/store/objects/84/ff92691f909a05b224e1c56abb4864f01b4f8e3c854e4bb4c7baf1d3f6d652>, "", 65536, 10240) = 0
fsync(14</tmp/nia-publication-fault-7_6ur5fa/case/store/incoming>) = 0
pread64(3</tmp/nia-publication-fault-7_6ur5fa/case/store/objects/84/ff92691f909a05b224e1c56abb4864f01b4f8e3c854e4bb4c7baf1d3f6d652>, "\0\0\0\0\0\0\0\0\0\0\0\0\0\0\0\0\0\0\0\0\0\0\0\0\0\0\0\0\0\0\0\0\0\0\0\0\0\0\0\0\0\0\0\0\0\0\0\0\0\0\0\0\0\0\0\0\0\0\0\0\0\0\0\0\0\0\0\0\0\0\0\0\0\0\0\0\0\0\0\0\0\0\0\0\0\0\0\0\0\0\0\0\0\0\0\0"..., 65536, 0) = 10240
pread64(3</tmp/nia-publication-fault-7_6ur5fa/case/store/objects/84/ff92691f909a05b224e1c56abb4864f01b4f8e3c854e4bb4c7baf1d3f6d652>, "", 55296, 10240) = 0
pread64(3</tmp/nia-publication-fault-7_6ur5fa/case/store/objects/84/ff92691f909a05b224e1c56abb4864f01b4f8e3c854e4bb4c7baf1d3f6d652>, "", 65536, 10240) = 0
pread64(3</tmp/nia-publication-fault-7_6ur5fa/case/store/objects/84/ff92691f909a05b224e1c56abb4864f01b4f8e3c854e4bb4c7baf1d3f6d652>, "\0\0\0\0\0\0\0\0\0\0\0\0\0\0\0\0\0\0\0\0\0\0\0\0\0\0\0\0\0\0\0\0\0\0\0\0\0\0\0\0\0\0\0\0\0\0\0\0\0\0\0\0\0\0\0\0\0\0\0\0\0\0\0\0\0\0\0\0\0\0\0\0\0\0\0\0\0\0\0\0\0\0\0\0\0\0\0\0\0\0\0\0\0\0\0\0"..., 10240, 0) = 10240
fsync(14</tmp/nia-publication-fault-7_6ur5fa/case/store/incoming>) = 0
pread64(3</tmp/nia-publication-fault-7_6ur5fa/case/store/objects/84/ff92691f909a05b224e1c56abb4864f01b4f8e3c854e4bb4c7baf1d3f6d652>, "\0\0\0\0\0\0\0\0\0\0\0\0\0\0\0\0\0\0\0\0\0\0\0\0\0\0\0\0\0\0\0\0\0\0\0\0\0\0\0\0\0\0\0\0\0\0\0\0\0\0\0\0\0\0\0\0\0\0\0\0\0\0\0\0\0\0\0\0\0\0\0\0\0\0\0\0\0\0\0\0\0\0\0\0\0\0\0\0\0\0\0\0\0\0\0\0"..., 10240, 0) = 10240
write(13</tmp/nia-publication-fault-7_6ur5fa/case/store/incoming/ca128e9fef6d4b03d69b91377bc16654>, "\0\0\0\0\0\0\0\0\0\0\0\0\0\0\0\0\0\0\0\0\0\0\0\0\0\0\0\0\0\0\0\0\0\0\0\0\0\0\0\0\0\0\0\0\0\0\0\0\0\0\0\0\0\0\0\0\0\0\0\0\0\0\0\0\0\0\0\0\0\0\0\0\0\0\0\0\0\0\0\0\0\0\0\0\0\0\0\0\0\0\0\0\0\0\0\0"..., 10240) = 10240
fsync(13</tmp/nia-publication-fault-7_6ur5fa/case/store/incoming/ca128e9fef6d4b03d69b91377bc16654>) = 0
renameat2(14</tmp/nia-publication-fault-7_6ur5fa/case/store/incoming>, "ca128e9fef6d4b03d69b91377bc16654", 13</tmp/nia-publication-fault-7_6ur5fa/case/store/objects/84>, "ff92691f909a05b224e1c56abb4864f01b4f8e3c854e4bb4c7baf1d3f6d652", RENAME_NOREPLACE) = -1 EEXIST (File exists)
pread64(13</tmp/nia-publication-fault-7_6ur5fa/case/store/objects/84/ff92691f909a05b224e1c56abb4864f01b4f8e3c854e4bb4c7baf1d3f6d652>, "\0\0\0\0\0\0\0\0\0\0\0\0\0\0\0\0\0\0\0\0\0\0\0\0\0\0\0\0\0\0\0\0\0\0\0\0\0\0\0\0\0\0\0\0\0\0\0\0\0\0\0\0\0\0\0\0\0\0\0\0\0\0\0\0\0\0\0\0\0\0\0\0\0\0\0\0\0\0\0\0\0\0\0\0\0\0\0\0\0\0\0\0\0\0\0\0"..., 65536, 0) = 10240
pread64(13</tmp/nia-publication-fault-7_6ur5fa/case/store/objects/84/ff92691f909a05b224e1c56abb4864f01b4f8e3c854e4bb4c7baf1d3f6d652>, "", 55296, 10240) = 0
pread64(13</tmp/nia-publication-fault-7_6ur5fa/case/store/objects/84/ff92691f909a05b224e1c56abb4864f01b4f8e3c854e4bb4c7baf1d3f6d652>, "", 65536, 10240) = 0
fsync(14</tmp/nia-publication-fault-7_6ur5fa/case/store/incoming>) = 0
pread64(3</tmp/nia-publication-fault-7_6ur5fa/case/store/objects/84/ff92691f909a05b224e1c56abb4864f01b4f8e3c854e4bb4c7baf1d3f6d652>, "\0\0\0\0\0\0\0\0\0\0\0\0\0\0\0\0\0\0\0\0\0\0\0\0\0\0\0\0\0\0\0\0\0\0\0\0\0\0\0\0\0\0\0\0\0\0\0\0\0\0\0\0\0\0\0\0\0\0\0\0\0\0\0\0\0\0\0\0\0\0\0\0\0\0\0\0\0\0\0\0\0\0\0\0\0\0\0\0\0\0\0\0\0\0\0\0"..., 65536, 0) = 10240
pread64(3</tmp/nia-publication-fault-7_6ur5fa/case/store/objects/84/ff92691f909a05b224e1c56abb4864f01b4f8e3c854e4bb4c7baf1d3f6d652>, "", 55296, 10240) = 0
pread64(3</tmp/nia-publication-fault-7_6ur5fa/case/store/objects/84/ff92691f909a05b224e1c56abb4864f01b4f8e3c854e4bb4c7baf1d3f6d652>, "", 65536, 10240) = 0
pread64(3</tmp/nia-publication-fault-7_6ur5fa/case/store/objects/84/ff92691f909a05b224e1c56abb4864f01b4f8e3c854e4bb4c7baf1d3f6d652>, "\0\0\0\0\0\0\0\0\0\0\0\0\0\0\0\0\0\0\0\0\0\0\0\0\0\0\0\0\0\0\0\0\0\0\0\0\0\0\0\0\0\0\0\0\0\0\0\0\0\0\0\0\0\0\0\0\0\0\0\0\0\0\0\0\0\0\0\0\0\0\0\0\0\0\0\0\0\0\0\0\0\0\0\0\0\0\0\0\0\0\0\0\0\0\0\0"..., 512, 0) = 512
pread64(3</tmp/nia-publication-fault-7_6ur5fa/case/store/objects/84/ff92691f909a05b224e1c56abb4864f01b4f8e3c854e4bb4c7baf1d3f6d652>, "\0\0\0\0\0\0\0\0\0\0\0\0\0\0\0\0\0\0\0\0\0\0\0\0\0\0\0\0\0\0\0\0\0\0\0\0\0\0\0\0\0\0\0\0\0\0\0\0\0\0\0\0\0\0\0\0\0\0\0\0\0\0\0\0\0\0\0\0\0\0\0\0\0\0\0\0\0\0\0\0\0\0\0\0\0\0\0\0\0\0\0\0\0\0\0\0"..., 9728, 512) = 9728
pread64(3</tmp/nia-publication-fault-7_6ur5fa/case/store/objects/0c/a179e6befeb761f3613f1ef57ca892ebc3a6a228dca32f1309f0ac06a7de7e>, "!<arch>\ndebian-binary/  0           0     0     100644  4         `\n2.0\ncontrol.tar/    0       "..., 65536, 0) = 20672
pread64(3</tmp/nia-publication-fault-7_6ur5fa/case/store/objects/0c/a179e6befeb761f3613f1ef57ca892ebc3a6a228dca32f1309f0ac06a7de7e>, "", 44864, 20672) = 0
pread64(3</tmp/nia-publication-fault-7_6ur5fa/case/store/objects/0c/a179e6befeb761f3613f1ef57ca892ebc3a6a228dca32f1309f0ac06a7de7e>, "", 65536, 20672) = 0
pread64(3</tmp/nia-publication-fault-7_6ur5fa/case/store/objects/0c/a179e6befeb761f3613f1ef57ca892ebc3a6a228dca32f1309f0ac06a7de7e>, "!<arch>\n", 8, 0) = 8
pread64(3</tmp/nia-publication-fault-7_6ur5fa/case/store/objects/0c/a179e6befeb761f3613f1ef57ca892ebc3a6a228dca32f1309f0ac06a7de7e>, "debian-binary/  0           0     0     100644  4         `\n", 60, 8) = 60
pread64(3</tmp/nia-publication-fault-7_6ur5fa/case/store/objects/0c/a179e6befeb761f3613f1ef57ca892ebc3a6a228dca32f1309f0ac06a7de7e>, "2.0\n", 4, 68) = 4
pread64(3</tmp/nia-publication-fault-7_6ur5fa/case/store/objects/0c/a179e6befeb761f3613f1ef57ca892ebc3a6a228dca32f1309f0ac06a7de7e>, "2.0\n", 4, 68) = 4
pread64(3</tmp/nia-publication-fault-7_6ur5fa/case/store/objects/0c/a179e6befeb761f3613f1ef57ca892ebc3a6a228dca32f1309f0ac06a7de7e>, "control.tar/    0           0     0     100644  10240     `\n", 60, 72) = 60
pread64(3</tmp/nia-publication-fault-7_6ur5fa/case/store/objects/0c/a179e6befeb761f3613f1ef57ca892ebc3a6a228dca32f1309f0ac06a7de7e>, "./control\0\0\0\0\0\0\0\0\0\0\0\0\0\0\0\0\0\0\0\0\0\0\0\0\0\0\0\0\0\0\0\0\0\0\0\0\0\0\0\0\0\0\0\0\0\0\0\0\0\0\0\0\0\0\0\0\0\0\0\0\0\0\0\0\0\0\0\0\0\0\0\0\0\0\0\0\0\0\0\0\0\0\0\0\0\0\0"..., 10240, 132) = 10240
pread64(3</tmp/nia-publication-fault-7_6ur5fa/case/store/objects/0c/a179e6befeb761f3613f1ef57ca892ebc3a6a228dca32f1309f0ac06a7de7e>, "data.tar/       0           0     0     100644  10240     `\n", 60, 10372) = 60
pread64(3</tmp/nia-publication-fault-7_6ur5fa/case/store/objects/0c/a179e6befeb761f3613f1ef57ca892ebc3a6a228dca32f1309f0ac06a7de7e>, "\0\0\0\0\0\0\0\0\0\0\0\0\0\0\0\0\0\0\0\0\0\0\0\0\0\0\0\0\0\0\0\0\0\0\0\0\0\0\0\0\0\0\0\0\0\0\0\0\0\0\0\0\0\0\0\0\0\0\0\0\0\0\0\0\0\0\0\0\0\0\0\0\0\0\0\0\0\0\0\0\0\0\0\0\0\0\0\0\0\0\0\0\0\0\0\0"..., 10240, 10432) = 10240
pread64(3</tmp/nia-publication-fault-7_6ur5fa/case/store/objects/0c/a179e6befeb761f3613f1ef57ca892ebc3a6a228dca32f1309f0ac06a7de7e>, "!<arch>\ndebian-binary/  0           0     0     100644  4         `\n2.0\ncontrol.tar/    0       "..., 65536, 0) = 20672
pread64(3</tmp/nia-publication-fault-7_6ur5fa/case/store/objects/0c/a179e6befeb761f3613f1ef57ca892ebc3a6a228dca32f1309f0ac06a7de7e>, "", 44864, 20672) = 0
pread64(3</tmp/nia-publication-fault-7_6ur5fa/case/store/objects/0c/a179e6befeb761f3613f1ef57ca892ebc3a6a228dca32f1309f0ac06a7de7e>, "", 65536, 20672) = 0
pread64(3</tmp/nia-publication-fault-7_6ur5fa/case/store/objects/0c/a179e6befeb761f3613f1ef57ca892ebc3a6a228dca32f1309f0ac06a7de7e>, "!<arch>\n", 8, 0) = 8
pread64(3</tmp/nia-publication-fault-7_6ur5fa/case/store/objects/0c/a179e6befeb761f3613f1ef57ca892ebc3a6a228dca32f1309f0ac06a7de7e>, "debian-binary/  0           0     0     100644  4         `\n", 60, 8) = 60
pread64(3</tmp/nia-publication-fault-7_6ur5fa/case/store/objects/0c/a179e6befeb761f3613f1ef57ca892ebc3a6a228dca32f1309f0ac06a7de7e>, "2.0\n", 4, 68) = 4
pread64(3</tmp/nia-publication-fault-7_6ur5fa/case/store/objects/0c/a179e6befeb761f3613f1ef57ca892ebc3a6a228dca32f1309f0ac06a7de7e>, "2.0\n", 4, 68) = 4
pread64(3</tmp/nia-publication-fault-7_6ur5fa/case/store/objects/0c/a179e6befeb761f3613f1ef57ca892ebc3a6a228dca32f1309f0ac06a7de7e>, "control.tar/    0           0     0     100644  10240     `\n", 60, 72) = 60
pread64(3</tmp/nia-publication-fault-7_6ur5fa/case/store/objects/0c/a179e6befeb761f3613f1ef57ca892ebc3a6a228dca32f1309f0ac06a7de7e>, "./control\0\0\0\0\0\0\0\0\0\0\0\0\0\0\0\0\0\0\0\0\0\0\0\0\0\0\0\0\0\0\0\0\0\0\0\0\0\0\0\0\0\0\0\0\0\0\0\0\0\0\0\0\0\0\0\0\0\0\0\0\0\0\0\0\0\0\0\0\0\0\0\0\0\0\0\0\0\0\0\0\0\0\0\0\0\0\0"..., 10240, 132) = 10240
pread64(3</tmp/nia-publication-fault-7_6ur5fa/case/store/objects/0c/a179e6befeb761f3613f1ef57ca892ebc3a6a228dca32f1309f0ac06a7de7e>, "data.tar/       0           0     0     100644  10240     `\n", 60, 10372) = 60
pread64(3</tmp/nia-publication-fault-7_6ur5fa/case/store/objects/0c/a179e6befeb761f3613f1ef57ca892ebc3a6a228dca32f1309f0ac06a7de7e>, "\0\0\0\0\0\0\0\0\0\0\0\0\0\0\0\0\0\0\0\0\0\0\0\0\0\0\0\0\0\0\0\0\0\0\0\0\0\0\0\0\0\0\0\0\0\0\0\0\0\0\0\0\0\0\0\0\0\0\0\0\0\0\0\0\0\0\0\0\0\0\0\0\0\0\0\0\0\0\0\0\0\0\0\0\0\0\0\0\0\0\0\0\0\0\0\0"..., 10240, 10432) = 10240
fsync(14</tmp/nia-publication-fault-7_6ur5fa/case/store/incoming>) = 0
pread64(3</tmp/nia-publication-fault-7_6ur5fa/case/store/objects/0c/a179e6befeb761f3613f1ef57ca892ebc3a6a228dca32f1309f0ac06a7de7e>, "./control\0\0\0\0\0\0\0\0\0\0\0\0\0\0\0\0\0\0\0\0\0\0\0\0\0\0\0\0\0\0\0\0\0\0\0\0\0\0\0\0\0\0\0\0\0\0\0\0\0\0\0\0\0\0\0\0\0\0\0\0\0\0\0\0\0\0\0\0\0\0\0\0\0\0\0\0\0\0\0\0\0\0\0\0\0\0\0"..., 10240, 132) = 10240
write(13</tmp/nia-publication-fault-7_6ur5fa/case/store/incoming/f0253f8705add8029ff2f7561f42018c>, "./control\0\0\0\0\0\0\0\0\0\0\0\0\0\0\0\0\0\0\0\0\0\0\0\0\0\0\0\0\0\0\0\0\0\0\0\0\0\0\0\0\0\0\0\0\0\0\0\0\0\0\0\0\0\0\0\0\0\0\0\0\0\0\0\0\0\0\0\0\0\0\0\0\0\0\0\0\0\0\0\0\0\0\0\0\0\0\0"..., 10240) = 10240
fsync(13</tmp/nia-publication-fault-7_6ur5fa/case/store/incoming/f0253f8705add8029ff2f7561f42018c>) = 0
renameat2(14</tmp/nia-publication-fault-7_6ur5fa/case/store/incoming>, "f0253f8705add8029ff2f7561f42018c", 13</tmp/nia-publication-fault-7_6ur5fa/case/store/objects/4a>, "36f6eb7c1b236ab6cb28ddb882919e888bf393dfc00d93008ad6730697f8f7", RENAME_NOREPLACE) = -1 EEXIST (File exists)
pread64(13</tmp/nia-publication-fault-7_6ur5fa/case/store/objects/4a/36f6eb7c1b236ab6cb28ddb882919e888bf393dfc00d93008ad6730697f8f7>, "./control\0\0\0\0\0\0\0\0\0\0\0\0\0\0\0\0\0\0\0\0\0\0\0\0\0\0\0\0\0\0\0\0\0\0\0\0\0\0\0\0\0\0\0\0\0\0\0\0\0\0\0\0\0\0\0\0\0\0\0\0\0\0\0\0\0\0\0\0\0\0\0\0\0\0\0\0\0\0\0\0\0\0\0\0\0\0\0"..., 65536, 0) = 10240
pread64(13</tmp/nia-publication-fault-7_6ur5fa/case/store/objects/4a/36f6eb7c1b236ab6cb28ddb882919e888bf393dfc00d93008ad6730697f8f7>, "", 55296, 10240) = 0
pread64(13</tmp/nia-publication-fault-7_6ur5fa/case/store/objects/4a/36f6eb7c1b236ab6cb28ddb882919e888bf393dfc00d93008ad6730697f8f7>, "", 65536, 10240) = 0
fsync(14</tmp/nia-publication-fault-7_6ur5fa/case/store/incoming>) = 0
pread64(3</tmp/nia-publication-fault-7_6ur5fa/case/store/objects/4a/36f6eb7c1b236ab6cb28ddb882919e888bf393dfc00d93008ad6730697f8f7>, "./control\0\0\0\0\0\0\0\0\0\0\0\0\0\0\0\0\0\0\0\0\0\0\0\0\0\0\0\0\0\0\0\0\0\0\0\0\0\0\0\0\0\0\0\0\0\0\0\0\0\0\0\0\0\0\0\0\0\0\0\0\0\0\0\0\0\0\0\0\0\0\0\0\0\0\0\0\0\0\0\0\0\0\0\0\0\0\0"..., 65536, 0) = 10240
pread64(3</tmp/nia-publication-fault-7_6ur5fa/case/store/objects/4a/36f6eb7c1b236ab6cb28ddb882919e888bf393dfc00d93008ad6730697f8f7>, "", 55296, 10240) = 0
pread64(3</tmp/nia-publication-fault-7_6ur5fa/case/store/objects/4a/36f6eb7c1b236ab6cb28ddb882919e888bf393dfc00d93008ad6730697f8f7>, "", 65536, 10240) = 0
pread64(3</tmp/nia-publication-fault-7_6ur5fa/case/store/objects/4a/36f6eb7c1b236ab6cb28ddb882919e888bf393dfc00d93008ad6730697f8f7>, "./control\0\0\0\0\0\0\0\0\0\0\0\0\0\0\0\0\0\0\0\0\0\0\0\0\0\0\0\0\0\0\0\0\0\0\0\0\0\0\0\0\0\0\0\0\0\0\0\0\0\0\0\0\0\0\0\0\0\0\0\0\0\0\0\0\0\0\0\0\0\0\0\0\0\0\0\0\0\0\0\0\0\0\0\0\0\0\0"..., 10240, 0) = 10240
fsync(14</tmp/nia-publication-fault-7_6ur5fa/case/store/incoming>) = 0
write(13</tmp/nia-publication-fault-7_6ur5fa/case/store/incoming/221f92958a07e065cfa7c54c76cbca93>, "Package: empty-package\nVersion: 1\nArchitecture: all\nMaintainer: Fixture <fixture@example.invalid"..., 149) = 149
fsync(13</tmp/nia-publication-fault-7_6ur5fa/case/store/incoming/221f92958a07e065cfa7c54c76cbca93>) = 0
renameat2(14</tmp/nia-publication-fault-7_6ur5fa/case/store/incoming>, "221f92958a07e065cfa7c54c76cbca93", 13</tmp/nia-publication-fault-7_6ur5fa/case/store/objects/a3>, "1a856f430af395bccd7eb2f142b11ad3ae0fc5daf3acc4ffb341c48a5abd39", RENAME_NOREPLACE) = -1 EEXIST (File exists)
pread64(13</tmp/nia-publication-fault-7_6ur5fa/case/store/objects/a3/1a856f430af395bccd7eb2f142b11ad3ae0fc5daf3acc4ffb341c48a5abd39>, "Package: empty-package\nVersion: 1\nArchitecture: all\nMaintainer: Fixture <fixture@example.invalid"..., 65536, 0) = 149
pread64(13</tmp/nia-publication-fault-7_6ur5fa/case/store/objects/a3/1a856f430af395bccd7eb2f142b11ad3ae0fc5daf3acc4ffb341c48a5abd39>, "", 65387, 149) = 0
pread64(13</tmp/nia-publication-fault-7_6ur5fa/case/store/objects/a3/1a856f430af395bccd7eb2f142b11ad3ae0fc5daf3acc4ffb341c48a5abd39>, "", 65536, 149) = 0
fsync(14</tmp/nia-publication-fault-7_6ur5fa/case/store/incoming>) = 0
pread64(3</tmp/nia-publication-fault-7_6ur5fa/case/store/objects/a3/1a856f430af395bccd7eb2f142b11ad3ae0fc5daf3acc4ffb341c48a5abd39>, "Package: empty-package\nVersion: 1\nArchitecture: all\nMaintainer: Fixture <fixture@example.invalid"..., 65536, 0) = 149
pread64(3</tmp/nia-publication-fault-7_6ur5fa/case/store/objects/a3/1a856f430af395bccd7eb2f142b11ad3ae0fc5daf3acc4ffb341c48a5abd39>, "", 65387, 149) = 0
pread64(3</tmp/nia-publication-fault-7_6ur5fa/case/store/objects/a3/1a856f430af395bccd7eb2f142b11ad3ae0fc5daf3acc4ffb341c48a5abd39>, "", 65536, 149) = 0
pread64(3</tmp/nia-publication-fault-7_6ur5fa/case/store/objects/a3/1a856f430af395bccd7eb2f142b11ad3ae0fc5daf3acc4ffb341c48a5abd39>, "Package: empty-package\nVersion: 1\nArchitecture: all\nMaintainer: Fixture <fixture@example.invalid"..., 16777216, 0) = 149
pread64(3</tmp/nia-publication-fault-7_6ur5fa/case/store/objects/a3/1a856f430af395bccd7eb2f142b11ad3ae0fc5daf3acc4ffb341c48a5abd39>, "", 16777067, 149) = 0
pread64(3</tmp/nia-publication-fault-7_6ur5fa/case/store/objects/a3/1a856f430af395bccd7eb2f142b11ad3ae0fc5daf3acc4ffb341c48a5abd39>, "Package: empty-package\nVersion: 1\nArchitecture: all\nMaintainer: Fixture <fixture@example.invalid"..., 65536, 0) = 149
pread64(3</tmp/nia-publication-fault-7_6ur5fa/case/store/objects/a3/1a856f430af395bccd7eb2f142b11ad3ae0fc5daf3acc4ffb341c48a5abd39>, "", 65387, 149) = 0
pread64(3</tmp/nia-publication-fault-7_6ur5fa/case/store/objects/a3/1a856f430af395bccd7eb2f142b11ad3ae0fc5daf3acc4ffb341c48a5abd39>, "", 65536, 149) = 0
pread64(3</tmp/nia-publication-fault-7_6ur5fa/case/store/objects/a3/1a856f430af395bccd7eb2f142b11ad3ae0fc5daf3acc4ffb341c48a5abd39>, "Package: empty-package\nVersion: 1\nArchitecture: all\nMaintainer: Fixture <fixture@example.invalid"..., 16777216, 0) = 149
pread64(3</tmp/nia-publication-fault-7_6ur5fa/case/store/objects/a3/1a856f430af395bccd7eb2f142b11ad3ae0fc5daf3acc4ffb341c48a5abd39>, "", 16777067, 149) = 0
pread64(3</tmp/nia-publication-fault-7_6ur5fa/case/store/objects/0c/a179e6befeb761f3613f1ef57ca892ebc3a6a228dca32f1309f0ac06a7de7e>, "!<arch>\ndebian-binary/  0           0     0     100644  4         `\n2.0\ncontrol.tar/    0       "..., 65536, 0) = 20672
pread64(3</tmp/nia-publication-fault-7_6ur5fa/case/store/objects/0c/a179e6befeb761f3613f1ef57ca892ebc3a6a228dca32f1309f0ac06a7de7e>, "", 44864, 20672) = 0
pread64(3</tmp/nia-publication-fault-7_6ur5fa/case/store/objects/0c/a179e6befeb761f3613f1ef57ca892ebc3a6a228dca32f1309f0ac06a7de7e>, "", 65536, 20672) = 0
pread64(3</tmp/nia-publication-fault-7_6ur5fa/case/store/objects/0c/a179e6befeb761f3613f1ef57ca892ebc3a6a228dca32f1309f0ac06a7de7e>, "!<arch>\n", 8, 0) = 8
pread64(3</tmp/nia-publication-fault-7_6ur5fa/case/store/objects/0c/a179e6befeb761f3613f1ef57ca892ebc3a6a228dca32f1309f0ac06a7de7e>, "debian-binary/  0           0     0     100644  4         `\n", 60, 8) = 60
pread64(3</tmp/nia-publication-fault-7_6ur5fa/case/store/objects/0c/a179e6befeb761f3613f1ef57ca892ebc3a6a228dca32f1309f0ac06a7de7e>, "2.0\n", 4, 68) = 4
pread64(3</tmp/nia-publication-fault-7_6ur5fa/case/store/objects/0c/a179e6befeb761f3613f1ef57ca892ebc3a6a228dca32f1309f0ac06a7de7e>, "2.0\n", 4, 68) = 4
pread64(3</tmp/nia-publication-fault-7_6ur5fa/case/store/objects/0c/a179e6befeb761f3613f1ef57ca892ebc3a6a228dca32f1309f0ac06a7de7e>, "control.tar/    0           0     0     100644  10240     `\n", 60, 72) = 60
pread64(3</tmp/nia-publication-fault-7_6ur5fa/case/store/objects/0c/a179e6befeb761f3613f1ef57ca892ebc3a6a228dca32f1309f0ac06a7de7e>, "./control\0\0\0\0\0\0\0\0\0\0\0\0\0\0\0\0\0\0\0\0\0\0\0\0\0\0\0\0\0\0\0\0\0\0\0\0\0\0\0\0\0\0\0\0\0\0\0\0\0\0\0\0\0\0\0\0\0\0\0\0\0\0\0\0\0\0\0\0\0\0\0\0\0\0\0\0\0\0\0\0\0\0\0\0\0\0\0"..., 10240, 132) = 10240
pread64(3</tmp/nia-publication-fault-7_6ur5fa/case/store/objects/0c/a179e6befeb761f3613f1ef57ca892ebc3a6a228dca32f1309f0ac06a7de7e>, "data.tar/       0           0     0     100644  10240     `\n", 60, 10372) = 60
pread64(3</tmp/nia-publication-fault-7_6ur5fa/case/store/objects/0c/a179e6befeb761f3613f1ef57ca892ebc3a6a228dca32f1309f0ac06a7de7e>, "\0\0\0\0\0\0\0\0\0\0\0\0\0\0\0\0\0\0\0\0\0\0\0\0\0\0\0\0\0\0\0\0\0\0\0\0\0\0\0\0\0\0\0\0\0\0\0\0\0\0\0\0\0\0\0\0\0\0\0\0\0\0\0\0\0\0\0\0\0\0\0\0\0\0\0\0\0\0\0\0\0\0\0\0\0\0\0\0\0\0\0\0\0\0\0\0"..., 10240, 10432) = 10240
pread64(3</tmp/nia-publication-fault-7_6ur5fa/case/store/objects/0c/a179e6befeb761f3613f1ef57ca892ebc3a6a228dca32f1309f0ac06a7de7e>, "!<arch>\ndebian-binary/  0           0     0     100644  4         `\n2.0\ncontrol.tar/    0       "..., 65536, 0) = 20672
pread64(3</tmp/nia-publication-fault-7_6ur5fa/case/store/objects/0c/a179e6befeb761f3613f1ef57ca892ebc3a6a228dca32f1309f0ac06a7de7e>, "", 44864, 20672) = 0
pread64(3</tmp/nia-publication-fault-7_6ur5fa/case/store/objects/0c/a179e6befeb761f3613f1ef57ca892ebc3a6a228dca32f1309f0ac06a7de7e>, "", 65536, 20672) = 0
pread64(3</tmp/nia-publication-fault-7_6ur5fa/case/store/objects/0c/a179e6befeb761f3613f1ef57ca892ebc3a6a228dca32f1309f0ac06a7de7e>, "!<arch>\n", 8, 0) = 8
pread64(3</tmp/nia-publication-fault-7_6ur5fa/case/store/objects/0c/a179e6befeb761f3613f1ef57ca892ebc3a6a228dca32f1309f0ac06a7de7e>, "debian-binary/  0           0     0     100644  4         `\n", 60, 8) = 60
pread64(3</tmp/nia-publication-fault-7_6ur5fa/case/store/objects/0c/a179e6befeb761f3613f1ef57ca892ebc3a6a228dca32f1309f0ac06a7de7e>, "2.0\n", 4, 68) = 4
pread64(3</tmp/nia-publication-fault-7_6ur5fa/case/store/objects/0c/a179e6befeb761f3613f1ef57ca892ebc3a6a228dca32f1309f0ac06a7de7e>, "2.0\n", 4, 68) = 4
pread64(3</tmp/nia-publication-fault-7_6ur5fa/case/store/objects/0c/a179e6befeb761f3613f1ef57ca892ebc3a6a228dca32f1309f0ac06a7de7e>, "control.tar/    0           0     0     100644  10240     `\n", 60, 72) = 60
pread64(3</tmp/nia-publication-fault-7_6ur5fa/case/store/objects/0c/a179e6befeb761f3613f1ef57ca892ebc3a6a228dca32f1309f0ac06a7de7e>, "./control\0\0\0\0\0\0\0\0\0\0\0\0\0\0\0\0\0\0\0\0\0\0\0\0\0\0\0\0\0\0\0\0\0\0\0\0\0\0\0\0\0\0\0\0\0\0\0\0\0\0\0\0\0\0\0\0\0\0\0\0\0\0\0\0\0\0\0\0\0\0\0\0\0\0\0\0\0\0\0\0\0\0\0\0\0\0\0"..., 10240, 132) = 10240
pread64(3</tmp/nia-publication-fault-7_6ur5fa/case/store/objects/0c/a179e6befeb761f3613f1ef57ca892ebc3a6a228dca32f1309f0ac06a7de7e>, "data.tar/       0           0     0     100644  10240     `\n", 60, 10372) = 60
pread64(3</tmp/nia-publication-fault-7_6ur5fa/case/store/objects/0c/a179e6befeb761f3613f1ef57ca892ebc3a6a228dca32f1309f0ac06a7de7e>, "\0\0\0\0\0\0\0\0\0\0\0\0\0\0\0\0\0\0\0\0\0\0\0\0\0\0\0\0\0\0\0\0\0\0\0\0\0\0\0\0\0\0\0\0\0\0\0\0\0\0\0\0\0\0\0\0\0\0\0\0\0\0\0\0\0\0\0\0\0\0\0\0\0\0\0\0\0\0\0\0\0\0\0\0\0\0\0\0\0\0\0\0\0\0\0\0"..., 10240, 10432) = 10240
fsync(14</tmp/nia-publication-fault-7_6ur5fa/case/store/incoming>) = 0
pread64(3</tmp/nia-publication-fault-7_6ur5fa/case/store/objects/0c/a179e6befeb761f3613f1ef57ca892ebc3a6a228dca32f1309f0ac06a7de7e>, "./control\0\0\0\0\0\0\0\0\0\0\0\0\0\0\0\0\0\0\0\0\0\0\0\0\0\0\0\0\0\0\0\0\0\0\0\0\0\0\0\0\0\0\0\0\0\0\0\0\0\0\0\0\0\0\0\0\0\0\0\0\0\0\0\0\0\0\0\0\0\0\0\0\0\0\0\0\0\0\0\0\0\0\0\0\0\0\0"..., 10240, 132) = 10240
write(13</tmp/nia-publication-fault-7_6ur5fa/case/store/incoming/5143f8d7bc08b504e029b774b4072232>, "./control\0\0\0\0\0\0\0\0\0\0\0\0\0\0\0\0\0\0\0\0\0\0\0\0\0\0\0\0\0\0\0\0\0\0\0\0\0\0\0\0\0\0\0\0\0\0\0\0\0\0\0\0\0\0\0\0\0\0\0\0\0\0\0\0\0\0\0\0\0\0\0\0\0\0\0\0\0\0\0\0\0\0\0\0\0\0\0"..., 10240) = 10240
fsync(13</tmp/nia-publication-fault-7_6ur5fa/case/store/incoming/5143f8d7bc08b504e029b774b4072232>) = 0
renameat2(14</tmp/nia-publication-fault-7_6ur5fa/case/store/incoming>, "5143f8d7bc08b504e029b774b4072232", 13</tmp/nia-publication-fault-7_6ur5fa/case/store/objects/4a>, "36f6eb7c1b236ab6cb28ddb882919e888bf393dfc00d93008ad6730697f8f7", RENAME_NOREPLACE) = -1 EEXIST (File exists)
pread64(13</tmp/nia-publication-fault-7_6ur5fa/case/store/objects/4a/36f6eb7c1b236ab6cb28ddb882919e888bf393dfc00d93008ad6730697f8f7>, "./control\0\0\0\0\0\0\0\0\0\0\0\0\0\0\0\0\0\0\0\0\0\0\0\0\0\0\0\0\0\0\0\0\0\0\0\0\0\0\0\0\0\0\0\0\0\0\0\0\0\0\0\0\0\0\0\0\0\0\0\0\0\0\0\0\0\0\0\0\0\0\0\0\0\0\0\0\0\0\0\0\0\0\0\0\0\0\0"..., 65536, 0) = 10240
pread64(13</tmp/nia-publication-fault-7_6ur5fa/case/store/objects/4a/36f6eb7c1b236ab6cb28ddb882919e888bf393dfc00d93008ad6730697f8f7>, "", 55296, 10240) = 0
pread64(13</tmp/nia-publication-fault-7_6ur5fa/case/store/objects/4a/36f6eb7c1b236ab6cb28ddb882919e888bf393dfc00d93008ad6730697f8f7>, "", 65536, 10240) = 0
fsync(14</tmp/nia-publication-fault-7_6ur5fa/case/store/incoming>) = 0
pread64(3</tmp/nia-publication-fault-7_6ur5fa/case/store/objects/4a/36f6eb7c1b236ab6cb28ddb882919e888bf393dfc00d93008ad6730697f8f7>, "./control\0\0\0\0\0\0\0\0\0\0\0\0\0\0\0\0\0\0\0\0\0\0\0\0\0\0\0\0\0\0\0\0\0\0\0\0\0\0\0\0\0\0\0\0\0\0\0\0\0\0\0\0\0\0\0\0\0\0\0\0\0\0\0\0\0\0\0\0\0\0\0\0\0\0\0\0\0\0\0\0\0\0\0\0\0\0\0"..., 65536, 0) = 10240
pread64(3</tmp/nia-publication-fault-7_6ur5fa/case/store/objects/4a/36f6eb7c1b236ab6cb28ddb882919e888bf393dfc00d93008ad6730697f8f7>, "", 55296, 10240) = 0
pread64(3</tmp/nia-publication-fault-7_6ur5fa/case/store/objects/4a/36f6eb7c1b236ab6cb28ddb882919e888bf393dfc00d93008ad6730697f8f7>, "", 65536, 10240) = 0
pread64(3</tmp/nia-publication-fault-7_6ur5fa/case/store/objects/4a/36f6eb7c1b236ab6cb28ddb882919e888bf393dfc00d93008ad6730697f8f7>, "./control\0\0\0\0\0\0\0\0\0\0\0\0\0\0\0\0\0\0\0\0\0\0\0\0\0\0\0\0\0\0\0\0\0\0\0\0\0\0\0\0\0\0\0\0\0\0\0\0\0\0\0\0\0\0\0\0\0\0\0\0\0\0\0\0\0\0\0\0\0\0\0\0\0\0\0\0\0\0\0\0\0\0\0\0\0\0\0"..., 10240, 0) = 10240
fsync(14</tmp/nia-publication-fault-7_6ur5fa/case/store/incoming>) = 0
write(13</tmp/nia-publication-fault-7_6ur5fa/case/store/incoming/926fc377eb6044f4a2a6636b950a0f16>, "Package: empty-package\nVersion: 1\nArchitecture: all\nMaintainer: Fixture <fixture@example.invalid"..., 149) = 149
fsync(13</tmp/nia-publication-fault-7_6ur5fa/case/store/incoming/926fc377eb6044f4a2a6636b950a0f16>) = 0
renameat2(14</tmp/nia-publication-fault-7_6ur5fa/case/store/incoming>, "926fc377eb6044f4a2a6636b950a0f16", 13</tmp/nia-publication-fault-7_6ur5fa/case/store/objects/a3>, "1a856f430af395bccd7eb2f142b11ad3ae0fc5daf3acc4ffb341c48a5abd39", RENAME_NOREPLACE) = -1 EEXIST (File exists)
pread64(13</tmp/nia-publication-fault-7_6ur5fa/case/store/objects/a3/1a856f430af395bccd7eb2f142b11ad3ae0fc5daf3acc4ffb341c48a5abd39>, "Package: empty-package\nVersion: 1\nArchitecture: all\nMaintainer: Fixture <fixture@example.invalid"..., 65536, 0) = 149
pread64(13</tmp/nia-publication-fault-7_6ur5fa/case/store/objects/a3/1a856f430af395bccd7eb2f142b11ad3ae0fc5daf3acc4ffb341c48a5abd39>, "", 65387, 149) = 0
pread64(13</tmp/nia-publication-fault-7_6ur5fa/case/store/objects/a3/1a856f430af395bccd7eb2f142b11ad3ae0fc5daf3acc4ffb341c48a5abd39>, "", 65536, 149) = 0
fsync(14</tmp/nia-publication-fault-7_6ur5fa/case/store/incoming>) = 0
pread64(3</tmp/nia-publication-fault-7_6ur5fa/case/store/objects/0c/a179e6befeb761f3613f1ef57ca892ebc3a6a228dca32f1309f0ac06a7de7e>, "!<arch>\ndebian-binary/  0           0     0     100644  4         `\n2.0\ncontrol.tar/    0       "..., 65536, 0) = 20672
pread64(3</tmp/nia-publication-fault-7_6ur5fa/case/store/objects/0c/a179e6befeb761f3613f1ef57ca892ebc3a6a228dca32f1309f0ac06a7de7e>, "", 44864, 20672) = 0
pread64(3</tmp/nia-publication-fault-7_6ur5fa/case/store/objects/0c/a179e6befeb761f3613f1ef57ca892ebc3a6a228dca32f1309f0ac06a7de7e>, "", 65536, 20672) = 0
pread64(3</tmp/nia-publication-fault-7_6ur5fa/case/store/objects/4a/36f6eb7c1b236ab6cb28ddb882919e888bf393dfc00d93008ad6730697f8f7>, "./control\0\0\0\0\0\0\0\0\0\0\0\0\0\0\0\0\0\0\0\0\0\0\0\0\0\0\0\0\0\0\0\0\0\0\0\0\0\0\0\0\0\0\0\0\0\0\0\0\0\0\0\0\0\0\0\0\0\0\0\0\0\0\0\0\0\0\0\0\0\0\0\0\0\0\0\0\0\0\0\0\0\0\0\0\0\0\0"..., 65536, 0) = 10240
pread64(3</tmp/nia-publication-fault-7_6ur5fa/case/store/objects/4a/36f6eb7c1b236ab6cb28ddb882919e888bf393dfc00d93008ad6730697f8f7>, "", 55296, 10240) = 0
pread64(3</tmp/nia-publication-fault-7_6ur5fa/case/store/objects/4a/36f6eb7c1b236ab6cb28ddb882919e888bf393dfc00d93008ad6730697f8f7>, "", 65536, 10240) = 0
pread64(3</tmp/nia-publication-fault-7_6ur5fa/case/store/objects/84/ff92691f909a05b224e1c56abb4864f01b4f8e3c854e4bb4c7baf1d3f6d652>, "\0\0\0\0\0\0\0\0\0\0\0\0\0\0\0\0\0\0\0\0\0\0\0\0\0\0\0\0\0\0\0\0\0\0\0\0\0\0\0\0\0\0\0\0\0\0\0\0\0\0\0\0\0\0\0\0\0\0\0\0\0\0\0\0\0\0\0\0\0\0\0\0\0\0\0\0\0\0\0\0\0\0\0\0\0\0\0\0\0\0\0\0\0\0\0\0"..., 65536, 0) = 10240
pread64(3</tmp/nia-publication-fault-7_6ur5fa/case/store/objects/84/ff92691f909a05b224e1c56abb4864f01b4f8e3c854e4bb4c7baf1d3f6d652>, "", 55296, 10240) = 0
pread64(3</tmp/nia-publication-fault-7_6ur5fa/case/store/objects/84/ff92691f909a05b224e1c56abb4864f01b4f8e3c854e4bb4c7baf1d3f6d652>, "", 65536, 10240) = 0
pread64(3</tmp/nia-publication-fault-7_6ur5fa/case/store/objects/8e/e688345e1d9502ee8cd7277a453c30bfb77b947201beb3300e9df2b8ca321d>, "\0\0\0\0\0\0\0\10NIACSEL1\273\343\341b6\331$M\267\345\300\262\251\302\306\27f\270\251!\330\260\227\374\323p\347\177\25.\3311\0\0\0\0\0\0\0\1\f\241y\346\276\376\267a\363a?\36\365|\250\222\353\303\246\242(\334\243/\23\t\360\254\6\247\336~J6\366\353|\33#j"..., 65536, 0) = 152
pread64(3</tmp/nia-publication-fault-7_6ur5fa/case/store/objects/8e/e688345e1d9502ee8cd7277a453c30bfb77b947201beb3300e9df2b8ca321d>, "", 65384, 152) = 0
pread64(3</tmp/nia-publication-fault-7_6ur5fa/case/store/objects/8e/e688345e1d9502ee8cd7277a453c30bfb77b947201beb3300e9df2b8ca321d>, "", 65536, 152) = 0
pread64(3</tmp/nia-publication-fault-7_6ur5fa/case/store/objects/a3/1a856f430af395bccd7eb2f142b11ad3ae0fc5daf3acc4ffb341c48a5abd39>, "Package: empty-package\nVersion: 1\nArchitecture: all\nMaintainer: Fixture <fixture@example.invalid"..., 65536, 0) = 149
pread64(3</tmp/nia-publication-fault-7_6ur5fa/case/store/objects/a3/1a856f430af395bccd7eb2f142b11ad3ae0fc5daf3acc4ffb341c48a5abd39>, "", 65387, 149) = 0
pread64(3</tmp/nia-publication-fault-7_6ur5fa/case/store/objects/a3/1a856f430af395bccd7eb2f142b11ad3ae0fc5daf3acc4ffb341c48a5abd39>, "", 65536, 149) = 0
fsync(13</tmp/nia-publication-fault-7_6ur5fa/case/store/incoming>) = 0
write(3</tmp/nia-publication-fault-7_6ur5fa/case/store/incoming/7512ee0d4f083838e3312026df4c2617>, "NIACLOS1\216\346\2104^\35\225\2\356\214\327'zE<0\277\267{\224r\1\276\2630\16\235\362\270\3122\35\273\343\341b6\331$M\267\345\300\262\251\302\306\27f\270\251!\330\260\227\374\323p\347\177\25.\3311\0\0\0\0\0\0\0\5", 80) = 80
write(3</tmp/nia-publication-fault-7_6ur5fa/case/store/incoming/7512ee0d4f083838e3312026df4c2617>, "\f\241y\346\276\376\267a\363a?\36\365|\250\222\353\303\246\242(\334\243/\23\t\360\254\6\247\336~", 32) = 32
write(3</tmp/nia-publication-fault-7_6ur5fa/case/store/incoming/7512ee0d4f083838e3312026df4c2617>, "J6\366\353|\33#j\266\313(\335\270\202\221\236\210\213\363\223\337\300\r\223\0\212\326s\6\227\370\367", 32) = 32
write(3</tmp/nia-publication-fault-7_6ur5fa/case/store/incoming/7512ee0d4f083838e3312026df4c2617>, "\204\377\222i\37\220\232\5\262$\341\305j\273Hd\360\33O\216<\205NK\264\307\272\361\323\366\326R", 32) = 32
write(3</tmp/nia-publication-fault-7_6ur5fa/case/store/incoming/7512ee0d4f083838e3312026df4c2617>, "\216\346\2104^\35\225\2\356\214\327'zE<0\277\267{\224r\1\276\2630\16\235\362\270\3122\35", 32) = 32
write(3</tmp/nia-publication-fault-7_6ur5fa/case/store/incoming/7512ee0d4f083838e3312026df4c2617>, "\243\32\205oC\n\363\225\274\315~\262\361B\261\32\323\256\17\305\332\363\254\304\377\263A\304\212Z\2759", 32) = 32
fsync(3</tmp/nia-publication-fault-7_6ur5fa/case/store/incoming/7512ee0d4f083838e3312026df4c2617>) = 0
renameat2(13</tmp/nia-publication-fault-7_6ur5fa/case/store/incoming>, "7512ee0d4f083838e3312026df4c2617", 3</tmp/nia-publication-fault-7_6ur5fa/case/store/objects/32>, "094e7c613fdb6dffb1f27d926b176f7fd8946b8c2cf3ca9e3b95cb91a1a8ca", RENAME_NOREPLACE) = -1 EEXIST (File exists)
pread64(3</tmp/nia-publication-fault-7_6ur5fa/case/store/objects/32/094e7c613fdb6dffb1f27d926b176f7fd8946b8c2cf3ca9e3b95cb91a1a8ca>, "NIACLOS1\216\346\2104^\35\225\2\356\214\327'zE<0\277\267{\224r\1\276\2630\16\235\362\270\3122\35\273\343\341b6\331$M\267\345\300\262\251\302\306\27f\270\251!\330\260\227\374\323p\347\177\25.\3311\0\0\0\0\0\0\0\5\f\241y\346\276\376\267a\363a?\36\365|\250\222"..., 65536, 0) = 240
pread64(3</tmp/nia-publication-fault-7_6ur5fa/case/store/objects/32/094e7c613fdb6dffb1f27d926b176f7fd8946b8c2cf3ca9e3b95cb91a1a8ca>, "", 65296, 240) = 0
pread64(3</tmp/nia-publication-fault-7_6ur5fa/case/store/objects/32/094e7c613fdb6dffb1f27d926b176f7fd8946b8c2cf3ca9e3b95cb91a1a8ca>, "", 65536, 240) = 0
fsync(13</tmp/nia-publication-fault-7_6ur5fa/case/store/incoming>) = 0
pread64(3</tmp/nia-publication-fault-7_6ur5fa/case/store/objects/06/3e13748cbe35935a68f2a4e813e304a840ad6be46e05313190b7df3df64069>, "MCPLAN02))))))))))))))))J\221\251af\2333\363\322\2457\334\20\314\305\221\0\0\0\0\0\0\0\0\0\0\0\0\0\0\0\1\0\0\0\0\0\0\0\1\0\0\0\0\0\0\0\2\216\346\2104^\35\225\2\356\214\327'zE<0\277\267{\224r\1\276\263"..., 65536, 0) = 995
pread64(3</tmp/nia-publication-fault-7_6ur5fa/case/store/objects/06/3e13748cbe35935a68f2a4e813e304a840ad6be46e05313190b7df3df64069>, "", 64541, 995) = 0
pread64(3</tmp/nia-publication-fault-7_6ur5fa/case/store/objects/06/3e13748cbe35935a68f2a4e813e304a840ad6be46e05313190b7df3df64069>, "", 65536, 995) = 0
pread64(3</tmp/nia-publication-fault-7_6ur5fa/case/store/objects/06/3e13748cbe35935a68f2a4e813e304a840ad6be46e05313190b7df3df64069>, "MCPLAN02))))))))))))))))J\221\251af\2333\363\322\2457\334\20\314\305\221\0\0\0\0\0\0\0\0\0\0\0\0\0\0\0\1\0\0\0\0\0\0\0\1\0\0\0\0\0\0\0\2\216\346\2104^\35\225\2\356\214\327'zE<0\277\267{\224r\1\276\263"..., 4500000, 0) = 995
pread64(3</tmp/nia-publication-fault-7_6ur5fa/case/store/objects/06/3e13748cbe35935a68f2a4e813e304a840ad6be46e05313190b7df3df64069>, "", 4499005, 995) = 0
pread64(3</tmp/nia-publication-fault-7_6ur5fa/case/store/pins/4a91a961669b33f3d2a537dc10ccc591>, "\6>\23t\214\2765\223Zh\362\244\350\23\343\4\250@\255k\344n\00511\220\267\337=\366@i", 33, 0) = 32
pread64(3</tmp/nia-publication-fault-7_6ur5fa/case/store/pins/4a91a961669b33f3d2a537dc10ccc591>, "", 1, 32) = 0
fsync(3</tmp/nia-publication-fault-7_6ur5fa/case/bank/29292929292929292929292929292929/state>) = 0
pread64(13</tmp/nia-publication-fault-7_6ur5fa/case/bank/29292929292929292929292929292929/state/tx-4a91a961669b33f3d2a537dc10ccc591.log>, "MCLOG002\0\0\0\0\0\0\0\1\0\1\0\0\0\0\0\0))))))))))))))))J\221\251af\2333\363\322\2457\334\20\314\305\221\0\0\0\0\0\0\0\1\0\0\0\0\0\0\0\2\0\0\0\0\0\0\0\0\0\0\0\0\0\0\0\1\6>\23t\214\2765\223"..., 256, 0) = 256
pread64(13</tmp/nia-publication-fault-7_6ur5fa/case/bank/29292929292929292929292929292929/state/tx-4a91a961669b33f3d2a537dc10ccc591.log>, "MCLOG002\0\0\0\0\0\0\0\2\0\2\0\0\0\0\0\0))))))))))))))))J\221\251af\2333\363\322\2457\334\20\314\305\221\0\0\0\0\0\0\0\1\0\0\0\0\0\0\0\2\0\0\0\0\0\0\0\1\0\0\0\0\0\0\0\1\6>\23t\214\2765\223"..., 256, 256) = 256
pread64(13</tmp/nia-publication-fault-7_6ur5fa/case/bank/29292929292929292929292929292929/state/tx-4a91a961669b33f3d2a537dc10ccc591.log>, "MCLOG002\0\0\0\0\0\0\0\3\0\3\0\0\0\0\0\0))))))))))))))))J\221\251af\2333\363\322\2457\334\20\314\305\221\0\0\0\0\0\0\0\1\0\0\0\0\0\0\0\2\0\0\0\0\0\0\0\1\0\0\0\0\0\0\0\1\6>\23t\214\2765\223"..., 256, 512) = 256
pread64(13</tmp/nia-publication-fault-7_6ur5fa/case/bank/29292929292929292929292929292929/state/tx-4a91a961669b33f3d2a537dc10ccc591.log>, "MCLOG002\0\0\0\0\0\0\0\4\0\2\0\0\0\0\0\0))))))))))))))))J\221\251af\2333\363\322\2457\334\20\314\305\221\0\0\0\0\0\0\0\1\0\0\0\0\0\0\0\2\0\0\0\0\0\0\0\2\0\0\0\0\0\0\0\1\6>\23t\214\2765\223"..., 256, 768) = 256
pread64(13</tmp/nia-publication-fault-7_6ur5fa/case/bank/29292929292929292929292929292929/state/tx-4a91a961669b33f3d2a537dc10ccc591.log>, "MCLOG002\0\0\0\0\0\0\0\5\0\3\0\0\0\0\0\0))))))))))))))))J\221\251af\2333\363\322\2457\334\20\314\305\221\0\0\0\0\0\0\0\1\0\0\0\0\0\0\0\2\0\0\0\0\0\0\0\2\0\0\0\0\0\0\0\1\6>\23t\214\2765\223"..., 256, 1024) = 256
pread64(13</tmp/nia-publication-fault-7_6ur5fa/case/bank/29292929292929292929292929292929/state/tx-4a91a961669b33f3d2a537dc10ccc591.log>, "MCLOG002\0\0\0\0\0\0\0\6\0\2\0\0\0\0\0\0))))))))))))))))J\221\251af\2333\363\322\2457\334\20\314\305\221\0\0\0\0\0\0\0\1\0\0\0\0\0\0\0\2\0\0\0\0\0\0\0\3\0\0\0\0\0\0\0\1\6>\23t\214\2765\223"..., 256, 1280) = 256
pread64(13</tmp/nia-publication-fault-7_6ur5fa/case/bank/29292929292929292929292929292929/state/tx-4a91a961669b33f3d2a537dc10ccc591.log>, "MCLOG002\0\0\0\0\0\0\0\7\0\3\0\0\0\0\0\0))))))))))))))))J\221\251af\2333\363\322\2457\334\20\314\305\221\0\0\0\0\0\0\0\1\0\0\0\0\0\0\0\2\0\0\0\0\0\0\0\3\0\0\0\0\0\0\0\1\6>\23t\214\2765\223"..., 256, 1536) = 256
pread64(13</tmp/nia-publication-fault-7_6ur5fa/case/bank/29292929292929292929292929292929/state/tx-4a91a961669b33f3d2a537dc10ccc591.log>, "MCLOG002\0\0\0\0\0\0\0\10\0\4\0\0\0\0\0\0))))))))))))))))J\221\251af\2333\363\322\2457\334\20\314\305\221\0\0\0\0\0\0\0\1\0\0\0\0\0\0\0\2\0\0\0\0\0\0\0\0\0\0\0\0\0\0\0\1\6>\23t\214\2765\223"..., 256, 1792) = 256
pread64(13</tmp/nia-publication-fault-7_6ur5fa/case/bank/29292929292929292929292929292929/state/tx-4a91a961669b33f3d2a537dc10ccc591.log>, "MCLOG002\0\0\0\0\0\0\0\t\0\5\0\0\0\0\0\0))))))))))))))))J\221\251af\2333\363\322\2457\334\20\314\305\221\0\0\0\0\0\0\0\1\0\0\0\0\0\0\0\2\0\0\0\0\0\0\0\0\0\0\0\0\0\0\0\1f\246uqQ\370\356U"..., 256, 2048) = 256
pread64(13</tmp/nia-publication-fault-7_6ur5fa/case/bank/29292929292929292929292929292929/state/tx-4a91a961669b33f3d2a537dc10ccc591.log>, "MCLOG002\0\0\0\0\0\0\0\n\0\6\0\0\0\0\0\0))))))))))))))))J\221\251af\2333\363\322\2457\334\20\314\305\221\0\0\0\0\0\0\0\1\0\0\0\0\0\0\0\2\0\0\0\0\0\0\0\0\0\0\0\0\0\0\0\1f\246uqQ\370\356U"..., 256, 2304) = 256
pread64(13</tmp/nia-publication-fault-7_6ur5fa/case/bank/29292929292929292929292929292929/state/tx-4a91a961669b33f3d2a537dc10ccc591.log>, "MCLOG002\0\0\0\0\0\0\0\1\0\1\0\0\0\0\0\0))))))))))))))))J\221\251af\2333\363\322\2457\334\20\314\305\221\0\0\0\0\0\0\0\1\0\0\0\0\0\0\0\2\0\0\0\0\0\0\0\0\0\0\0\0\0\0\0\1\6>\23t\214\2765\223"..., 256, 0) = 256
pread64(13</tmp/nia-publication-fault-7_6ur5fa/case/bank/29292929292929292929292929292929/state/tx-4a91a961669b33f3d2a537dc10ccc591.log>, "MCLOG002\0\0\0\0\0\0\0\2\0\2\0\0\0\0\0\0))))))))))))))))J\221\251af\2333\363\322\2457\334\20\314\305\221\0\0\0\0\0\0\0\1\0\0\0\0\0\0\0\2\0\0\0\0\0\0\0\1\0\0\0\0\0\0\0\1\6>\23t\214\2765\223"..., 256, 256) = 256
pread64(13</tmp/nia-publication-fault-7_6ur5fa/case/bank/29292929292929292929292929292929/state/tx-4a91a961669b33f3d2a537dc10ccc591.log>, "MCLOG002\0\0\0\0\0\0\0\3\0\3\0\0\0\0\0\0))))))))))))))))J\221\251af\2333\363\322\2457\334\20\314\305\221\0\0\0\0\0\0\0\1\0\0\0\0\0\0\0\2\0\0\0\0\0\0\0\1\0\0\0\0\0\0\0\1\6>\23t\214\2765\223"..., 256, 512) = 256
pread64(13</tmp/nia-publication-fault-7_6ur5fa/case/bank/29292929292929292929292929292929/state/tx-4a91a961669b33f3d2a537dc10ccc591.log>, "MCLOG002\0\0\0\0\0\0\0\4\0\2\0\0\0\0\0\0))))))))))))))))J\221\251af\2333\363\322\2457\334\20\314\305\221\0\0\0\0\0\0\0\1\0\0\0\0\0\0\0\2\0\0\0\0\0\0\0\2\0\0\0\0\0\0\0\1\6>\23t\214\2765\223"..., 256, 768) = 256
pread64(13</tmp/nia-publication-fault-7_6ur5fa/case/bank/29292929292929292929292929292929/state/tx-4a91a961669b33f3d2a537dc10ccc591.log>, "MCLOG002\0\0\0\0\0\0\0\5\0\3\0\0\0\0\0\0))))))))))))))))J\221\251af\2333\363\322\2457\334\20\314\305\221\0\0\0\0\0\0\0\1\0\0\0\0\0\0\0\2\0\0\0\0\0\0\0\2\0\0\0\0\0\0\0\1\6>\23t\214\2765\223"..., 256, 1024) = 256
pread64(13</tmp/nia-publication-fault-7_6ur5fa/case/bank/29292929292929292929292929292929/state/tx-4a91a961669b33f3d2a537dc10ccc591.log>, "MCLOG002\0\0\0\0\0\0\0\6\0\2\0\0\0\0\0\0))))))))))))))))J\221\251af\2333\363\322\2457\334\20\314\305\221\0\0\0\0\0\0\0\1\0\0\0\0\0\0\0\2\0\0\0\0\0\0\0\3\0\0\0\0\0\0\0\1\6>\23t\214\2765\223"..., 256, 1280) = 256
pread64(13</tmp/nia-publication-fault-7_6ur5fa/case/bank/29292929292929292929292929292929/state/tx-4a91a961669b33f3d2a537dc10ccc591.log>, "MCLOG002\0\0\0\0\0\0\0\7\0\3\0\0\0\0\0\0))))))))))))))))J\221\251af\2333\363\322\2457\334\20\314\305\221\0\0\0\0\0\0\0\1\0\0\0\0\0\0\0\2\0\0\0\0\0\0\0\3\0\0\0\0\0\0\0\1\6>\23t\214\2765\223"..., 256, 1536) = 256
pread64(13</tmp/nia-publication-fault-7_6ur5fa/case/bank/29292929292929292929292929292929/state/tx-4a91a961669b33f3d2a537dc10ccc591.log>, "MCLOG002\0\0\0\0\0\0\0\10\0\4\0\0\0\0\0\0))))))))))))))))J\221\251af\2333\363\322\2457\334\20\314\305\221\0\0\0\0\0\0\0\1\0\0\0\0\0\0\0\2\0\0\0\0\0\0\0\0\0\0\0\0\0\0\0\1\6>\23t\214\2765\223"..., 256, 1792) = 256
pread64(13</tmp/nia-publication-fault-7_6ur5fa/case/bank/29292929292929292929292929292929/state/tx-4a91a961669b33f3d2a537dc10ccc591.log>, "MCLOG002\0\0\0\0\0\0\0\t\0\5\0\0\0\0\0\0))))))))))))))))J\221\251af\2333\363\322\2457\334\20\314\305\221\0\0\0\0\0\0\0\1\0\0\0\0\0\0\0\2\0\0\0\0\0\0\0\0\0\0\0\0\0\0\0\1f\246uqQ\370\356U"..., 256, 2048) = 256
pread64(13</tmp/nia-publication-fault-7_6ur5fa/case/bank/29292929292929292929292929292929/state/tx-4a91a961669b33f3d2a537dc10ccc591.log>, "MCLOG002\0\0\0\0\0\0\0\n\0\6\0\0\0\0\0\0))))))))))))))))J\221\251af\2333\363\322\2457\334\20\314\305\221\0\0\0\0\0\0\0\1\0\0\0\0\0\0\0\2\0\0\0\0\0\0\0\0\0\0\0\0\0\0\0\1f\246uqQ\370\356U"..., 256, 2304) = 256
pread64(3</tmp/nia-publication-fault-7_6ur5fa/case/bank/29292929292929292929292929292929/root/catalog>, "\0\0\0\0\0\0\0\10NIACSEL1\273\343\341b6\331$M\267\345\300\262\251\302\306\27f\270\251!\330\260\227\374\323p\347\177\25.\3311\0\0\0\0\0\0\0\1\f\241y\346\276\376\267a\363a?\36\365|\250\222\353\303\246\242(\334\243/\23\t\360\254\6\247\336~J6\366\353|\33#j"..., 65536, 0) = 152
pread64(3</tmp/nia-publication-fault-7_6ur5fa/case/bank/29292929292929292929292929292929/root/catalog>, "", 65384, 152) = 0
pread64(3</tmp/nia-publication-fault-7_6ur5fa/case/bank/29292929292929292929292929292929/root/catalog>, "", 65536, 152) = 0
pread64(3</tmp/nia-publication-fault-7_6ur5fa/case/bank/29292929292929292929292929292929/root/tree/version>, "\0\0\0\0\0\0\0\10NIACSEL1\273\343\341b6\331$M\267\345\300\262\251\302\306\27f\270\251!\330\260\227\374\323p\347\177\25.\3311\0\0\0\0\0\0\0\1\f\241y\346\276\376\267a\363a?\36\365|\250\222\353\303\246\242(\334\243/\23\t\360\254\6\247\336~J6\366\353|\33#j"..., 65536, 0) = 152
pread64(3</tmp/nia-publication-fault-7_6ur5fa/case/bank/29292929292929292929292929292929/root/tree/version>, "", 65384, 152) = 0
pread64(3</tmp/nia-publication-fault-7_6ur5fa/case/bank/29292929292929292929292929292929/root/tree/version>, "", 65536, 152) = 0
fsync(3</tmp/nia-publication-fault-7_6ur5fa/case/state>) = 0
pread64(3</tmp/nia-publication-fault-7_6ur5fa/case/root/.mission/root.id>, "\37\37\37\37\37\37\37\37\37\37\37\37\37\37\37\37", 16, 0) = 16
pread64(3</tmp/nia-publication-fault-7_6ur5fa/case/state/root.state>, "MCROOT02\37\37\37\37\37\37\37\37\37\37\37\37\37\37\37\37\0\0\0\0\0\0\0\0================|(\260]\354\310\366\2733\266\317\17dlZ\365\252\200U\340\nL\366\332\32tk\326;\35\36\362\0\0\0\0\0\0\0\0\0\0\0\0\0\0\0\0"..., 192, 0) = 192
fsync(3</tmp/nia-publication-fault-7_6ur5fa/case/store>) = 0
pread64(3</tmp/nia-publication-fault-7_6ur5fa/case/root/.mission/root.id>, "\37\37\37\37\37\37\37\37\37\37\37\37\37\37\37\37", 16, 0) = 16
pread64(3</tmp/nia-publication-fault-7_6ur5fa/case/state/root.state>, "MCROOT02\37\37\37\37\37\37\37\37\37\37\37\37\37\37\37\37\0\0\0\0\0\0\0\0================|(\260]\354\310\366\2733\266\317\17dlZ\365\252\200U\340\nL\366\332\32tk\326;\35\36\362\0\0\0\0\0\0\0\0\0\0\0\0\0\0\0\0"..., 192, 0) = 192
pread64(3</tmp/nia-publication-fault-7_6ur5fa/case/store/objects/21/944ec3a07bc2c4968e56fb8293ef4e32f02aecead46768799ef9a6a96e2705>, "NIAPUB01\37\37\37\37\37\37\37\37\37\37\37\37\37\37\37\37))))))))))))))))EN\16:\276\304-E\373\22\204\265\26:\214\305\301\1\4\312\17\2\177.%\237)jJ\374\31\270\216\346\2104^\35\225\2\356\214\327'zE<0\277\267{\224r\1\276\263"..., 65536, 0) = 192
pread64(3</tmp/nia-publication-fault-7_6ur5fa/case/store/objects/21/944ec3a07bc2c4968e56fb8293ef4e32f02aecead46768799ef9a6a96e2705>, "", 65344, 192) = 0
pread64(3</tmp/nia-publication-fault-7_6ur5fa/case/store/objects/21/944ec3a07bc2c4968e56fb8293ef4e32f02aecead46768799ef9a6a96e2705>, "", 65536, 192) = 0
pread64(3</tmp/nia-publication-fault-7_6ur5fa/case/store/objects/21/944ec3a07bc2c4968e56fb8293ef4e32f02aecead46768799ef9a6a96e2705>, "NIAPUB01\37\37\37\37\37\37\37\37\37\37\37\37\37\37\37\37))))))))))))))))EN\16:\276\304-E\373\22\204\265\26:\214\305\301\1\4\312\17\2\177.%\237)jJ\374\31\270\216\346\2104^\35\225\2\356\214\327'zE<0\277\267{\224r\1\276\263"..., 193, 0) = 192
pread64(3</tmp/nia-publication-fault-7_6ur5fa/case/store/objects/21/944ec3a07bc2c4968e56fb8293ef4e32f02aecead46768799ef9a6a96e2705>, "", 1, 192) = 0
pread64(3</tmp/nia-publication-fault-7_6ur5fa/case/store/objects/45/4e0e3abec42d45fb1284b5163a8cc5c10104ca0f027f2e259f296a4afc19b8>, "NIAGEN04))))))))))))))))3333333333333333\0\0\0\0\0\0\0\1\0\0\0\0\0\0\0\2\216\346\2104^\35\225\2\356\214\327'zE<0\277\267{\224r\1\276\2630\16\235\362\270\3122\35\"\"\"\"\"\"\"\""..., 65536, 0) = 288
pread64(3</tmp/nia-publication-fault-7_6ur5fa/case/store/objects/45/4e0e3abec42d45fb1284b5163a8cc5c10104ca0f027f2e259f296a4afc19b8>, "", 65248, 288) = 0
pread64(3</tmp/nia-publication-fault-7_6ur5fa/case/store/objects/45/4e0e3abec42d45fb1284b5163a8cc5c10104ca0f027f2e259f296a4afc19b8>, "", 65536, 288) = 0
pread64(3</tmp/nia-publication-fault-7_6ur5fa/case/store/objects/45/4e0e3abec42d45fb1284b5163a8cc5c10104ca0f027f2e259f296a4afc19b8>, "NIAGEN04))))))))))))))))3333333333333333\0\0\0\0\0\0\0\1\0\0\0\0\0\0\0\2\216\346\2104^\35\225\2\356\214\327'zE<0\277\267{\224r\1\276\2630\16\235\362\270\3122\35\"\"\"\"\"\"\"\""..., 32992, 0) = 288
pread64(3</tmp/nia-publication-fault-7_6ur5fa/case/store/objects/45/4e0e3abec42d45fb1284b5163a8cc5c10104ca0f027f2e259f296a4afc19b8>, "", 32704, 288) = 0
pread64(3</tmp/nia-publication-fault-7_6ur5fa/case/store/pins/33333333333333333333333333333333>, "EN\16:\276\304-E\373\22\204\265\26:\214\305\301\1\4\312\17\2\177.%\237)jJ\374\31\270", 33, 0) = 32
pread64(3</tmp/nia-publication-fault-7_6ur5fa/case/store/pins/33333333333333333333333333333333>, "", 1, 32) = 0
pread64(3</tmp/nia-publication-fault-7_6ur5fa/case/store/objects/b2/d93d1647239d0ba4daeaa2a008547e866b63fe552b7835bb1cf81afd008832>, "NIASPOL1~R\322\ng\4\374Nt{\300\301\330\36\340\226\257\27\360\206\320\344f\21\354\217~\254\226\320\232\"\0\0\0\0\0\0\3\350\0\0\0\0\0\0\0\1GGGGGGGGGGGGGGGGGGGGGGGGGGGGGGGG\212\210\343\335t\t\361\225"..., 65536, 0) = 136
pread64(3</tmp/nia-publication-fault-7_6ur5fa/case/store/objects/b2/d93d1647239d0ba4daeaa2a008547e866b63fe552b7835bb1cf81afd008832>, "", 65400, 136) = 0
pread64(3</tmp/nia-publication-fault-7_6ur5fa/case/store/objects/b2/d93d1647239d0ba4daeaa2a008547e866b63fe552b7835bb1cf81afd008832>, "", 65536, 136) = 0
pread64(3</tmp/nia-publication-fault-7_6ur5fa/case/store/objects/b2/d93d1647239d0ba4daeaa2a008547e866b63fe552b7835bb1cf81afd008832>, "NIASPOL1~R\322\ng\4\374Nt{\300\301\330\36\340\226\257\27\360\206\320\344f\21\354\217~\254\226\320\232\"\0\0\0\0\0\0\3\350\0\0\0\0\0\0\0\1GGGGGGGGGGGGGGGGGGGGGGGGGGGGGGGG\212\210\343\335t\t\361\225"..., 20536, 0) = 136
pread64(3</tmp/nia-publication-fault-7_6ur5fa/case/store/objects/b2/d93d1647239d0ba4daeaa2a008547e866b63fe552b7835bb1cf81afd008832>, "", 20400, 136) = 0
pread64(3</tmp/nia-publication-fault-7_6ur5fa/case/store/objects/7e/52d20a6704fc4e747bc0c1d81ee096af17f086d0e46611ec8f7eac96d09a22>, "NIASMAP1\37\37\37\37\37\37\37\37\37\37\37\37\37\37\37\37\0\0\0\0\0\0\0\0\0\0\0\0\0\0\0\0\0\0\0\0\0\0\0\0\0\0\0\0\0\0\0\0\0\0\0\0\0\0\0\0\0\0\0\0\0\0\0\0\0\0\0\0\0\0\0\0\0\0\0\0\0\0\0\0\216\346\2104^\35\225\2"..., 65536, 0) = 256
pread64(3</tmp/nia-publication-fault-7_6ur5fa/case/store/objects/7e/52d20a6704fc4e747bc0c1d81ee096af17f086d0e46611ec8f7eac96d09a22>, "", 65280, 256) = 0
pread64(3</tmp/nia-publication-fault-7_6ur5fa/case/store/objects/7e/52d20a6704fc4e747bc0c1d81ee096af17f086d0e46611ec8f7eac96d09a22>, "", 65536, 256) = 0
pread64(3</tmp/nia-publication-fault-7_6ur5fa/case/store/objects/7e/52d20a6704fc4e747bc0c1d81ee096af17f086d0e46611ec8f7eac96d09a22>, "NIASMAP1\37\37\37\37\37\37\37\37\37\37\37\37\37\37\37\37\0\0\0\0\0\0\0\0\0\0\0\0\0\0\0\0\0\0\0\0\0\0\0\0\0\0\0\0\0\0\0\0\0\0\0\0\0\0\0\0\0\0\0\0\0\0\0\0\0\0\0\0\0\0\0\0\0\0\0\0\0\0\0\0\216\346\2104^\35\225\2"..., 393376, 0) = 256
pread64(3</tmp/nia-publication-fault-7_6ur5fa/case/store/objects/7e/52d20a6704fc4e747bc0c1d81ee096af17f086d0e46611ec8f7eac96d09a22>, "", 393120, 256) = 0
pread64(3</tmp/nia-publication-fault-7_6ur5fa/case/store/objects/8e/e688345e1d9502ee8cd7277a453c30bfb77b947201beb3300e9df2b8ca321d>, "\0\0\0\0\0\0\0\10NIACSEL1\273\343\341b6\331$M\267\345\300\262\251\302\306\27f\270\251!\330\260\227\374\323p\347\177\25.\3311\0\0\0\0\0\0\0\1\f\241y\346\276\376\267a\363a?\36\365|\250\222\353\303\246\242(\334\243/\23\t\360\254\6\247\336~J6\366\353|\33#j"..., 65536, 0) = 152
pread64(3</tmp/nia-publication-fault-7_6ur5fa/case/store/objects/8e/e688345e1d9502ee8cd7277a453c30bfb77b947201beb3300e9df2b8ca321d>, "", 65384, 152) = 0
pread64(3</tmp/nia-publication-fault-7_6ur5fa/case/store/objects/8e/e688345e1d9502ee8cd7277a453c30bfb77b947201beb3300e9df2b8ca321d>, "", 65536, 152) = 0
pread64(3</tmp/nia-publication-fault-7_6ur5fa/case/store/objects/32/094e7c613fdb6dffb1f27d926b176f7fd8946b8c2cf3ca9e3b95cb91a1a8ca>, "NIACLOS1\216\346\2104^\35\225\2\356\214\327'zE<0\277\267{\224r\1\276\2630\16\235\362\270\3122\35\273\343\341b6\331$M\267\345\300\262\251\302\306\27f\270\251!\330\260\227\374\323p\347\177\25.\3311\0\0\0\0\0\0\0\5\f\241y\346\276\376\267a\363a?\36\365|\250\222"..., 65536, 0) = 240
pread64(3</tmp/nia-publication-fault-7_6ur5fa/case/store/objects/32/094e7c613fdb6dffb1f27d926b176f7fd8946b8c2cf3ca9e3b95cb91a1a8ca>, "", 65296, 240) = 0
pread64(3</tmp/nia-publication-fault-7_6ur5fa/case/store/objects/32/094e7c613fdb6dffb1f27d926b176f7fd8946b8c2cf3ca9e3b95cb91a1a8ca>, "", 65536, 240) = 0
pread64(3</tmp/nia-publication-fault-7_6ur5fa/case/store/objects/be/79019cd624c1b58af3cac32a235b467dac74ebfc6ee94e6390a198650449a5>, "NIASUP01GGGGGGGGGGGGGGGGGGGGGGGGGGGGGGGGf\246uqQ\370\356U\333\22w\26\307\343\334\340\276\200t\266N \355\245B\345\301\344l\251\304\36\f\241y\346\276\376\267a\363a?\36\365|\250\222\353\303\246\242(\334\243/"..., 65536, 0) = 320
pread64(3</tmp/nia-publication-fault-7_6ur5fa/case/store/objects/be/79019cd624c1b58af3cac32a235b467dac74ebfc6ee94e6390a198650449a5>, "", 65216, 320) = 0
pread64(3</tmp/nia-publication-fault-7_6ur5fa/case/store/objects/be/79019cd624c1b58af3cac32a235b467dac74ebfc6ee94e6390a198650449a5>, "", 65536, 320) = 0
pread64(3</tmp/nia-publication-fault-7_6ur5fa/case/store/objects/be/79019cd624c1b58af3cac32a235b467dac74ebfc6ee94e6390a198650449a5>, "NIASUP01GGGGGGGGGGGGGGGGGGGGGGGGGGGGGGGGf\246uqQ\370\356U\333\22w\26\307\343\334\340\276\200t\266N \355\245B\345\301\344l\251\304\36\f\241y\346\276\376\267a\363a?\36\365|\250\222\353\303\246\242(\334\243/"..., 320, 0) = 320
pread64(3</tmp/nia-publication-fault-7_6ur5fa/case/store/objects/66/a6757151f8ee55db127716c7e3dce0be8074b64e20eda542e5c1e46ca9c41e>, "\7\10\t", 65536, 0) = 3
pread64(3</tmp/nia-publication-fault-7_6ur5fa/case/store/objects/66/a6757151f8ee55db127716c7e3dce0be8074b64e20eda542e5c1e46ca9c41e>, "", 65533, 3) = 0
pread64(3</tmp/nia-publication-fault-7_6ur5fa/case/store/objects/66/a6757151f8ee55db127716c7e3dce0be8074b64e20eda542e5c1e46ca9c41e>, "", 65536, 3) = 0
pread64(3</tmp/nia-publication-fault-7_6ur5fa/case/store/objects/0c/a179e6befeb761f3613f1ef57ca892ebc3a6a228dca32f1309f0ac06a7de7e>, "!<arch>\ndebian-binary/  0           0     0     100644  4         `\n2.0\ncontrol.tar/    0       "..., 65536, 0) = 20672
pread64(3</tmp/nia-publication-fault-7_6ur5fa/case/store/objects/0c/a179e6befeb761f3613f1ef57ca892ebc3a6a228dca32f1309f0ac06a7de7e>, "", 44864, 20672) = 0
pread64(3</tmp/nia-publication-fault-7_6ur5fa/case/store/objects/0c/a179e6befeb761f3613f1ef57ca892ebc3a6a228dca32f1309f0ac06a7de7e>, "", 65536, 20672) = 0
pread64(3</tmp/nia-publication-fault-7_6ur5fa/case/store/objects/a3/1a856f430af395bccd7eb2f142b11ad3ae0fc5daf3acc4ffb341c48a5abd39>, "Package: empty-package\nVersion: 1\nArchitecture: all\nMaintainer: Fixture <fixture@example.invalid"..., 65536, 0) = 149
pread64(3</tmp/nia-publication-fault-7_6ur5fa/case/store/objects/a3/1a856f430af395bccd7eb2f142b11ad3ae0fc5daf3acc4ffb341c48a5abd39>, "", 65387, 149) = 0
pread64(3</tmp/nia-publication-fault-7_6ur5fa/case/store/objects/a3/1a856f430af395bccd7eb2f142b11ad3ae0fc5daf3acc4ffb341c48a5abd39>, "", 65536, 149) = 0
pread64(3</tmp/nia-publication-fault-7_6ur5fa/case/store/objects/66/a6757151f8ee55db127716c7e3dce0be8074b64e20eda542e5c1e46ca9c41e>, "\7\10\t", 65536, 0) = 3
pread64(3</tmp/nia-publication-fault-7_6ur5fa/case/store/objects/66/a6757151f8ee55db127716c7e3dce0be8074b64e20eda542e5c1e46ca9c41e>, "", 65533, 3) = 0
pread64(3</tmp/nia-publication-fault-7_6ur5fa/case/store/objects/66/a6757151f8ee55db127716c7e3dce0be8074b64e20eda542e5c1e46ca9c41e>, "", 65536, 3) = 0
pread64(3</tmp/nia-publication-fault-7_6ur5fa/case/store/objects/66/a6757151f8ee55db127716c7e3dce0be8074b64e20eda542e5c1e46ca9c41e>, "\7\10\t", 65536, 0) = 3
pread64(3</tmp/nia-publication-fault-7_6ur5fa/case/store/objects/66/a6757151f8ee55db127716c7e3dce0be8074b64e20eda542e5c1e46ca9c41e>, "", 65533, 3) = 0
pread64(3</tmp/nia-publication-fault-7_6ur5fa/case/store/objects/66/a6757151f8ee55db127716c7e3dce0be8074b64e20eda542e5c1e46ca9c41e>, "", 65536, 3) = 0
pread64(3</tmp/nia-publication-fault-7_6ur5fa/case/store/objects/66/a6757151f8ee55db127716c7e3dce0be8074b64e20eda542e5c1e46ca9c41e>, "\7\10\t", 65536, 0) = 3
pread64(3</tmp/nia-publication-fault-7_6ur5fa/case/store/objects/66/a6757151f8ee55db127716c7e3dce0be8074b64e20eda542e5c1e46ca9c41e>, "", 65533, 3) = 0
pread64(3</tmp/nia-publication-fault-7_6ur5fa/case/store/objects/66/a6757151f8ee55db127716c7e3dce0be8074b64e20eda542e5c1e46ca9c41e>, "", 65536, 3) = 0
pread64(3</tmp/nia-publication-fault-7_6ur5fa/case/store/objects/38/c0e841345eeb0948445869eb5553bb39ebf66c24fe6fa00123868f32600451>, "NIAGINT1\37\37\37\37\37\37\37\37\37\37\37\37\37\37\37\37\0\0\0\0\0\0\0\0\0\0\0\0\0\0\0\0\0\0\0\0\0\0\0\0\0\0\0\0\0\0\0\0\216\346\2104^\35\225\2\356\214\327'zE<0\277\267{\224r\1\276\2630\16\235\362\270\3122\0352\tN|a?\333m"..., 65536, 0) = 206
pread64(3</tmp/nia-publication-fault-7_6ur5fa/case/store/objects/38/c0e841345eeb0948445869eb5553bb39ebf66c24fe6fa00123868f32600451>, "", 65330, 206) = 0
pread64(3</tmp/nia-publication-fault-7_6ur5fa/case/store/objects/38/c0e841345eeb0948445869eb5553bb39ebf66c24fe6fa00123868f32600451>, "", 65536, 206) = 0
pread64(3</tmp/nia-publication-fault-7_6ur5fa/case/store/objects/38/c0e841345eeb0948445869eb5553bb39ebf66c24fe6fa00123868f32600451>, "NIAGINT1\37\37\37\37\37\37\37\37\37\37\37\37\37\37\37\37\0\0\0\0\0\0\0\0\0\0\0\0\0\0\0\0\0\0\0\0\0\0\0\0\0\0\0\0\0\0\0\0\216\346\2104^\35\225\2\356\214\327'zE<0\277\267{\224r\1\276\2630\16\235\362\270\3122\0352\tN|a?\333m"..., 1053888, 0) = 206
pread64(3</tmp/nia-publication-fault-7_6ur5fa/case/store/objects/38/c0e841345eeb0948445869eb5553bb39ebf66c24fe6fa00123868f32600451>, "", 1053682, 206) = 0
pread64(3</tmp/nia-publication-fault-7_6ur5fa/case/store/objects/32/094e7c613fdb6dffb1f27d926b176f7fd8946b8c2cf3ca9e3b95cb91a1a8ca>, "NIACLOS1\216\346\2104^\35\225\2\356\214\327'zE<0\277\267{\224r\1\276\2630\16\235\362\270\3122\35\273\343\341b6\331$M\267\345\300\262\251\302\306\27f\270\251!\330\260\227\374\323p\347\177\25.\3311\0\0\0\0\0\0\0\5\f\241y\346\276\376\267a\363a?\36\365|\250\222"..., 65536, 0) = 240
pread64(3</tmp/nia-publication-fault-7_6ur5fa/case/store/objects/32/094e7c613fdb6dffb1f27d926b176f7fd8946b8c2cf3ca9e3b95cb91a1a8ca>, "", 65296, 240) = 0
pread64(3</tmp/nia-publication-fault-7_6ur5fa/case/store/objects/32/094e7c613fdb6dffb1f27d926b176f7fd8946b8c2cf3ca9e3b95cb91a1a8ca>, "", 65536, 240) = 0
pread64(3</tmp/nia-publication-fault-7_6ur5fa/case/store/objects/32/094e7c613fdb6dffb1f27d926b176f7fd8946b8c2cf3ca9e3b95cb91a1a8ca>, "NIACLOS1\216\346\2104^\35\225\2\356\214\327'zE<0\277\267{\224r\1\276\2630\16\235\362\270\3122\35\273\343\341b6\331$M\267\345\300\262\251\302\306\27f\270\251!\330\260\227\374\323p\347\177\25.\3311\0\0\0\0\0\0\0\5", 80, 0) = 80
pread64(3</tmp/nia-publication-fault-7_6ur5fa/case/store/objects/32/094e7c613fdb6dffb1f27d926b176f7fd8946b8c2cf3ca9e3b95cb91a1a8ca>, "\f\241y\346\276\376\267a\363a?\36\365|\250\222\353\303\246\242(\334\243/\23\t\360\254\6\247\336~", 32, 80) = 32
pread64(16</tmp/nia-publication-fault-7_6ur5fa/case/store/objects/0c/a179e6befeb761f3613f1ef57ca892ebc3a6a228dca32f1309f0ac06a7de7e>, "!<arch>\ndebian-binary/  0           0     0     100644  4         `\n2.0\ncontrol.tar/    0       "..., 65536, 0) = 20672
pread64(16</tmp/nia-publication-fault-7_6ur5fa/case/store/objects/0c/a179e6befeb761f3613f1ef57ca892ebc3a6a228dca32f1309f0ac06a7de7e>, "", 44864, 20672) = 0
pread64(16</tmp/nia-publication-fault-7_6ur5fa/case/store/objects/0c/a179e6befeb761f3613f1ef57ca892ebc3a6a228dca32f1309f0ac06a7de7e>, "", 65536, 20672) = 0
pread64(3</tmp/nia-publication-fault-7_6ur5fa/case/store/objects/32/094e7c613fdb6dffb1f27d926b176f7fd8946b8c2cf3ca9e3b95cb91a1a8ca>, "J6\366\353|\33#j\266\313(\335\270\202\221\236\210\213\363\223\337\300\r\223\0\212\326s\6\227\370\367", 32, 112) = 32
pread64(16</tmp/nia-publication-fault-7_6ur5fa/case/store/objects/4a/36f6eb7c1b236ab6cb28ddb882919e888bf393dfc00d93008ad6730697f8f7>, "./control\0\0\0\0\0\0\0\0\0\0\0\0\0\0\0\0\0\0\0\0\0\0\0\0\0\0\0\0\0\0\0\0\0\0\0\0\0\0\0\0\0\0\0\0\0\0\0\0\0\0\0\0\0\0\0\0\0\0\0\0\0\0\0\0\0\0\0\0\0\0\0\0\0\0\0\0\0\0\0\0\0\0\0\0\0\0\0"..., 65536, 0) = 10240
pread64(16</tmp/nia-publication-fault-7_6ur5fa/case/store/objects/4a/36f6eb7c1b236ab6cb28ddb882919e888bf393dfc00d93008ad6730697f8f7>, "", 55296, 10240) = 0
pread64(16</tmp/nia-publication-fault-7_6ur5fa/case/store/objects/4a/36f6eb7c1b236ab6cb28ddb882919e888bf393dfc00d93008ad6730697f8f7>, "", 65536, 10240) = 0
pread64(3</tmp/nia-publication-fault-7_6ur5fa/case/store/objects/32/094e7c613fdb6dffb1f27d926b176f7fd8946b8c2cf3ca9e3b95cb91a1a8ca>, "\204\377\222i\37\220\232\5\262$\341\305j\273Hd\360\33O\216<\205NK\264\307\272\361\323\366\326R", 32, 144) = 32
pread64(16</tmp/nia-publication-fault-7_6ur5fa/case/store/objects/84/ff92691f909a05b224e1c56abb4864f01b4f8e3c854e4bb4c7baf1d3f6d652>, "\0\0\0\0\0\0\0\0\0\0\0\0\0\0\0\0\0\0\0\0\0\0\0\0\0\0\0\0\0\0\0\0\0\0\0\0\0\0\0\0\0\0\0\0\0\0\0\0\0\0\0\0\0\0\0\0\0\0\0\0\0\0\0\0\0\0\0\0\0\0\0\0\0\0\0\0\0\0\0\0\0\0\0\0\0\0\0\0\0\0\0\0\0\0\0\0"..., 65536, 0) = 10240
pread64(16</tmp/nia-publication-fault-7_6ur5fa/case/store/objects/84/ff92691f909a05b224e1c56abb4864f01b4f8e3c854e4bb4c7baf1d3f6d652>, "", 55296, 10240) = 0
pread64(16</tmp/nia-publication-fault-7_6ur5fa/case/store/objects/84/ff92691f909a05b224e1c56abb4864f01b4f8e3c854e4bb4c7baf1d3f6d652>, "", 65536, 10240) = 0
pread64(3</tmp/nia-publication-fault-7_6ur5fa/case/store/objects/32/094e7c613fdb6dffb1f27d926b176f7fd8946b8c2cf3ca9e3b95cb91a1a8ca>, "\216\346\2104^\35\225\2\356\214\327'zE<0\277\267{\224r\1\276\2630\16\235\362\270\3122\35", 32, 176) = 32
pread64(16</tmp/nia-publication-fault-7_6ur5fa/case/store/objects/8e/e688345e1d9502ee8cd7277a453c30bfb77b947201beb3300e9df2b8ca321d>, "\0\0\0\0\0\0\0\10NIACSEL1\273\343\341b6\331$M\267\345\300\262\251\302\306\27f\270\251!\330\260\227\374\323p\347\177\25.\3311\0\0\0\0\0\0\0\1\f\241y\346\276\376\267a\363a?\36\365|\250\222\353\303\246\242(\334\243/\23\t\360\254\6\247\336~J6\366\353|\33#j"..., 65536, 0) = 152
pread64(16</tmp/nia-publication-fault-7_6ur5fa/case/store/objects/8e/e688345e1d9502ee8cd7277a453c30bfb77b947201beb3300e9df2b8ca321d>, "", 65384, 152) = 0
pread64(16</tmp/nia-publication-fault-7_6ur5fa/case/store/objects/8e/e688345e1d9502ee8cd7277a453c30bfb77b947201beb3300e9df2b8ca321d>, "", 65536, 152) = 0
pread64(3</tmp/nia-publication-fault-7_6ur5fa/case/store/objects/32/094e7c613fdb6dffb1f27d926b176f7fd8946b8c2cf3ca9e3b95cb91a1a8ca>, "\243\32\205oC\n\363\225\274\315~\262\361B\261\32\323\256\17\305\332\363\254\304\377\263A\304\212Z\2759", 32, 208) = 32
pread64(16</tmp/nia-publication-fault-7_6ur5fa/case/store/objects/a3/1a856f430af395bccd7eb2f142b11ad3ae0fc5daf3acc4ffb341c48a5abd39>, "Package: empty-package\nVersion: 1\nArchitecture: all\nMaintainer: Fixture <fixture@example.invalid"..., 65536, 0) = 149
pread64(16</tmp/nia-publication-fault-7_6ur5fa/case/store/objects/a3/1a856f430af395bccd7eb2f142b11ad3ae0fc5daf3acc4ffb341c48a5abd39>, "", 65387, 149) = 0
pread64(16</tmp/nia-publication-fault-7_6ur5fa/case/store/objects/a3/1a856f430af395bccd7eb2f142b11ad3ae0fc5daf3acc4ffb341c48a5abd39>, "", 65536, 149) = 0
pread64(3</tmp/nia-publication-fault-7_6ur5fa/case/store/objects/8e/e688345e1d9502ee8cd7277a453c30bfb77b947201beb3300e9df2b8ca321d>, "\0\0\0\0\0\0\0\10NIACSEL1\273\343\341b6\331$M\267\345\300\262\251\302\306\27f\270\251!\330\260\227\374\323p\347\177\25.\3311\0\0\0\0\0\0\0\1\f\241y\346\276\376\267a\363a?\36\365|\250\222\353\303\246\242(\334\243/\23\t\360\254\6\247\336~J6\366\353|\33#j"..., 65536, 0) = 152
pread64(3</tmp/nia-publication-fault-7_6ur5fa/case/store/objects/8e/e688345e1d9502ee8cd7277a453c30bfb77b947201beb3300e9df2b8ca321d>, "", 65384, 152) = 0
pread64(3</tmp/nia-publication-fault-7_6ur5fa/case/store/objects/8e/e688345e1d9502ee8cd7277a453c30bfb77b947201beb3300e9df2b8ca321d>, "", 65536, 152) = 0
pread64(3</tmp/nia-publication-fault-7_6ur5fa/case/store/objects/8e/e688345e1d9502ee8cd7277a453c30bfb77b947201beb3300e9df2b8ca321d>, "\0\0\0\0\0\0\0\10NIACSEL1\273\343\341b6\331$M\267\345\300\262\251\302\306\27f\270\251!\330\260\227\374\323p\347\177\25.\3311\0\0\0\0\0\0\0\1\f\241y\346\276\376\267a\363a?\36\365|\250\222\353\303\246\242(\334\243/\23\t\360\254\6\247\336~J6\366\353|\33#j"..., 393272, 0) = 152
pread64(3</tmp/nia-publication-fault-7_6ur5fa/case/store/objects/8e/e688345e1d9502ee8cd7277a453c30bfb77b947201beb3300e9df2b8ca321d>, "", 393120, 152) = 0
pread64(3</tmp/nia-publication-fault-7_6ur5fa/case/store/objects/0c/a179e6befeb761f3613f1ef57ca892ebc3a6a228dca32f1309f0ac06a7de7e>, "!<arch>\ndebian-binary/  0           0     0     100644  4         `\n2.0\ncontrol.tar/    0       "..., 65536, 0) = 20672
pread64(3</tmp/nia-publication-fault-7_6ur5fa/case/store/objects/0c/a179e6befeb761f3613f1ef57ca892ebc3a6a228dca32f1309f0ac06a7de7e>, "", 44864, 20672) = 0
pread64(3</tmp/nia-publication-fault-7_6ur5fa/case/store/objects/0c/a179e6befeb761f3613f1ef57ca892ebc3a6a228dca32f1309f0ac06a7de7e>, "", 65536, 20672) = 0
pread64(3</tmp/nia-publication-fault-7_6ur5fa/case/store/objects/0c/a179e6befeb761f3613f1ef57ca892ebc3a6a228dca32f1309f0ac06a7de7e>, "!<arch>\n", 8, 0) = 8
pread64(3</tmp/nia-publication-fault-7_6ur5fa/case/store/objects/0c/a179e6befeb761f3613f1ef57ca892ebc3a6a228dca32f1309f0ac06a7de7e>, "debian-binary/  0           0     0     100644  4         `\n", 60, 8) = 60
pread64(3</tmp/nia-publication-fault-7_6ur5fa/case/store/objects/0c/a179e6befeb761f3613f1ef57ca892ebc3a6a228dca32f1309f0ac06a7de7e>, "2.0\n", 4, 68) = 4
pread64(3</tmp/nia-publication-fault-7_6ur5fa/case/store/objects/0c/a179e6befeb761f3613f1ef57ca892ebc3a6a228dca32f1309f0ac06a7de7e>, "2.0\n", 4, 68) = 4
pread64(3</tmp/nia-publication-fault-7_6ur5fa/case/store/objects/0c/a179e6befeb761f3613f1ef57ca892ebc3a6a228dca32f1309f0ac06a7de7e>, "control.tar/    0           0     0     100644  10240     `\n", 60, 72) = 60
pread64(3</tmp/nia-publication-fault-7_6ur5fa/case/store/objects/0c/a179e6befeb761f3613f1ef57ca892ebc3a6a228dca32f1309f0ac06a7de7e>, "./control\0\0\0\0\0\0\0\0\0\0\0\0\0\0\0\0\0\0\0\0\0\0\0\0\0\0\0\0\0\0\0\0\0\0\0\0\0\0\0\0\0\0\0\0\0\0\0\0\0\0\0\0\0\0\0\0\0\0\0\0\0\0\0\0\0\0\0\0\0\0\0\0\0\0\0\0\0\0\0\0\0\0\0\0\0\0\0"..., 10240, 132) = 10240
pread64(3</tmp/nia-publication-fault-7_6ur5fa/case/store/objects/0c/a179e6befeb761f3613f1ef57ca892ebc3a6a228dca32f1309f0ac06a7de7e>, "data.tar/       0           0     0     100644  10240     `\n", 60, 10372) = 60
pread64(3</tmp/nia-publication-fault-7_6ur5fa/case/store/objects/0c/a179e6befeb761f3613f1ef57ca892ebc3a6a228dca32f1309f0ac06a7de7e>, "\0\0\0\0\0\0\0\0\0\0\0\0\0\0\0\0\0\0\0\0\0\0\0\0\0\0\0\0\0\0\0\0\0\0\0\0\0\0\0\0\0\0\0\0\0\0\0\0\0\0\0\0\0\0\0\0\0\0\0\0\0\0\0\0\0\0\0\0\0\0\0\0\0\0\0\0\0\0\0\0\0\0\0\0\0\0\0\0\0\0\0\0\0\0\0\0"..., 10240, 10432) = 10240
pread64(3</tmp/nia-publication-fault-7_6ur5fa/case/store/objects/0c/a179e6befeb761f3613f1ef57ca892ebc3a6a228dca32f1309f0ac06a7de7e>, "!<arch>\ndebian-binary/  0           0     0     100644  4         `\n2.0\ncontrol.tar/    0       "..., 65536, 0) = 20672
pread64(3</tmp/nia-publication-fault-7_6ur5fa/case/store/objects/0c/a179e6befeb761f3613f1ef57ca892ebc3a6a228dca32f1309f0ac06a7de7e>, "", 44864, 20672) = 0
pread64(3</tmp/nia-publication-fault-7_6ur5fa/case/store/objects/0c/a179e6befeb761f3613f1ef57ca892ebc3a6a228dca32f1309f0ac06a7de7e>, "", 65536, 20672) = 0
pread64(3</tmp/nia-publication-fault-7_6ur5fa/case/store/objects/0c/a179e6befeb761f3613f1ef57ca892ebc3a6a228dca32f1309f0ac06a7de7e>, "!<arch>\n", 8, 0) = 8
pread64(3</tmp/nia-publication-fault-7_6ur5fa/case/store/objects/0c/a179e6befeb761f3613f1ef57ca892ebc3a6a228dca32f1309f0ac06a7de7e>, "debian-binary/  0           0     0     100644  4         `\n", 60, 8) = 60
pread64(3</tmp/nia-publication-fault-7_6ur5fa/case/store/objects/0c/a179e6befeb761f3613f1ef57ca892ebc3a6a228dca32f1309f0ac06a7de7e>, "2.0\n", 4, 68) = 4
pread64(3</tmp/nia-publication-fault-7_6ur5fa/case/store/objects/0c/a179e6befeb761f3613f1ef57ca892ebc3a6a228dca32f1309f0ac06a7de7e>, "2.0\n", 4, 68) = 4
pread64(3</tmp/nia-publication-fault-7_6ur5fa/case/store/objects/0c/a179e6befeb761f3613f1ef57ca892ebc3a6a228dca32f1309f0ac06a7de7e>, "control.tar/    0           0     0     100644  10240     `\n", 60, 72) = 60
pread64(3</tmp/nia-publication-fault-7_6ur5fa/case/store/objects/0c/a179e6befeb761f3613f1ef57ca892ebc3a6a228dca32f1309f0ac06a7de7e>, "./control\0\0\0\0\0\0\0\0\0\0\0\0\0\0\0\0\0\0\0\0\0\0\0\0\0\0\0\0\0\0\0\0\0\0\0\0\0\0\0\0\0\0\0\0\0\0\0\0\0\0\0\0\0\0\0\0\0\0\0\0\0\0\0\0\0\0\0\0\0\0\0\0\0\0\0\0\0\0\0\0\0\0\0\0\0\0\0"..., 10240, 132) = 10240
pread64(3</tmp/nia-publication-fault-7_6ur5fa/case/store/objects/0c/a179e6befeb761f3613f1ef57ca892ebc3a6a228dca32f1309f0ac06a7de7e>, "data.tar/       0           0     0     100644  10240     `\n", 60, 10372) = 60
pread64(3</tmp/nia-publication-fault-7_6ur5fa/case/store/objects/0c/a179e6befeb761f3613f1ef57ca892ebc3a6a228dca32f1309f0ac06a7de7e>, "\0\0\0\0\0\0\0\0\0\0\0\0\0\0\0\0\0\0\0\0\0\0\0\0\0\0\0\0\0\0\0\0\0\0\0\0\0\0\0\0\0\0\0\0\0\0\0\0\0\0\0\0\0\0\0\0\0\0\0\0\0\0\0\0\0\0\0\0\0\0\0\0\0\0\0\0\0\0\0\0\0\0\0\0\0\0\0\0\0\0\0\0\0\0\0\0"..., 10240, 10432) = 10240
fsync(17</tmp/nia-publication-fault-7_6ur5fa/case/store/incoming>) = 0
pread64(3</tmp/nia-publication-fault-7_6ur5fa/case/store/objects/0c/a179e6befeb761f3613f1ef57ca892ebc3a6a228dca32f1309f0ac06a7de7e>, "\0\0\0\0\0\0\0\0\0\0\0\0\0\0\0\0\0\0\0\0\0\0\0\0\0\0\0\0\0\0\0\0\0\0\0\0\0\0\0\0\0\0\0\0\0\0\0\0\0\0\0\0\0\0\0\0\0\0\0\0\0\0\0\0\0\0\0\0\0\0\0\0\0\0\0\0\0\0\0\0\0\0\0\0\0\0\0\0\0\0\0\0\0\0\0\0"..., 10240, 10432) = 10240
write(16</tmp/nia-publication-fault-7_6ur5fa/case/store/incoming/a18fc686f4a414548659b8c485c2522c>, "\0\0\0\0\0\0\0\0\0\0\0\0\0\0\0\0\0\0\0\0\0\0\0\0\0\0\0\0\0\0\0\0\0\0\0\0\0\0\0\0\0\0\0\0\0\0\0\0\0\0\0\0\0\0\0\0\0\0\0\0\0\0\0\0\0\0\0\0\0\0\0\0\0\0\0\0\0\0\0\0\0\0\0\0\0\0\0\0\0\0\0\0\0\0\0\0"..., 10240) = 10240
fsync(16</tmp/nia-publication-fault-7_6ur5fa/case/store/incoming/a18fc686f4a414548659b8c485c2522c>) = 0
renameat2(17</tmp/nia-publication-fault-7_6ur5fa/case/store/incoming>, "a18fc686f4a414548659b8c485c2522c", 16</tmp/nia-publication-fault-7_6ur5fa/case/store/objects/84>, "ff92691f909a05b224e1c56abb4864f01b4f8e3c854e4bb4c7baf1d3f6d652", RENAME_NOREPLACE) = -1 EEXIST (File exists)
pread64(16</tmp/nia-publication-fault-7_6ur5fa/case/store/objects/84/ff92691f909a05b224e1c56abb4864f01b4f8e3c854e4bb4c7baf1d3f6d652>, "\0\0\0\0\0\0\0\0\0\0\0\0\0\0\0\0\0\0\0\0\0\0\0\0\0\0\0\0\0\0\0\0\0\0\0\0\0\0\0\0\0\0\0\0\0\0\0\0\0\0\0\0\0\0\0\0\0\0\0\0\0\0\0\0\0\0\0\0\0\0\0\0\0\0\0\0\0\0\0\0\0\0\0\0\0\0\0\0\0\0\0\0\0\0\0\0"..., 65536, 0) = 10240
pread64(16</tmp/nia-publication-fault-7_6ur5fa/case/store/objects/84/ff92691f909a05b224e1c56abb4864f01b4f8e3c854e4bb4c7baf1d3f6d652>, "", 55296, 10240) = 0
pread64(16</tmp/nia-publication-fault-7_6ur5fa/case/store/objects/84/ff92691f909a05b224e1c56abb4864f01b4f8e3c854e4bb4c7baf1d3f6d652>, "", 65536, 10240) = 0
fsync(17</tmp/nia-publication-fault-7_6ur5fa/case/store/incoming>) = 0
pread64(3</tmp/nia-publication-fault-7_6ur5fa/case/store/objects/84/ff92691f909a05b224e1c56abb4864f01b4f8e3c854e4bb4c7baf1d3f6d652>, "\0\0\0\0\0\0\0\0\0\0\0\0\0\0\0\0\0\0\0\0\0\0\0\0\0\0\0\0\0\0\0\0\0\0\0\0\0\0\0\0\0\0\0\0\0\0\0\0\0\0\0\0\0\0\0\0\0\0\0\0\0\0\0\0\0\0\0\0\0\0\0\0\0\0\0\0\0\0\0\0\0\0\0\0\0\0\0\0\0\0\0\0\0\0\0\0"..., 65536, 0) = 10240
pread64(3</tmp/nia-publication-fault-7_6ur5fa/case/store/objects/84/ff92691f909a05b224e1c56abb4864f01b4f8e3c854e4bb4c7baf1d3f6d652>, "", 55296, 10240) = 0
pread64(3</tmp/nia-publication-fault-7_6ur5fa/case/store/objects/84/ff92691f909a05b224e1c56abb4864f01b4f8e3c854e4bb4c7baf1d3f6d652>, "", 65536, 10240) = 0
pread64(3</tmp/nia-publication-fault-7_6ur5fa/case/store/objects/84/ff92691f909a05b224e1c56abb4864f01b4f8e3c854e4bb4c7baf1d3f6d652>, "\0\0\0\0\0\0\0\0\0\0\0\0\0\0\0\0\0\0\0\0\0\0\0\0\0\0\0\0\0\0\0\0\0\0\0\0\0\0\0\0\0\0\0\0\0\0\0\0\0\0\0\0\0\0\0\0\0\0\0\0\0\0\0\0\0\0\0\0\0\0\0\0\0\0\0\0\0\0\0\0\0\0\0\0\0\0\0\0\0\0\0\0\0\0\0\0"..., 10240, 0) = 10240
fsync(17</tmp/nia-publication-fault-7_6ur5fa/case/store/incoming>) = 0
pread64(3</tmp/nia-publication-fault-7_6ur5fa/case/store/objects/84/ff92691f909a05b224e1c56abb4864f01b4f8e3c854e4bb4c7baf1d3f6d652>, "\0\0\0\0\0\0\0\0\0\0\0\0\0\0\0\0\0\0\0\0\0\0\0\0\0\0\0\0\0\0\0\0\0\0\0\0\0\0\0\0\0\0\0\0\0\0\0\0\0\0\0\0\0\0\0\0\0\0\0\0\0\0\0\0\0\0\0\0\0\0\0\0\0\0\0\0\0\0\0\0\0\0\0\0\0\0\0\0\0\0\0\0\0\0\0\0"..., 10240, 0) = 10240
write(16</tmp/nia-publication-fault-7_6ur5fa/case/store/incoming/b9af85f84345b4cdedec1f2091640ce3>, "\0\0\0\0\0\0\0\0\0\0\0\0\0\0\0\0\0\0\0\0\0\0\0\0\0\0\0\0\0\0\0\0\0\0\0\0\0\0\0\0\0\0\0\0\0\0\0\0\0\0\0\0\0\0\0\0\0\0\0\0\0\0\0\0\0\0\0\0\0\0\0\0\0\0\0\0\0\0\0\0\0\0\0\0\0\0\0\0\0\0\0\0\0\0\0\0"..., 10240) = 10240
fsync(16</tmp/nia-publication-fault-7_6ur5fa/case/store/incoming/b9af85f84345b4cdedec1f2091640ce3>) = 0
renameat2(17</tmp/nia-publication-fault-7_6ur5fa/case/store/incoming>, "b9af85f84345b4cdedec1f2091640ce3", 16</tmp/nia-publication-fault-7_6ur5fa/case/store/objects/84>, "ff92691f909a05b224e1c56abb4864f01b4f8e3c854e4bb4c7baf1d3f6d652", RENAME_NOREPLACE) = -1 EEXIST (File exists)
pread64(16</tmp/nia-publication-fault-7_6ur5fa/case/store/objects/84/ff92691f909a05b224e1c56abb4864f01b4f8e3c854e4bb4c7baf1d3f6d652>, "\0\0\0\0\0\0\0\0\0\0\0\0\0\0\0\0\0\0\0\0\0\0\0\0\0\0\0\0\0\0\0\0\0\0\0\0\0\0\0\0\0\0\0\0\0\0\0\0\0\0\0\0\0\0\0\0\0\0\0\0\0\0\0\0\0\0\0\0\0\0\0\0\0\0\0\0\0\0\0\0\0\0\0\0\0\0\0\0\0\0\0\0\0\0\0\0"..., 65536, 0) = 10240
pread64(16</tmp/nia-publication-fault-7_6ur5fa/case/store/objects/84/ff92691f909a05b224e1c56abb4864f01b4f8e3c854e4bb4c7baf1d3f6d652>, "", 55296, 10240) = 0
pread64(16</tmp/nia-publication-fault-7_6ur5fa/case/store/objects/84/ff92691f909a05b224e1c56abb4864f01b4f8e3c854e4bb4c7baf1d3f6d652>, "", 65536, 10240) = 0
fsync(17</tmp/nia-publication-fault-7_6ur5fa/case/store/incoming>) = 0
pread64(3</tmp/nia-publication-fault-7_6ur5fa/case/store/objects/84/ff92691f909a05b224e1c56abb4864f01b4f8e3c854e4bb4c7baf1d3f6d652>, "\0\0\0\0\0\0\0\0\0\0\0\0\0\0\0\0\0\0\0\0\0\0\0\0\0\0\0\0\0\0\0\0\0\0\0\0\0\0\0\0\0\0\0\0\0\0\0\0\0\0\0\0\0\0\0\0\0\0\0\0\0\0\0\0\0\0\0\0\0\0\0\0\0\0\0\0\0\0\0\0\0\0\0\0\0\0\0\0\0\0\0\0\0\0\0\0"..., 65536, 0) = 10240
pread64(3</tmp/nia-publication-fault-7_6ur5fa/case/store/objects/84/ff92691f909a05b224e1c56abb4864f01b4f8e3c854e4bb4c7baf1d3f6d652>, "", 55296, 10240) = 0
pread64(3</tmp/nia-publication-fault-7_6ur5fa/case/store/objects/84/ff92691f909a05b224e1c56abb4864f01b4f8e3c854e4bb4c7baf1d3f6d652>, "", 65536, 10240) = 0
pread64(3</tmp/nia-publication-fault-7_6ur5fa/case/store/objects/84/ff92691f909a05b224e1c56abb4864f01b4f8e3c854e4bb4c7baf1d3f6d652>, "\0\0\0\0\0\0\0\0\0\0\0\0\0\0\0\0\0\0\0\0\0\0\0\0\0\0\0\0\0\0\0\0\0\0\0\0\0\0\0\0\0\0\0\0\0\0\0\0\0\0\0\0\0\0\0\0\0\0\0\0\0\0\0\0\0\0\0\0\0\0\0\0\0\0\0\0\0\0\0\0\0\0\0\0\0\0\0\0\0\0\0\0\0\0\0\0"..., 512, 0) = 512
pread64(3</tmp/nia-publication-fault-7_6ur5fa/case/store/objects/84/ff92691f909a05b224e1c56abb4864f01b4f8e3c854e4bb4c7baf1d3f6d652>, "\0\0\0\0\0\0\0\0\0\0\0\0\0\0\0\0\0\0\0\0\0\0\0\0\0\0\0\0\0\0\0\0\0\0\0\0\0\0\0\0\0\0\0\0\0\0\0\0\0\0\0\0\0\0\0\0\0\0\0\0\0\0\0\0\0\0\0\0\0\0\0\0\0\0\0\0\0\0\0\0\0\0\0\0\0\0\0\0\0\0\0\0\0\0\0\0"..., 9728, 512) = 9728
pread64(3</tmp/nia-publication-fault-7_6ur5fa/case/store/objects/0c/a179e6befeb761f3613f1ef57ca892ebc3a6a228dca32f1309f0ac06a7de7e>, "!<arch>\ndebian-binary/  0           0     0     100644  4         `\n2.0\ncontrol.tar/    0       "..., 65536, 0) = 20672
pread64(3</tmp/nia-publication-fault-7_6ur5fa/case/store/objects/0c/a179e6befeb761f3613f1ef57ca892ebc3a6a228dca32f1309f0ac06a7de7e>, "", 44864, 20672) = 0
pread64(3</tmp/nia-publication-fault-7_6ur5fa/case/store/objects/0c/a179e6befeb761f3613f1ef57ca892ebc3a6a228dca32f1309f0ac06a7de7e>, "", 65536, 20672) = 0
pread64(3</tmp/nia-publication-fault-7_6ur5fa/case/store/objects/0c/a179e6befeb761f3613f1ef57ca892ebc3a6a228dca32f1309f0ac06a7de7e>, "!<arch>\n", 8, 0) = 8
pread64(3</tmp/nia-publication-fault-7_6ur5fa/case/store/objects/0c/a179e6befeb761f3613f1ef57ca892ebc3a6a228dca32f1309f0ac06a7de7e>, "debian-binary/  0           0     0     100644  4         `\n", 60, 8) = 60
pread64(3</tmp/nia-publication-fault-7_6ur5fa/case/store/objects/0c/a179e6befeb761f3613f1ef57ca892ebc3a6a228dca32f1309f0ac06a7de7e>, "2.0\n", 4, 68) = 4
pread64(3</tmp/nia-publication-fault-7_6ur5fa/case/store/objects/0c/a179e6befeb761f3613f1ef57ca892ebc3a6a228dca32f1309f0ac06a7de7e>, "2.0\n", 4, 68) = 4
pread64(3</tmp/nia-publication-fault-7_6ur5fa/case/store/objects/0c/a179e6befeb761f3613f1ef57ca892ebc3a6a228dca32f1309f0ac06a7de7e>, "control.tar/    0           0     0     100644  10240     `\n", 60, 72) = 60
pread64(3</tmp/nia-publication-fault-7_6ur5fa/case/store/objects/0c/a179e6befeb761f3613f1ef57ca892ebc3a6a228dca32f1309f0ac06a7de7e>, "./control\0\0\0\0\0\0\0\0\0\0\0\0\0\0\0\0\0\0\0\0\0\0\0\0\0\0\0\0\0\0\0\0\0\0\0\0\0\0\0\0\0\0\0\0\0\0\0\0\0\0\0\0\0\0\0\0\0\0\0\0\0\0\0\0\0\0\0\0\0\0\0\0\0\0\0\0\0\0\0\0\0\0\0\0\0\0\0"..., 10240, 132) = 10240
pread64(3</tmp/nia-publication-fault-7_6ur5fa/case/store/objects/0c/a179e6befeb761f3613f1ef57ca892ebc3a6a228dca32f1309f0ac06a7de7e>, "data.tar/       0           0     0     100644  10240     `\n", 60, 10372) = 60
pread64(3</tmp/nia-publication-fault-7_6ur5fa/case/store/objects/0c/a179e6befeb761f3613f1ef57ca892ebc3a6a228dca32f1309f0ac06a7de7e>, "\0\0\0\0\0\0\0\0\0\0\0\0\0\0\0\0\0\0\0\0\0\0\0\0\0\0\0\0\0\0\0\0\0\0\0\0\0\0\0\0\0\0\0\0\0\0\0\0\0\0\0\0\0\0\0\0\0\0\0\0\0\0\0\0\0\0\0\0\0\0\0\0\0\0\0\0\0\0\0\0\0\0\0\0\0\0\0\0\0\0\0\0\0\0\0\0"..., 10240, 10432) = 10240
pread64(3</tmp/nia-publication-fault-7_6ur5fa/case/store/objects/0c/a179e6befeb761f3613f1ef57ca892ebc3a6a228dca32f1309f0ac06a7de7e>, "!<arch>\ndebian-binary/  0           0     0     100644  4         `\n2.0\ncontrol.tar/    0       "..., 65536, 0) = 20672
pread64(3</tmp/nia-publication-fault-7_6ur5fa/case/store/objects/0c/a179e6befeb761f3613f1ef57ca892ebc3a6a228dca32f1309f0ac06a7de7e>, "", 44864, 20672) = 0
pread64(3</tmp/nia-publication-fault-7_6ur5fa/case/store/objects/0c/a179e6befeb761f3613f1ef57ca892ebc3a6a228dca32f1309f0ac06a7de7e>, "", 65536, 20672) = 0
pread64(3</tmp/nia-publication-fault-7_6ur5fa/case/store/objects/0c/a179e6befeb761f3613f1ef57ca892ebc3a6a228dca32f1309f0ac06a7de7e>, "!<arch>\n", 8, 0) = 8
pread64(3</tmp/nia-publication-fault-7_6ur5fa/case/store/objects/0c/a179e6befeb761f3613f1ef57ca892ebc3a6a228dca32f1309f0ac06a7de7e>, "debian-binary/  0           0     0     100644  4         `\n", 60, 8) = 60
pread64(3</tmp/nia-publication-fault-7_6ur5fa/case/store/objects/0c/a179e6befeb761f3613f1ef57ca892ebc3a6a228dca32f1309f0ac06a7de7e>, "2.0\n", 4, 68) = 4
pread64(3</tmp/nia-publication-fault-7_6ur5fa/case/store/objects/0c/a179e6befeb761f3613f1ef57ca892ebc3a6a228dca32f1309f0ac06a7de7e>, "2.0\n", 4, 68) = 4
pread64(3</tmp/nia-publication-fault-7_6ur5fa/case/store/objects/0c/a179e6befeb761f3613f1ef57ca892ebc3a6a228dca32f1309f0ac06a7de7e>, "control.tar/    0           0     0     100644  10240     `\n", 60, 72) = 60
pread64(3</tmp/nia-publication-fault-7_6ur5fa/case/store/objects/0c/a179e6befeb761f3613f1ef57ca892ebc3a6a228dca32f1309f0ac06a7de7e>, "./control\0\0\0\0\0\0\0\0\0\0\0\0\0\0\0\0\0\0\0\0\0\0\0\0\0\0\0\0\0\0\0\0\0\0\0\0\0\0\0\0\0\0\0\0\0\0\0\0\0\0\0\0\0\0\0\0\0\0\0\0\0\0\0\0\0\0\0\0\0\0\0\0\0\0\0\0\0\0\0\0\0\0\0\0\0\0\0"..., 10240, 132) = 10240
pread64(3</tmp/nia-publication-fault-7_6ur5fa/case/store/objects/0c/a179e6befeb761f3613f1ef57ca892ebc3a6a228dca32f1309f0ac06a7de7e>, "data.tar/       0           0     0     100644  10240     `\n", 60, 10372) = 60
pread64(3</tmp/nia-publication-fault-7_6ur5fa/case/store/objects/0c/a179e6befeb761f3613f1ef57ca892ebc3a6a228dca32f1309f0ac06a7de7e>, "\0\0\0\0\0\0\0\0\0\0\0\0\0\0\0\0\0\0\0\0\0\0\0\0\0\0\0\0\0\0\0\0\0\0\0\0\0\0\0\0\0\0\0\0\0\0\0\0\0\0\0\0\0\0\0\0\0\0\0\0\0\0\0\0\0\0\0\0\0\0\0\0\0\0\0\0\0\0\0\0\0\0\0\0\0\0\0\0\0\0\0\0\0\0\0\0"..., 10240, 10432) = 10240
fsync(17</tmp/nia-publication-fault-7_6ur5fa/case/store/incoming>) = 0
pread64(3</tmp/nia-publication-fault-7_6ur5fa/case/store/objects/0c/a179e6befeb761f3613f1ef57ca892ebc3a6a228dca32f1309f0ac06a7de7e>, "./control\0\0\0\0\0\0\0\0\0\0\0\0\0\0\0\0\0\0\0\0\0\0\0\0\0\0\0\0\0\0\0\0\0\0\0\0\0\0\0\0\0\0\0\0\0\0\0\0\0\0\0\0\0\0\0\0\0\0\0\0\0\0\0\0\0\0\0\0\0\0\0\0\0\0\0\0\0\0\0\0\0\0\0\0\0\0\0"..., 10240, 132) = 10240
write(16</tmp/nia-publication-fault-7_6ur5fa/case/store/incoming/559434e2151a441bbf8917f63bb766eb>, "./control\0\0\0\0\0\0\0\0\0\0\0\0\0\0\0\0\0\0\0\0\0\0\0\0\0\0\0\0\0\0\0\0\0\0\0\0\0\0\0\0\0\0\0\0\0\0\0\0\0\0\0\0\0\0\0\0\0\0\0\0\0\0\0\0\0\0\0\0\0\0\0\0\0\0\0\0\0\0\0\0\0\0\0\0\0\0\0"..., 10240) = 10240
fsync(16</tmp/nia-publication-fault-7_6ur5fa/case/store/incoming/559434e2151a441bbf8917f63bb766eb>) = 0
renameat2(17</tmp/nia-publication-fault-7_6ur5fa/case/store/incoming>, "559434e2151a441bbf8917f63bb766eb", 16</tmp/nia-publication-fault-7_6ur5fa/case/store/objects/4a>, "36f6eb7c1b236ab6cb28ddb882919e888bf393dfc00d93008ad6730697f8f7", RENAME_NOREPLACE) = -1 EEXIST (File exists)
pread64(16</tmp/nia-publication-fault-7_6ur5fa/case/store/objects/4a/36f6eb7c1b236ab6cb28ddb882919e888bf393dfc00d93008ad6730697f8f7>, "./control\0\0\0\0\0\0\0\0\0\0\0\0\0\0\0\0\0\0\0\0\0\0\0\0\0\0\0\0\0\0\0\0\0\0\0\0\0\0\0\0\0\0\0\0\0\0\0\0\0\0\0\0\0\0\0\0\0\0\0\0\0\0\0\0\0\0\0\0\0\0\0\0\0\0\0\0\0\0\0\0\0\0\0\0\0\0\0"..., 65536, 0) = 10240
pread64(16</tmp/nia-publication-fault-7_6ur5fa/case/store/objects/4a/36f6eb7c1b236ab6cb28ddb882919e888bf393dfc00d93008ad6730697f8f7>, "", 55296, 10240) = 0
pread64(16</tmp/nia-publication-fault-7_6ur5fa/case/store/objects/4a/36f6eb7c1b236ab6cb28ddb882919e888bf393dfc00d93008ad6730697f8f7>, "", 65536, 10240) = 0
fsync(17</tmp/nia-publication-fault-7_6ur5fa/case/store/incoming>) = 0
pread64(3</tmp/nia-publication-fault-7_6ur5fa/case/store/objects/4a/36f6eb7c1b236ab6cb28ddb882919e888bf393dfc00d93008ad6730697f8f7>, "./control\0\0\0\0\0\0\0\0\0\0\0\0\0\0\0\0\0\0\0\0\0\0\0\0\0\0\0\0\0\0\0\0\0\0\0\0\0\0\0\0\0\0\0\0\0\0\0\0\0\0\0\0\0\0\0\0\0\0\0\0\0\0\0\0\0\0\0\0\0\0\0\0\0\0\0\0\0\0\0\0\0\0\0\0\0\0\0"..., 65536, 0) = 10240
pread64(3</tmp/nia-publication-fault-7_6ur5fa/case/store/objects/4a/36f6eb7c1b236ab6cb28ddb882919e888bf393dfc00d93008ad6730697f8f7>, "", 55296, 10240) = 0
pread64(3</tmp/nia-publication-fault-7_6ur5fa/case/store/objects/4a/36f6eb7c1b236ab6cb28ddb882919e888bf393dfc00d93008ad6730697f8f7>, "", 65536, 10240) = 0
pread64(3</tmp/nia-publication-fault-7_6ur5fa/case/store/objects/4a/36f6eb7c1b236ab6cb28ddb882919e888bf393dfc00d93008ad6730697f8f7>, "./control\0\0\0\0\0\0\0\0\0\0\0\0\0\0\0\0\0\0\0\0\0\0\0\0\0\0\0\0\0\0\0\0\0\0\0\0\0\0\0\0\0\0\0\0\0\0\0\0\0\0\0\0\0\0\0\0\0\0\0\0\0\0\0\0\0\0\0\0\0\0\0\0\0\0\0\0\0\0\0\0\0\0\0\0\0\0\0"..., 10240, 0) = 10240
fsync(17</tmp/nia-publication-fault-7_6ur5fa/case/store/incoming>) = 0
write(16</tmp/nia-publication-fault-7_6ur5fa/case/store/incoming/6351ab799562fdcd91c725f93a9b1430>, "Package: empty-package\nVersion: 1\nArchitecture: all\nMaintainer: Fixture <fixture@example.invalid"..., 149) = 149
fsync(16</tmp/nia-publication-fault-7_6ur5fa/case/store/incoming/6351ab799562fdcd91c725f93a9b1430>) = 0
renameat2(17</tmp/nia-publication-fault-7_6ur5fa/case/store/incoming>, "6351ab799562fdcd91c725f93a9b1430", 16</tmp/nia-publication-fault-7_6ur5fa/case/store/objects/a3>, "1a856f430af395bccd7eb2f142b11ad3ae0fc5daf3acc4ffb341c48a5abd39", RENAME_NOREPLACE) = -1 EEXIST (File exists)
pread64(16</tmp/nia-publication-fault-7_6ur5fa/case/store/objects/a3/1a856f430af395bccd7eb2f142b11ad3ae0fc5daf3acc4ffb341c48a5abd39>, "Package: empty-package\nVersion: 1\nArchitecture: all\nMaintainer: Fixture <fixture@example.invalid"..., 65536, 0) = 149
pread64(16</tmp/nia-publication-fault-7_6ur5fa/case/store/objects/a3/1a856f430af395bccd7eb2f142b11ad3ae0fc5daf3acc4ffb341c48a5abd39>, "", 65387, 149) = 0
pread64(16</tmp/nia-publication-fault-7_6ur5fa/case/store/objects/a3/1a856f430af395bccd7eb2f142b11ad3ae0fc5daf3acc4ffb341c48a5abd39>, "", 65536, 149) = 0
fsync(17</tmp/nia-publication-fault-7_6ur5fa/case/store/incoming>) = 0
pread64(3</tmp/nia-publication-fault-7_6ur5fa/case/store/objects/a3/1a856f430af395bccd7eb2f142b11ad3ae0fc5daf3acc4ffb341c48a5abd39>, "Package: empty-package\nVersion: 1\nArchitecture: all\nMaintainer: Fixture <fixture@example.invalid"..., 65536, 0) = 149
pread64(3</tmp/nia-publication-fault-7_6ur5fa/case/store/objects/a3/1a856f430af395bccd7eb2f142b11ad3ae0fc5daf3acc4ffb341c48a5abd39>, "", 65387, 149) = 0
pread64(3</tmp/nia-publication-fault-7_6ur5fa/case/store/objects/a3/1a856f430af395bccd7eb2f142b11ad3ae0fc5daf3acc4ffb341c48a5abd39>, "", 65536, 149) = 0
pread64(3</tmp/nia-publication-fault-7_6ur5fa/case/store/objects/a3/1a856f430af395bccd7eb2f142b11ad3ae0fc5daf3acc4ffb341c48a5abd39>, "Package: empty-package\nVersion: 1\nArchitecture: all\nMaintainer: Fixture <fixture@example.invalid"..., 16777216, 0) = 149
pread64(3</tmp/nia-publication-fault-7_6ur5fa/case/store/objects/a3/1a856f430af395bccd7eb2f142b11ad3ae0fc5daf3acc4ffb341c48a5abd39>, "", 16777067, 149) = 0
pread64(3</tmp/nia-publication-fault-7_6ur5fa/case/store/objects/a3/1a856f430af395bccd7eb2f142b11ad3ae0fc5daf3acc4ffb341c48a5abd39>, "Package: empty-package\nVersion: 1\nArchitecture: all\nMaintainer: Fixture <fixture@example.invalid"..., 65536, 0) = 149
pread64(3</tmp/nia-publication-fault-7_6ur5fa/case/store/objects/a3/1a856f430af395bccd7eb2f142b11ad3ae0fc5daf3acc4ffb341c48a5abd39>, "", 65387, 149) = 0
pread64(3</tmp/nia-publication-fault-7_6ur5fa/case/store/objects/a3/1a856f430af395bccd7eb2f142b11ad3ae0fc5daf3acc4ffb341c48a5abd39>, "", 65536, 149) = 0
pread64(3</tmp/nia-publication-fault-7_6ur5fa/case/store/objects/a3/1a856f430af395bccd7eb2f142b11ad3ae0fc5daf3acc4ffb341c48a5abd39>, "Package: empty-package\nVersion: 1\nArchitecture: all\nMaintainer: Fixture <fixture@example.invalid"..., 16777216, 0) = 149
pread64(3</tmp/nia-publication-fault-7_6ur5fa/case/store/objects/a3/1a856f430af395bccd7eb2f142b11ad3ae0fc5daf3acc4ffb341c48a5abd39>, "", 16777067, 149) = 0
pread64(3</tmp/nia-publication-fault-7_6ur5fa/case/store/objects/0c/a179e6befeb761f3613f1ef57ca892ebc3a6a228dca32f1309f0ac06a7de7e>, "!<arch>\ndebian-binary/  0           0     0     100644  4         `\n2.0\ncontrol.tar/    0       "..., 65536, 0) = 20672
pread64(3</tmp/nia-publication-fault-7_6ur5fa/case/store/objects/0c/a179e6befeb761f3613f1ef57ca892ebc3a6a228dca32f1309f0ac06a7de7e>, "", 44864, 20672) = 0
pread64(3</tmp/nia-publication-fault-7_6ur5fa/case/store/objects/0c/a179e6befeb761f3613f1ef57ca892ebc3a6a228dca32f1309f0ac06a7de7e>, "", 65536, 20672) = 0
pread64(3</tmp/nia-publication-fault-7_6ur5fa/case/store/objects/0c/a179e6befeb761f3613f1ef57ca892ebc3a6a228dca32f1309f0ac06a7de7e>, "!<arch>\n", 8, 0) = 8
pread64(3</tmp/nia-publication-fault-7_6ur5fa/case/store/objects/0c/a179e6befeb761f3613f1ef57ca892ebc3a6a228dca32f1309f0ac06a7de7e>, "debian-binary/  0           0     0     100644  4         `\n", 60, 8) = 60
pread64(3</tmp/nia-publication-fault-7_6ur5fa/case/store/objects/0c/a179e6befeb761f3613f1ef57ca892ebc3a6a228dca32f1309f0ac06a7de7e>, "2.0\n", 4, 68) = 4
pread64(3</tmp/nia-publication-fault-7_6ur5fa/case/store/objects/0c/a179e6befeb761f3613f1ef57ca892ebc3a6a228dca32f1309f0ac06a7de7e>, "2.0\n", 4, 68) = 4
pread64(3</tmp/nia-publication-fault-7_6ur5fa/case/store/objects/0c/a179e6befeb761f3613f1ef57ca892ebc3a6a228dca32f1309f0ac06a7de7e>, "control.tar/    0           0     0     100644  10240     `\n", 60, 72) = 60
pread64(3</tmp/nia-publication-fault-7_6ur5fa/case/store/objects/0c/a179e6befeb761f3613f1ef57ca892ebc3a6a228dca32f1309f0ac06a7de7e>, "./control\0\0\0\0\0\0\0\0\0\0\0\0\0\0\0\0\0\0\0\0\0\0\0\0\0\0\0\0\0\0\0\0\0\0\0\0\0\0\0\0\0\0\0\0\0\0\0\0\0\0\0\0\0\0\0\0\0\0\0\0\0\0\0\0\0\0\0\0\0\0\0\0\0\0\0\0\0\0\0\0\0\0\0\0\0\0\0"..., 10240, 132) = 10240
pread64(3</tmp/nia-publication-fault-7_6ur5fa/case/store/objects/0c/a179e6befeb761f3613f1ef57ca892ebc3a6a228dca32f1309f0ac06a7de7e>, "data.tar/       0           0     0     100644  10240     `\n", 60, 10372) = 60
pread64(3</tmp/nia-publication-fault-7_6ur5fa/case/store/objects/0c/a179e6befeb761f3613f1ef57ca892ebc3a6a228dca32f1309f0ac06a7de7e>, "\0\0\0\0\0\0\0\0\0\0\0\0\0\0\0\0\0\0\0\0\0\0\0\0\0\0\0\0\0\0\0\0\0\0\0\0\0\0\0\0\0\0\0\0\0\0\0\0\0\0\0\0\0\0\0\0\0\0\0\0\0\0\0\0\0\0\0\0\0\0\0\0\0\0\0\0\0\0\0\0\0\0\0\0\0\0\0\0\0\0\0\0\0\0\0\0"..., 10240, 10432) = 10240
pread64(3</tmp/nia-publication-fault-7_6ur5fa/case/store/objects/0c/a179e6befeb761f3613f1ef57ca892ebc3a6a228dca32f1309f0ac06a7de7e>, "!<arch>\ndebian-binary/  0           0     0     100644  4         `\n2.0\ncontrol.tar/    0       "..., 65536, 0) = 20672
pread64(3</tmp/nia-publication-fault-7_6ur5fa/case/store/objects/0c/a179e6befeb761f3613f1ef57ca892ebc3a6a228dca32f1309f0ac06a7de7e>, "", 44864, 20672) = 0
pread64(3</tmp/nia-publication-fault-7_6ur5fa/case/store/objects/0c/a179e6befeb761f3613f1ef57ca892ebc3a6a228dca32f1309f0ac06a7de7e>, "", 65536, 20672) = 0
pread64(3</tmp/nia-publication-fault-7_6ur5fa/case/store/objects/0c/a179e6befeb761f3613f1ef57ca892ebc3a6a228dca32f1309f0ac06a7de7e>, "!<arch>\n", 8, 0) = 8
pread64(3</tmp/nia-publication-fault-7_6ur5fa/case/store/objects/0c/a179e6befeb761f3613f1ef57ca892ebc3a6a228dca32f1309f0ac06a7de7e>, "debian-binary/  0           0     0     100644  4         `\n", 60, 8) = 60
pread64(3</tmp/nia-publication-fault-7_6ur5fa/case/store/objects/0c/a179e6befeb761f3613f1ef57ca892ebc3a6a228dca32f1309f0ac06a7de7e>, "2.0\n", 4, 68) = 4
pread64(3</tmp/nia-publication-fault-7_6ur5fa/case/store/objects/0c/a179e6befeb761f3613f1ef57ca892ebc3a6a228dca32f1309f0ac06a7de7e>, "2.0\n", 4, 68) = 4
pread64(3</tmp/nia-publication-fault-7_6ur5fa/case/store/objects/0c/a179e6befeb761f3613f1ef57ca892ebc3a6a228dca32f1309f0ac06a7de7e>, "control.tar/    0           0     0     100644  10240     `\n", 60, 72) = 60
pread64(3</tmp/nia-publication-fault-7_6ur5fa/case/store/objects/0c/a179e6befeb761f3613f1ef57ca892ebc3a6a228dca32f1309f0ac06a7de7e>, "./control\0\0\0\0\0\0\0\0\0\0\0\0\0\0\0\0\0\0\0\0\0\0\0\0\0\0\0\0\0\0\0\0\0\0\0\0\0\0\0\0\0\0\0\0\0\0\0\0\0\0\0\0\0\0\0\0\0\0\0\0\0\0\0\0\0\0\0\0\0\0\0\0\0\0\0\0\0\0\0\0\0\0\0\0\0\0\0"..., 10240, 132) = 10240
pread64(3</tmp/nia-publication-fault-7_6ur5fa/case/store/objects/0c/a179e6befeb761f3613f1ef57ca892ebc3a6a228dca32f1309f0ac06a7de7e>, "data.tar/       0           0     0     100644  10240     `\n", 60, 10372) = 60
pread64(3</tmp/nia-publication-fault-7_6ur5fa/case/store/objects/0c/a179e6befeb761f3613f1ef57ca892ebc3a6a228dca32f1309f0ac06a7de7e>, "\0\0\0\0\0\0\0\0\0\0\0\0\0\0\0\0\0\0\0\0\0\0\0\0\0\0\0\0\0\0\0\0\0\0\0\0\0\0\0\0\0\0\0\0\0\0\0\0\0\0\0\0\0\0\0\0\0\0\0\0\0\0\0\0\0\0\0\0\0\0\0\0\0\0\0\0\0\0\0\0\0\0\0\0\0\0\0\0\0\0\0\0\0\0\0\0"..., 10240, 10432) = 10240
fsync(17</tmp/nia-publication-fault-7_6ur5fa/case/store/incoming>) = 0
pread64(3</tmp/nia-publication-fault-7_6ur5fa/case/store/objects/0c/a179e6befeb761f3613f1ef57ca892ebc3a6a228dca32f1309f0ac06a7de7e>, "./control\0\0\0\0\0\0\0\0\0\0\0\0\0\0\0\0\0\0\0\0\0\0\0\0\0\0\0\0\0\0\0\0\0\0\0\0\0\0\0\0\0\0\0\0\0\0\0\0\0\0\0\0\0\0\0\0\0\0\0\0\0\0\0\0\0\0\0\0\0\0\0\0\0\0\0\0\0\0\0\0\0\0\0\0\0\0\0"..., 10240, 132) = 10240
write(16</tmp/nia-publication-fault-7_6ur5fa/case/store/incoming/f95797861e33b1d2490e80bf380de358>, "./control\0\0\0\0\0\0\0\0\0\0\0\0\0\0\0\0\0\0\0\0\0\0\0\0\0\0\0\0\0\0\0\0\0\0\0\0\0\0\0\0\0\0\0\0\0\0\0\0\0\0\0\0\0\0\0\0\0\0\0\0\0\0\0\0\0\0\0\0\0\0\0\0\0\0\0\0\0\0\0\0\0\0\0\0\0\0\0"..., 10240) = 10240
fsync(16</tmp/nia-publication-fault-7_6ur5fa/case/store/incoming/f95797861e33b1d2490e80bf380de358>) = 0
renameat2(17</tmp/nia-publication-fault-7_6ur5fa/case/store/incoming>, "f95797861e33b1d2490e80bf380de358", 16</tmp/nia-publication-fault-7_6ur5fa/case/store/objects/4a>, "36f6eb7c1b236ab6cb28ddb882919e888bf393dfc00d93008ad6730697f8f7", RENAME_NOREPLACE) = -1 EEXIST (File exists)
pread64(16</tmp/nia-publication-fault-7_6ur5fa/case/store/objects/4a/36f6eb7c1b236ab6cb28ddb882919e888bf393dfc00d93008ad6730697f8f7>, "./control\0\0\0\0\0\0\0\0\0\0\0\0\0\0\0\0\0\0\0\0\0\0\0\0\0\0\0\0\0\0\0\0\0\0\0\0\0\0\0\0\0\0\0\0\0\0\0\0\0\0\0\0\0\0\0\0\0\0\0\0\0\0\0\0\0\0\0\0\0\0\0\0\0\0\0\0\0\0\0\0\0\0\0\0\0\0\0"..., 65536, 0) = 10240
pread64(16</tmp/nia-publication-fault-7_6ur5fa/case/store/objects/4a/36f6eb7c1b236ab6cb28ddb882919e888bf393dfc00d93008ad6730697f8f7>, "", 55296, 10240) = 0
pread64(16</tmp/nia-publication-fault-7_6ur5fa/case/store/objects/4a/36f6eb7c1b236ab6cb28ddb882919e888bf393dfc00d93008ad6730697f8f7>, "", 65536, 10240) = 0
fsync(17</tmp/nia-publication-fault-7_6ur5fa/case/store/incoming>) = 0
pread64(3</tmp/nia-publication-fault-7_6ur5fa/case/store/objects/4a/36f6eb7c1b236ab6cb28ddb882919e888bf393dfc00d93008ad6730697f8f7>, "./control\0\0\0\0\0\0\0\0\0\0\0\0\0\0\0\0\0\0\0\0\0\0\0\0\0\0\0\0\0\0\0\0\0\0\0\0\0\0\0\0\0\0\0\0\0\0\0\0\0\0\0\0\0\0\0\0\0\0\0\0\0\0\0\0\0\0\0\0\0\0\0\0\0\0\0\0\0\0\0\0\0\0\0\0\0\0\0"..., 65536, 0) = 10240
pread64(3</tmp/nia-publication-fault-7_6ur5fa/case/store/objects/4a/36f6eb7c1b236ab6cb28ddb882919e888bf393dfc00d93008ad6730697f8f7>, "", 55296, 10240) = 0
pread64(3</tmp/nia-publication-fault-7_6ur5fa/case/store/objects/4a/36f6eb7c1b236ab6cb28ddb882919e888bf393dfc00d93008ad6730697f8f7>, "", 65536, 10240) = 0
pread64(3</tmp/nia-publication-fault-7_6ur5fa/case/store/objects/4a/36f6eb7c1b236ab6cb28ddb882919e888bf393dfc00d93008ad6730697f8f7>, "./control\0\0\0\0\0\0\0\0\0\0\0\0\0\0\0\0\0\0\0\0\0\0\0\0\0\0\0\0\0\0\0\0\0\0\0\0\0\0\0\0\0\0\0\0\0\0\0\0\0\0\0\0\0\0\0\0\0\0\0\0\0\0\0\0\0\0\0\0\0\0\0\0\0\0\0\0\0\0\0\0\0\0\0\0\0\0\0"..., 10240, 0) = 10240
fsync(17</tmp/nia-publication-fault-7_6ur5fa/case/store/incoming>) = 0
write(16</tmp/nia-publication-fault-7_6ur5fa/case/store/incoming/d0567b92aafc244fa707961ca2585446>, "Package: empty-package\nVersion: 1\nArchitecture: all\nMaintainer: Fixture <fixture@example.invalid"..., 149) = 149
fsync(16</tmp/nia-publication-fault-7_6ur5fa/case/store/incoming/d0567b92aafc244fa707961ca2585446>) = 0
renameat2(17</tmp/nia-publication-fault-7_6ur5fa/case/store/incoming>, "d0567b92aafc244fa707961ca2585446", 16</tmp/nia-publication-fault-7_6ur5fa/case/store/objects/a3>, "1a856f430af395bccd7eb2f142b11ad3ae0fc5daf3acc4ffb341c48a5abd39", RENAME_NOREPLACE) = -1 EEXIST (File exists)
pread64(16</tmp/nia-publication-fault-7_6ur5fa/case/store/objects/a3/1a856f430af395bccd7eb2f142b11ad3ae0fc5daf3acc4ffb341c48a5abd39>, "Package: empty-package\nVersion: 1\nArchitecture: all\nMaintainer: Fixture <fixture@example.invalid"..., 65536, 0) = 149
pread64(16</tmp/nia-publication-fault-7_6ur5fa/case/store/objects/a3/1a856f430af395bccd7eb2f142b11ad3ae0fc5daf3acc4ffb341c48a5abd39>, "", 65387, 149) = 0
pread64(16</tmp/nia-publication-fault-7_6ur5fa/case/store/objects/a3/1a856f430af395bccd7eb2f142b11ad3ae0fc5daf3acc4ffb341c48a5abd39>, "", 65536, 149) = 0
fsync(17</tmp/nia-publication-fault-7_6ur5fa/case/store/incoming>) = 0
pread64(3</tmp/nia-publication-fault-7_6ur5fa/case/store/objects/0c/a179e6befeb761f3613f1ef57ca892ebc3a6a228dca32f1309f0ac06a7de7e>, "!<arch>\ndebian-binary/  0           0     0     100644  4         `\n2.0\ncontrol.tar/    0       "..., 65536, 0) = 20672
pread64(3</tmp/nia-publication-fault-7_6ur5fa/case/store/objects/0c/a179e6befeb761f3613f1ef57ca892ebc3a6a228dca32f1309f0ac06a7de7e>, "", 44864, 20672) = 0
pread64(3</tmp/nia-publication-fault-7_6ur5fa/case/store/objects/0c/a179e6befeb761f3613f1ef57ca892ebc3a6a228dca32f1309f0ac06a7de7e>, "", 65536, 20672) = 0
pread64(3</tmp/nia-publication-fault-7_6ur5fa/case/store/objects/4a/36f6eb7c1b236ab6cb28ddb882919e888bf393dfc00d93008ad6730697f8f7>, "./control\0\0\0\0\0\0\0\0\0\0\0\0\0\0\0\0\0\0\0\0\0\0\0\0\0\0\0\0\0\0\0\0\0\0\0\0\0\0\0\0\0\0\0\0\0\0\0\0\0\0\0\0\0\0\0\0\0\0\0\0\0\0\0\0\0\0\0\0\0\0\0\0\0\0\0\0\0\0\0\0\0\0\0\0\0\0\0"..., 65536, 0) = 10240
pread64(3</tmp/nia-publication-fault-7_6ur5fa/case/store/objects/4a/36f6eb7c1b236ab6cb28ddb882919e888bf393dfc00d93008ad6730697f8f7>, "", 55296, 10240) = 0
pread64(3</tmp/nia-publication-fault-7_6ur5fa/case/store/objects/4a/36f6eb7c1b236ab6cb28ddb882919e888bf393dfc00d93008ad6730697f8f7>, "", 65536, 10240) = 0
pread64(3</tmp/nia-publication-fault-7_6ur5fa/case/store/objects/84/ff92691f909a05b224e1c56abb4864f01b4f8e3c854e4bb4c7baf1d3f6d652>, "\0\0\0\0\0\0\0\0\0\0\0\0\0\0\0\0\0\0\0\0\0\0\0\0\0\0\0\0\0\0\0\0\0\0\0\0\0\0\0\0\0\0\0\0\0\0\0\0\0\0\0\0\0\0\0\0\0\0\0\0\0\0\0\0\0\0\0\0\0\0\0\0\0\0\0\0\0\0\0\0\0\0\0\0\0\0\0\0\0\0\0\0\0\0\0\0"..., 65536, 0) = 10240
pread64(3</tmp/nia-publication-fault-7_6ur5fa/case/store/objects/84/ff92691f909a05b224e1c56abb4864f01b4f8e3c854e4bb4c7baf1d3f6d652>, "", 55296, 10240) = 0
pread64(3</tmp/nia-publication-fault-7_6ur5fa/case/store/objects/84/ff92691f909a05b224e1c56abb4864f01b4f8e3c854e4bb4c7baf1d3f6d652>, "", 65536, 10240) = 0
pread64(3</tmp/nia-publication-fault-7_6ur5fa/case/store/objects/8e/e688345e1d9502ee8cd7277a453c30bfb77b947201beb3300e9df2b8ca321d>, "\0\0\0\0\0\0\0\10NIACSEL1\273\343\341b6\331$M\267\345\300\262\251\302\306\27f\270\251!\330\260\227\374\323p\347\177\25.\3311\0\0\0\0\0\0\0\1\f\241y\346\276\376\267a\363a?\36\365|\250\222\353\303\246\242(\334\243/\23\t\360\254\6\247\336~J6\366\353|\33#j"..., 65536, 0) = 152
pread64(3</tmp/nia-publication-fault-7_6ur5fa/case/store/objects/8e/e688345e1d9502ee8cd7277a453c30bfb77b947201beb3300e9df2b8ca321d>, "", 65384, 152) = 0
pread64(3</tmp/nia-publication-fault-7_6ur5fa/case/store/objects/8e/e688345e1d9502ee8cd7277a453c30bfb77b947201beb3300e9df2b8ca321d>, "", 65536, 152) = 0
pread64(3</tmp/nia-publication-fault-7_6ur5fa/case/store/objects/a3/1a856f430af395bccd7eb2f142b11ad3ae0fc5daf3acc4ffb341c48a5abd39>, "Package: empty-package\nVersion: 1\nArchitecture: all\nMaintainer: Fixture <fixture@example.invalid"..., 65536, 0) = 149
pread64(3</tmp/nia-publication-fault-7_6ur5fa/case/store/objects/a3/1a856f430af395bccd7eb2f142b11ad3ae0fc5daf3acc4ffb341c48a5abd39>, "", 65387, 149) = 0
pread64(3</tmp/nia-publication-fault-7_6ur5fa/case/store/objects/a3/1a856f430af395bccd7eb2f142b11ad3ae0fc5daf3acc4ffb341c48a5abd39>, "", 65536, 149) = 0
fsync(16</tmp/nia-publication-fault-7_6ur5fa/case/store/incoming>) = 0
write(3</tmp/nia-publication-fault-7_6ur5fa/case/store/incoming/064bbf0f38f2923702b0f060de4f2007>, "NIACLOS1\216\346\2104^\35\225\2\356\214\327'zE<0\277\267{\224r\1\276\2630\16\235\362\270\3122\35\273\343\341b6\331$M\267\345\300\262\251\302\306\27f\270\251!\330\260\227\374\323p\347\177\25.\3311\0\0\0\0\0\0\0\5", 80) = 80
write(3</tmp/nia-publication-fault-7_6ur5fa/case/store/incoming/064bbf0f38f2923702b0f060de4f2007>, "\f\241y\346\276\376\267a\363a?\36\365|\250\222\353\303\246\242(\334\243/\23\t\360\254\6\247\336~", 32) = 32
write(3</tmp/nia-publication-fault-7_6ur5fa/case/store/incoming/064bbf0f38f2923702b0f060de4f2007>, "J6\366\353|\33#j\266\313(\335\270\202\221\236\210\213\363\223\337\300\r\223\0\212\326s\6\227\370\367", 32) = 32
write(3</tmp/nia-publication-fault-7_6ur5fa/case/store/incoming/064bbf0f38f2923702b0f060de4f2007>, "\204\377\222i\37\220\232\5\262$\341\305j\273Hd\360\33O\216<\205NK\264\307\272\361\323\366\326R", 32) = 32
write(3</tmp/nia-publication-fault-7_6ur5fa/case/store/incoming/064bbf0f38f2923702b0f060de4f2007>, "\216\346\2104^\35\225\2\356\214\327'zE<0\277\267{\224r\1\276\2630\16\235\362\270\3122\35", 32) = 32
write(3</tmp/nia-publication-fault-7_6ur5fa/case/store/incoming/064bbf0f38f2923702b0f060de4f2007>, "\243\32\205oC\n\363\225\274\315~\262\361B\261\32\323\256\17\305\332\363\254\304\377\263A\304\212Z\2759", 32) = 32
fsync(3</tmp/nia-publication-fault-7_6ur5fa/case/store/incoming/064bbf0f38f2923702b0f060de4f2007>) = 0
renameat2(16</tmp/nia-publication-fault-7_6ur5fa/case/store/incoming>, "064bbf0f38f2923702b0f060de4f2007", 3</tmp/nia-publication-fault-7_6ur5fa/case/store/objects/32>, "094e7c613fdb6dffb1f27d926b176f7fd8946b8c2cf3ca9e3b95cb91a1a8ca", RENAME_NOREPLACE) = -1 EEXIST (File exists)
pread64(3</tmp/nia-publication-fault-7_6ur5fa/case/store/objects/32/094e7c613fdb6dffb1f27d926b176f7fd8946b8c2cf3ca9e3b95cb91a1a8ca>, "NIACLOS1\216\346\2104^\35\225\2\356\214\327'zE<0\277\267{\224r\1\276\2630\16\235\362\270\3122\35\273\343\341b6\331$M\267\345\300\262\251\302\306\27f\270\251!\330\260\227\374\323p\347\177\25.\3311\0\0\0\0\0\0\0\5\f\241y\346\276\376\267a\363a?\36\365|\250\222"..., 65536, 0) = 240
pread64(3</tmp/nia-publication-fault-7_6ur5fa/case/store/objects/32/094e7c613fdb6dffb1f27d926b176f7fd8946b8c2cf3ca9e3b95cb91a1a8ca>, "", 65296, 240) = 0
pread64(3</tmp/nia-publication-fault-7_6ur5fa/case/store/objects/32/094e7c613fdb6dffb1f27d926b176f7fd8946b8c2cf3ca9e3b95cb91a1a8ca>, "", 65536, 240) = 0
fsync(16</tmp/nia-publication-fault-7_6ur5fa/case/store/incoming>) = 0
pread64(3</tmp/nia-publication-fault-7_6ur5fa/case/store/objects/38/c0e841345eeb0948445869eb5553bb39ebf66c24fe6fa00123868f32600451>, "NIAGINT1\37\37\37\37\37\37\37\37\37\37\37\37\37\37\37\37\0\0\0\0\0\0\0\0\0\0\0\0\0\0\0\0\0\0\0\0\0\0\0\0\0\0\0\0\0\0\0\0\216\346\2104^\35\225\2\356\214\327'zE<0\277\267{\224r\1\276\2630\16\235\362\270\3122\0352\tN|a?\333m"..., 65536, 0) = 206
pread64(3</tmp/nia-publication-fault-7_6ur5fa/case/store/objects/38/c0e841345eeb0948445869eb5553bb39ebf66c24fe6fa00123868f32600451>, "", 65330, 206) = 0
pread64(3</tmp/nia-publication-fault-7_6ur5fa/case/store/objects/38/c0e841345eeb0948445869eb5553bb39ebf66c24fe6fa00123868f32600451>, "", 65536, 206) = 0
pread64(3</tmp/nia-publication-fault-7_6ur5fa/case/store/objects/38/c0e841345eeb0948445869eb5553bb39ebf66c24fe6fa00123868f32600451>, "NIAGINT1\37\37\37\37\37\37\37\37\37\37\37\37\37\37\37\37\0\0\0\0\0\0\0\0\0\0\0\0\0\0\0\0\0\0\0\0\0\0\0\0\0\0\0\0\0\0\0\0\216\346\2104^\35\225\2\356\214\327'zE<0\277\267{\224r\1\276\2630\16\235\362\270\3122\0352\tN|a?\333m"..., 1053888, 0) = 206
pread64(3</tmp/nia-publication-fault-7_6ur5fa/case/store/objects/38/c0e841345eeb0948445869eb5553bb39ebf66c24fe6fa00123868f32600451>, "", 1053682, 206) = 0
pread64(3</tmp/nia-publication-fault-7_6ur5fa/case/store/objects/32/094e7c613fdb6dffb1f27d926b176f7fd8946b8c2cf3ca9e3b95cb91a1a8ca>, "NIACLOS1\216\346\2104^\35\225\2\356\214\327'zE<0\277\267{\224r\1\276\2630\16\235\362\270\3122\35\273\343\341b6\331$M\267\345\300\262\251\302\306\27f\270\251!\330\260\227\374\323p\347\177\25.\3311\0\0\0\0\0\0\0\5\f\241y\346\276\376\267a\363a?\36\365|\250\222"..., 65536, 0) = 240
pread64(3</tmp/nia-publication-fault-7_6ur5fa/case/store/objects/32/094e7c613fdb6dffb1f27d926b176f7fd8946b8c2cf3ca9e3b95cb91a1a8ca>, "", 65296, 240) = 0
pread64(3</tmp/nia-publication-fault-7_6ur5fa/case/store/objects/32/094e7c613fdb6dffb1f27d926b176f7fd8946b8c2cf3ca9e3b95cb91a1a8ca>, "", 65536, 240) = 0
pread64(3</tmp/nia-publication-fault-7_6ur5fa/case/store/objects/32/094e7c613fdb6dffb1f27d926b176f7fd8946b8c2cf3ca9e3b95cb91a1a8ca>, "NIACLOS1\216\346\2104^\35\225\2\356\214\327'zE<0\277\267{\224r\1\276\2630\16\235\362\270\3122\35\273\343\341b6\331$M\267\345\300\262\251\302\306\27f\270\251!\330\260\227\374\323p\347\177\25.\3311\0\0\0\0\0\0\0\5", 80, 0) = 80
pread64(3</tmp/nia-publication-fault-7_6ur5fa/case/store/objects/32/094e7c613fdb6dffb1f27d926b176f7fd8946b8c2cf3ca9e3b95cb91a1a8ca>, "\f\241y\346\276\376\267a\363a?\36\365|\250\222\353\303\246\242(\334\243/\23\t\360\254\6\247\336~", 32, 80) = 32
pread64(16</tmp/nia-publication-fault-7_6ur5fa/case/store/objects/0c/a179e6befeb761f3613f1ef57ca892ebc3a6a228dca32f1309f0ac06a7de7e>, "!<arch>\ndebian-binary/  0           0     0     100644  4         `\n2.0\ncontrol.tar/    0       "..., 65536, 0) = 20672
pread64(16</tmp/nia-publication-fault-7_6ur5fa/case/store/objects/0c/a179e6befeb761f3613f1ef57ca892ebc3a6a228dca32f1309f0ac06a7de7e>, "", 44864, 20672) = 0
pread64(16</tmp/nia-publication-fault-7_6ur5fa/case/store/objects/0c/a179e6befeb761f3613f1ef57ca892ebc3a6a228dca32f1309f0ac06a7de7e>, "", 65536, 20672) = 0
pread64(3</tmp/nia-publication-fault-7_6ur5fa/case/store/objects/32/094e7c613fdb6dffb1f27d926b176f7fd8946b8c2cf3ca9e3b95cb91a1a8ca>, "J6\366\353|\33#j\266\313(\335\270\202\221\236\210\213\363\223\337\300\r\223\0\212\326s\6\227\370\367", 32, 112) = 32
pread64(16</tmp/nia-publication-fault-7_6ur5fa/case/store/objects/4a/36f6eb7c1b236ab6cb28ddb882919e888bf393dfc00d93008ad6730697f8f7>, "./control\0\0\0\0\0\0\0\0\0\0\0\0\0\0\0\0\0\0\0\0\0\0\0\0\0\0\0\0\0\0\0\0\0\0\0\0\0\0\0\0\0\0\0\0\0\0\0\0\0\0\0\0\0\0\0\0\0\0\0\0\0\0\0\0\0\0\0\0\0\0\0\0\0\0\0\0\0\0\0\0\0\0\0\0\0\0\0"..., 65536, 0) = 10240
pread64(16</tmp/nia-publication-fault-7_6ur5fa/case/store/objects/4a/36f6eb7c1b236ab6cb28ddb882919e888bf393dfc00d93008ad6730697f8f7>, "", 55296, 10240) = 0
pread64(16</tmp/nia-publication-fault-7_6ur5fa/case/store/objects/4a/36f6eb7c1b236ab6cb28ddb882919e888bf393dfc00d93008ad6730697f8f7>, "", 65536, 10240) = 0
pread64(3</tmp/nia-publication-fault-7_6ur5fa/case/store/objects/32/094e7c613fdb6dffb1f27d926b176f7fd8946b8c2cf3ca9e3b95cb91a1a8ca>, "\204\377\222i\37\220\232\5\262$\341\305j\273Hd\360\33O\216<\205NK\264\307\272\361\323\366\326R", 32, 144) = 32
pread64(16</tmp/nia-publication-fault-7_6ur5fa/case/store/objects/84/ff92691f909a05b224e1c56abb4864f01b4f8e3c854e4bb4c7baf1d3f6d652>, "\0\0\0\0\0\0\0\0\0\0\0\0\0\0\0\0\0\0\0\0\0\0\0\0\0\0\0\0\0\0\0\0\0\0\0\0\0\0\0\0\0\0\0\0\0\0\0\0\0\0\0\0\0\0\0\0\0\0\0\0\0\0\0\0\0\0\0\0\0\0\0\0\0\0\0\0\0\0\0\0\0\0\0\0\0\0\0\0\0\0\0\0\0\0\0\0"..., 65536, 0) = 10240
pread64(16</tmp/nia-publication-fault-7_6ur5fa/case/store/objects/84/ff92691f909a05b224e1c56abb4864f01b4f8e3c854e4bb4c7baf1d3f6d652>, "", 55296, 10240) = 0
pread64(16</tmp/nia-publication-fault-7_6ur5fa/case/store/objects/84/ff92691f909a05b224e1c56abb4864f01b4f8e3c854e4bb4c7baf1d3f6d652>, "", 65536, 10240) = 0
pread64(3</tmp/nia-publication-fault-7_6ur5fa/case/store/objects/32/094e7c613fdb6dffb1f27d926b176f7fd8946b8c2cf3ca9e3b95cb91a1a8ca>, "\216\346\2104^\35\225\2\356\214\327'zE<0\277\267{\224r\1\276\2630\16\235\362\270\3122\35", 32, 176) = 32
pread64(16</tmp/nia-publication-fault-7_6ur5fa/case/store/objects/8e/e688345e1d9502ee8cd7277a453c30bfb77b947201beb3300e9df2b8ca321d>, "\0\0\0\0\0\0\0\10NIACSEL1\273\343\341b6\331$M\267\345\300\262\251\302\306\27f\270\251!\330\260\227\374\323p\347\177\25.\3311\0\0\0\0\0\0\0\1\f\241y\346\276\376\267a\363a?\36\365|\250\222\353\303\246\242(\334\243/\23\t\360\254\6\247\336~J6\366\353|\33#j"..., 65536, 0) = 152
pread64(16</tmp/nia-publication-fault-7_6ur5fa/case/store/objects/8e/e688345e1d9502ee8cd7277a453c30bfb77b947201beb3300e9df2b8ca321d>, "", 65384, 152) = 0
pread64(16</tmp/nia-publication-fault-7_6ur5fa/case/store/objects/8e/e688345e1d9502ee8cd7277a453c30bfb77b947201beb3300e9df2b8ca321d>, "", 65536, 152) = 0
pread64(3</tmp/nia-publication-fault-7_6ur5fa/case/store/objects/32/094e7c613fdb6dffb1f27d926b176f7fd8946b8c2cf3ca9e3b95cb91a1a8ca>, "\243\32\205oC\n\363\225\274\315~\262\361B\261\32\323\256\17\305\332\363\254\304\377\263A\304\212Z\2759", 32, 208) = 32
pread64(16</tmp/nia-publication-fault-7_6ur5fa/case/store/objects/a3/1a856f430af395bccd7eb2f142b11ad3ae0fc5daf3acc4ffb341c48a5abd39>, "Package: empty-package\nVersion: 1\nArchitecture: all\nMaintainer: Fixture <fixture@example.invalid"..., 65536, 0) = 149
pread64(16</tmp/nia-publication-fault-7_6ur5fa/case/store/objects/a3/1a856f430af395bccd7eb2f142b11ad3ae0fc5daf3acc4ffb341c48a5abd39>, "", 65387, 149) = 0
pread64(16</tmp/nia-publication-fault-7_6ur5fa/case/store/objects/a3/1a856f430af395bccd7eb2f142b11ad3ae0fc5daf3acc4ffb341c48a5abd39>, "", 65536, 149) = 0
pread64(3</tmp/nia-publication-fault-7_6ur5fa/case/store/objects/8e/e688345e1d9502ee8cd7277a453c30bfb77b947201beb3300e9df2b8ca321d>, "\0\0\0\0\0\0\0\10NIACSEL1\273\343\341b6\331$M\267\345\300\262\251\302\306\27f\270\251!\330\260\227\374\323p\347\177\25.\3311\0\0\0\0\0\0\0\1\f\241y\346\276\376\267a\363a?\36\365|\250\222\353\303\246\242(\334\243/\23\t\360\254\6\247\336~J6\366\353|\33#j"..., 65536, 0) = 152
pread64(3</tmp/nia-publication-fault-7_6ur5fa/case/store/objects/8e/e688345e1d9502ee8cd7277a453c30bfb77b947201beb3300e9df2b8ca321d>, "", 65384, 152) = 0
pread64(3</tmp/nia-publication-fault-7_6ur5fa/case/store/objects/8e/e688345e1d9502ee8cd7277a453c30bfb77b947201beb3300e9df2b8ca321d>, "", 65536, 152) = 0
pread64(3</tmp/nia-publication-fault-7_6ur5fa/case/store/objects/8e/e688345e1d9502ee8cd7277a453c30bfb77b947201beb3300e9df2b8ca321d>, "\0\0\0\0\0\0\0\10NIACSEL1\273\343\341b6\331$M\267\345\300\262\251\302\306\27f\270\251!\330\260\227\374\323p\347\177\25.\3311\0\0\0\0\0\0\0\1\f\241y\346\276\376\267a\363a?\36\365|\250\222\353\303\246\242(\334\243/\23\t\360\254\6\247\336~J6\366\353|\33#j"..., 393272, 0) = 152
pread64(3</tmp/nia-publication-fault-7_6ur5fa/case/store/objects/8e/e688345e1d9502ee8cd7277a453c30bfb77b947201beb3300e9df2b8ca321d>, "", 393120, 152) = 0
pread64(3</tmp/nia-publication-fault-7_6ur5fa/case/store/objects/0c/a179e6befeb761f3613f1ef57ca892ebc3a6a228dca32f1309f0ac06a7de7e>, "!<arch>\ndebian-binary/  0           0     0     100644  4         `\n2.0\ncontrol.tar/    0       "..., 65536, 0) = 20672
pread64(3</tmp/nia-publication-fault-7_6ur5fa/case/store/objects/0c/a179e6befeb761f3613f1ef57ca892ebc3a6a228dca32f1309f0ac06a7de7e>, "", 44864, 20672) = 0
pread64(3</tmp/nia-publication-fault-7_6ur5fa/case/store/objects/0c/a179e6befeb761f3613f1ef57ca892ebc3a6a228dca32f1309f0ac06a7de7e>, "", 65536, 20672) = 0
pread64(3</tmp/nia-publication-fault-7_6ur5fa/case/store/objects/0c/a179e6befeb761f3613f1ef57ca892ebc3a6a228dca32f1309f0ac06a7de7e>, "!<arch>\n", 8, 0) = 8
pread64(3</tmp/nia-publication-fault-7_6ur5fa/case/store/objects/0c/a179e6befeb761f3613f1ef57ca892ebc3a6a228dca32f1309f0ac06a7de7e>, "debian-binary/  0           0     0     100644  4         `\n", 60, 8) = 60
pread64(3</tmp/nia-publication-fault-7_6ur5fa/case/store/objects/0c/a179e6befeb761f3613f1ef57ca892ebc3a6a228dca32f1309f0ac06a7de7e>, "2.0\n", 4, 68) = 4
pread64(3</tmp/nia-publication-fault-7_6ur5fa/case/store/objects/0c/a179e6befeb761f3613f1ef57ca892ebc3a6a228dca32f1309f0ac06a7de7e>, "2.0\n", 4, 68) = 4
pread64(3</tmp/nia-publication-fault-7_6ur5fa/case/store/objects/0c/a179e6befeb761f3613f1ef57ca892ebc3a6a228dca32f1309f0ac06a7de7e>, "control.tar/    0           0     0     100644  10240     `\n", 60, 72) = 60
pread64(3</tmp/nia-publication-fault-7_6ur5fa/case/store/objects/0c/a179e6befeb761f3613f1ef57ca892ebc3a6a228dca32f1309f0ac06a7de7e>, "./control\0\0\0\0\0\0\0\0\0\0\0\0\0\0\0\0\0\0\0\0\0\0\0\0\0\0\0\0\0\0\0\0\0\0\0\0\0\0\0\0\0\0\0\0\0\0\0\0\0\0\0\0\0\0\0\0\0\0\0\0\0\0\0\0\0\0\0\0\0\0\0\0\0\0\0\0\0\0\0\0\0\0\0\0\0\0\0"..., 10240, 132) = 10240
pread64(3</tmp/nia-publication-fault-7_6ur5fa/case/store/objects/0c/a179e6befeb761f3613f1ef57ca892ebc3a6a228dca32f1309f0ac06a7de7e>, "data.tar/       0           0     0     100644  10240     `\n", 60, 10372) = 60
pread64(3</tmp/nia-publication-fault-7_6ur5fa/case/store/objects/0c/a179e6befeb761f3613f1ef57ca892ebc3a6a228dca32f1309f0ac06a7de7e>, "\0\0\0\0\0\0\0\0\0\0\0\0\0\0\0\0\0\0\0\0\0\0\0\0\0\0\0\0\0\0\0\0\0\0\0\0\0\0\0\0\0\0\0\0\0\0\0\0\0\0\0\0\0\0\0\0\0\0\0\0\0\0\0\0\0\0\0\0\0\0\0\0\0\0\0\0\0\0\0\0\0\0\0\0\0\0\0\0\0\0\0\0\0\0\0\0"..., 10240, 10432) = 10240
pread64(3</tmp/nia-publication-fault-7_6ur5fa/case/store/objects/0c/a179e6befeb761f3613f1ef57ca892ebc3a6a228dca32f1309f0ac06a7de7e>, "!<arch>\ndebian-binary/  0           0     0     100644  4         `\n2.0\ncontrol.tar/    0       "..., 65536, 0) = 20672
pread64(3</tmp/nia-publication-fault-7_6ur5fa/case/store/objects/0c/a179e6befeb761f3613f1ef57ca892ebc3a6a228dca32f1309f0ac06a7de7e>, "", 44864, 20672) = 0
pread64(3</tmp/nia-publication-fault-7_6ur5fa/case/store/objects/0c/a179e6befeb761f3613f1ef57ca892ebc3a6a228dca32f1309f0ac06a7de7e>, "", 65536, 20672) = 0
pread64(3</tmp/nia-publication-fault-7_6ur5fa/case/store/objects/0c/a179e6befeb761f3613f1ef57ca892ebc3a6a228dca32f1309f0ac06a7de7e>, "!<arch>\n", 8, 0) = 8
pread64(3</tmp/nia-publication-fault-7_6ur5fa/case/store/objects/0c/a179e6befeb761f3613f1ef57ca892ebc3a6a228dca32f1309f0ac06a7de7e>, "debian-binary/  0           0     0     100644  4         `\n", 60, 8) = 60
pread64(3</tmp/nia-publication-fault-7_6ur5fa/case/store/objects/0c/a179e6befeb761f3613f1ef57ca892ebc3a6a228dca32f1309f0ac06a7de7e>, "2.0\n", 4, 68) = 4
pread64(3</tmp/nia-publication-fault-7_6ur5fa/case/store/objects/0c/a179e6befeb761f3613f1ef57ca892ebc3a6a228dca32f1309f0ac06a7de7e>, "2.0\n", 4, 68) = 4
pread64(3</tmp/nia-publication-fault-7_6ur5fa/case/store/objects/0c/a179e6befeb761f3613f1ef57ca892ebc3a6a228dca32f1309f0ac06a7de7e>, "control.tar/    0           0     0     100644  10240     `\n", 60, 72) = 60
pread64(3</tmp/nia-publication-fault-7_6ur5fa/case/store/objects/0c/a179e6befeb761f3613f1ef57ca892ebc3a6a228dca32f1309f0ac06a7de7e>, "./control\0\0\0\0\0\0\0\0\0\0\0\0\0\0\0\0\0\0\0\0\0\0\0\0\0\0\0\0\0\0\0\0\0\0\0\0\0\0\0\0\0\0\0\0\0\0\0\0\0\0\0\0\0\0\0\0\0\0\0\0\0\0\0\0\0\0\0\0\0\0\0\0\0\0\0\0\0\0\0\0\0\0\0\0\0\0\0"..., 10240, 132) = 10240
pread64(3</tmp/nia-publication-fault-7_6ur5fa/case/store/objects/0c/a179e6befeb761f3613f1ef57ca892ebc3a6a228dca32f1309f0ac06a7de7e>, "data.tar/       0           0     0     100644  10240     `\n", 60, 10372) = 60
pread64(3</tmp/nia-publication-fault-7_6ur5fa/case/store/objects/0c/a179e6befeb761f3613f1ef57ca892ebc3a6a228dca32f1309f0ac06a7de7e>, "\0\0\0\0\0\0\0\0\0\0\0\0\0\0\0\0\0\0\0\0\0\0\0\0\0\0\0\0\0\0\0\0\0\0\0\0\0\0\0\0\0\0\0\0\0\0\0\0\0\0\0\0\0\0\0\0\0\0\0\0\0\0\0\0\0\0\0\0\0\0\0\0\0\0\0\0\0\0\0\0\0\0\0\0\0\0\0\0\0\0\0\0\0\0\0\0"..., 10240, 10432) = 10240
fsync(17</tmp/nia-publication-fault-7_6ur5fa/case/store/incoming>) = 0
pread64(3</tmp/nia-publication-fault-7_6ur5fa/case/store/objects/0c/a179e6befeb761f3613f1ef57ca892ebc3a6a228dca32f1309f0ac06a7de7e>, "\0\0\0\0\0\0\0\0\0\0\0\0\0\0\0\0\0\0\0\0\0\0\0\0\0\0\0\0\0\0\0\0\0\0\0\0\0\0\0\0\0\0\0\0\0\0\0\0\0\0\0\0\0\0\0\0\0\0\0\0\0\0\0\0\0\0\0\0\0\0\0\0\0\0\0\0\0\0\0\0\0\0\0\0\0\0\0\0\0\0\0\0\0\0\0\0"..., 10240, 10432) = 10240
write(16</tmp/nia-publication-fault-7_6ur5fa/case/store/incoming/757cc45e248761827af4dd3dd71d3400>, "\0\0\0\0\0\0\0\0\0\0\0\0\0\0\0\0\0\0\0\0\0\0\0\0\0\0\0\0\0\0\0\0\0\0\0\0\0\0\0\0\0\0\0\0\0\0\0\0\0\0\0\0\0\0\0\0\0\0\0\0\0\0\0\0\0\0\0\0\0\0\0\0\0\0\0\0\0\0\0\0\0\0\0\0\0\0\0\0\0\0\0\0\0\0\0\0"..., 10240) = 10240
fsync(16</tmp/nia-publication-fault-7_6ur5fa/case/store/incoming/757cc45e248761827af4dd3dd71d3400>) = 0
renameat2(17</tmp/nia-publication-fault-7_6ur5fa/case/store/incoming>, "757cc45e248761827af4dd3dd71d3400", 16</tmp/nia-publication-fault-7_6ur5fa/case/store/objects/84>, "ff92691f909a05b224e1c56abb4864f01b4f8e3c854e4bb4c7baf1d3f6d652", RENAME_NOREPLACE) = -1 EEXIST (File exists)
pread64(16</tmp/nia-publication-fault-7_6ur5fa/case/store/objects/84/ff92691f909a05b224e1c56abb4864f01b4f8e3c854e4bb4c7baf1d3f6d652>, "\0\0\0\0\0\0\0\0\0\0\0\0\0\0\0\0\0\0\0\0\0\0\0\0\0\0\0\0\0\0\0\0\0\0\0\0\0\0\0\0\0\0\0\0\0\0\0\0\0\0\0\0\0\0\0\0\0\0\0\0\0\0\0\0\0\0\0\0\0\0\0\0\0\0\0\0\0\0\0\0\0\0\0\0\0\0\0\0\0\0\0\0\0\0\0\0"..., 65536, 0) = 10240
pread64(16</tmp/nia-publication-fault-7_6ur5fa/case/store/objects/84/ff92691f909a05b224e1c56abb4864f01b4f8e3c854e4bb4c7baf1d3f6d652>, "", 55296, 10240) = 0
pread64(16</tmp/nia-publication-fault-7_6ur5fa/case/store/objects/84/ff92691f909a05b224e1c56abb4864f01b4f8e3c854e4bb4c7baf1d3f6d652>, "", 65536, 10240) = 0
fsync(17</tmp/nia-publication-fault-7_6ur5fa/case/store/incoming>) = 0
pread64(3</tmp/nia-publication-fault-7_6ur5fa/case/store/objects/84/ff92691f909a05b224e1c56abb4864f01b4f8e3c854e4bb4c7baf1d3f6d652>, "\0\0\0\0\0\0\0\0\0\0\0\0\0\0\0\0\0\0\0\0\0\0\0\0\0\0\0\0\0\0\0\0\0\0\0\0\0\0\0\0\0\0\0\0\0\0\0\0\0\0\0\0\0\0\0\0\0\0\0\0\0\0\0\0\0\0\0\0\0\0\0\0\0\0\0\0\0\0\0\0\0\0\0\0\0\0\0\0\0\0\0\0\0\0\0\0"..., 65536, 0) = 10240
pread64(3</tmp/nia-publication-fault-7_6ur5fa/case/store/objects/84/ff92691f909a05b224e1c56abb4864f01b4f8e3c854e4bb4c7baf1d3f6d652>, "", 55296, 10240) = 0
pread64(3</tmp/nia-publication-fault-7_6ur5fa/case/store/objects/84/ff92691f909a05b224e1c56abb4864f01b4f8e3c854e4bb4c7baf1d3f6d652>, "", 65536, 10240) = 0
pread64(3</tmp/nia-publication-fault-7_6ur5fa/case/store/objects/84/ff92691f909a05b224e1c56abb4864f01b4f8e3c854e4bb4c7baf1d3f6d652>, "\0\0\0\0\0\0\0\0\0\0\0\0\0\0\0\0\0\0\0\0\0\0\0\0\0\0\0\0\0\0\0\0\0\0\0\0\0\0\0\0\0\0\0\0\0\0\0\0\0\0\0\0\0\0\0\0\0\0\0\0\0\0\0\0\0\0\0\0\0\0\0\0\0\0\0\0\0\0\0\0\0\0\0\0\0\0\0\0\0\0\0\0\0\0\0\0"..., 10240, 0) = 10240
fsync(17</tmp/nia-publication-fault-7_6ur5fa/case/store/incoming>) = 0
pread64(3</tmp/nia-publication-fault-7_6ur5fa/case/store/objects/84/ff92691f909a05b224e1c56abb4864f01b4f8e3c854e4bb4c7baf1d3f6d652>, "\0\0\0\0\0\0\0\0\0\0\0\0\0\0\0\0\0\0\0\0\0\0\0\0\0\0\0\0\0\0\0\0\0\0\0\0\0\0\0\0\0\0\0\0\0\0\0\0\0\0\0\0\0\0\0\0\0\0\0\0\0\0\0\0\0\0\0\0\0\0\0\0\0\0\0\0\0\0\0\0\0\0\0\0\0\0\0\0\0\0\0\0\0\0\0\0"..., 10240, 0) = 10240
write(16</tmp/nia-publication-fault-7_6ur5fa/case/store/incoming/716bb465b46af8e2a4c917adb0204f5e>, "\0\0\0\0\0\0\0\0\0\0\0\0\0\0\0\0\0\0\0\0\0\0\0\0\0\0\0\0\0\0\0\0\0\0\0\0\0\0\0\0\0\0\0\0\0\0\0\0\0\0\0\0\0\0\0\0\0\0\0\0\0\0\0\0\0\0\0\0\0\0\0\0\0\0\0\0\0\0\0\0\0\0\0\0\0\0\0\0\0\0\0\0\0\0\0\0"..., 10240) = 10240
fsync(16</tmp/nia-publication-fault-7_6ur5fa/case/store/incoming/716bb465b46af8e2a4c917adb0204f5e>) = 0
renameat2(17</tmp/nia-publication-fault-7_6ur5fa/case/store/incoming>, "716bb465b46af8e2a4c917adb0204f5e", 16</tmp/nia-publication-fault-7_6ur5fa/case/store/objects/84>, "ff92691f909a05b224e1c56abb4864f01b4f8e3c854e4bb4c7baf1d3f6d652", RENAME_NOREPLACE) = -1 EEXIST (File exists)
pread64(16</tmp/nia-publication-fault-7_6ur5fa/case/store/objects/84/ff92691f909a05b224e1c56abb4864f01b4f8e3c854e4bb4c7baf1d3f6d652>, "\0\0\0\0\0\0\0\0\0\0\0\0\0\0\0\0\0\0\0\0\0\0\0\0\0\0\0\0\0\0\0\0\0\0\0\0\0\0\0\0\0\0\0\0\0\0\0\0\0\0\0\0\0\0\0\0\0\0\0\0\0\0\0\0\0\0\0\0\0\0\0\0\0\0\0\0\0\0\0\0\0\0\0\0\0\0\0\0\0\0\0\0\0\0\0\0"..., 65536, 0) = 10240
pread64(16</tmp/nia-publication-fault-7_6ur5fa/case/store/objects/84/ff92691f909a05b224e1c56abb4864f01b4f8e3c854e4bb4c7baf1d3f6d652>, "", 55296, 10240) = 0
pread64(16</tmp/nia-publication-fault-7_6ur5fa/case/store/objects/84/ff92691f909a05b224e1c56abb4864f01b4f8e3c854e4bb4c7baf1d3f6d652>, "", 65536, 10240) = 0
fsync(17</tmp/nia-publication-fault-7_6ur5fa/case/store/incoming>) = 0
pread64(3</tmp/nia-publication-fault-7_6ur5fa/case/store/objects/84/ff92691f909a05b224e1c56abb4864f01b4f8e3c854e4bb4c7baf1d3f6d652>, "\0\0\0\0\0\0\0\0\0\0\0\0\0\0\0\0\0\0\0\0\0\0\0\0\0\0\0\0\0\0\0\0\0\0\0\0\0\0\0\0\0\0\0\0\0\0\0\0\0\0\0\0\0\0\0\0\0\0\0\0\0\0\0\0\0\0\0\0\0\0\0\0\0\0\0\0\0\0\0\0\0\0\0\0\0\0\0\0\0\0\0\0\0\0\0\0"..., 65536, 0) = 10240
pread64(3</tmp/nia-publication-fault-7_6ur5fa/case/store/objects/84/ff92691f909a05b224e1c56abb4864f01b4f8e3c854e4bb4c7baf1d3f6d652>, "", 55296, 10240) = 0
pread64(3</tmp/nia-publication-fault-7_6ur5fa/case/store/objects/84/ff92691f909a05b224e1c56abb4864f01b4f8e3c854e4bb4c7baf1d3f6d652>, "", 65536, 10240) = 0
pread64(3</tmp/nia-publication-fault-7_6ur5fa/case/store/objects/84/ff92691f909a05b224e1c56abb4864f01b4f8e3c854e4bb4c7baf1d3f6d652>, "\0\0\0\0\0\0\0\0\0\0\0\0\0\0\0\0\0\0\0\0\0\0\0\0\0\0\0\0\0\0\0\0\0\0\0\0\0\0\0\0\0\0\0\0\0\0\0\0\0\0\0\0\0\0\0\0\0\0\0\0\0\0\0\0\0\0\0\0\0\0\0\0\0\0\0\0\0\0\0\0\0\0\0\0\0\0\0\0\0\0\0\0\0\0\0\0"..., 512, 0) = 512
pread64(3</tmp/nia-publication-fault-7_6ur5fa/case/store/objects/84/ff92691f909a05b224e1c56abb4864f01b4f8e3c854e4bb4c7baf1d3f6d652>, "\0\0\0\0\0\0\0\0\0\0\0\0\0\0\0\0\0\0\0\0\0\0\0\0\0\0\0\0\0\0\0\0\0\0\0\0\0\0\0\0\0\0\0\0\0\0\0\0\0\0\0\0\0\0\0\0\0\0\0\0\0\0\0\0\0\0\0\0\0\0\0\0\0\0\0\0\0\0\0\0\0\0\0\0\0\0\0\0\0\0\0\0\0\0\0\0"..., 9728, 512) = 9728
pread64(3</tmp/nia-publication-fault-7_6ur5fa/case/store/objects/0c/a179e6befeb761f3613f1ef57ca892ebc3a6a228dca32f1309f0ac06a7de7e>, "!<arch>\ndebian-binary/  0           0     0     100644  4         `\n2.0\ncontrol.tar/    0       "..., 65536, 0) = 20672
pread64(3</tmp/nia-publication-fault-7_6ur5fa/case/store/objects/0c/a179e6befeb761f3613f1ef57ca892ebc3a6a228dca32f1309f0ac06a7de7e>, "", 44864, 20672) = 0
pread64(3</tmp/nia-publication-fault-7_6ur5fa/case/store/objects/0c/a179e6befeb761f3613f1ef57ca892ebc3a6a228dca32f1309f0ac06a7de7e>, "", 65536, 20672) = 0
pread64(3</tmp/nia-publication-fault-7_6ur5fa/case/store/objects/0c/a179e6befeb761f3613f1ef57ca892ebc3a6a228dca32f1309f0ac06a7de7e>, "!<arch>\n", 8, 0) = 8
pread64(3</tmp/nia-publication-fault-7_6ur5fa/case/store/objects/0c/a179e6befeb761f3613f1ef57ca892ebc3a6a228dca32f1309f0ac06a7de7e>, "debian-binary/  0           0     0     100644  4         `\n", 60, 8) = 60
pread64(3</tmp/nia-publication-fault-7_6ur5fa/case/store/objects/0c/a179e6befeb761f3613f1ef57ca892ebc3a6a228dca32f1309f0ac06a7de7e>, "2.0\n", 4, 68) = 4
pread64(3</tmp/nia-publication-fault-7_6ur5fa/case/store/objects/0c/a179e6befeb761f3613f1ef57ca892ebc3a6a228dca32f1309f0ac06a7de7e>, "2.0\n", 4, 68) = 4
pread64(3</tmp/nia-publication-fault-7_6ur5fa/case/store/objects/0c/a179e6befeb761f3613f1ef57ca892ebc3a6a228dca32f1309f0ac06a7de7e>, "control.tar/    0           0     0     100644  10240     `\n", 60, 72) = 60
pread64(3</tmp/nia-publication-fault-7_6ur5fa/case/store/objects/0c/a179e6befeb761f3613f1ef57ca892ebc3a6a228dca32f1309f0ac06a7de7e>, "./control\0\0\0\0\0\0\0\0\0\0\0\0\0\0\0\0\0\0\0\0\0\0\0\0\0\0\0\0\0\0\0\0\0\0\0\0\0\0\0\0\0\0\0\0\0\0\0\0\0\0\0\0\0\0\0\0\0\0\0\0\0\0\0\0\0\0\0\0\0\0\0\0\0\0\0\0\0\0\0\0\0\0\0\0\0\0\0"..., 10240, 132) = 10240
pread64(3</tmp/nia-publication-fault-7_6ur5fa/case/store/objects/0c/a179e6befeb761f3613f1ef57ca892ebc3a6a228dca32f1309f0ac06a7de7e>, "data.tar/       0           0     0     100644  10240     `\n", 60, 10372) = 60
pread64(3</tmp/nia-publication-fault-7_6ur5fa/case/store/objects/0c/a179e6befeb761f3613f1ef57ca892ebc3a6a228dca32f1309f0ac06a7de7e>, "\0\0\0\0\0\0\0\0\0\0\0\0\0\0\0\0\0\0\0\0\0\0\0\0\0\0\0\0\0\0\0\0\0\0\0\0\0\0\0\0\0\0\0\0\0\0\0\0\0\0\0\0\0\0\0\0\0\0\0\0\0\0\0\0\0\0\0\0\0\0\0\0\0\0\0\0\0\0\0\0\0\0\0\0\0\0\0\0\0\0\0\0\0\0\0\0"..., 10240, 10432) = 10240
pread64(3</tmp/nia-publication-fault-7_6ur5fa/case/store/objects/0c/a179e6befeb761f3613f1ef57ca892ebc3a6a228dca32f1309f0ac06a7de7e>, "!<arch>\ndebian-binary/  0           0     0     100644  4         `\n2.0\ncontrol.tar/    0       "..., 65536, 0) = 20672
pread64(3</tmp/nia-publication-fault-7_6ur5fa/case/store/objects/0c/a179e6befeb761f3613f1ef57ca892ebc3a6a228dca32f1309f0ac06a7de7e>, "", 44864, 20672) = 0
pread64(3</tmp/nia-publication-fault-7_6ur5fa/case/store/objects/0c/a179e6befeb761f3613f1ef57ca892ebc3a6a228dca32f1309f0ac06a7de7e>, "", 65536, 20672) = 0
pread64(3</tmp/nia-publication-fault-7_6ur5fa/case/store/objects/0c/a179e6befeb761f3613f1ef57ca892ebc3a6a228dca32f1309f0ac06a7de7e>, "!<arch>\n", 8, 0) = 8
pread64(3</tmp/nia-publication-fault-7_6ur5fa/case/store/objects/0c/a179e6befeb761f3613f1ef57ca892ebc3a6a228dca32f1309f0ac06a7de7e>, "debian-binary/  0           0     0     100644  4         `\n", 60, 8) = 60
pread64(3</tmp/nia-publication-fault-7_6ur5fa/case/store/objects/0c/a179e6befeb761f3613f1ef57ca892ebc3a6a228dca32f1309f0ac06a7de7e>, "2.0\n", 4, 68) = 4
pread64(3</tmp/nia-publication-fault-7_6ur5fa/case/store/objects/0c/a179e6befeb761f3613f1ef57ca892ebc3a6a228dca32f1309f0ac06a7de7e>, "2.0\n", 4, 68) = 4
pread64(3</tmp/nia-publication-fault-7_6ur5fa/case/store/objects/0c/a179e6befeb761f3613f1ef57ca892ebc3a6a228dca32f1309f0ac06a7de7e>, "control.tar/    0           0     0     100644  10240     `\n", 60, 72) = 60
pread64(3</tmp/nia-publication-fault-7_6ur5fa/case/store/objects/0c/a179e6befeb761f3613f1ef57ca892ebc3a6a228dca32f1309f0ac06a7de7e>, "./control\0\0\0\0\0\0\0\0\0\0\0\0\0\0\0\0\0\0\0\0\0\0\0\0\0\0\0\0\0\0\0\0\0\0\0\0\0\0\0\0\0\0\0\0\0\0\0\0\0\0\0\0\0\0\0\0\0\0\0\0\0\0\0\0\0\0\0\0\0\0\0\0\0\0\0\0\0\0\0\0\0\0\0\0\0\0\0"..., 10240, 132) = 10240
pread64(3</tmp/nia-publication-fault-7_6ur5fa/case/store/objects/0c/a179e6befeb761f3613f1ef57ca892ebc3a6a228dca32f1309f0ac06a7de7e>, "data.tar/       0           0     0     100644  10240     `\n", 60, 10372) = 60
pread64(3</tmp/nia-publication-fault-7_6ur5fa/case/store/objects/0c/a179e6befeb761f3613f1ef57ca892ebc3a6a228dca32f1309f0ac06a7de7e>, "\0\0\0\0\0\0\0\0\0\0\0\0\0\0\0\0\0\0\0\0\0\0\0\0\0\0\0\0\0\0\0\0\0\0\0\0\0\0\0\0\0\0\0\0\0\0\0\0\0\0\0\0\0\0\0\0\0\0\0\0\0\0\0\0\0\0\0\0\0\0\0\0\0\0\0\0\0\0\0\0\0\0\0\0\0\0\0\0\0\0\0\0\0\0\0\0"..., 10240, 10432) = 10240
fsync(17</tmp/nia-publication-fault-7_6ur5fa/case/store/incoming>) = 0
pread64(3</tmp/nia-publication-fault-7_6ur5fa/case/store/objects/0c/a179e6befeb761f3613f1ef57ca892ebc3a6a228dca32f1309f0ac06a7de7e>, "./control\0\0\0\0\0\0\0\0\0\0\0\0\0\0\0\0\0\0\0\0\0\0\0\0\0\0\0\0\0\0\0\0\0\0\0\0\0\0\0\0\0\0\0\0\0\0\0\0\0\0\0\0\0\0\0\0\0\0\0\0\0\0\0\0\0\0\0\0\0\0\0\0\0\0\0\0\0\0\0\0\0\0\0\0\0\0\0"..., 10240, 132) = 10240
write(16</tmp/nia-publication-fault-7_6ur5fa/case/store/incoming/50965780464bed0986f2510a1aae76bc>, "./control\0\0\0\0\0\0\0\0\0\0\0\0\0\0\0\0\0\0\0\0\0\0\0\0\0\0\0\0\0\0\0\0\0\0\0\0\0\0\0\0\0\0\0\0\0\0\0\0\0\0\0\0\0\0\0\0\0\0\0\0\0\0\0\0\0\0\0\0\0\0\0\0\0\0\0\0\0\0\0\0\0\0\0\0\0\0\0"..., 10240) = 10240
fsync(16</tmp/nia-publication-fault-7_6ur5fa/case/store/incoming/50965780464bed0986f2510a1aae76bc>) = 0
renameat2(17</tmp/nia-publication-fault-7_6ur5fa/case/store/incoming>, "50965780464bed0986f2510a1aae76bc", 16</tmp/nia-publication-fault-7_6ur5fa/case/store/objects/4a>, "36f6eb7c1b236ab6cb28ddb882919e888bf393dfc00d93008ad6730697f8f7", RENAME_NOREPLACE) = -1 EEXIST (File exists)
pread64(16</tmp/nia-publication-fault-7_6ur5fa/case/store/objects/4a/36f6eb7c1b236ab6cb28ddb882919e888bf393dfc00d93008ad6730697f8f7>, "./control\0\0\0\0\0\0\0\0\0\0\0\0\0\0\0\0\0\0\0\0\0\0\0\0\0\0\0\0\0\0\0\0\0\0\0\0\0\0\0\0\0\0\0\0\0\0\0\0\0\0\0\0\0\0\0\0\0\0\0\0\0\0\0\0\0\0\0\0\0\0\0\0\0\0\0\0\0\0\0\0\0\0\0\0\0\0\0"..., 65536, 0) = 10240
pread64(16</tmp/nia-publication-fault-7_6ur5fa/case/store/objects/4a/36f6eb7c1b236ab6cb28ddb882919e888bf393dfc00d93008ad6730697f8f7>, "", 55296, 10240) = 0
pread64(16</tmp/nia-publication-fault-7_6ur5fa/case/store/objects/4a/36f6eb7c1b236ab6cb28ddb882919e888bf393dfc00d93008ad6730697f8f7>, "", 65536, 10240) = 0
fsync(17</tmp/nia-publication-fault-7_6ur5fa/case/store/incoming>) = 0
pread64(3</tmp/nia-publication-fault-7_6ur5fa/case/store/objects/4a/36f6eb7c1b236ab6cb28ddb882919e888bf393dfc00d93008ad6730697f8f7>, "./control\0\0\0\0\0\0\0\0\0\0\0\0\0\0\0\0\0\0\0\0\0\0\0\0\0\0\0\0\0\0\0\0\0\0\0\0\0\0\0\0\0\0\0\0\0\0\0\0\0\0\0\0\0\0\0\0\0\0\0\0\0\0\0\0\0\0\0\0\0\0\0\0\0\0\0\0\0\0\0\0\0\0\0\0\0\0\0"..., 65536, 0) = 10240
pread64(3</tmp/nia-publication-fault-7_6ur5fa/case/store/objects/4a/36f6eb7c1b236ab6cb28ddb882919e888bf393dfc00d93008ad6730697f8f7>, "", 55296, 10240) = 0
pread64(3</tmp/nia-publication-fault-7_6ur5fa/case/store/objects/4a/36f6eb7c1b236ab6cb28ddb882919e888bf393dfc00d93008ad6730697f8f7>, "", 65536, 10240) = 0
pread64(3</tmp/nia-publication-fault-7_6ur5fa/case/store/objects/4a/36f6eb7c1b236ab6cb28ddb882919e888bf393dfc00d93008ad6730697f8f7>, "./control\0\0\0\0\0\0\0\0\0\0\0\0\0\0\0\0\0\0\0\0\0\0\0\0\0\0\0\0\0\0\0\0\0\0\0\0\0\0\0\0\0\0\0\0\0\0\0\0\0\0\0\0\0\0\0\0\0\0\0\0\0\0\0\0\0\0\0\0\0\0\0\0\0\0\0\0\0\0\0\0\0\0\0\0\0\0\0"..., 10240, 0) = 10240
fsync(17</tmp/nia-publication-fault-7_6ur5fa/case/store/incoming>) = 0
write(16</tmp/nia-publication-fault-7_6ur5fa/case/store/incoming/e385e7e4b04346b0cbd5cb6f11b7bb79>, "Package: empty-package\nVersion: 1\nArchitecture: all\nMaintainer: Fixture <fixture@example.invalid"..., 149) = 149
fsync(16</tmp/nia-publication-fault-7_6ur5fa/case/store/incoming/e385e7e4b04346b0cbd5cb6f11b7bb79>) = 0
renameat2(17</tmp/nia-publication-fault-7_6ur5fa/case/store/incoming>, "e385e7e4b04346b0cbd5cb6f11b7bb79", 16</tmp/nia-publication-fault-7_6ur5fa/case/store/objects/a3>, "1a856f430af395bccd7eb2f142b11ad3ae0fc5daf3acc4ffb341c48a5abd39", RENAME_NOREPLACE) = -1 EEXIST (File exists)
pread64(16</tmp/nia-publication-fault-7_6ur5fa/case/store/objects/a3/1a856f430af395bccd7eb2f142b11ad3ae0fc5daf3acc4ffb341c48a5abd39>, "Package: empty-package\nVersion: 1\nArchitecture: all\nMaintainer: Fixture <fixture@example.invalid"..., 65536, 0) = 149
pread64(16</tmp/nia-publication-fault-7_6ur5fa/case/store/objects/a3/1a856f430af395bccd7eb2f142b11ad3ae0fc5daf3acc4ffb341c48a5abd39>, "", 65387, 149) = 0
pread64(16</tmp/nia-publication-fault-7_6ur5fa/case/store/objects/a3/1a856f430af395bccd7eb2f142b11ad3ae0fc5daf3acc4ffb341c48a5abd39>, "", 65536, 149) = 0
fsync(17</tmp/nia-publication-fault-7_6ur5fa/case/store/incoming>) = 0
pread64(3</tmp/nia-publication-fault-7_6ur5fa/case/store/objects/a3/1a856f430af395bccd7eb2f142b11ad3ae0fc5daf3acc4ffb341c48a5abd39>, "Package: empty-package\nVersion: 1\nArchitecture: all\nMaintainer: Fixture <fixture@example.invalid"..., 65536, 0) = 149
pread64(3</tmp/nia-publication-fault-7_6ur5fa/case/store/objects/a3/1a856f430af395bccd7eb2f142b11ad3ae0fc5daf3acc4ffb341c48a5abd39>, "", 65387, 149) = 0
pread64(3</tmp/nia-publication-fault-7_6ur5fa/case/store/objects/a3/1a856f430af395bccd7eb2f142b11ad3ae0fc5daf3acc4ffb341c48a5abd39>, "", 65536, 149) = 0
pread64(3</tmp/nia-publication-fault-7_6ur5fa/case/store/objects/a3/1a856f430af395bccd7eb2f142b11ad3ae0fc5daf3acc4ffb341c48a5abd39>, "Package: empty-package\nVersion: 1\nArchitecture: all\nMaintainer: Fixture <fixture@example.invalid"..., 16777216, 0) = 149
pread64(3</tmp/nia-publication-fault-7_6ur5fa/case/store/objects/a3/1a856f430af395bccd7eb2f142b11ad3ae0fc5daf3acc4ffb341c48a5abd39>, "", 16777067, 149) = 0
pread64(3</tmp/nia-publication-fault-7_6ur5fa/case/store/objects/a3/1a856f430af395bccd7eb2f142b11ad3ae0fc5daf3acc4ffb341c48a5abd39>, "Package: empty-package\nVersion: 1\nArchitecture: all\nMaintainer: Fixture <fixture@example.invalid"..., 65536, 0) = 149
pread64(3</tmp/nia-publication-fault-7_6ur5fa/case/store/objects/a3/1a856f430af395bccd7eb2f142b11ad3ae0fc5daf3acc4ffb341c48a5abd39>, "", 65387, 149) = 0
pread64(3</tmp/nia-publication-fault-7_6ur5fa/case/store/objects/a3/1a856f430af395bccd7eb2f142b11ad3ae0fc5daf3acc4ffb341c48a5abd39>, "", 65536, 149) = 0
pread64(3</tmp/nia-publication-fault-7_6ur5fa/case/store/objects/a3/1a856f430af395bccd7eb2f142b11ad3ae0fc5daf3acc4ffb341c48a5abd39>, "Package: empty-package\nVersion: 1\nArchitecture: all\nMaintainer: Fixture <fixture@example.invalid"..., 16777216, 0) = 149
pread64(3</tmp/nia-publication-fault-7_6ur5fa/case/store/objects/a3/1a856f430af395bccd7eb2f142b11ad3ae0fc5daf3acc4ffb341c48a5abd39>, "", 16777067, 149) = 0
pread64(3</tmp/nia-publication-fault-7_6ur5fa/case/store/objects/0c/a179e6befeb761f3613f1ef57ca892ebc3a6a228dca32f1309f0ac06a7de7e>, "!<arch>\ndebian-binary/  0           0     0     100644  4         `\n2.0\ncontrol.tar/    0       "..., 65536, 0) = 20672
pread64(3</tmp/nia-publication-fault-7_6ur5fa/case/store/objects/0c/a179e6befeb761f3613f1ef57ca892ebc3a6a228dca32f1309f0ac06a7de7e>, "", 44864, 20672) = 0
pread64(3</tmp/nia-publication-fault-7_6ur5fa/case/store/objects/0c/a179e6befeb761f3613f1ef57ca892ebc3a6a228dca32f1309f0ac06a7de7e>, "", 65536, 20672) = 0
pread64(3</tmp/nia-publication-fault-7_6ur5fa/case/store/objects/0c/a179e6befeb761f3613f1ef57ca892ebc3a6a228dca32f1309f0ac06a7de7e>, "!<arch>\n", 8, 0) = 8
pread64(3</tmp/nia-publication-fault-7_6ur5fa/case/store/objects/0c/a179e6befeb761f3613f1ef57ca892ebc3a6a228dca32f1309f0ac06a7de7e>, "debian-binary/  0           0     0     100644  4         `\n", 60, 8) = 60
pread64(3</tmp/nia-publication-fault-7_6ur5fa/case/store/objects/0c/a179e6befeb761f3613f1ef57ca892ebc3a6a228dca32f1309f0ac06a7de7e>, "2.0\n", 4, 68) = 4
pread64(3</tmp/nia-publication-fault-7_6ur5fa/case/store/objects/0c/a179e6befeb761f3613f1ef57ca892ebc3a6a228dca32f1309f0ac06a7de7e>, "2.0\n", 4, 68) = 4
pread64(3</tmp/nia-publication-fault-7_6ur5fa/case/store/objects/0c/a179e6befeb761f3613f1ef57ca892ebc3a6a228dca32f1309f0ac06a7de7e>, "control.tar/    0           0     0     100644  10240     `\n", 60, 72) = 60
pread64(3</tmp/nia-publication-fault-7_6ur5fa/case/store/objects/0c/a179e6befeb761f3613f1ef57ca892ebc3a6a228dca32f1309f0ac06a7de7e>, "./control\0\0\0\0\0\0\0\0\0\0\0\0\0\0\0\0\0\0\0\0\0\0\0\0\0\0\0\0\0\0\0\0\0\0\0\0\0\0\0\0\0\0\0\0\0\0\0\0\0\0\0\0\0\0\0\0\0\0\0\0\0\0\0\0\0\0\0\0\0\0\0\0\0\0\0\0\0\0\0\0\0\0\0\0\0\0\0"..., 10240, 132) = 10240
pread64(3</tmp/nia-publication-fault-7_6ur5fa/case/store/objects/0c/a179e6befeb761f3613f1ef57ca892ebc3a6a228dca32f1309f0ac06a7de7e>, "data.tar/       0           0     0     100644  10240     `\n", 60, 10372) = 60
pread64(3</tmp/nia-publication-fault-7_6ur5fa/case/store/objects/0c/a179e6befeb761f3613f1ef57ca892ebc3a6a228dca32f1309f0ac06a7de7e>, "\0\0\0\0\0\0\0\0\0\0\0\0\0\0\0\0\0\0\0\0\0\0\0\0\0\0\0\0\0\0\0\0\0\0\0\0\0\0\0\0\0\0\0\0\0\0\0\0\0\0\0\0\0\0\0\0\0\0\0\0\0\0\0\0\0\0\0\0\0\0\0\0\0\0\0\0\0\0\0\0\0\0\0\0\0\0\0\0\0\0\0\0\0\0\0\0"..., 10240, 10432) = 10240
pread64(3</tmp/nia-publication-fault-7_6ur5fa/case/store/objects/0c/a179e6befeb761f3613f1ef57ca892ebc3a6a228dca32f1309f0ac06a7de7e>, "!<arch>\ndebian-binary/  0           0     0     100644  4         `\n2.0\ncontrol.tar/    0       "..., 65536, 0) = 20672
pread64(3</tmp/nia-publication-fault-7_6ur5fa/case/store/objects/0c/a179e6befeb761f3613f1ef57ca892ebc3a6a228dca32f1309f0ac06a7de7e>, "", 44864, 20672) = 0
pread64(3</tmp/nia-publication-fault-7_6ur5fa/case/store/objects/0c/a179e6befeb761f3613f1ef57ca892ebc3a6a228dca32f1309f0ac06a7de7e>, "", 65536, 20672) = 0
pread64(3</tmp/nia-publication-fault-7_6ur5fa/case/store/objects/0c/a179e6befeb761f3613f1ef57ca892ebc3a6a228dca32f1309f0ac06a7de7e>, "!<arch>\n", 8, 0) = 8
pread64(3</tmp/nia-publication-fault-7_6ur5fa/case/store/objects/0c/a179e6befeb761f3613f1ef57ca892ebc3a6a228dca32f1309f0ac06a7de7e>, "debian-binary/  0           0     0     100644  4         `\n", 60, 8) = 60
pread64(3</tmp/nia-publication-fault-7_6ur5fa/case/store/objects/0c/a179e6befeb761f3613f1ef57ca892ebc3a6a228dca32f1309f0ac06a7de7e>, "2.0\n", 4, 68) = 4
pread64(3</tmp/nia-publication-fault-7_6ur5fa/case/store/objects/0c/a179e6befeb761f3613f1ef57ca892ebc3a6a228dca32f1309f0ac06a7de7e>, "2.0\n", 4, 68) = 4
pread64(3</tmp/nia-publication-fault-7_6ur5fa/case/store/objects/0c/a179e6befeb761f3613f1ef57ca892ebc3a6a228dca32f1309f0ac06a7de7e>, "control.tar/    0           0     0     100644  10240     `\n", 60, 72) = 60
pread64(3</tmp/nia-publication-fault-7_6ur5fa/case/store/objects/0c/a179e6befeb761f3613f1ef57ca892ebc3a6a228dca32f1309f0ac06a7de7e>, "./control\0\0\0\0\0\0\0\0\0\0\0\0\0\0\0\0\0\0\0\0\0\0\0\0\0\0\0\0\0\0\0\0\0\0\0\0\0\0\0\0\0\0\0\0\0\0\0\0\0\0\0\0\0\0\0\0\0\0\0\0\0\0\0\0\0\0\0\0\0\0\0\0\0\0\0\0\0\0\0\0\0\0\0\0\0\0\0"..., 10240, 132) = 10240
pread64(3</tmp/nia-publication-fault-7_6ur5fa/case/store/objects/0c/a179e6befeb761f3613f1ef57ca892ebc3a6a228dca32f1309f0ac06a7de7e>, "data.tar/       0           0     0     100644  10240     `\n", 60, 10372) = 60
pread64(3</tmp/nia-publication-fault-7_6ur5fa/case/store/objects/0c/a179e6befeb761f3613f1ef57ca892ebc3a6a228dca32f1309f0ac06a7de7e>, "\0\0\0\0\0\0\0\0\0\0\0\0\0\0\0\0\0\0\0\0\0\0\0\0\0\0\0\0\0\0\0\0\0\0\0\0\0\0\0\0\0\0\0\0\0\0\0\0\0\0\0\0\0\0\0\0\0\0\0\0\0\0\0\0\0\0\0\0\0\0\0\0\0\0\0\0\0\0\0\0\0\0\0\0\0\0\0\0\0\0\0\0\0\0\0\0"..., 10240, 10432) = 10240
fsync(17</tmp/nia-publication-fault-7_6ur5fa/case/store/incoming>) = 0
pread64(3</tmp/nia-publication-fault-7_6ur5fa/case/store/objects/0c/a179e6befeb761f3613f1ef57ca892ebc3a6a228dca32f1309f0ac06a7de7e>, "./control\0\0\0\0\0\0\0\0\0\0\0\0\0\0\0\0\0\0\0\0\0\0\0\0\0\0\0\0\0\0\0\0\0\0\0\0\0\0\0\0\0\0\0\0\0\0\0\0\0\0\0\0\0\0\0\0\0\0\0\0\0\0\0\0\0\0\0\0\0\0\0\0\0\0\0\0\0\0\0\0\0\0\0\0\0\0\0"..., 10240, 132) = 10240
write(16</tmp/nia-publication-fault-7_6ur5fa/case/store/incoming/74eb5fd4b28140eb6793f1e1bb86d7f9>, "./control\0\0\0\0\0\0\0\0\0\0\0\0\0\0\0\0\0\0\0\0\0\0\0\0\0\0\0\0\0\0\0\0\0\0\0\0\0\0\0\0\0\0\0\0\0\0\0\0\0\0\0\0\0\0\0\0\0\0\0\0\0\0\0\0\0\0\0\0\0\0\0\0\0\0\0\0\0\0\0\0\0\0\0\0\0\0\0"..., 10240) = 10240
fsync(16</tmp/nia-publication-fault-7_6ur5fa/case/store/incoming/74eb5fd4b28140eb6793f1e1bb86d7f9>) = 0
renameat2(17</tmp/nia-publication-fault-7_6ur5fa/case/store/incoming>, "74eb5fd4b28140eb6793f1e1bb86d7f9", 16</tmp/nia-publication-fault-7_6ur5fa/case/store/objects/4a>, "36f6eb7c1b236ab6cb28ddb882919e888bf393dfc00d93008ad6730697f8f7", RENAME_NOREPLACE) = -1 EEXIST (File exists)
pread64(16</tmp/nia-publication-fault-7_6ur5fa/case/store/objects/4a/36f6eb7c1b236ab6cb28ddb882919e888bf393dfc00d93008ad6730697f8f7>, "./control\0\0\0\0\0\0\0\0\0\0\0\0\0\0\0\0\0\0\0\0\0\0\0\0\0\0\0\0\0\0\0\0\0\0\0\0\0\0\0\0\0\0\0\0\0\0\0\0\0\0\0\0\0\0\0\0\0\0\0\0\0\0\0\0\0\0\0\0\0\0\0\0\0\0\0\0\0\0\0\0\0\0\0\0\0\0\0"..., 65536, 0) = 10240
pread64(16</tmp/nia-publication-fault-7_6ur5fa/case/store/objects/4a/36f6eb7c1b236ab6cb28ddb882919e888bf393dfc00d93008ad6730697f8f7>, "", 55296, 10240) = 0
pread64(16</tmp/nia-publication-fault-7_6ur5fa/case/store/objects/4a/36f6eb7c1b236ab6cb28ddb882919e888bf393dfc00d93008ad6730697f8f7>, "", 65536, 10240) = 0
fsync(17</tmp/nia-publication-fault-7_6ur5fa/case/store/incoming>) = 0
pread64(3</tmp/nia-publication-fault-7_6ur5fa/case/store/objects/4a/36f6eb7c1b236ab6cb28ddb882919e888bf393dfc00d93008ad6730697f8f7>, "./control\0\0\0\0\0\0\0\0\0\0\0\0\0\0\0\0\0\0\0\0\0\0\0\0\0\0\0\0\0\0\0\0\0\0\0\0\0\0\0\0\0\0\0\0\0\0\0\0\0\0\0\0\0\0\0\0\0\0\0\0\0\0\0\0\0\0\0\0\0\0\0\0\0\0\0\0\0\0\0\0\0\0\0\0\0\0\0"..., 65536, 0) = 10240
pread64(3</tmp/nia-publication-fault-7_6ur5fa/case/store/objects/4a/36f6eb7c1b236ab6cb28ddb882919e888bf393dfc00d93008ad6730697f8f7>, "", 55296, 10240) = 0
pread64(3</tmp/nia-publication-fault-7_6ur5fa/case/store/objects/4a/36f6eb7c1b236ab6cb28ddb882919e888bf393dfc00d93008ad6730697f8f7>, "", 65536, 10240) = 0
pread64(3</tmp/nia-publication-fault-7_6ur5fa/case/store/objects/4a/36f6eb7c1b236ab6cb28ddb882919e888bf393dfc00d93008ad6730697f8f7>, "./control\0\0\0\0\0\0\0\0\0\0\0\0\0\0\0\0\0\0\0\0\0\0\0\0\0\0\0\0\0\0\0\0\0\0\0\0\0\0\0\0\0\0\0\0\0\0\0\0\0\0\0\0\0\0\0\0\0\0\0\0\0\0\0\0\0\0\0\0\0\0\0\0\0\0\0\0\0\0\0\0\0\0\0\0\0\0\0"..., 10240, 0) = 10240
fsync(17</tmp/nia-publication-fault-7_6ur5fa/case/store/incoming>) = 0
write(16</tmp/nia-publication-fault-7_6ur5fa/case/store/incoming/70d7d84c3ae86cd9e664b7be12884fe6>, "Package: empty-package\nVersion: 1\nArchitecture: all\nMaintainer: Fixture <fixture@example.invalid"..., 149) = 149
fsync(16</tmp/nia-publication-fault-7_6ur5fa/case/store/incoming/70d7d84c3ae86cd9e664b7be12884fe6>) = 0
renameat2(17</tmp/nia-publication-fault-7_6ur5fa/case/store/incoming>, "70d7d84c3ae86cd9e664b7be12884fe6", 16</tmp/nia-publication-fault-7_6ur5fa/case/store/objects/a3>, "1a856f430af395bccd7eb2f142b11ad3ae0fc5daf3acc4ffb341c48a5abd39", RENAME_NOREPLACE) = -1 EEXIST (File exists)
pread64(16</tmp/nia-publication-fault-7_6ur5fa/case/store/objects/a3/1a856f430af395bccd7eb2f142b11ad3ae0fc5daf3acc4ffb341c48a5abd39>, "Package: empty-package\nVersion: 1\nArchitecture: all\nMaintainer: Fixture <fixture@example.invalid"..., 65536, 0) = 149
pread64(16</tmp/nia-publication-fault-7_6ur5fa/case/store/objects/a3/1a856f430af395bccd7eb2f142b11ad3ae0fc5daf3acc4ffb341c48a5abd39>, "", 65387, 149) = 0
pread64(16</tmp/nia-publication-fault-7_6ur5fa/case/store/objects/a3/1a856f430af395bccd7eb2f142b11ad3ae0fc5daf3acc4ffb341c48a5abd39>, "", 65536, 149) = 0
fsync(17</tmp/nia-publication-fault-7_6ur5fa/case/store/incoming>) = 0
pread64(3</tmp/nia-publication-fault-7_6ur5fa/case/store/objects/0c/a179e6befeb761f3613f1ef57ca892ebc3a6a228dca32f1309f0ac06a7de7e>, "!<arch>\ndebian-binary/  0           0     0     100644  4         `\n2.0\ncontrol.tar/    0       "..., 65536, 0) = 20672
pread64(3</tmp/nia-publication-fault-7_6ur5fa/case/store/objects/0c/a179e6befeb761f3613f1ef57ca892ebc3a6a228dca32f1309f0ac06a7de7e>, "", 44864, 20672) = 0
pread64(3</tmp/nia-publication-fault-7_6ur5fa/case/store/objects/0c/a179e6befeb761f3613f1ef57ca892ebc3a6a228dca32f1309f0ac06a7de7e>, "", 65536, 20672) = 0
pread64(3</tmp/nia-publication-fault-7_6ur5fa/case/store/objects/4a/36f6eb7c1b236ab6cb28ddb882919e888bf393dfc00d93008ad6730697f8f7>, "./control\0\0\0\0\0\0\0\0\0\0\0\0\0\0\0\0\0\0\0\0\0\0\0\0\0\0\0\0\0\0\0\0\0\0\0\0\0\0\0\0\0\0\0\0\0\0\0\0\0\0\0\0\0\0\0\0\0\0\0\0\0\0\0\0\0\0\0\0\0\0\0\0\0\0\0\0\0\0\0\0\0\0\0\0\0\0\0"..., 65536, 0) = 10240
pread64(3</tmp/nia-publication-fault-7_6ur5fa/case/store/objects/4a/36f6eb7c1b236ab6cb28ddb882919e888bf393dfc00d93008ad6730697f8f7>, "", 55296, 10240) = 0
pread64(3</tmp/nia-publication-fault-7_6ur5fa/case/store/objects/4a/36f6eb7c1b236ab6cb28ddb882919e888bf393dfc00d93008ad6730697f8f7>, "", 65536, 10240) = 0
pread64(3</tmp/nia-publication-fault-7_6ur5fa/case/store/objects/84/ff92691f909a05b224e1c56abb4864f01b4f8e3c854e4bb4c7baf1d3f6d652>, "\0\0\0\0\0\0\0\0\0\0\0\0\0\0\0\0\0\0\0\0\0\0\0\0\0\0\0\0\0\0\0\0\0\0\0\0\0\0\0\0\0\0\0\0\0\0\0\0\0\0\0\0\0\0\0\0\0\0\0\0\0\0\0\0\0\0\0\0\0\0\0\0\0\0\0\0\0\0\0\0\0\0\0\0\0\0\0\0\0\0\0\0\0\0\0\0"..., 65536, 0) = 10240
pread64(3</tmp/nia-publication-fault-7_6ur5fa/case/store/objects/84/ff92691f909a05b224e1c56abb4864f01b4f8e3c854e4bb4c7baf1d3f6d652>, "", 55296, 10240) = 0
pread64(3</tmp/nia-publication-fault-7_6ur5fa/case/store/objects/84/ff92691f909a05b224e1c56abb4864f01b4f8e3c854e4bb4c7baf1d3f6d652>, "", 65536, 10240) = 0
pread64(3</tmp/nia-publication-fault-7_6ur5fa/case/store/objects/8e/e688345e1d9502ee8cd7277a453c30bfb77b947201beb3300e9df2b8ca321d>, "\0\0\0\0\0\0\0\10NIACSEL1\273\343\341b6\331$M\267\345\300\262\251\302\306\27f\270\251!\330\260\227\374\323p\347\177\25.\3311\0\0\0\0\0\0\0\1\f\241y\346\276\376\267a\363a?\36\365|\250\222\353\303\246\242(\334\243/\23\t\360\254\6\247\336~J6\366\353|\33#j"..., 65536, 0) = 152
pread64(3</tmp/nia-publication-fault-7_6ur5fa/case/store/objects/8e/e688345e1d9502ee8cd7277a453c30bfb77b947201beb3300e9df2b8ca321d>, "", 65384, 152) = 0
pread64(3</tmp/nia-publication-fault-7_6ur5fa/case/store/objects/8e/e688345e1d9502ee8cd7277a453c30bfb77b947201beb3300e9df2b8ca321d>, "", 65536, 152) = 0
pread64(3</tmp/nia-publication-fault-7_6ur5fa/case/store/objects/a3/1a856f430af395bccd7eb2f142b11ad3ae0fc5daf3acc4ffb341c48a5abd39>, "Package: empty-package\nVersion: 1\nArchitecture: all\nMaintainer: Fixture <fixture@example.invalid"..., 65536, 0) = 149
pread64(3</tmp/nia-publication-fault-7_6ur5fa/case/store/objects/a3/1a856f430af395bccd7eb2f142b11ad3ae0fc5daf3acc4ffb341c48a5abd39>, "", 65387, 149) = 0
pread64(3</tmp/nia-publication-fault-7_6ur5fa/case/store/objects/a3/1a856f430af395bccd7eb2f142b11ad3ae0fc5daf3acc4ffb341c48a5abd39>, "", 65536, 149) = 0
fsync(16</tmp/nia-publication-fault-7_6ur5fa/case/store/incoming>) = 0
write(3</tmp/nia-publication-fault-7_6ur5fa/case/store/incoming/6b9a10354654fa4a9bdf149c559dd2fb>, "NIACLOS1\216\346\2104^\35\225\2\356\214\327'zE<0\277\267{\224r\1\276\2630\16\235\362\270\3122\35\273\343\341b6\331$M\267\345\300\262\251\302\306\27f\270\251!\330\260\227\374\323p\347\177\25.\3311\0\0\0\0\0\0\0\5", 80) = 80
write(3</tmp/nia-publication-fault-7_6ur5fa/case/store/incoming/6b9a10354654fa4a9bdf149c559dd2fb>, "\f\241y\346\276\376\267a\363a?\36\365|\250\222\353\303\246\242(\334\243/\23\t\360\254\6\247\336~", 32) = 32
write(3</tmp/nia-publication-fault-7_6ur5fa/case/store/incoming/6b9a10354654fa4a9bdf149c559dd2fb>, "J6\366\353|\33#j\266\313(\335\270\202\221\236\210\213\363\223\337\300\r\223\0\212\326s\6\227\370\367", 32) = 32
write(3</tmp/nia-publication-fault-7_6ur5fa/case/store/incoming/6b9a10354654fa4a9bdf149c559dd2fb>, "\204\377\222i\37\220\232\5\262$\341\305j\273Hd\360\33O\216<\205NK\264\307\272\361\323\366\326R", 32) = 32
write(3</tmp/nia-publication-fault-7_6ur5fa/case/store/incoming/6b9a10354654fa4a9bdf149c559dd2fb>, "\216\346\2104^\35\225\2\356\214\327'zE<0\277\267{\224r\1\276\2630\16\235\362\270\3122\35", 32) = 32
write(3</tmp/nia-publication-fault-7_6ur5fa/case/store/incoming/6b9a10354654fa4a9bdf149c559dd2fb>, "\243\32\205oC\n\363\225\274\315~\262\361B\261\32\323\256\17\305\332\363\254\304\377\263A\304\212Z\2759", 32) = 32
fsync(3</tmp/nia-publication-fault-7_6ur5fa/case/store/incoming/6b9a10354654fa4a9bdf149c559dd2fb>) = 0
renameat2(16</tmp/nia-publication-fault-7_6ur5fa/case/store/incoming>, "6b9a10354654fa4a9bdf149c559dd2fb", 3</tmp/nia-publication-fault-7_6ur5fa/case/store/objects/32>, "094e7c613fdb6dffb1f27d926b176f7fd8946b8c2cf3ca9e3b95cb91a1a8ca", RENAME_NOREPLACE) = -1 EEXIST (File exists)
pread64(3</tmp/nia-publication-fault-7_6ur5fa/case/store/objects/32/094e7c613fdb6dffb1f27d926b176f7fd8946b8c2cf3ca9e3b95cb91a1a8ca>, "NIACLOS1\216\346\2104^\35\225\2\356\214\327'zE<0\277\267{\224r\1\276\2630\16\235\362\270\3122\35\273\343\341b6\331$M\267\345\300\262\251\302\306\27f\270\251!\330\260\227\374\323p\347\177\25.\3311\0\0\0\0\0\0\0\5\f\241y\346\276\376\267a\363a?\36\365|\250\222"..., 65536, 0) = 240
pread64(3</tmp/nia-publication-fault-7_6ur5fa/case/store/objects/32/094e7c613fdb6dffb1f27d926b176f7fd8946b8c2cf3ca9e3b95cb91a1a8ca>, "", 65296, 240) = 0
pread64(3</tmp/nia-publication-fault-7_6ur5fa/case/store/objects/32/094e7c613fdb6dffb1f27d926b176f7fd8946b8c2cf3ca9e3b95cb91a1a8ca>, "", 65536, 240) = 0
fsync(16</tmp/nia-publication-fault-7_6ur5fa/case/store/incoming>) = 0
pread64(3</tmp/nia-publication-fault-7_6ur5fa/case/store/objects/8e/e688345e1d9502ee8cd7277a453c30bfb77b947201beb3300e9df2b8ca321d>, "\0\0\0\0\0\0\0\10NIACSEL1\273\343\341b6\331$M\267\345\300\262\251\302\306\27f\270\251!\330\260\227\374\323p\347\177\25.\3311\0\0\0\0\0\0\0\1\f\241y\346\276\376\267a\363a?\36\365|\250\222\353\303\246\242(\334\243/\23\t\360\254\6\247\336~J6\366\353|\33#j"..., 65536, 0) = 152
pread64(3</tmp/nia-publication-fault-7_6ur5fa/case/store/objects/8e/e688345e1d9502ee8cd7277a453c30bfb77b947201beb3300e9df2b8ca321d>, "", 65384, 152) = 0
pread64(3</tmp/nia-publication-fault-7_6ur5fa/case/store/objects/8e/e688345e1d9502ee8cd7277a453c30bfb77b947201beb3300e9df2b8ca321d>, "", 65536, 152) = 0
pread64(3</tmp/nia-publication-fault-7_6ur5fa/case/store/objects/8e/e688345e1d9502ee8cd7277a453c30bfb77b947201beb3300e9df2b8ca321d>, "\0\0\0\0\0\0\0\10NIACSEL1\273\343\341b6\331$M\267\345\300\262\251\302\306\27f\270\251!\330\260\227\374\323p\347\177\25.\3311\0\0\0\0\0\0\0\1\f\241y\346\276\376\267a\363a?\36\365|\250\222\353\303\246\242(\334\243/\23\t\360\254\6\247\336~J6\366\353|\33#j"..., 393272, 0) = 152
pread64(3</tmp/nia-publication-fault-7_6ur5fa/case/store/objects/8e/e688345e1d9502ee8cd7277a453c30bfb77b947201beb3300e9df2b8ca321d>, "", 393120, 152) = 0
pread64(3</tmp/nia-publication-fault-7_6ur5fa/case/store/objects/0c/a179e6befeb761f3613f1ef57ca892ebc3a6a228dca32f1309f0ac06a7de7e>, "!<arch>\ndebian-binary/  0           0     0     100644  4         `\n2.0\ncontrol.tar/    0       "..., 65536, 0) = 20672
pread64(3</tmp/nia-publication-fault-7_6ur5fa/case/store/objects/0c/a179e6befeb761f3613f1ef57ca892ebc3a6a228dca32f1309f0ac06a7de7e>, "", 44864, 20672) = 0
pread64(3</tmp/nia-publication-fault-7_6ur5fa/case/store/objects/0c/a179e6befeb761f3613f1ef57ca892ebc3a6a228dca32f1309f0ac06a7de7e>, "", 65536, 20672) = 0
pread64(3</tmp/nia-publication-fault-7_6ur5fa/case/store/objects/0c/a179e6befeb761f3613f1ef57ca892ebc3a6a228dca32f1309f0ac06a7de7e>, "!<arch>\n", 8, 0) = 8
pread64(3</tmp/nia-publication-fault-7_6ur5fa/case/store/objects/0c/a179e6befeb761f3613f1ef57ca892ebc3a6a228dca32f1309f0ac06a7de7e>, "debian-binary/  0           0     0     100644  4         `\n", 60, 8) = 60
pread64(3</tmp/nia-publication-fault-7_6ur5fa/case/store/objects/0c/a179e6befeb761f3613f1ef57ca892ebc3a6a228dca32f1309f0ac06a7de7e>, "2.0\n", 4, 68) = 4
pread64(3</tmp/nia-publication-fault-7_6ur5fa/case/store/objects/0c/a179e6befeb761f3613f1ef57ca892ebc3a6a228dca32f1309f0ac06a7de7e>, "2.0\n", 4, 68) = 4
pread64(3</tmp/nia-publication-fault-7_6ur5fa/case/store/objects/0c/a179e6befeb761f3613f1ef57ca892ebc3a6a228dca32f1309f0ac06a7de7e>, "control.tar/    0           0     0     100644  10240     `\n", 60, 72) = 60
pread64(3</tmp/nia-publication-fault-7_6ur5fa/case/store/objects/0c/a179e6befeb761f3613f1ef57ca892ebc3a6a228dca32f1309f0ac06a7de7e>, "./control\0\0\0\0\0\0\0\0\0\0\0\0\0\0\0\0\0\0\0\0\0\0\0\0\0\0\0\0\0\0\0\0\0\0\0\0\0\0\0\0\0\0\0\0\0\0\0\0\0\0\0\0\0\0\0\0\0\0\0\0\0\0\0\0\0\0\0\0\0\0\0\0\0\0\0\0\0\0\0\0\0\0\0\0\0\0\0"..., 10240, 132) = 10240
pread64(3</tmp/nia-publication-fault-7_6ur5fa/case/store/objects/0c/a179e6befeb761f3613f1ef57ca892ebc3a6a228dca32f1309f0ac06a7de7e>, "data.tar/       0           0     0     100644  10240     `\n", 60, 10372) = 60
pread64(3</tmp/nia-publication-fault-7_6ur5fa/case/store/objects/0c/a179e6befeb761f3613f1ef57ca892ebc3a6a228dca32f1309f0ac06a7de7e>, "\0\0\0\0\0\0\0\0\0\0\0\0\0\0\0\0\0\0\0\0\0\0\0\0\0\0\0\0\0\0\0\0\0\0\0\0\0\0\0\0\0\0\0\0\0\0\0\0\0\0\0\0\0\0\0\0\0\0\0\0\0\0\0\0\0\0\0\0\0\0\0\0\0\0\0\0\0\0\0\0\0\0\0\0\0\0\0\0\0\0\0\0\0\0\0\0"..., 10240, 10432) = 10240
pread64(3</tmp/nia-publication-fault-7_6ur5fa/case/store/objects/0c/a179e6befeb761f3613f1ef57ca892ebc3a6a228dca32f1309f0ac06a7de7e>, "!<arch>\ndebian-binary/  0           0     0     100644  4         `\n2.0\ncontrol.tar/    0       "..., 65536, 0) = 20672
pread64(3</tmp/nia-publication-fault-7_6ur5fa/case/store/objects/0c/a179e6befeb761f3613f1ef57ca892ebc3a6a228dca32f1309f0ac06a7de7e>, "", 44864, 20672) = 0
pread64(3</tmp/nia-publication-fault-7_6ur5fa/case/store/objects/0c/a179e6befeb761f3613f1ef57ca892ebc3a6a228dca32f1309f0ac06a7de7e>, "", 65536, 20672) = 0
pread64(3</tmp/nia-publication-fault-7_6ur5fa/case/store/objects/0c/a179e6befeb761f3613f1ef57ca892ebc3a6a228dca32f1309f0ac06a7de7e>, "!<arch>\n", 8, 0) = 8
pread64(3</tmp/nia-publication-fault-7_6ur5fa/case/store/objects/0c/a179e6befeb761f3613f1ef57ca892ebc3a6a228dca32f1309f0ac06a7de7e>, "debian-binary/  0           0     0     100644  4         `\n", 60, 8) = 60
pread64(3</tmp/nia-publication-fault-7_6ur5fa/case/store/objects/0c/a179e6befeb761f3613f1ef57ca892ebc3a6a228dca32f1309f0ac06a7de7e>, "2.0\n", 4, 68) = 4
pread64(3</tmp/nia-publication-fault-7_6ur5fa/case/store/objects/0c/a179e6befeb761f3613f1ef57ca892ebc3a6a228dca32f1309f0ac06a7de7e>, "2.0\n", 4, 68) = 4
pread64(3</tmp/nia-publication-fault-7_6ur5fa/case/store/objects/0c/a179e6befeb761f3613f1ef57ca892ebc3a6a228dca32f1309f0ac06a7de7e>, "control.tar/    0           0     0     100644  10240     `\n", 60, 72) = 60
pread64(3</tmp/nia-publication-fault-7_6ur5fa/case/store/objects/0c/a179e6befeb761f3613f1ef57ca892ebc3a6a228dca32f1309f0ac06a7de7e>, "./control\0\0\0\0\0\0\0\0\0\0\0\0\0\0\0\0\0\0\0\0\0\0\0\0\0\0\0\0\0\0\0\0\0\0\0\0\0\0\0\0\0\0\0\0\0\0\0\0\0\0\0\0\0\0\0\0\0\0\0\0\0\0\0\0\0\0\0\0\0\0\0\0\0\0\0\0\0\0\0\0\0\0\0\0\0\0\0"..., 10240, 132) = 10240
pread64(3</tmp/nia-publication-fault-7_6ur5fa/case/store/objects/0c/a179e6befeb761f3613f1ef57ca892ebc3a6a228dca32f1309f0ac06a7de7e>, "data.tar/       0           0     0     100644  10240     `\n", 60, 10372) = 60
pread64(3</tmp/nia-publication-fault-7_6ur5fa/case/store/objects/0c/a179e6befeb761f3613f1ef57ca892ebc3a6a228dca32f1309f0ac06a7de7e>, "\0\0\0\0\0\0\0\0\0\0\0\0\0\0\0\0\0\0\0\0\0\0\0\0\0\0\0\0\0\0\0\0\0\0\0\0\0\0\0\0\0\0\0\0\0\0\0\0\0\0\0\0\0\0\0\0\0\0\0\0\0\0\0\0\0\0\0\0\0\0\0\0\0\0\0\0\0\0\0\0\0\0\0\0\0\0\0\0\0\0\0\0\0\0\0\0"..., 10240, 10432) = 10240
fsync(17</tmp/nia-publication-fault-7_6ur5fa/case/store/incoming>) = 0
pread64(3</tmp/nia-publication-fault-7_6ur5fa/case/store/objects/0c/a179e6befeb761f3613f1ef57ca892ebc3a6a228dca32f1309f0ac06a7de7e>, "\0\0\0\0\0\0\0\0\0\0\0\0\0\0\0\0\0\0\0\0\0\0\0\0\0\0\0\0\0\0\0\0\0\0\0\0\0\0\0\0\0\0\0\0\0\0\0\0\0\0\0\0\0\0\0\0\0\0\0\0\0\0\0\0\0\0\0\0\0\0\0\0\0\0\0\0\0\0\0\0\0\0\0\0\0\0\0\0\0\0\0\0\0\0\0\0"..., 10240, 10432) = 10240
write(16</tmp/nia-publication-fault-7_6ur5fa/case/store/incoming/b4a09ef89f22a8084d18eb8711b1daac>, "\0\0\0\0\0\0\0\0\0\0\0\0\0\0\0\0\0\0\0\0\0\0\0\0\0\0\0\0\0\0\0\0\0\0\0\0\0\0\0\0\0\0\0\0\0\0\0\0\0\0\0\0\0\0\0\0\0\0\0\0\0\0\0\0\0\0\0\0\0\0\0\0\0\0\0\0\0\0\0\0\0\0\0\0\0\0\0\0\0\0\0\0\0\0\0\0"..., 10240) = 10240
fsync(16</tmp/nia-publication-fault-7_6ur5fa/case/store/incoming/b4a09ef89f22a8084d18eb8711b1daac>) = 0
renameat2(17</tmp/nia-publication-fault-7_6ur5fa/case/store/incoming>, "b4a09ef89f22a8084d18eb8711b1daac", 16</tmp/nia-publication-fault-7_6ur5fa/case/store/objects/84>, "ff92691f909a05b224e1c56abb4864f01b4f8e3c854e4bb4c7baf1d3f6d652", RENAME_NOREPLACE) = -1 EEXIST (File exists)
pread64(16</tmp/nia-publication-fault-7_6ur5fa/case/store/objects/84/ff92691f909a05b224e1c56abb4864f01b4f8e3c854e4bb4c7baf1d3f6d652>, "\0\0\0\0\0\0\0\0\0\0\0\0\0\0\0\0\0\0\0\0\0\0\0\0\0\0\0\0\0\0\0\0\0\0\0\0\0\0\0\0\0\0\0\0\0\0\0\0\0\0\0\0\0\0\0\0\0\0\0\0\0\0\0\0\0\0\0\0\0\0\0\0\0\0\0\0\0\0\0\0\0\0\0\0\0\0\0\0\0\0\0\0\0\0\0\0"..., 65536, 0) = 10240
pread64(16</tmp/nia-publication-fault-7_6ur5fa/case/store/objects/84/ff92691f909a05b224e1c56abb4864f01b4f8e3c854e4bb4c7baf1d3f6d652>, "", 55296, 10240) = 0
pread64(16</tmp/nia-publication-fault-7_6ur5fa/case/store/objects/84/ff92691f909a05b224e1c56abb4864f01b4f8e3c854e4bb4c7baf1d3f6d652>, "", 65536, 10240) = 0
fsync(17</tmp/nia-publication-fault-7_6ur5fa/case/store/incoming>) = 0
pread64(3</tmp/nia-publication-fault-7_6ur5fa/case/store/objects/84/ff92691f909a05b224e1c56abb4864f01b4f8e3c854e4bb4c7baf1d3f6d652>, "\0\0\0\0\0\0\0\0\0\0\0\0\0\0\0\0\0\0\0\0\0\0\0\0\0\0\0\0\0\0\0\0\0\0\0\0\0\0\0\0\0\0\0\0\0\0\0\0\0\0\0\0\0\0\0\0\0\0\0\0\0\0\0\0\0\0\0\0\0\0\0\0\0\0\0\0\0\0\0\0\0\0\0\0\0\0\0\0\0\0\0\0\0\0\0\0"..., 65536, 0) = 10240
pread64(3</tmp/nia-publication-fault-7_6ur5fa/case/store/objects/84/ff92691f909a05b224e1c56abb4864f01b4f8e3c854e4bb4c7baf1d3f6d652>, "", 55296, 10240) = 0
pread64(3</tmp/nia-publication-fault-7_6ur5fa/case/store/objects/84/ff92691f909a05b224e1c56abb4864f01b4f8e3c854e4bb4c7baf1d3f6d652>, "", 65536, 10240) = 0
pread64(3</tmp/nia-publication-fault-7_6ur5fa/case/store/objects/84/ff92691f909a05b224e1c56abb4864f01b4f8e3c854e4bb4c7baf1d3f6d652>, "\0\0\0\0\0\0\0\0\0\0\0\0\0\0\0\0\0\0\0\0\0\0\0\0\0\0\0\0\0\0\0\0\0\0\0\0\0\0\0\0\0\0\0\0\0\0\0\0\0\0\0\0\0\0\0\0\0\0\0\0\0\0\0\0\0\0\0\0\0\0\0\0\0\0\0\0\0\0\0\0\0\0\0\0\0\0\0\0\0\0\0\0\0\0\0\0"..., 10240, 0) = 10240
fsync(17</tmp/nia-publication-fault-7_6ur5fa/case/store/incoming>) = 0
pread64(3</tmp/nia-publication-fault-7_6ur5fa/case/store/objects/84/ff92691f909a05b224e1c56abb4864f01b4f8e3c854e4bb4c7baf1d3f6d652>, "\0\0\0\0\0\0\0\0\0\0\0\0\0\0\0\0\0\0\0\0\0\0\0\0\0\0\0\0\0\0\0\0\0\0\0\0\0\0\0\0\0\0\0\0\0\0\0\0\0\0\0\0\0\0\0\0\0\0\0\0\0\0\0\0\0\0\0\0\0\0\0\0\0\0\0\0\0\0\0\0\0\0\0\0\0\0\0\0\0\0\0\0\0\0\0\0"..., 10240, 0) = 10240
write(16</tmp/nia-publication-fault-7_6ur5fa/case/store/incoming/0a1fb21ced3521c37424a4a148d78c3d>, "\0\0\0\0\0\0\0\0\0\0\0\0\0\0\0\0\0\0\0\0\0\0\0\0\0\0\0\0\0\0\0\0\0\0\0\0\0\0\0\0\0\0\0\0\0\0\0\0\0\0\0\0\0\0\0\0\0\0\0\0\0\0\0\0\0\0\0\0\0\0\0\0\0\0\0\0\0\0\0\0\0\0\0\0\0\0\0\0\0\0\0\0\0\0\0\0"..., 10240) = 10240
fsync(16</tmp/nia-publication-fault-7_6ur5fa/case/store/incoming/0a1fb21ced3521c37424a4a148d78c3d>) = 0
renameat2(17</tmp/nia-publication-fault-7_6ur5fa/case/store/incoming>, "0a1fb21ced3521c37424a4a148d78c3d", 16</tmp/nia-publication-fault-7_6ur5fa/case/store/objects/84>, "ff92691f909a05b224e1c56abb4864f01b4f8e3c854e4bb4c7baf1d3f6d652", RENAME_NOREPLACE) = -1 EEXIST (File exists)
pread64(16</tmp/nia-publication-fault-7_6ur5fa/case/store/objects/84/ff92691f909a05b224e1c56abb4864f01b4f8e3c854e4bb4c7baf1d3f6d652>, "\0\0\0\0\0\0\0\0\0\0\0\0\0\0\0\0\0\0\0\0\0\0\0\0\0\0\0\0\0\0\0\0\0\0\0\0\0\0\0\0\0\0\0\0\0\0\0\0\0\0\0\0\0\0\0\0\0\0\0\0\0\0\0\0\0\0\0\0\0\0\0\0\0\0\0\0\0\0\0\0\0\0\0\0\0\0\0\0\0\0\0\0\0\0\0\0"..., 65536, 0) = 10240
pread64(16</tmp/nia-publication-fault-7_6ur5fa/case/store/objects/84/ff92691f909a05b224e1c56abb4864f01b4f8e3c854e4bb4c7baf1d3f6d652>, "", 55296, 10240) = 0
pread64(16</tmp/nia-publication-fault-7_6ur5fa/case/store/objects/84/ff92691f909a05b224e1c56abb4864f01b4f8e3c854e4bb4c7baf1d3f6d652>, "", 65536, 10240) = 0
fsync(17</tmp/nia-publication-fault-7_6ur5fa/case/store/incoming>) = 0
pread64(3</tmp/nia-publication-fault-7_6ur5fa/case/store/objects/84/ff92691f909a05b224e1c56abb4864f01b4f8e3c854e4bb4c7baf1d3f6d652>, "\0\0\0\0\0\0\0\0\0\0\0\0\0\0\0\0\0\0\0\0\0\0\0\0\0\0\0\0\0\0\0\0\0\0\0\0\0\0\0\0\0\0\0\0\0\0\0\0\0\0\0\0\0\0\0\0\0\0\0\0\0\0\0\0\0\0\0\0\0\0\0\0\0\0\0\0\0\0\0\0\0\0\0\0\0\0\0\0\0\0\0\0\0\0\0\0"..., 65536, 0) = 10240
pread64(3</tmp/nia-publication-fault-7_6ur5fa/case/store/objects/84/ff92691f909a05b224e1c56abb4864f01b4f8e3c854e4bb4c7baf1d3f6d652>, "", 55296, 10240) = 0
pread64(3</tmp/nia-publication-fault-7_6ur5fa/case/store/objects/84/ff92691f909a05b224e1c56abb4864f01b4f8e3c854e4bb4c7baf1d3f6d652>, "", 65536, 10240) = 0
pread64(3</tmp/nia-publication-fault-7_6ur5fa/case/store/objects/84/ff92691f909a05b224e1c56abb4864f01b4f8e3c854e4bb4c7baf1d3f6d652>, "\0\0\0\0\0\0\0\0\0\0\0\0\0\0\0\0\0\0\0\0\0\0\0\0\0\0\0\0\0\0\0\0\0\0\0\0\0\0\0\0\0\0\0\0\0\0\0\0\0\0\0\0\0\0\0\0\0\0\0\0\0\0\0\0\0\0\0\0\0\0\0\0\0\0\0\0\0\0\0\0\0\0\0\0\0\0\0\0\0\0\0\0\0\0\0\0"..., 512, 0) = 512
pread64(3</tmp/nia-publication-fault-7_6ur5fa/case/store/objects/84/ff92691f909a05b224e1c56abb4864f01b4f8e3c854e4bb4c7baf1d3f6d652>, "\0\0\0\0\0\0\0\0\0\0\0\0\0\0\0\0\0\0\0\0\0\0\0\0\0\0\0\0\0\0\0\0\0\0\0\0\0\0\0\0\0\0\0\0\0\0\0\0\0\0\0\0\0\0\0\0\0\0\0\0\0\0\0\0\0\0\0\0\0\0\0\0\0\0\0\0\0\0\0\0\0\0\0\0\0\0\0\0\0\0\0\0\0\0\0\0"..., 9728, 512) = 9728
pread64(3</tmp/nia-publication-fault-7_6ur5fa/case/store/objects/0c/a179e6befeb761f3613f1ef57ca892ebc3a6a228dca32f1309f0ac06a7de7e>, "!<arch>\ndebian-binary/  0           0     0     100644  4         `\n2.0\ncontrol.tar/    0       "..., 65536, 0) = 20672
pread64(3</tmp/nia-publication-fault-7_6ur5fa/case/store/objects/0c/a179e6befeb761f3613f1ef57ca892ebc3a6a228dca32f1309f0ac06a7de7e>, "", 44864, 20672) = 0
pread64(3</tmp/nia-publication-fault-7_6ur5fa/case/store/objects/0c/a179e6befeb761f3613f1ef57ca892ebc3a6a228dca32f1309f0ac06a7de7e>, "", 65536, 20672) = 0
pread64(3</tmp/nia-publication-fault-7_6ur5fa/case/store/objects/0c/a179e6befeb761f3613f1ef57ca892ebc3a6a228dca32f1309f0ac06a7de7e>, "!<arch>\n", 8, 0) = 8
pread64(3</tmp/nia-publication-fault-7_6ur5fa/case/store/objects/0c/a179e6befeb761f3613f1ef57ca892ebc3a6a228dca32f1309f0ac06a7de7e>, "debian-binary/  0           0     0     100644  4         `\n", 60, 8) = 60
pread64(3</tmp/nia-publication-fault-7_6ur5fa/case/store/objects/0c/a179e6befeb761f3613f1ef57ca892ebc3a6a228dca32f1309f0ac06a7de7e>, "2.0\n", 4, 68) = 4
pread64(3</tmp/nia-publication-fault-7_6ur5fa/case/store/objects/0c/a179e6befeb761f3613f1ef57ca892ebc3a6a228dca32f1309f0ac06a7de7e>, "2.0\n", 4, 68) = 4
pread64(3</tmp/nia-publication-fault-7_6ur5fa/case/store/objects/0c/a179e6befeb761f3613f1ef57ca892ebc3a6a228dca32f1309f0ac06a7de7e>, "control.tar/    0           0     0     100644  10240     `\n", 60, 72) = 60
pread64(3</tmp/nia-publication-fault-7_6ur5fa/case/store/objects/0c/a179e6befeb761f3613f1ef57ca892ebc3a6a228dca32f1309f0ac06a7de7e>, "./control\0\0\0\0\0\0\0\0\0\0\0\0\0\0\0\0\0\0\0\0\0\0\0\0\0\0\0\0\0\0\0\0\0\0\0\0\0\0\0\0\0\0\0\0\0\0\0\0\0\0\0\0\0\0\0\0\0\0\0\0\0\0\0\0\0\0\0\0\0\0\0\0\0\0\0\0\0\0\0\0\0\0\0\0\0\0\0"..., 10240, 132) = 10240
pread64(3</tmp/nia-publication-fault-7_6ur5fa/case/store/objects/0c/a179e6befeb761f3613f1ef57ca892ebc3a6a228dca32f1309f0ac06a7de7e>, "data.tar/       0           0     0     100644  10240     `\n", 60, 10372) = 60
pread64(3</tmp/nia-publication-fault-7_6ur5fa/case/store/objects/0c/a179e6befeb761f3613f1ef57ca892ebc3a6a228dca32f1309f0ac06a7de7e>, "\0\0\0\0\0\0\0\0\0\0\0\0\0\0\0\0\0\0\0\0\0\0\0\0\0\0\0\0\0\0\0\0\0\0\0\0\0\0\0\0\0\0\0\0\0\0\0\0\0\0\0\0\0\0\0\0\0\0\0\0\0\0\0\0\0\0\0\0\0\0\0\0\0\0\0\0\0\0\0\0\0\0\0\0\0\0\0\0\0\0\0\0\0\0\0\0"..., 10240, 10432) = 10240
pread64(3</tmp/nia-publication-fault-7_6ur5fa/case/store/objects/0c/a179e6befeb761f3613f1ef57ca892ebc3a6a228dca32f1309f0ac06a7de7e>, "!<arch>\ndebian-binary/  0           0     0     100644  4         `\n2.0\ncontrol.tar/    0       "..., 65536, 0) = 20672
pread64(3</tmp/nia-publication-fault-7_6ur5fa/case/store/objects/0c/a179e6befeb761f3613f1ef57ca892ebc3a6a228dca32f1309f0ac06a7de7e>, "", 44864, 20672) = 0
pread64(3</tmp/nia-publication-fault-7_6ur5fa/case/store/objects/0c/a179e6befeb761f3613f1ef57ca892ebc3a6a228dca32f1309f0ac06a7de7e>, "", 65536, 20672) = 0
pread64(3</tmp/nia-publication-fault-7_6ur5fa/case/store/objects/0c/a179e6befeb761f3613f1ef57ca892ebc3a6a228dca32f1309f0ac06a7de7e>, "!<arch>\n", 8, 0) = 8
pread64(3</tmp/nia-publication-fault-7_6ur5fa/case/store/objects/0c/a179e6befeb761f3613f1ef57ca892ebc3a6a228dca32f1309f0ac06a7de7e>, "debian-binary/  0           0     0     100644  4         `\n", 60, 8) = 60
pread64(3</tmp/nia-publication-fault-7_6ur5fa/case/store/objects/0c/a179e6befeb761f3613f1ef57ca892ebc3a6a228dca32f1309f0ac06a7de7e>, "2.0\n", 4, 68) = 4
pread64(3</tmp/nia-publication-fault-7_6ur5fa/case/store/objects/0c/a179e6befeb761f3613f1ef57ca892ebc3a6a228dca32f1309f0ac06a7de7e>, "2.0\n", 4, 68) = 4
pread64(3</tmp/nia-publication-fault-7_6ur5fa/case/store/objects/0c/a179e6befeb761f3613f1ef57ca892ebc3a6a228dca32f1309f0ac06a7de7e>, "control.tar/    0           0     0     100644  10240     `\n", 60, 72) = 60
pread64(3</tmp/nia-publication-fault-7_6ur5fa/case/store/objects/0c/a179e6befeb761f3613f1ef57ca892ebc3a6a228dca32f1309f0ac06a7de7e>, "./control\0\0\0\0\0\0\0\0\0\0\0\0\0\0\0\0\0\0\0\0\0\0\0\0\0\0\0\0\0\0\0\0\0\0\0\0\0\0\0\0\0\0\0\0\0\0\0\0\0\0\0\0\0\0\0\0\0\0\0\0\0\0\0\0\0\0\0\0\0\0\0\0\0\0\0\0\0\0\0\0\0\0\0\0\0\0\0"..., 10240, 132) = 10240
pread64(3</tmp/nia-publication-fault-7_6ur5fa/case/store/objects/0c/a179e6befeb761f3613f1ef57ca892ebc3a6a228dca32f1309f0ac06a7de7e>, "data.tar/       0           0     0     100644  10240     `\n", 60, 10372) = 60
pread64(3</tmp/nia-publication-fault-7_6ur5fa/case/store/objects/0c/a179e6befeb761f3613f1ef57ca892ebc3a6a228dca32f1309f0ac06a7de7e>, "\0\0\0\0\0\0\0\0\0\0\0\0\0\0\0\0\0\0\0\0\0\0\0\0\0\0\0\0\0\0\0\0\0\0\0\0\0\0\0\0\0\0\0\0\0\0\0\0\0\0\0\0\0\0\0\0\0\0\0\0\0\0\0\0\0\0\0\0\0\0\0\0\0\0\0\0\0\0\0\0\0\0\0\0\0\0\0\0\0\0\0\0\0\0\0\0"..., 10240, 10432) = 10240
fsync(17</tmp/nia-publication-fault-7_6ur5fa/case/store/incoming>) = 0
pread64(3</tmp/nia-publication-fault-7_6ur5fa/case/store/objects/0c/a179e6befeb761f3613f1ef57ca892ebc3a6a228dca32f1309f0ac06a7de7e>, "./control\0\0\0\0\0\0\0\0\0\0\0\0\0\0\0\0\0\0\0\0\0\0\0\0\0\0\0\0\0\0\0\0\0\0\0\0\0\0\0\0\0\0\0\0\0\0\0\0\0\0\0\0\0\0\0\0\0\0\0\0\0\0\0\0\0\0\0\0\0\0\0\0\0\0\0\0\0\0\0\0\0\0\0\0\0\0\0"..., 10240, 132) = 10240
write(16</tmp/nia-publication-fault-7_6ur5fa/case/store/incoming/6dddc7f9be3fd5e987e5fa705200d483>, "./control\0\0\0\0\0\0\0\0\0\0\0\0\0\0\0\0\0\0\0\0\0\0\0\0\0\0\0\0\0\0\0\0\0\0\0\0\0\0\0\0\0\0\0\0\0\0\0\0\0\0\0\0\0\0\0\0\0\0\0\0\0\0\0\0\0\0\0\0\0\0\0\0\0\0\0\0\0\0\0\0\0\0\0\0\0\0\0"..., 10240) = 10240
fsync(16</tmp/nia-publication-fault-7_6ur5fa/case/store/incoming/6dddc7f9be3fd5e987e5fa705200d483>) = 0
renameat2(17</tmp/nia-publication-fault-7_6ur5fa/case/store/incoming>, "6dddc7f9be3fd5e987e5fa705200d483", 16</tmp/nia-publication-fault-7_6ur5fa/case/store/objects/4a>, "36f6eb7c1b236ab6cb28ddb882919e888bf393dfc00d93008ad6730697f8f7", RENAME_NOREPLACE) = -1 EEXIST (File exists)
pread64(16</tmp/nia-publication-fault-7_6ur5fa/case/store/objects/4a/36f6eb7c1b236ab6cb28ddb882919e888bf393dfc00d93008ad6730697f8f7>, "./control\0\0\0\0\0\0\0\0\0\0\0\0\0\0\0\0\0\0\0\0\0\0\0\0\0\0\0\0\0\0\0\0\0\0\0\0\0\0\0\0\0\0\0\0\0\0\0\0\0\0\0\0\0\0\0\0\0\0\0\0\0\0\0\0\0\0\0\0\0\0\0\0\0\0\0\0\0\0\0\0\0\0\0\0\0\0\0"..., 65536, 0) = 10240
pread64(16</tmp/nia-publication-fault-7_6ur5fa/case/store/objects/4a/36f6eb7c1b236ab6cb28ddb882919e888bf393dfc00d93008ad6730697f8f7>, "", 55296, 10240) = 0
pread64(16</tmp/nia-publication-fault-7_6ur5fa/case/store/objects/4a/36f6eb7c1b236ab6cb28ddb882919e888bf393dfc00d93008ad6730697f8f7>, "", 65536, 10240) = 0
fsync(17</tmp/nia-publication-fault-7_6ur5fa/case/store/incoming>) = 0
pread64(3</tmp/nia-publication-fault-7_6ur5fa/case/store/objects/4a/36f6eb7c1b236ab6cb28ddb882919e888bf393dfc00d93008ad6730697f8f7>, "./control\0\0\0\0\0\0\0\0\0\0\0\0\0\0\0\0\0\0\0\0\0\0\0\0\0\0\0\0\0\0\0\0\0\0\0\0\0\0\0\0\0\0\0\0\0\0\0\0\0\0\0\0\0\0\0\0\0\0\0\0\0\0\0\0\0\0\0\0\0\0\0\0\0\0\0\0\0\0\0\0\0\0\0\0\0\0\0"..., 65536, 0) = 10240
pread64(3</tmp/nia-publication-fault-7_6ur5fa/case/store/objects/4a/36f6eb7c1b236ab6cb28ddb882919e888bf393dfc00d93008ad6730697f8f7>, "", 55296, 10240) = 0
pread64(3</tmp/nia-publication-fault-7_6ur5fa/case/store/objects/4a/36f6eb7c1b236ab6cb28ddb882919e888bf393dfc00d93008ad6730697f8f7>, "", 65536, 10240) = 0
pread64(3</tmp/nia-publication-fault-7_6ur5fa/case/store/objects/4a/36f6eb7c1b236ab6cb28ddb882919e888bf393dfc00d93008ad6730697f8f7>, "./control\0\0\0\0\0\0\0\0\0\0\0\0\0\0\0\0\0\0\0\0\0\0\0\0\0\0\0\0\0\0\0\0\0\0\0\0\0\0\0\0\0\0\0\0\0\0\0\0\0\0\0\0\0\0\0\0\0\0\0\0\0\0\0\0\0\0\0\0\0\0\0\0\0\0\0\0\0\0\0\0\0\0\0\0\0\0\0"..., 10240, 0) = 10240
fsync(17</tmp/nia-publication-fault-7_6ur5fa/case/store/incoming>) = 0
write(16</tmp/nia-publication-fault-7_6ur5fa/case/store/incoming/27fb19ebb0e731c0733405f955ed3523>, "Package: empty-package\nVersion: 1\nArchitecture: all\nMaintainer: Fixture <fixture@example.invalid"..., 149) = 149
fsync(16</tmp/nia-publication-fault-7_6ur5fa/case/store/incoming/27fb19ebb0e731c0733405f955ed3523>) = 0
renameat2(17</tmp/nia-publication-fault-7_6ur5fa/case/store/incoming>, "27fb19ebb0e731c0733405f955ed3523", 16</tmp/nia-publication-fault-7_6ur5fa/case/store/objects/a3>, "1a856f430af395bccd7eb2f142b11ad3ae0fc5daf3acc4ffb341c48a5abd39", RENAME_NOREPLACE) = -1 EEXIST (File exists)
pread64(16</tmp/nia-publication-fault-7_6ur5fa/case/store/objects/a3/1a856f430af395bccd7eb2f142b11ad3ae0fc5daf3acc4ffb341c48a5abd39>, "Package: empty-package\nVersion: 1\nArchitecture: all\nMaintainer: Fixture <fixture@example.invalid"..., 65536, 0) = 149
pread64(16</tmp/nia-publication-fault-7_6ur5fa/case/store/objects/a3/1a856f430af395bccd7eb2f142b11ad3ae0fc5daf3acc4ffb341c48a5abd39>, "", 65387, 149) = 0
pread64(16</tmp/nia-publication-fault-7_6ur5fa/case/store/objects/a3/1a856f430af395bccd7eb2f142b11ad3ae0fc5daf3acc4ffb341c48a5abd39>, "", 65536, 149) = 0
fsync(17</tmp/nia-publication-fault-7_6ur5fa/case/store/incoming>) = 0
pread64(3</tmp/nia-publication-fault-7_6ur5fa/case/store/objects/a3/1a856f430af395bccd7eb2f142b11ad3ae0fc5daf3acc4ffb341c48a5abd39>, "Package: empty-package\nVersion: 1\nArchitecture: all\nMaintainer: Fixture <fixture@example.invalid"..., 65536, 0) = 149
pread64(3</tmp/nia-publication-fault-7_6ur5fa/case/store/objects/a3/1a856f430af395bccd7eb2f142b11ad3ae0fc5daf3acc4ffb341c48a5abd39>, "", 65387, 149) = 0
pread64(3</tmp/nia-publication-fault-7_6ur5fa/case/store/objects/a3/1a856f430af395bccd7eb2f142b11ad3ae0fc5daf3acc4ffb341c48a5abd39>, "", 65536, 149) = 0
pread64(3</tmp/nia-publication-fault-7_6ur5fa/case/store/objects/a3/1a856f430af395bccd7eb2f142b11ad3ae0fc5daf3acc4ffb341c48a5abd39>, "Package: empty-package\nVersion: 1\nArchitecture: all\nMaintainer: Fixture <fixture@example.invalid"..., 16777216, 0) = 149
pread64(3</tmp/nia-publication-fault-7_6ur5fa/case/store/objects/a3/1a856f430af395bccd7eb2f142b11ad3ae0fc5daf3acc4ffb341c48a5abd39>, "", 16777067, 149) = 0
pread64(3</tmp/nia-publication-fault-7_6ur5fa/case/store/objects/a3/1a856f430af395bccd7eb2f142b11ad3ae0fc5daf3acc4ffb341c48a5abd39>, "Package: empty-package\nVersion: 1\nArchitecture: all\nMaintainer: Fixture <fixture@example.invalid"..., 65536, 0) = 149
pread64(3</tmp/nia-publication-fault-7_6ur5fa/case/store/objects/a3/1a856f430af395bccd7eb2f142b11ad3ae0fc5daf3acc4ffb341c48a5abd39>, "", 65387, 149) = 0
pread64(3</tmp/nia-publication-fault-7_6ur5fa/case/store/objects/a3/1a856f430af395bccd7eb2f142b11ad3ae0fc5daf3acc4ffb341c48a5abd39>, "", 65536, 149) = 0
pread64(3</tmp/nia-publication-fault-7_6ur5fa/case/store/objects/a3/1a856f430af395bccd7eb2f142b11ad3ae0fc5daf3acc4ffb341c48a5abd39>, "Package: empty-package\nVersion: 1\nArchitecture: all\nMaintainer: Fixture <fixture@example.invalid"..., 16777216, 0) = 149
pread64(3</tmp/nia-publication-fault-7_6ur5fa/case/store/objects/a3/1a856f430af395bccd7eb2f142b11ad3ae0fc5daf3acc4ffb341c48a5abd39>, "", 16777067, 149) = 0
pread64(3</tmp/nia-publication-fault-7_6ur5fa/case/state/root.state>, "MCROOT02\37\37\37\37\37\37\37\37\37\37\37\37\37\37\37\37\0\0\0\0\0\0\0\0================|(\260]\354\310\366\2733\266\317\17dlZ\365\252\200U\340\nL\366\332\32tk\326;\35\36\362\0\0\0\0\0\0\0\0\0\0\0\0\0\0\0\0"..., 192, 0) = 192
pread64(3</tmp/nia-publication-fault-7_6ur5fa/case/store/objects/7c/28b05decc8f6bb33b6cf0f646c5af5aa8055e00a4cf6da1a746bd63b1d1ef2>, "MCPLAN02\37\37\37\37\37\37\37\37\37\37\37\37\37\37\37\37================\0\0\0\0\0\0\0\0\0\0\0\0\0\0\0\1\0\0\0\0\0\0\0\1\0\0\0\0\0\0\0\2\216\346\2104^\35\225\2\356\214\327'zE<0\277\267{\224r\1\276\263"..., 4500000, 0) = 467
pread64(3</tmp/nia-publication-fault-7_6ur5fa/case/store/objects/7c/28b05decc8f6bb33b6cf0f646c5af5aa8055e00a4cf6da1a746bd63b1d1ef2>, "", 4499533, 467) = 0
pread64(3</tmp/nia-publication-fault-7_6ur5fa/case/store/pins/3d3d3d3d3d3d3d3d3d3d3d3d3d3d3d3d>, "|(\260]\354\310\366\2733\266\317\17dlZ\365\252\200U\340\nL\366\332\32tk\326;\35\36\362", 33, 0) = 32
pread64(3</tmp/nia-publication-fault-7_6ur5fa/case/store/pins/3d3d3d3d3d3d3d3d3d3d3d3d3d3d3d3d>, "", 1, 32) = 0
pread64(3</tmp/nia-publication-fault-7_6ur5fa/case/state/tx-3d3d3d3d3d3d3d3d3d3d3d3d3d3d3d3d.log>, "MCLOG002\0\0\0\0\0\0\0\1\0\1\0\0\0\0\0\0\37\37\37\37\37\37\37\37\37\37\37\37\37\37\37\37================\0\0\0\0\0\0\0\1\0\0\0\0\0\0\0\2\0\0\0\0\0\0\0\0\0\0\0\0\0\0\0\1|(\260]\354\310\366\273"..., 256, 0) = 256
pread64(3</tmp/nia-publication-fault-7_6ur5fa/case/state/tx-3d3d3d3d3d3d3d3d3d3d3d3d3d3d3d3d.log>, "MCLOG002\0\0\0\0\0\0\0\2\0\2\0\0\0\0\0\0\37\37\37\37\37\37\37\37\37\37\37\37\37\37\37\37================\0\0\0\0\0\0\0\1\0\0\0\0\0\0\0\2\0\0\0\0\0\0\0\1\0\0\0\0\0\0\0\1|(\260]\354\310\366\273"..., 256, 256) = 256
pread64(3</tmp/nia-publication-fault-7_6ur5fa/case/state/tx-3d3d3d3d3d3d3d3d3d3d3d3d3d3d3d3d.log>, "MCLOG002\0\0\0\0\0\0\0\3\0\3\0\0\0\0\0\0\37\37\37\37\37\37\37\37\37\37\37\37\37\37\37\37================\0\0\0\0\0\0\0\1\0\0\0\0\0\0\0\2\0\0\0\0\0\0\0\1\0\0\0\0\0\0\0\1|(\260]\354\310\366\273"..., 256, 512) = 256
pread64(3</tmp/nia-publication-fault-7_6ur5fa/case/state/tx-3d3d3d3d3d3d3d3d3d3d3d3d3d3d3d3d.log>, "MCLOG002\0\0\0\0\0\0\0\4\0\4\0\0\0\0\0\0\37\37\37\37\37\37\37\37\37\37\37\37\37\37\37\37================\0\0\0\0\0\0\0\1\0\0\0\0\0\0\0\2\0\0\0\0\0\0\0\0\0\0\0\0\0\0\0\1|(\260]\354\310\366\273"..., 256, 768) = 256
pread64(18</tmp/nia-publication-fault-7_6ur5fa/case/state/root.state>, "MCROOT02\37\37\37\37\37\37\37\37\37\37\37\37\37\37\37\37\0\0\0\0\0\0\0\0================|(\260]\354\310\366\2733\266\317\17dlZ\365\252\200U\340\nL\366\332\32tk\326;\35\36\362\0\0\0\0\0\0\0\0\0\0\0\0\0\0\0\0"..., 192, 0) = 192
pread64(3</tmp/nia-publication-fault-7_6ur5fa/case/store/objects/b2/d93d1647239d0ba4daeaa2a008547e866b63fe552b7835bb1cf81afd008832>, "NIASPOL1~R\322\ng\4\374Nt{\300\301\330\36\340\226\257\27\360\206\320\344f\21\354\217~\254\226\320\232\"\0\0\0\0\0\0\3\350\0\0\0\0\0\0\0\1GGGGGGGGGGGGGGGGGGGGGGGGGGGGGGGG\212\210\343\335t\t\361\225"..., 65536, 0) = 136
pread64(3</tmp/nia-publication-fault-7_6ur5fa/case/store/objects/b2/d93d1647239d0ba4daeaa2a008547e866b63fe552b7835bb1cf81afd008832>, "", 65400, 136) = 0
pread64(3</tmp/nia-publication-fault-7_6ur5fa/case/store/objects/b2/d93d1647239d0ba4daeaa2a008547e866b63fe552b7835bb1cf81afd008832>, "", 65536, 136) = 0
pread64(3</tmp/nia-publication-fault-7_6ur5fa/case/store/objects/b2/d93d1647239d0ba4daeaa2a008547e866b63fe552b7835bb1cf81afd008832>, "NIASPOL1~R\322\ng\4\374Nt{\300\301\330\36\340\226\257\27\360\206\320\344f\21\354\217~\254\226\320\232\"\0\0\0\0\0\0\3\350\0\0\0\0\0\0\0\1GGGGGGGGGGGGGGGGGGGGGGGGGGGGGGGG\212\210\343\335t\t\361\225"..., 20536, 0) = 136
pread64(3</tmp/nia-publication-fault-7_6ur5fa/case/store/objects/b2/d93d1647239d0ba4daeaa2a008547e866b63fe552b7835bb1cf81afd008832>, "", 20400, 136) = 0
pread64(3</tmp/nia-publication-fault-7_6ur5fa/case/store/objects/b2/d93d1647239d0ba4daeaa2a008547e866b63fe552b7835bb1cf81afd008832>, "NIASPOL1~R\322\ng\4\374Nt{\300\301\330\36\340\226\257\27\360\206\320\344f\21\354\217~\254\226\320\232\"\0\0\0\0\0\0\3\350\0\0\0\0\0\0\0\1GGGGGGGGGGGGGGGGGGGGGGGGGGGGGGGG\212\210\343\335t\t\361\225"..., 65536, 0) = 136
pread64(3</tmp/nia-publication-fault-7_6ur5fa/case/store/objects/b2/d93d1647239d0ba4daeaa2a008547e866b63fe552b7835bb1cf81afd008832>, "", 65400, 136) = 0
pread64(3</tmp/nia-publication-fault-7_6ur5fa/case/store/objects/b2/d93d1647239d0ba4daeaa2a008547e866b63fe552b7835bb1cf81afd008832>, "", 65536, 136) = 0
pread64(3</tmp/nia-publication-fault-7_6ur5fa/case/store/objects/b2/d93d1647239d0ba4daeaa2a008547e866b63fe552b7835bb1cf81afd008832>, "NIASPOL1~R\322\ng\4\374Nt{\300\301\330\36\340\226\257\27\360\206\320\344f\21\354\217~\254\226\320\232\"\0\0\0\0\0\0\3\350\0\0\0\0\0\0\0\1GGGGGGGGGGGGGGGGGGGGGGGGGGGGGGGG\212\210\343\335t\t\361\225"..., 20536, 0) = 136
pread64(3</tmp/nia-publication-fault-7_6ur5fa/case/store/objects/b2/d93d1647239d0ba4daeaa2a008547e866b63fe552b7835bb1cf81afd008832>, "", 20400, 136) = 0
pread64(3</tmp/nia-publication-fault-7_6ur5fa/case/store/objects/7e/52d20a6704fc4e747bc0c1d81ee096af17f086d0e46611ec8f7eac96d09a22>, "NIASMAP1\37\37\37\37\37\37\37\37\37\37\37\37\37\37\37\37\0\0\0\0\0\0\0\0\0\0\0\0\0\0\0\0\0\0\0\0\0\0\0\0\0\0\0\0\0\0\0\0\0\0\0\0\0\0\0\0\0\0\0\0\0\0\0\0\0\0\0\0\0\0\0\0\0\0\0\0\0\0\0\0\216\346\2104^\35\225\2"..., 65536, 0) = 256
pread64(3</tmp/nia-publication-fault-7_6ur5fa/case/store/objects/7e/52d20a6704fc4e747bc0c1d81ee096af17f086d0e46611ec8f7eac96d09a22>, "", 65280, 256) = 0
pread64(3</tmp/nia-publication-fault-7_6ur5fa/case/store/objects/7e/52d20a6704fc4e747bc0c1d81ee096af17f086d0e46611ec8f7eac96d09a22>, "", 65536, 256) = 0
pread64(3</tmp/nia-publication-fault-7_6ur5fa/case/store/objects/7e/52d20a6704fc4e747bc0c1d81ee096af17f086d0e46611ec8f7eac96d09a22>, "NIASMAP1\37\37\37\37\37\37\37\37\37\37\37\37\37\37\37\37\0\0\0\0\0\0\0\0\0\0\0\0\0\0\0\0\0\0\0\0\0\0\0\0\0\0\0\0\0\0\0\0\0\0\0\0\0\0\0\0\0\0\0\0\0\0\0\0\0\0\0\0\0\0\0\0\0\0\0\0\0\0\0\0\216\346\2104^\35\225\2"..., 393376, 0) = 256
pread64(3</tmp/nia-publication-fault-7_6ur5fa/case/store/objects/7e/52d20a6704fc4e747bc0c1d81ee096af17f086d0e46611ec8f7eac96d09a22>, "", 393120, 256) = 0
pread64(3</tmp/nia-publication-fault-7_6ur5fa/case/store/objects/be/79019cd624c1b58af3cac32a235b467dac74ebfc6ee94e6390a198650449a5>, "NIASUP01GGGGGGGGGGGGGGGGGGGGGGGGGGGGGGGGf\246uqQ\370\356U\333\22w\26\307\343\334\340\276\200t\266N \355\245B\345\301\344l\251\304\36\f\241y\346\276\376\267a\363a?\36\365|\250\222\353\303\246\242(\334\243/"..., 65536, 0) = 320
pread64(3</tmp/nia-publication-fault-7_6ur5fa/case/store/objects/be/79019cd624c1b58af3cac32a235b467dac74ebfc6ee94e6390a198650449a5>, "", 65216, 320) = 0
pread64(3</tmp/nia-publication-fault-7_6ur5fa/case/store/objects/be/79019cd624c1b58af3cac32a235b467dac74ebfc6ee94e6390a198650449a5>, "", 65536, 320) = 0
pread64(3</tmp/nia-publication-fault-7_6ur5fa/case/store/objects/be/79019cd624c1b58af3cac32a235b467dac74ebfc6ee94e6390a198650449a5>, "NIASUP01GGGGGGGGGGGGGGGGGGGGGGGGGGGGGGGGf\246uqQ\370\356U\333\22w\26\307\343\334\340\276\200t\266N \355\245B\345\301\344l\251\304\36\f\241y\346\276\376\267a\363a?\36\365|\250\222\353\303\246\242(\334\243/"..., 320, 0) = 320
pread64(3</tmp/nia-publication-fault-7_6ur5fa/case/store/objects/66/a6757151f8ee55db127716c7e3dce0be8074b64e20eda542e5c1e46ca9c41e>, "\7\10\t", 65536, 0) = 3
pread64(3</tmp/nia-publication-fault-7_6ur5fa/case/store/objects/66/a6757151f8ee55db127716c7e3dce0be8074b64e20eda542e5c1e46ca9c41e>, "", 65533, 3) = 0
pread64(3</tmp/nia-publication-fault-7_6ur5fa/case/store/objects/66/a6757151f8ee55db127716c7e3dce0be8074b64e20eda542e5c1e46ca9c41e>, "", 65536, 3) = 0
pread64(3</tmp/nia-publication-fault-7_6ur5fa/case/store/objects/0c/a179e6befeb761f3613f1ef57ca892ebc3a6a228dca32f1309f0ac06a7de7e>, "!<arch>\ndebian-binary/  0           0     0     100644  4         `\n2.0\ncontrol.tar/    0       "..., 65536, 0) = 20672
pread64(3</tmp/nia-publication-fault-7_6ur5fa/case/store/objects/0c/a179e6befeb761f3613f1ef57ca892ebc3a6a228dca32f1309f0ac06a7de7e>, "", 44864, 20672) = 0
pread64(3</tmp/nia-publication-fault-7_6ur5fa/case/store/objects/0c/a179e6befeb761f3613f1ef57ca892ebc3a6a228dca32f1309f0ac06a7de7e>, "", 65536, 20672) = 0
pread64(3</tmp/nia-publication-fault-7_6ur5fa/case/store/objects/a3/1a856f430af395bccd7eb2f142b11ad3ae0fc5daf3acc4ffb341c48a5abd39>, "Package: empty-package\nVersion: 1\nArchitecture: all\nMaintainer: Fixture <fixture@example.invalid"..., 65536, 0) = 149
pread64(3</tmp/nia-publication-fault-7_6ur5fa/case/store/objects/a3/1a856f430af395bccd7eb2f142b11ad3ae0fc5daf3acc4ffb341c48a5abd39>, "", 65387, 149) = 0
pread64(3</tmp/nia-publication-fault-7_6ur5fa/case/store/objects/a3/1a856f430af395bccd7eb2f142b11ad3ae0fc5daf3acc4ffb341c48a5abd39>, "", 65536, 149) = 0
pread64(3</tmp/nia-publication-fault-7_6ur5fa/case/store/objects/66/a6757151f8ee55db127716c7e3dce0be8074b64e20eda542e5c1e46ca9c41e>, "\7\10\t", 65536, 0) = 3
pread64(3</tmp/nia-publication-fault-7_6ur5fa/case/store/objects/66/a6757151f8ee55db127716c7e3dce0be8074b64e20eda542e5c1e46ca9c41e>, "", 65533, 3) = 0
pread64(3</tmp/nia-publication-fault-7_6ur5fa/case/store/objects/66/a6757151f8ee55db127716c7e3dce0be8074b64e20eda542e5c1e46ca9c41e>, "", 65536, 3) = 0
pread64(3</tmp/nia-publication-fault-7_6ur5fa/case/store/objects/66/a6757151f8ee55db127716c7e3dce0be8074b64e20eda542e5c1e46ca9c41e>, "\7\10\t", 65536, 0) = 3
pread64(3</tmp/nia-publication-fault-7_6ur5fa/case/store/objects/66/a6757151f8ee55db127716c7e3dce0be8074b64e20eda542e5c1e46ca9c41e>, "", 65533, 3) = 0
pread64(3</tmp/nia-publication-fault-7_6ur5fa/case/store/objects/66/a6757151f8ee55db127716c7e3dce0be8074b64e20eda542e5c1e46ca9c41e>, "", 65536, 3) = 0
pread64(3</tmp/nia-publication-fault-7_6ur5fa/case/store/objects/66/a6757151f8ee55db127716c7e3dce0be8074b64e20eda542e5c1e46ca9c41e>, "\7\10\t", 65536, 0) = 3
pread64(3</tmp/nia-publication-fault-7_6ur5fa/case/store/objects/66/a6757151f8ee55db127716c7e3dce0be8074b64e20eda542e5c1e46ca9c41e>, "", 65533, 3) = 0
pread64(3</tmp/nia-publication-fault-7_6ur5fa/case/store/objects/66/a6757151f8ee55db127716c7e3dce0be8074b64e20eda542e5c1e46ca9c41e>, "", 65536, 3) = 0
pread64(3</tmp/nia-publication-fault-7_6ur5fa/case/store/objects/be/79019cd624c1b58af3cac32a235b467dac74ebfc6ee94e6390a198650449a5>, "NIASUP01GGGGGGGGGGGGGGGGGGGGGGGGGGGGGGGGf\246uqQ\370\356U\333\22w\26\307\343\334\340\276\200t\266N \355\245B\345\301\344l\251\304\36\f\241y\346\276\376\267a\363a?\36\365|\250\222\353\303\246\242(\334\243/"..., 65536, 0) = 320
pread64(3</tmp/nia-publication-fault-7_6ur5fa/case/store/objects/be/79019cd624c1b58af3cac32a235b467dac74ebfc6ee94e6390a198650449a5>, "", 65216, 320) = 0
pread64(3</tmp/nia-publication-fault-7_6ur5fa/case/store/objects/be/79019cd624c1b58af3cac32a235b467dac74ebfc6ee94e6390a198650449a5>, "", 65536, 320) = 0
pread64(3</tmp/nia-publication-fault-7_6ur5fa/case/store/objects/be/79019cd624c1b58af3cac32a235b467dac74ebfc6ee94e6390a198650449a5>, "NIASUP01GGGGGGGGGGGGGGGGGGGGGGGGGGGGGGGGf\246uqQ\370\356U\333\22w\26\307\343\334\340\276\200t\266N \355\245B\345\301\344l\251\304\36\f\241y\346\276\376\267a\363a?\36\365|\250\222\353\303\246\242(\334\243/"..., 320, 0) = 320
pread64(3</tmp/nia-publication-fault-7_6ur5fa/case/store/objects/66/a6757151f8ee55db127716c7e3dce0be8074b64e20eda542e5c1e46ca9c41e>, "\7\10\t", 65536, 0) = 3
pread64(3</tmp/nia-publication-fault-7_6ur5fa/case/store/objects/66/a6757151f8ee55db127716c7e3dce0be8074b64e20eda542e5c1e46ca9c41e>, "", 65533, 3) = 0
pread64(3</tmp/nia-publication-fault-7_6ur5fa/case/store/objects/66/a6757151f8ee55db127716c7e3dce0be8074b64e20eda542e5c1e46ca9c41e>, "", 65536, 3) = 0
pread64(3</tmp/nia-publication-fault-7_6ur5fa/case/store/objects/0c/a179e6befeb761f3613f1ef57ca892ebc3a6a228dca32f1309f0ac06a7de7e>, "!<arch>\ndebian-binary/  0           0     0     100644  4         `\n2.0\ncontrol.tar/    0       "..., 65536, 0) = 20672
pread64(3</tmp/nia-publication-fault-7_6ur5fa/case/store/objects/0c/a179e6befeb761f3613f1ef57ca892ebc3a6a228dca32f1309f0ac06a7de7e>, "", 44864, 20672) = 0
pread64(3</tmp/nia-publication-fault-7_6ur5fa/case/store/objects/0c/a179e6befeb761f3613f1ef57ca892ebc3a6a228dca32f1309f0ac06a7de7e>, "", 65536, 20672) = 0
pread64(3</tmp/nia-publication-fault-7_6ur5fa/case/store/objects/a3/1a856f430af395bccd7eb2f142b11ad3ae0fc5daf3acc4ffb341c48a5abd39>, "Package: empty-package\nVersion: 1\nArchitecture: all\nMaintainer: Fixture <fixture@example.invalid"..., 65536, 0) = 149
pread64(3</tmp/nia-publication-fault-7_6ur5fa/case/store/objects/a3/1a856f430af395bccd7eb2f142b11ad3ae0fc5daf3acc4ffb341c48a5abd39>, "", 65387, 149) = 0
pread64(3</tmp/nia-publication-fault-7_6ur5fa/case/store/objects/a3/1a856f430af395bccd7eb2f142b11ad3ae0fc5daf3acc4ffb341c48a5abd39>, "", 65536, 149) = 0
pread64(3</tmp/nia-publication-fault-7_6ur5fa/case/store/objects/66/a6757151f8ee55db127716c7e3dce0be8074b64e20eda542e5c1e46ca9c41e>, "\7\10\t", 65536, 0) = 3
pread64(3</tmp/nia-publication-fault-7_6ur5fa/case/store/objects/66/a6757151f8ee55db127716c7e3dce0be8074b64e20eda542e5c1e46ca9c41e>, "", 65533, 3) = 0
pread64(3</tmp/nia-publication-fault-7_6ur5fa/case/store/objects/66/a6757151f8ee55db127716c7e3dce0be8074b64e20eda542e5c1e46ca9c41e>, "", 65536, 3) = 0
pread64(3</tmp/nia-publication-fault-7_6ur5fa/case/store/objects/66/a6757151f8ee55db127716c7e3dce0be8074b64e20eda542e5c1e46ca9c41e>, "\7\10\t", 65536, 0) = 3
pread64(3</tmp/nia-publication-fault-7_6ur5fa/case/store/objects/66/a6757151f8ee55db127716c7e3dce0be8074b64e20eda542e5c1e46ca9c41e>, "", 65533, 3) = 0
pread64(3</tmp/nia-publication-fault-7_6ur5fa/case/store/objects/66/a6757151f8ee55db127716c7e3dce0be8074b64e20eda542e5c1e46ca9c41e>, "", 65536, 3) = 0
pread64(3</tmp/nia-publication-fault-7_6ur5fa/case/store/objects/66/a6757151f8ee55db127716c7e3dce0be8074b64e20eda542e5c1e46ca9c41e>, "\7\10\t", 65536, 0) = 3
pread64(3</tmp/nia-publication-fault-7_6ur5fa/case/store/objects/66/a6757151f8ee55db127716c7e3dce0be8074b64e20eda542e5c1e46ca9c41e>, "", 65533, 3) = 0
pread64(3</tmp/nia-publication-fault-7_6ur5fa/case/store/objects/66/a6757151f8ee55db127716c7e3dce0be8074b64e20eda542e5c1e46ca9c41e>, "", 65536, 3) = 0
pread64(3</tmp/nia-publication-fault-7_6ur5fa/case/store/objects/be/79019cd624c1b58af3cac32a235b467dac74ebfc6ee94e6390a198650449a5>, "NIASUP01GGGGGGGGGGGGGGGGGGGGGGGGGGGGGGGGf\246uqQ\370\356U\333\22w\26\307\343\334\340\276\200t\266N \355\245B\345\301\344l\251\304\36\f\241y\346\276\376\267a\363a?\36\365|\250\222\353\303\246\242(\334\243/"..., 65536, 0) = 320
pread64(3</tmp/nia-publication-fault-7_6ur5fa/case/store/objects/be/79019cd624c1b58af3cac32a235b467dac74ebfc6ee94e6390a198650449a5>, "", 65216, 320) = 0
pread64(3</tmp/nia-publication-fault-7_6ur5fa/case/store/objects/be/79019cd624c1b58af3cac32a235b467dac74ebfc6ee94e6390a198650449a5>, "", 65536, 320) = 0
pread64(3</tmp/nia-publication-fault-7_6ur5fa/case/store/objects/be/79019cd624c1b58af3cac32a235b467dac74ebfc6ee94e6390a198650449a5>, "NIASUP01GGGGGGGGGGGGGGGGGGGGGGGGGGGGGGGGf\246uqQ\370\356U\333\22w\26\307\343\334\340\276\200t\266N \355\245B\345\301\344l\251\304\36\f\241y\346\276\376\267a\363a?\36\365|\250\222\353\303\246\242(\334\243/"..., 320, 0) = 320
pread64(3</tmp/nia-publication-fault-7_6ur5fa/case/store/objects/66/a6757151f8ee55db127716c7e3dce0be8074b64e20eda542e5c1e46ca9c41e>, "\7\10\t", 65536, 0) = 3
pread64(3</tmp/nia-publication-fault-7_6ur5fa/case/store/objects/66/a6757151f8ee55db127716c7e3dce0be8074b64e20eda542e5c1e46ca9c41e>, "", 65533, 3) = 0
pread64(3</tmp/nia-publication-fault-7_6ur5fa/case/store/objects/66/a6757151f8ee55db127716c7e3dce0be8074b64e20eda542e5c1e46ca9c41e>, "", 65536, 3) = 0
pread64(3</tmp/nia-publication-fault-7_6ur5fa/case/store/objects/0c/a179e6befeb761f3613f1ef57ca892ebc3a6a228dca32f1309f0ac06a7de7e>, "!<arch>\ndebian-binary/  0           0     0     100644  4         `\n2.0\ncontrol.tar/    0       "..., 65536, 0) = 20672
pread64(3</tmp/nia-publication-fault-7_6ur5fa/case/store/objects/0c/a179e6befeb761f3613f1ef57ca892ebc3a6a228dca32f1309f0ac06a7de7e>, "", 44864, 20672) = 0
pread64(3</tmp/nia-publication-fault-7_6ur5fa/case/store/objects/0c/a179e6befeb761f3613f1ef57ca892ebc3a6a228dca32f1309f0ac06a7de7e>, "", 65536, 20672) = 0
pread64(3</tmp/nia-publication-fault-7_6ur5fa/case/store/objects/a3/1a856f430af395bccd7eb2f142b11ad3ae0fc5daf3acc4ffb341c48a5abd39>, "Package: empty-package\nVersion: 1\nArchitecture: all\nMaintainer: Fixture <fixture@example.invalid"..., 65536, 0) = 149
pread64(3</tmp/nia-publication-fault-7_6ur5fa/case/store/objects/a3/1a856f430af395bccd7eb2f142b11ad3ae0fc5daf3acc4ffb341c48a5abd39>, "", 65387, 149) = 0
pread64(3</tmp/nia-publication-fault-7_6ur5fa/case/store/objects/a3/1a856f430af395bccd7eb2f142b11ad3ae0fc5daf3acc4ffb341c48a5abd39>, "", 65536, 149) = 0
pread64(3</tmp/nia-publication-fault-7_6ur5fa/case/store/objects/66/a6757151f8ee55db127716c7e3dce0be8074b64e20eda542e5c1e46ca9c41e>, "\7\10\t", 65536, 0) = 3
pread64(3</tmp/nia-publication-fault-7_6ur5fa/case/store/objects/66/a6757151f8ee55db127716c7e3dce0be8074b64e20eda542e5c1e46ca9c41e>, "", 65533, 3) = 0
pread64(3</tmp/nia-publication-fault-7_6ur5fa/case/store/objects/66/a6757151f8ee55db127716c7e3dce0be8074b64e20eda542e5c1e46ca9c41e>, "", 65536, 3) = 0
pread64(3</tmp/nia-publication-fault-7_6ur5fa/case/store/objects/66/a6757151f8ee55db127716c7e3dce0be8074b64e20eda542e5c1e46ca9c41e>, "\7\10\t", 65536, 0) = 3
pread64(3</tmp/nia-publication-fault-7_6ur5fa/case/store/objects/66/a6757151f8ee55db127716c7e3dce0be8074b64e20eda542e5c1e46ca9c41e>, "", 65533, 3) = 0
pread64(3</tmp/nia-publication-fault-7_6ur5fa/case/store/objects/66/a6757151f8ee55db127716c7e3dce0be8074b64e20eda542e5c1e46ca9c41e>, "", 65536, 3) = 0
pread64(3</tmp/nia-publication-fault-7_6ur5fa/case/store/objects/66/a6757151f8ee55db127716c7e3dce0be8074b64e20eda542e5c1e46ca9c41e>, "\7\10\t", 65536, 0) = 3
pread64(3</tmp/nia-publication-fault-7_6ur5fa/case/store/objects/66/a6757151f8ee55db127716c7e3dce0be8074b64e20eda542e5c1e46ca9c41e>, "", 65533, 3) = 0
pread64(3</tmp/nia-publication-fault-7_6ur5fa/case/store/objects/66/a6757151f8ee55db127716c7e3dce0be8074b64e20eda542e5c1e46ca9c41e>, "", 65536, 3) = 0
pread64(3</tmp/nia-publication-fault-7_6ur5fa/case/store/objects/0c/a179e6befeb761f3613f1ef57ca892ebc3a6a228dca32f1309f0ac06a7de7e>, "!<arch>\ndebian-binary/  0           0     0     100644  4         `\n2.0\ncontrol.tar/    0       "..., 65536, 0) = 20672
pread64(3</tmp/nia-publication-fault-7_6ur5fa/case/store/objects/0c/a179e6befeb761f3613f1ef57ca892ebc3a6a228dca32f1309f0ac06a7de7e>, "", 44864, 20672) = 0
pread64(3</tmp/nia-publication-fault-7_6ur5fa/case/store/objects/0c/a179e6befeb761f3613f1ef57ca892ebc3a6a228dca32f1309f0ac06a7de7e>, "", 65536, 20672) = 0
pread64(3</tmp/nia-publication-fault-7_6ur5fa/case/store/objects/0c/a179e6befeb761f3613f1ef57ca892ebc3a6a228dca32f1309f0ac06a7de7e>, "!<arch>\n", 8, 0) = 8
pread64(3</tmp/nia-publication-fault-7_6ur5fa/case/store/objects/0c/a179e6befeb761f3613f1ef57ca892ebc3a6a228dca32f1309f0ac06a7de7e>, "debian-binary/  0           0     0     100644  4         `\n", 60, 8) = 60
pread64(3</tmp/nia-publication-fault-7_6ur5fa/case/store/objects/0c/a179e6befeb761f3613f1ef57ca892ebc3a6a228dca32f1309f0ac06a7de7e>, "2.0\n", 4, 68) = 4
pread64(3</tmp/nia-publication-fault-7_6ur5fa/case/store/objects/0c/a179e6befeb761f3613f1ef57ca892ebc3a6a228dca32f1309f0ac06a7de7e>, "2.0\n", 4, 68) = 4
pread64(3</tmp/nia-publication-fault-7_6ur5fa/case/store/objects/0c/a179e6befeb761f3613f1ef57ca892ebc3a6a228dca32f1309f0ac06a7de7e>, "control.tar/    0           0     0     100644  10240     `\n", 60, 72) = 60
pread64(3</tmp/nia-publication-fault-7_6ur5fa/case/store/objects/0c/a179e6befeb761f3613f1ef57ca892ebc3a6a228dca32f1309f0ac06a7de7e>, "./control\0\0\0\0\0\0\0\0\0\0\0\0\0\0\0\0\0\0\0\0\0\0\0\0\0\0\0\0\0\0\0\0\0\0\0\0\0\0\0\0\0\0\0\0\0\0\0\0\0\0\0\0\0\0\0\0\0\0\0\0\0\0\0\0\0\0\0\0\0\0\0\0\0\0\0\0\0\0\0\0\0\0\0\0\0\0\0"..., 10240, 132) = 10240
pread64(3</tmp/nia-publication-fault-7_6ur5fa/case/store/objects/0c/a179e6befeb761f3613f1ef57ca892ebc3a6a228dca32f1309f0ac06a7de7e>, "data.tar/       0           0     0     100644  10240     `\n", 60, 10372) = 60
pread64(3</tmp/nia-publication-fault-7_6ur5fa/case/store/objects/0c/a179e6befeb761f3613f1ef57ca892ebc3a6a228dca32f1309f0ac06a7de7e>, "\0\0\0\0\0\0\0\0\0\0\0\0\0\0\0\0\0\0\0\0\0\0\0\0\0\0\0\0\0\0\0\0\0\0\0\0\0\0\0\0\0\0\0\0\0\0\0\0\0\0\0\0\0\0\0\0\0\0\0\0\0\0\0\0\0\0\0\0\0\0\0\0\0\0\0\0\0\0\0\0\0\0\0\0\0\0\0\0\0\0\0\0\0\0\0\0"..., 10240, 10432) = 10240
pread64(3</tmp/nia-publication-fault-7_6ur5fa/case/store/objects/0c/a179e6befeb761f3613f1ef57ca892ebc3a6a228dca32f1309f0ac06a7de7e>, "!<arch>\ndebian-binary/  0           0     0     100644  4         `\n2.0\ncontrol.tar/    0       "..., 65536, 0) = 20672
pread64(3</tmp/nia-publication-fault-7_6ur5fa/case/store/objects/0c/a179e6befeb761f3613f1ef57ca892ebc3a6a228dca32f1309f0ac06a7de7e>, "", 44864, 20672) = 0
pread64(3</tmp/nia-publication-fault-7_6ur5fa/case/store/objects/0c/a179e6befeb761f3613f1ef57ca892ebc3a6a228dca32f1309f0ac06a7de7e>, "", 65536, 20672) = 0
pread64(3</tmp/nia-publication-fault-7_6ur5fa/case/store/objects/0c/a179e6befeb761f3613f1ef57ca892ebc3a6a228dca32f1309f0ac06a7de7e>, "!<arch>\n", 8, 0) = 8
pread64(3</tmp/nia-publication-fault-7_6ur5fa/case/store/objects/0c/a179e6befeb761f3613f1ef57ca892ebc3a6a228dca32f1309f0ac06a7de7e>, "debian-binary/  0           0     0     100644  4         `\n", 60, 8) = 60
pread64(3</tmp/nia-publication-fault-7_6ur5fa/case/store/objects/0c/a179e6befeb761f3613f1ef57ca892ebc3a6a228dca32f1309f0ac06a7de7e>, "2.0\n", 4, 68) = 4
pread64(3</tmp/nia-publication-fault-7_6ur5fa/case/store/objects/0c/a179e6befeb761f3613f1ef57ca892ebc3a6a228dca32f1309f0ac06a7de7e>, "2.0\n", 4, 68) = 4
pread64(3</tmp/nia-publication-fault-7_6ur5fa/case/store/objects/0c/a179e6befeb761f3613f1ef57ca892ebc3a6a228dca32f1309f0ac06a7de7e>, "control.tar/    0           0     0     100644  10240     `\n", 60, 72) = 60
pread64(3</tmp/nia-publication-fault-7_6ur5fa/case/store/objects/0c/a179e6befeb761f3613f1ef57ca892ebc3a6a228dca32f1309f0ac06a7de7e>, "./control\0\0\0\0\0\0\0\0\0\0\0\0\0\0\0\0\0\0\0\0\0\0\0\0\0\0\0\0\0\0\0\0\0\0\0\0\0\0\0\0\0\0\0\0\0\0\0\0\0\0\0\0\0\0\0\0\0\0\0\0\0\0\0\0\0\0\0\0\0\0\0\0\0\0\0\0\0\0\0\0\0\0\0\0\0\0\0"..., 10240, 132) = 10240
pread64(3</tmp/nia-publication-fault-7_6ur5fa/case/store/objects/0c/a179e6befeb761f3613f1ef57ca892ebc3a6a228dca32f1309f0ac06a7de7e>, "data.tar/       0           0     0     100644  10240     `\n", 60, 10372) = 60
pread64(3</tmp/nia-publication-fault-7_6ur5fa/case/store/objects/0c/a179e6befeb761f3613f1ef57ca892ebc3a6a228dca32f1309f0ac06a7de7e>, "\0\0\0\0\0\0\0\0\0\0\0\0\0\0\0\0\0\0\0\0\0\0\0\0\0\0\0\0\0\0\0\0\0\0\0\0\0\0\0\0\0\0\0\0\0\0\0\0\0\0\0\0\0\0\0\0\0\0\0\0\0\0\0\0\0\0\0\0\0\0\0\0\0\0\0\0\0\0\0\0\0\0\0\0\0\0\0\0\0\0\0\0\0\0\0\0"..., 10240, 10432) = 10240
fsync(17</tmp/nia-publication-fault-7_6ur5fa/case/store/incoming>) = 0
pread64(3</tmp/nia-publication-fault-7_6ur5fa/case/store/objects/0c/a179e6befeb761f3613f1ef57ca892ebc3a6a228dca32f1309f0ac06a7de7e>, "./control\0\0\0\0\0\0\0\0\0\0\0\0\0\0\0\0\0\0\0\0\0\0\0\0\0\0\0\0\0\0\0\0\0\0\0\0\0\0\0\0\0\0\0\0\0\0\0\0\0\0\0\0\0\0\0\0\0\0\0\0\0\0\0\0\0\0\0\0\0\0\0\0\0\0\0\0\0\0\0\0\0\0\0\0\0\0\0"..., 10240, 132) = 10240
write(16</tmp/nia-publication-fault-7_6ur5fa/case/store/incoming/704423dff7fee0ce1575d65b81b2fc4f>, "./control\0\0\0\0\0\0\0\0\0\0\0\0\0\0\0\0\0\0\0\0\0\0\0\0\0\0\0\0\0\0\0\0\0\0\0\0\0\0\0\0\0\0\0\0\0\0\0\0\0\0\0\0\0\0\0\0\0\0\0\0\0\0\0\0\0\0\0\0\0\0\0\0\0\0\0\0\0\0\0\0\0\0\0\0\0\0\0"..., 10240) = 10240
fsync(16</tmp/nia-publication-fault-7_6ur5fa/case/store/incoming/704423dff7fee0ce1575d65b81b2fc4f>) = 0
renameat2(17</tmp/nia-publication-fault-7_6ur5fa/case/store/incoming>, "704423dff7fee0ce1575d65b81b2fc4f", 16</tmp/nia-publication-fault-7_6ur5fa/case/store/objects/4a>, "36f6eb7c1b236ab6cb28ddb882919e888bf393dfc00d93008ad6730697f8f7", RENAME_NOREPLACE) = -1 EEXIST (File exists)
pread64(16</tmp/nia-publication-fault-7_6ur5fa/case/store/objects/4a/36f6eb7c1b236ab6cb28ddb882919e888bf393dfc00d93008ad6730697f8f7>, "./control\0\0\0\0\0\0\0\0\0\0\0\0\0\0\0\0\0\0\0\0\0\0\0\0\0\0\0\0\0\0\0\0\0\0\0\0\0\0\0\0\0\0\0\0\0\0\0\0\0\0\0\0\0\0\0\0\0\0\0\0\0\0\0\0\0\0\0\0\0\0\0\0\0\0\0\0\0\0\0\0\0\0\0\0\0\0\0"..., 65536, 0) = 10240
pread64(16</tmp/nia-publication-fault-7_6ur5fa/case/store/objects/4a/36f6eb7c1b236ab6cb28ddb882919e888bf393dfc00d93008ad6730697f8f7>, "", 55296, 10240) = 0
pread64(16</tmp/nia-publication-fault-7_6ur5fa/case/store/objects/4a/36f6eb7c1b236ab6cb28ddb882919e888bf393dfc00d93008ad6730697f8f7>, "", 65536, 10240) = 0
fsync(17</tmp/nia-publication-fault-7_6ur5fa/case/store/incoming>) = 0
pread64(3</tmp/nia-publication-fault-7_6ur5fa/case/store/objects/4a/36f6eb7c1b236ab6cb28ddb882919e888bf393dfc00d93008ad6730697f8f7>, "./control\0\0\0\0\0\0\0\0\0\0\0\0\0\0\0\0\0\0\0\0\0\0\0\0\0\0\0\0\0\0\0\0\0\0\0\0\0\0\0\0\0\0\0\0\0\0\0\0\0\0\0\0\0\0\0\0\0\0\0\0\0\0\0\0\0\0\0\0\0\0\0\0\0\0\0\0\0\0\0\0\0\0\0\0\0\0\0"..., 65536, 0) = 10240
pread64(3</tmp/nia-publication-fault-7_6ur5fa/case/store/objects/4a/36f6eb7c1b236ab6cb28ddb882919e888bf393dfc00d93008ad6730697f8f7>, "", 55296, 10240) = 0
pread64(3</tmp/nia-publication-fault-7_6ur5fa/case/store/objects/4a/36f6eb7c1b236ab6cb28ddb882919e888bf393dfc00d93008ad6730697f8f7>, "", 65536, 10240) = 0
pread64(3</tmp/nia-publication-fault-7_6ur5fa/case/store/objects/4a/36f6eb7c1b236ab6cb28ddb882919e888bf393dfc00d93008ad6730697f8f7>, "./control\0\0\0\0\0\0\0\0\0\0\0\0\0\0\0\0\0\0\0\0\0\0\0\0\0\0\0\0\0\0\0\0\0\0\0\0\0\0\0\0\0\0\0\0\0\0\0\0\0\0\0\0\0\0\0\0\0\0\0\0\0\0\0\0\0\0\0\0\0\0\0\0\0\0\0\0\0\0\0\0\0\0\0\0\0\0\0"..., 10240, 0) = 10240
fsync(17</tmp/nia-publication-fault-7_6ur5fa/case/store/incoming>) = 0
write(16</tmp/nia-publication-fault-7_6ur5fa/case/store/incoming/ecfa6b716846b811614b77c49fb92a58>, "Package: empty-package\nVersion: 1\nArchitecture: all\nMaintainer: Fixture <fixture@example.invalid"..., 149) = 149
fsync(16</tmp/nia-publication-fault-7_6ur5fa/case/store/incoming/ecfa6b716846b811614b77c49fb92a58>) = 0
renameat2(17</tmp/nia-publication-fault-7_6ur5fa/case/store/incoming>, "ecfa6b716846b811614b77c49fb92a58", 16</tmp/nia-publication-fault-7_6ur5fa/case/store/objects/a3>, "1a856f430af395bccd7eb2f142b11ad3ae0fc5daf3acc4ffb341c48a5abd39", RENAME_NOREPLACE) = -1 EEXIST (File exists)
pread64(16</tmp/nia-publication-fault-7_6ur5fa/case/store/objects/a3/1a856f430af395bccd7eb2f142b11ad3ae0fc5daf3acc4ffb341c48a5abd39>, "Package: empty-package\nVersion: 1\nArchitecture: all\nMaintainer: Fixture <fixture@example.invalid"..., 65536, 0) = 149
pread64(16</tmp/nia-publication-fault-7_6ur5fa/case/store/objects/a3/1a856f430af395bccd7eb2f142b11ad3ae0fc5daf3acc4ffb341c48a5abd39>, "", 65387, 149) = 0
pread64(16</tmp/nia-publication-fault-7_6ur5fa/case/store/objects/a3/1a856f430af395bccd7eb2f142b11ad3ae0fc5daf3acc4ffb341c48a5abd39>, "", 65536, 149) = 0
fsync(17</tmp/nia-publication-fault-7_6ur5fa/case/store/incoming>) = 0
pread64(3</tmp/nia-publication-fault-7_6ur5fa/case/store/objects/a3/1a856f430af395bccd7eb2f142b11ad3ae0fc5daf3acc4ffb341c48a5abd39>, "Package: empty-package\nVersion: 1\nArchitecture: all\nMaintainer: Fixture <fixture@example.invalid"..., 65536, 0) = 149
pread64(3</tmp/nia-publication-fault-7_6ur5fa/case/store/objects/a3/1a856f430af395bccd7eb2f142b11ad3ae0fc5daf3acc4ffb341c48a5abd39>, "", 65387, 149) = 0
pread64(3</tmp/nia-publication-fault-7_6ur5fa/case/store/objects/a3/1a856f430af395bccd7eb2f142b11ad3ae0fc5daf3acc4ffb341c48a5abd39>, "", 65536, 149) = 0
pread64(3</tmp/nia-publication-fault-7_6ur5fa/case/store/objects/a3/1a856f430af395bccd7eb2f142b11ad3ae0fc5daf3acc4ffb341c48a5abd39>, "Package: empty-package\nVersion: 1\nArchitecture: all\nMaintainer: Fixture <fixture@example.invalid"..., 16777216, 0) = 149
pread64(3</tmp/nia-publication-fault-7_6ur5fa/case/store/objects/a3/1a856f430af395bccd7eb2f142b11ad3ae0fc5daf3acc4ffb341c48a5abd39>, "", 16777067, 149) = 0
pread64(3</tmp/nia-publication-fault-7_6ur5fa/case/store/objects/32/094e7c613fdb6dffb1f27d926b176f7fd8946b8c2cf3ca9e3b95cb91a1a8ca>, "NIACLOS1\216\346\2104^\35\225\2\356\214\327'zE<0\277\267{\224r\1\276\2630\16\235\362\270\3122\35\273\343\341b6\331$M\267\345\300\262\251\302\306\27f\270\251!\330\260\227\374\323p\347\177\25.\3311\0\0\0\0\0\0\0\5\f\241y\346\276\376\267a\363a?\36\365|\250\222"..., 65536, 0) = 240
pread64(3</tmp/nia-publication-fault-7_6ur5fa/case/store/objects/32/094e7c613fdb6dffb1f27d926b176f7fd8946b8c2cf3ca9e3b95cb91a1a8ca>, "", 65296, 240) = 0
pread64(3</tmp/nia-publication-fault-7_6ur5fa/case/store/objects/32/094e7c613fdb6dffb1f27d926b176f7fd8946b8c2cf3ca9e3b95cb91a1a8ca>, "", 65536, 240) = 0
pread64(3</tmp/nia-publication-fault-7_6ur5fa/case/store/objects/32/094e7c613fdb6dffb1f27d926b176f7fd8946b8c2cf3ca9e3b95cb91a1a8ca>, "NIACLOS1\216\346\2104^\35\225\2\356\214\327'zE<0\277\267{\224r\1\276\2630\16\235\362\270\3122\35\273\343\341b6\331$M\267\345\300\262\251\302\306\27f\270\251!\330\260\227\374\323p\347\177\25.\3311\0\0\0\0\0\0\0\5", 80, 0) = 80
pread64(3</tmp/nia-publication-fault-7_6ur5fa/case/store/objects/32/094e7c613fdb6dffb1f27d926b176f7fd8946b8c2cf3ca9e3b95cb91a1a8ca>, "\f\241y\346\276\376\267a\363a?\36\365|\250\222\353\303\246\242(\334\243/\23\t\360\254\6\247\336~", 32, 80) = 32
pread64(16</tmp/nia-publication-fault-7_6ur5fa/case/store/objects/0c/a179e6befeb761f3613f1ef57ca892ebc3a6a228dca32f1309f0ac06a7de7e>, "!<arch>\ndebian-binary/  0           0     0     100644  4         `\n2.0\ncontrol.tar/    0       "..., 65536, 0) = 20672
pread64(16</tmp/nia-publication-fault-7_6ur5fa/case/store/objects/0c/a179e6befeb761f3613f1ef57ca892ebc3a6a228dca32f1309f0ac06a7de7e>, "", 44864, 20672) = 0
pread64(16</tmp/nia-publication-fault-7_6ur5fa/case/store/objects/0c/a179e6befeb761f3613f1ef57ca892ebc3a6a228dca32f1309f0ac06a7de7e>, "", 65536, 20672) = 0
pread64(3</tmp/nia-publication-fault-7_6ur5fa/case/store/objects/32/094e7c613fdb6dffb1f27d926b176f7fd8946b8c2cf3ca9e3b95cb91a1a8ca>, "J6\366\353|\33#j\266\313(\335\270\202\221\236\210\213\363\223\337\300\r\223\0\212\326s\6\227\370\367", 32, 112) = 32
pread64(16</tmp/nia-publication-fault-7_6ur5fa/case/store/objects/4a/36f6eb7c1b236ab6cb28ddb882919e888bf393dfc00d93008ad6730697f8f7>, "./control\0\0\0\0\0\0\0\0\0\0\0\0\0\0\0\0\0\0\0\0\0\0\0\0\0\0\0\0\0\0\0\0\0\0\0\0\0\0\0\0\0\0\0\0\0\0\0\0\0\0\0\0\0\0\0\0\0\0\0\0\0\0\0\0\0\0\0\0\0\0\0\0\0\0\0\0\0\0\0\0\0\0\0\0\0\0\0"..., 65536, 0) = 10240
pread64(16</tmp/nia-publication-fault-7_6ur5fa/case/store/objects/4a/36f6eb7c1b236ab6cb28ddb882919e888bf393dfc00d93008ad6730697f8f7>, "", 55296, 10240) = 0
pread64(16</tmp/nia-publication-fault-7_6ur5fa/case/store/objects/4a/36f6eb7c1b236ab6cb28ddb882919e888bf393dfc00d93008ad6730697f8f7>, "", 65536, 10240) = 0
pread64(3</tmp/nia-publication-fault-7_6ur5fa/case/store/objects/32/094e7c613fdb6dffb1f27d926b176f7fd8946b8c2cf3ca9e3b95cb91a1a8ca>, "\204\377\222i\37\220\232\5\262$\341\305j\273Hd\360\33O\216<\205NK\264\307\272\361\323\366\326R", 32, 144) = 32
pread64(16</tmp/nia-publication-fault-7_6ur5fa/case/store/objects/84/ff92691f909a05b224e1c56abb4864f01b4f8e3c854e4bb4c7baf1d3f6d652>, "\0\0\0\0\0\0\0\0\0\0\0\0\0\0\0\0\0\0\0\0\0\0\0\0\0\0\0\0\0\0\0\0\0\0\0\0\0\0\0\0\0\0\0\0\0\0\0\0\0\0\0\0\0\0\0\0\0\0\0\0\0\0\0\0\0\0\0\0\0\0\0\0\0\0\0\0\0\0\0\0\0\0\0\0\0\0\0\0\0\0\0\0\0\0\0\0"..., 65536, 0) = 10240
pread64(16</tmp/nia-publication-fault-7_6ur5fa/case/store/objects/84/ff92691f909a05b224e1c56abb4864f01b4f8e3c854e4bb4c7baf1d3f6d652>, "", 55296, 10240) = 0
pread64(16</tmp/nia-publication-fault-7_6ur5fa/case/store/objects/84/ff92691f909a05b224e1c56abb4864f01b4f8e3c854e4bb4c7baf1d3f6d652>, "", 65536, 10240) = 0
pread64(3</tmp/nia-publication-fault-7_6ur5fa/case/store/objects/32/094e7c613fdb6dffb1f27d926b176f7fd8946b8c2cf3ca9e3b95cb91a1a8ca>, "\216\346\2104^\35\225\2\356\214\327'zE<0\277\267{\224r\1\276\2630\16\235\362\270\3122\35", 32, 176) = 32
pread64(16</tmp/nia-publication-fault-7_6ur5fa/case/store/objects/8e/e688345e1d9502ee8cd7277a453c30bfb77b947201beb3300e9df2b8ca321d>, "\0\0\0\0\0\0\0\10NIACSEL1\273\343\341b6\331$M\267\345\300\262\251\302\306\27f\270\251!\330\260\227\374\323p\347\177\25.\3311\0\0\0\0\0\0\0\1\f\241y\346\276\376\267a\363a?\36\365|\250\222\353\303\246\242(\334\243/\23\t\360\254\6\247\336~J6\366\353|\33#j"..., 65536, 0) = 152
pread64(16</tmp/nia-publication-fault-7_6ur5fa/case/store/objects/8e/e688345e1d9502ee8cd7277a453c30bfb77b947201beb3300e9df2b8ca321d>, "", 65384, 152) = 0
pread64(16</tmp/nia-publication-fault-7_6ur5fa/case/store/objects/8e/e688345e1d9502ee8cd7277a453c30bfb77b947201beb3300e9df2b8ca321d>, "", 65536, 152) = 0
pread64(3</tmp/nia-publication-fault-7_6ur5fa/case/store/objects/32/094e7c613fdb6dffb1f27d926b176f7fd8946b8c2cf3ca9e3b95cb91a1a8ca>, "\243\32\205oC\n\363\225\274\315~\262\361B\261\32\323\256\17\305\332\363\254\304\377\263A\304\212Z\2759", 32, 208) = 32
pread64(16</tmp/nia-publication-fault-7_6ur5fa/case/store/objects/a3/1a856f430af395bccd7eb2f142b11ad3ae0fc5daf3acc4ffb341c48a5abd39>, "Package: empty-package\nVersion: 1\nArchitecture: all\nMaintainer: Fixture <fixture@example.invalid"..., 65536, 0) = 149
pread64(16</tmp/nia-publication-fault-7_6ur5fa/case/store/objects/a3/1a856f430af395bccd7eb2f142b11ad3ae0fc5daf3acc4ffb341c48a5abd39>, "", 65387, 149) = 0
pread64(16</tmp/nia-publication-fault-7_6ur5fa/case/store/objects/a3/1a856f430af395bccd7eb2f142b11ad3ae0fc5daf3acc4ffb341c48a5abd39>, "", 65536, 149) = 0
pread64(3</tmp/nia-publication-fault-7_6ur5fa/case/store/objects/8e/e688345e1d9502ee8cd7277a453c30bfb77b947201beb3300e9df2b8ca321d>, "\0\0\0\0\0\0\0\10NIACSEL1\273\343\341b6\331$M\267\345\300\262\251\302\306\27f\270\251!\330\260\227\374\323p\347\177\25.\3311\0\0\0\0\0\0\0\1\f\241y\346\276\376\267a\363a?\36\365|\250\222\353\303\246\242(\334\243/\23\t\360\254\6\247\336~J6\366\353|\33#j"..., 65536, 0) = 152
pread64(3</tmp/nia-publication-fault-7_6ur5fa/case/store/objects/8e/e688345e1d9502ee8cd7277a453c30bfb77b947201beb3300e9df2b8ca321d>, "", 65384, 152) = 0
pread64(3</tmp/nia-publication-fault-7_6ur5fa/case/store/objects/8e/e688345e1d9502ee8cd7277a453c30bfb77b947201beb3300e9df2b8ca321d>, "", 65536, 152) = 0
pread64(3</tmp/nia-publication-fault-7_6ur5fa/case/store/objects/8e/e688345e1d9502ee8cd7277a453c30bfb77b947201beb3300e9df2b8ca321d>, "\0\0\0\0\0\0\0\10NIACSEL1\273\343\341b6\331$M\267\345\300\262\251\302\306\27f\270\251!\330\260\227\374\323p\347\177\25.\3311\0\0\0\0\0\0\0\1\f\241y\346\276\376\267a\363a?\36\365|\250\222\353\303\246\242(\334\243/\23\t\360\254\6\247\336~J6\366\353|\33#j"..., 393272, 0) = 152
pread64(3</tmp/nia-publication-fault-7_6ur5fa/case/store/objects/8e/e688345e1d9502ee8cd7277a453c30bfb77b947201beb3300e9df2b8ca321d>, "", 393120, 152) = 0
pread64(3</tmp/nia-publication-fault-7_6ur5fa/case/store/objects/0c/a179e6befeb761f3613f1ef57ca892ebc3a6a228dca32f1309f0ac06a7de7e>, "!<arch>\ndebian-binary/  0           0     0     100644  4         `\n2.0\ncontrol.tar/    0       "..., 65536, 0) = 20672
pread64(3</tmp/nia-publication-fault-7_6ur5fa/case/store/objects/0c/a179e6befeb761f3613f1ef57ca892ebc3a6a228dca32f1309f0ac06a7de7e>, "", 44864, 20672) = 0
pread64(3</tmp/nia-publication-fault-7_6ur5fa/case/store/objects/0c/a179e6befeb761f3613f1ef57ca892ebc3a6a228dca32f1309f0ac06a7de7e>, "", 65536, 20672) = 0
pread64(3</tmp/nia-publication-fault-7_6ur5fa/case/store/objects/0c/a179e6befeb761f3613f1ef57ca892ebc3a6a228dca32f1309f0ac06a7de7e>, "!<arch>\n", 8, 0) = 8
pread64(3</tmp/nia-publication-fault-7_6ur5fa/case/store/objects/0c/a179e6befeb761f3613f1ef57ca892ebc3a6a228dca32f1309f0ac06a7de7e>, "debian-binary/  0           0     0     100644  4         `\n", 60, 8) = 60
pread64(3</tmp/nia-publication-fault-7_6ur5fa/case/store/objects/0c/a179e6befeb761f3613f1ef57ca892ebc3a6a228dca32f1309f0ac06a7de7e>, "2.0\n", 4, 68) = 4
pread64(3</tmp/nia-publication-fault-7_6ur5fa/case/store/objects/0c/a179e6befeb761f3613f1ef57ca892ebc3a6a228dca32f1309f0ac06a7de7e>, "2.0\n", 4, 68) = 4
pread64(3</tmp/nia-publication-fault-7_6ur5fa/case/store/objects/0c/a179e6befeb761f3613f1ef57ca892ebc3a6a228dca32f1309f0ac06a7de7e>, "control.tar/    0           0     0     100644  10240     `\n", 60, 72) = 60
pread64(3</tmp/nia-publication-fault-7_6ur5fa/case/store/objects/0c/a179e6befeb761f3613f1ef57ca892ebc3a6a228dca32f1309f0ac06a7de7e>, "./control\0\0\0\0\0\0\0\0\0\0\0\0\0\0\0\0\0\0\0\0\0\0\0\0\0\0\0\0\0\0\0\0\0\0\0\0\0\0\0\0\0\0\0\0\0\0\0\0\0\0\0\0\0\0\0\0\0\0\0\0\0\0\0\0\0\0\0\0\0\0\0\0\0\0\0\0\0\0\0\0\0\0\0\0\0\0\0"..., 10240, 132) = 10240
pread64(3</tmp/nia-publication-fault-7_6ur5fa/case/store/objects/0c/a179e6befeb761f3613f1ef57ca892ebc3a6a228dca32f1309f0ac06a7de7e>, "data.tar/       0           0     0     100644  10240     `\n", 60, 10372) = 60
pread64(3</tmp/nia-publication-fault-7_6ur5fa/case/store/objects/0c/a179e6befeb761f3613f1ef57ca892ebc3a6a228dca32f1309f0ac06a7de7e>, "\0\0\0\0\0\0\0\0\0\0\0\0\0\0\0\0\0\0\0\0\0\0\0\0\0\0\0\0\0\0\0\0\0\0\0\0\0\0\0\0\0\0\0\0\0\0\0\0\0\0\0\0\0\0\0\0\0\0\0\0\0\0\0\0\0\0\0\0\0\0\0\0\0\0\0\0\0\0\0\0\0\0\0\0\0\0\0\0\0\0\0\0\0\0\0\0"..., 10240, 10432) = 10240
pread64(3</tmp/nia-publication-fault-7_6ur5fa/case/store/objects/0c/a179e6befeb761f3613f1ef57ca892ebc3a6a228dca32f1309f0ac06a7de7e>, "!<arch>\ndebian-binary/  0           0     0     100644  4         `\n2.0\ncontrol.tar/    0       "..., 65536, 0) = 20672
pread64(3</tmp/nia-publication-fault-7_6ur5fa/case/store/objects/0c/a179e6befeb761f3613f1ef57ca892ebc3a6a228dca32f1309f0ac06a7de7e>, "", 44864, 20672) = 0
pread64(3</tmp/nia-publication-fault-7_6ur5fa/case/store/objects/0c/a179e6befeb761f3613f1ef57ca892ebc3a6a228dca32f1309f0ac06a7de7e>, "", 65536, 20672) = 0
pread64(3</tmp/nia-publication-fault-7_6ur5fa/case/store/objects/0c/a179e6befeb761f3613f1ef57ca892ebc3a6a228dca32f1309f0ac06a7de7e>, "!<arch>\n", 8, 0) = 8
pread64(3</tmp/nia-publication-fault-7_6ur5fa/case/store/objects/0c/a179e6befeb761f3613f1ef57ca892ebc3a6a228dca32f1309f0ac06a7de7e>, "debian-binary/  0           0     0     100644  4         `\n", 60, 8) = 60
pread64(3</tmp/nia-publication-fault-7_6ur5fa/case/store/objects/0c/a179e6befeb761f3613f1ef57ca892ebc3a6a228dca32f1309f0ac06a7de7e>, "2.0\n", 4, 68) = 4
pread64(3</tmp/nia-publication-fault-7_6ur5fa/case/store/objects/0c/a179e6befeb761f3613f1ef57ca892ebc3a6a228dca32f1309f0ac06a7de7e>, "2.0\n", 4, 68) = 4
pread64(3</tmp/nia-publication-fault-7_6ur5fa/case/store/objects/0c/a179e6befeb761f3613f1ef57ca892ebc3a6a228dca32f1309f0ac06a7de7e>, "control.tar/    0           0     0     100644  10240     `\n", 60, 72) = 60
pread64(3</tmp/nia-publication-fault-7_6ur5fa/case/store/objects/0c/a179e6befeb761f3613f1ef57ca892ebc3a6a228dca32f1309f0ac06a7de7e>, "./control\0\0\0\0\0\0\0\0\0\0\0\0\0\0\0\0\0\0\0\0\0\0\0\0\0\0\0\0\0\0\0\0\0\0\0\0\0\0\0\0\0\0\0\0\0\0\0\0\0\0\0\0\0\0\0\0\0\0\0\0\0\0\0\0\0\0\0\0\0\0\0\0\0\0\0\0\0\0\0\0\0\0\0\0\0\0\0"..., 10240, 132) = 10240
pread64(3</tmp/nia-publication-fault-7_6ur5fa/case/store/objects/0c/a179e6befeb761f3613f1ef57ca892ebc3a6a228dca32f1309f0ac06a7de7e>, "data.tar/       0           0     0     100644  10240     `\n", 60, 10372) = 60
pread64(3</tmp/nia-publication-fault-7_6ur5fa/case/store/objects/0c/a179e6befeb761f3613f1ef57ca892ebc3a6a228dca32f1309f0ac06a7de7e>, "\0\0\0\0\0\0\0\0\0\0\0\0\0\0\0\0\0\0\0\0\0\0\0\0\0\0\0\0\0\0\0\0\0\0\0\0\0\0\0\0\0\0\0\0\0\0\0\0\0\0\0\0\0\0\0\0\0\0\0\0\0\0\0\0\0\0\0\0\0\0\0\0\0\0\0\0\0\0\0\0\0\0\0\0\0\0\0\0\0\0\0\0\0\0\0\0"..., 10240, 10432) = 10240
fsync(17</tmp/nia-publication-fault-7_6ur5fa/case/store/incoming>) = 0
pread64(3</tmp/nia-publication-fault-7_6ur5fa/case/store/objects/0c/a179e6befeb761f3613f1ef57ca892ebc3a6a228dca32f1309f0ac06a7de7e>, "\0\0\0\0\0\0\0\0\0\0\0\0\0\0\0\0\0\0\0\0\0\0\0\0\0\0\0\0\0\0\0\0\0\0\0\0\0\0\0\0\0\0\0\0\0\0\0\0\0\0\0\0\0\0\0\0\0\0\0\0\0\0\0\0\0\0\0\0\0\0\0\0\0\0\0\0\0\0\0\0\0\0\0\0\0\0\0\0\0\0\0\0\0\0\0\0"..., 10240, 10432) = 10240
write(16</tmp/nia-publication-fault-7_6ur5fa/case/store/incoming/d8daf9f02b860779d4380a2387698192>, "\0\0\0\0\0\0\0\0\0\0\0\0\0\0\0\0\0\0\0\0\0\0\0\0\0\0\0\0\0\0\0\0\0\0\0\0\0\0\0\0\0\0\0\0\0\0\0\0\0\0\0\0\0\0\0\0\0\0\0\0\0\0\0\0\0\0\0\0\0\0\0\0\0\0\0\0\0\0\0\0\0\0\0\0\0\0\0\0\0\0\0\0\0\0\0\0"..., 10240) = 10240
fsync(16</tmp/nia-publication-fault-7_6ur5fa/case/store/incoming/d8daf9f02b860779d4380a2387698192>) = 0
renameat2(17</tmp/nia-publication-fault-7_6ur5fa/case/store/incoming>, "d8daf9f02b860779d4380a2387698192", 16</tmp/nia-publication-fault-7_6ur5fa/case/store/objects/84>, "ff92691f909a05b224e1c56abb4864f01b4f8e3c854e4bb4c7baf1d3f6d652", RENAME_NOREPLACE) = -1 EEXIST (File exists)
pread64(16</tmp/nia-publication-fault-7_6ur5fa/case/store/objects/84/ff92691f909a05b224e1c56abb4864f01b4f8e3c854e4bb4c7baf1d3f6d652>, "\0\0\0\0\0\0\0\0\0\0\0\0\0\0\0\0\0\0\0\0\0\0\0\0\0\0\0\0\0\0\0\0\0\0\0\0\0\0\0\0\0\0\0\0\0\0\0\0\0\0\0\0\0\0\0\0\0\0\0\0\0\0\0\0\0\0\0\0\0\0\0\0\0\0\0\0\0\0\0\0\0\0\0\0\0\0\0\0\0\0\0\0\0\0\0\0"..., 65536, 0) = 10240
pread64(16</tmp/nia-publication-fault-7_6ur5fa/case/store/objects/84/ff92691f909a05b224e1c56abb4864f01b4f8e3c854e4bb4c7baf1d3f6d652>, "", 55296, 10240) = 0
pread64(16</tmp/nia-publication-fault-7_6ur5fa/case/store/objects/84/ff92691f909a05b224e1c56abb4864f01b4f8e3c854e4bb4c7baf1d3f6d652>, "", 65536, 10240) = 0
fsync(17</tmp/nia-publication-fault-7_6ur5fa/case/store/incoming>) = 0
pread64(3</tmp/nia-publication-fault-7_6ur5fa/case/store/objects/84/ff92691f909a05b224e1c56abb4864f01b4f8e3c854e4bb4c7baf1d3f6d652>, "\0\0\0\0\0\0\0\0\0\0\0\0\0\0\0\0\0\0\0\0\0\0\0\0\0\0\0\0\0\0\0\0\0\0\0\0\0\0\0\0\0\0\0\0\0\0\0\0\0\0\0\0\0\0\0\0\0\0\0\0\0\0\0\0\0\0\0\0\0\0\0\0\0\0\0\0\0\0\0\0\0\0\0\0\0\0\0\0\0\0\0\0\0\0\0\0"..., 65536, 0) = 10240
pread64(3</tmp/nia-publication-fault-7_6ur5fa/case/store/objects/84/ff92691f909a05b224e1c56abb4864f01b4f8e3c854e4bb4c7baf1d3f6d652>, "", 55296, 10240) = 0
pread64(3</tmp/nia-publication-fault-7_6ur5fa/case/store/objects/84/ff92691f909a05b224e1c56abb4864f01b4f8e3c854e4bb4c7baf1d3f6d652>, "", 65536, 10240) = 0
pread64(3</tmp/nia-publication-fault-7_6ur5fa/case/store/objects/84/ff92691f909a05b224e1c56abb4864f01b4f8e3c854e4bb4c7baf1d3f6d652>, "\0\0\0\0\0\0\0\0\0\0\0\0\0\0\0\0\0\0\0\0\0\0\0\0\0\0\0\0\0\0\0\0\0\0\0\0\0\0\0\0\0\0\0\0\0\0\0\0\0\0\0\0\0\0\0\0\0\0\0\0\0\0\0\0\0\0\0\0\0\0\0\0\0\0\0\0\0\0\0\0\0\0\0\0\0\0\0\0\0\0\0\0\0\0\0\0"..., 10240, 0) = 10240
fsync(17</tmp/nia-publication-fault-7_6ur5fa/case/store/incoming>) = 0
pread64(3</tmp/nia-publication-fault-7_6ur5fa/case/store/objects/84/ff92691f909a05b224e1c56abb4864f01b4f8e3c854e4bb4c7baf1d3f6d652>, "\0\0\0\0\0\0\0\0\0\0\0\0\0\0\0\0\0\0\0\0\0\0\0\0\0\0\0\0\0\0\0\0\0\0\0\0\0\0\0\0\0\0\0\0\0\0\0\0\0\0\0\0\0\0\0\0\0\0\0\0\0\0\0\0\0\0\0\0\0\0\0\0\0\0\0\0\0\0\0\0\0\0\0\0\0\0\0\0\0\0\0\0\0\0\0\0"..., 10240, 0) = 10240
write(16</tmp/nia-publication-fault-7_6ur5fa/case/store/incoming/079ab01c3490ebfab8b65921b089b8cf>, "\0\0\0\0\0\0\0\0\0\0\0\0\0\0\0\0\0\0\0\0\0\0\0\0\0\0\0\0\0\0\0\0\0\0\0\0\0\0\0\0\0\0\0\0\0\0\0\0\0\0\0\0\0\0\0\0\0\0\0\0\0\0\0\0\0\0\0\0\0\0\0\0\0\0\0\0\0\0\0\0\0\0\0\0\0\0\0\0\0\0\0\0\0\0\0\0"..., 10240) = 10240
fsync(16</tmp/nia-publication-fault-7_6ur5fa/case/store/incoming/079ab01c3490ebfab8b65921b089b8cf>) = 0
renameat2(17</tmp/nia-publication-fault-7_6ur5fa/case/store/incoming>, "079ab01c3490ebfab8b65921b089b8cf", 16</tmp/nia-publication-fault-7_6ur5fa/case/store/objects/84>, "ff92691f909a05b224e1c56abb4864f01b4f8e3c854e4bb4c7baf1d3f6d652", RENAME_NOREPLACE) = -1 EEXIST (File exists)
pread64(16</tmp/nia-publication-fault-7_6ur5fa/case/store/objects/84/ff92691f909a05b224e1c56abb4864f01b4f8e3c854e4bb4c7baf1d3f6d652>, "\0\0\0\0\0\0\0\0\0\0\0\0\0\0\0\0\0\0\0\0\0\0\0\0\0\0\0\0\0\0\0\0\0\0\0\0\0\0\0\0\0\0\0\0\0\0\0\0\0\0\0\0\0\0\0\0\0\0\0\0\0\0\0\0\0\0\0\0\0\0\0\0\0\0\0\0\0\0\0\0\0\0\0\0\0\0\0\0\0\0\0\0\0\0\0\0"..., 65536, 0) = 10240
pread64(16</tmp/nia-publication-fault-7_6ur5fa/case/store/objects/84/ff92691f909a05b224e1c56abb4864f01b4f8e3c854e4bb4c7baf1d3f6d652>, "", 55296, 10240) = 0
pread64(16</tmp/nia-publication-fault-7_6ur5fa/case/store/objects/84/ff92691f909a05b224e1c56abb4864f01b4f8e3c854e4bb4c7baf1d3f6d652>, "", 65536, 10240) = 0
fsync(17</tmp/nia-publication-fault-7_6ur5fa/case/store/incoming>) = 0
pread64(3</tmp/nia-publication-fault-7_6ur5fa/case/store/objects/84/ff92691f909a05b224e1c56abb4864f01b4f8e3c854e4bb4c7baf1d3f6d652>, "\0\0\0\0\0\0\0\0\0\0\0\0\0\0\0\0\0\0\0\0\0\0\0\0\0\0\0\0\0\0\0\0\0\0\0\0\0\0\0\0\0\0\0\0\0\0\0\0\0\0\0\0\0\0\0\0\0\0\0\0\0\0\0\0\0\0\0\0\0\0\0\0\0\0\0\0\0\0\0\0\0\0\0\0\0\0\0\0\0\0\0\0\0\0\0\0"..., 65536, 0) = 10240
pread64(3</tmp/nia-publication-fault-7_6ur5fa/case/store/objects/84/ff92691f909a05b224e1c56abb4864f01b4f8e3c854e4bb4c7baf1d3f6d652>, "", 55296, 10240) = 0
pread64(3</tmp/nia-publication-fault-7_6ur5fa/case/store/objects/84/ff92691f909a05b224e1c56abb4864f01b4f8e3c854e4bb4c7baf1d3f6d652>, "", 65536, 10240) = 0
pread64(3</tmp/nia-publication-fault-7_6ur5fa/case/store/objects/84/ff92691f909a05b224e1c56abb4864f01b4f8e3c854e4bb4c7baf1d3f6d652>, "\0\0\0\0\0\0\0\0\0\0\0\0\0\0\0\0\0\0\0\0\0\0\0\0\0\0\0\0\0\0\0\0\0\0\0\0\0\0\0\0\0\0\0\0\0\0\0\0\0\0\0\0\0\0\0\0\0\0\0\0\0\0\0\0\0\0\0\0\0\0\0\0\0\0\0\0\0\0\0\0\0\0\0\0\0\0\0\0\0\0\0\0\0\0\0\0"..., 512, 0) = 512
pread64(3</tmp/nia-publication-fault-7_6ur5fa/case/store/objects/84/ff92691f909a05b224e1c56abb4864f01b4f8e3c854e4bb4c7baf1d3f6d652>, "\0\0\0\0\0\0\0\0\0\0\0\0\0\0\0\0\0\0\0\0\0\0\0\0\0\0\0\0\0\0\0\0\0\0\0\0\0\0\0\0\0\0\0\0\0\0\0\0\0\0\0\0\0\0\0\0\0\0\0\0\0\0\0\0\0\0\0\0\0\0\0\0\0\0\0\0\0\0\0\0\0\0\0\0\0\0\0\0\0\0\0\0\0\0\0\0"..., 9728, 512) = 9728
pread64(3</tmp/nia-publication-fault-7_6ur5fa/case/store/objects/0c/a179e6befeb761f3613f1ef57ca892ebc3a6a228dca32f1309f0ac06a7de7e>, "!<arch>\ndebian-binary/  0           0     0     100644  4         `\n2.0\ncontrol.tar/    0       "..., 65536, 0) = 20672
pread64(3</tmp/nia-publication-fault-7_6ur5fa/case/store/objects/0c/a179e6befeb761f3613f1ef57ca892ebc3a6a228dca32f1309f0ac06a7de7e>, "", 44864, 20672) = 0
pread64(3</tmp/nia-publication-fault-7_6ur5fa/case/store/objects/0c/a179e6befeb761f3613f1ef57ca892ebc3a6a228dca32f1309f0ac06a7de7e>, "", 65536, 20672) = 0
pread64(3</tmp/nia-publication-fault-7_6ur5fa/case/store/objects/0c/a179e6befeb761f3613f1ef57ca892ebc3a6a228dca32f1309f0ac06a7de7e>, "!<arch>\n", 8, 0) = 8
pread64(3</tmp/nia-publication-fault-7_6ur5fa/case/store/objects/0c/a179e6befeb761f3613f1ef57ca892ebc3a6a228dca32f1309f0ac06a7de7e>, "debian-binary/  0           0     0     100644  4         `\n", 60, 8) = 60
pread64(3</tmp/nia-publication-fault-7_6ur5fa/case/store/objects/0c/a179e6befeb761f3613f1ef57ca892ebc3a6a228dca32f1309f0ac06a7de7e>, "2.0\n", 4, 68) = 4
pread64(3</tmp/nia-publication-fault-7_6ur5fa/case/store/objects/0c/a179e6befeb761f3613f1ef57ca892ebc3a6a228dca32f1309f0ac06a7de7e>, "2.0\n", 4, 68) = 4
pread64(3</tmp/nia-publication-fault-7_6ur5fa/case/store/objects/0c/a179e6befeb761f3613f1ef57ca892ebc3a6a228dca32f1309f0ac06a7de7e>, "control.tar/    0           0     0     100644  10240     `\n", 60, 72) = 60
pread64(3</tmp/nia-publication-fault-7_6ur5fa/case/store/objects/0c/a179e6befeb761f3613f1ef57ca892ebc3a6a228dca32f1309f0ac06a7de7e>, "./control\0\0\0\0\0\0\0\0\0\0\0\0\0\0\0\0\0\0\0\0\0\0\0\0\0\0\0\0\0\0\0\0\0\0\0\0\0\0\0\0\0\0\0\0\0\0\0\0\0\0\0\0\0\0\0\0\0\0\0\0\0\0\0\0\0\0\0\0\0\0\0\0\0\0\0\0\0\0\0\0\0\0\0\0\0\0\0"..., 10240, 132) = 10240
pread64(3</tmp/nia-publication-fault-7_6ur5fa/case/store/objects/0c/a179e6befeb761f3613f1ef57ca892ebc3a6a228dca32f1309f0ac06a7de7e>, "data.tar/       0           0     0     100644  10240     `\n", 60, 10372) = 60
pread64(3</tmp/nia-publication-fault-7_6ur5fa/case/store/objects/0c/a179e6befeb761f3613f1ef57ca892ebc3a6a228dca32f1309f0ac06a7de7e>, "\0\0\0\0\0\0\0\0\0\0\0\0\0\0\0\0\0\0\0\0\0\0\0\0\0\0\0\0\0\0\0\0\0\0\0\0\0\0\0\0\0\0\0\0\0\0\0\0\0\0\0\0\0\0\0\0\0\0\0\0\0\0\0\0\0\0\0\0\0\0\0\0\0\0\0\0\0\0\0\0\0\0\0\0\0\0\0\0\0\0\0\0\0\0\0\0"..., 10240, 10432) = 10240
pread64(3</tmp/nia-publication-fault-7_6ur5fa/case/store/objects/0c/a179e6befeb761f3613f1ef57ca892ebc3a6a228dca32f1309f0ac06a7de7e>, "!<arch>\ndebian-binary/  0           0     0     100644  4         `\n2.0\ncontrol.tar/    0       "..., 65536, 0) = 20672
pread64(3</tmp/nia-publication-fault-7_6ur5fa/case/store/objects/0c/a179e6befeb761f3613f1ef57ca892ebc3a6a228dca32f1309f0ac06a7de7e>, "", 44864, 20672) = 0
pread64(3</tmp/nia-publication-fault-7_6ur5fa/case/store/objects/0c/a179e6befeb761f3613f1ef57ca892ebc3a6a228dca32f1309f0ac06a7de7e>, "", 65536, 20672) = 0
pread64(3</tmp/nia-publication-fault-7_6ur5fa/case/store/objects/0c/a179e6befeb761f3613f1ef57ca892ebc3a6a228dca32f1309f0ac06a7de7e>, "!<arch>\n", 8, 0) = 8
pread64(3</tmp/nia-publication-fault-7_6ur5fa/case/store/objects/0c/a179e6befeb761f3613f1ef57ca892ebc3a6a228dca32f1309f0ac06a7de7e>, "debian-binary/  0           0     0     100644  4         `\n", 60, 8) = 60
pread64(3</tmp/nia-publication-fault-7_6ur5fa/case/store/objects/0c/a179e6befeb761f3613f1ef57ca892ebc3a6a228dca32f1309f0ac06a7de7e>, "2.0\n", 4, 68) = 4
pread64(3</tmp/nia-publication-fault-7_6ur5fa/case/store/objects/0c/a179e6befeb761f3613f1ef57ca892ebc3a6a228dca32f1309f0ac06a7de7e>, "2.0\n", 4, 68) = 4
pread64(3</tmp/nia-publication-fault-7_6ur5fa/case/store/objects/0c/a179e6befeb761f3613f1ef57ca892ebc3a6a228dca32f1309f0ac06a7de7e>, "control.tar/    0           0     0     100644  10240     `\n", 60, 72) = 60
pread64(3</tmp/nia-publication-fault-7_6ur5fa/case/store/objects/0c/a179e6befeb761f3613f1ef57ca892ebc3a6a228dca32f1309f0ac06a7de7e>, "./control\0\0\0\0\0\0\0\0\0\0\0\0\0\0\0\0\0\0\0\0\0\0\0\0\0\0\0\0\0\0\0\0\0\0\0\0\0\0\0\0\0\0\0\0\0\0\0\0\0\0\0\0\0\0\0\0\0\0\0\0\0\0\0\0\0\0\0\0\0\0\0\0\0\0\0\0\0\0\0\0\0\0\0\0\0\0\0"..., 10240, 132) = 10240
pread64(3</tmp/nia-publication-fault-7_6ur5fa/case/store/objects/0c/a179e6befeb761f3613f1ef57ca892ebc3a6a228dca32f1309f0ac06a7de7e>, "data.tar/       0           0     0     100644  10240     `\n", 60, 10372) = 60
pread64(3</tmp/nia-publication-fault-7_6ur5fa/case/store/objects/0c/a179e6befeb761f3613f1ef57ca892ebc3a6a228dca32f1309f0ac06a7de7e>, "\0\0\0\0\0\0\0\0\0\0\0\0\0\0\0\0\0\0\0\0\0\0\0\0\0\0\0\0\0\0\0\0\0\0\0\0\0\0\0\0\0\0\0\0\0\0\0\0\0\0\0\0\0\0\0\0\0\0\0\0\0\0\0\0\0\0\0\0\0\0\0\0\0\0\0\0\0\0\0\0\0\0\0\0\0\0\0\0\0\0\0\0\0\0\0\0"..., 10240, 10432) = 10240
fsync(17</tmp/nia-publication-fault-7_6ur5fa/case/store/incoming>) = 0
pread64(3</tmp/nia-publication-fault-7_6ur5fa/case/store/objects/0c/a179e6befeb761f3613f1ef57ca892ebc3a6a228dca32f1309f0ac06a7de7e>, "./control\0\0\0\0\0\0\0\0\0\0\0\0\0\0\0\0\0\0\0\0\0\0\0\0\0\0\0\0\0\0\0\0\0\0\0\0\0\0\0\0\0\0\0\0\0\0\0\0\0\0\0\0\0\0\0\0\0\0\0\0\0\0\0\0\0\0\0\0\0\0\0\0\0\0\0\0\0\0\0\0\0\0\0\0\0\0\0"..., 10240, 132) = 10240
write(16</tmp/nia-publication-fault-7_6ur5fa/case/store/incoming/4342010e0a881205ae97f40cc6ec86ec>, "./control\0\0\0\0\0\0\0\0\0\0\0\0\0\0\0\0\0\0\0\0\0\0\0\0\0\0\0\0\0\0\0\0\0\0\0\0\0\0\0\0\0\0\0\0\0\0\0\0\0\0\0\0\0\0\0\0\0\0\0\0\0\0\0\0\0\0\0\0\0\0\0\0\0\0\0\0\0\0\0\0\0\0\0\0\0\0\0"..., 10240) = 10240
fsync(16</tmp/nia-publication-fault-7_6ur5fa/case/store/incoming/4342010e0a881205ae97f40cc6ec86ec>) = 0
renameat2(17</tmp/nia-publication-fault-7_6ur5fa/case/store/incoming>, "4342010e0a881205ae97f40cc6ec86ec", 16</tmp/nia-publication-fault-7_6ur5fa/case/store/objects/4a>, "36f6eb7c1b236ab6cb28ddb882919e888bf393dfc00d93008ad6730697f8f7", RENAME_NOREPLACE) = -1 EEXIST (File exists)
pread64(16</tmp/nia-publication-fault-7_6ur5fa/case/store/objects/4a/36f6eb7c1b236ab6cb28ddb882919e888bf393dfc00d93008ad6730697f8f7>, "./control\0\0\0\0\0\0\0\0\0\0\0\0\0\0\0\0\0\0\0\0\0\0\0\0\0\0\0\0\0\0\0\0\0\0\0\0\0\0\0\0\0\0\0\0\0\0\0\0\0\0\0\0\0\0\0\0\0\0\0\0\0\0\0\0\0\0\0\0\0\0\0\0\0\0\0\0\0\0\0\0\0\0\0\0\0\0\0"..., 65536, 0) = 10240
pread64(16</tmp/nia-publication-fault-7_6ur5fa/case/store/objects/4a/36f6eb7c1b236ab6cb28ddb882919e888bf393dfc00d93008ad6730697f8f7>, "", 55296, 10240) = 0
pread64(16</tmp/nia-publication-fault-7_6ur5fa/case/store/objects/4a/36f6eb7c1b236ab6cb28ddb882919e888bf393dfc00d93008ad6730697f8f7>, "", 65536, 10240) = 0
fsync(17</tmp/nia-publication-fault-7_6ur5fa/case/store/incoming>) = 0
pread64(3</tmp/nia-publication-fault-7_6ur5fa/case/store/objects/4a/36f6eb7c1b236ab6cb28ddb882919e888bf393dfc00d93008ad6730697f8f7>, "./control\0\0\0\0\0\0\0\0\0\0\0\0\0\0\0\0\0\0\0\0\0\0\0\0\0\0\0\0\0\0\0\0\0\0\0\0\0\0\0\0\0\0\0\0\0\0\0\0\0\0\0\0\0\0\0\0\0\0\0\0\0\0\0\0\0\0\0\0\0\0\0\0\0\0\0\0\0\0\0\0\0\0\0\0\0\0\0"..., 65536, 0) = 10240
pread64(3</tmp/nia-publication-fault-7_6ur5fa/case/store/objects/4a/36f6eb7c1b236ab6cb28ddb882919e888bf393dfc00d93008ad6730697f8f7>, "", 55296, 10240) = 0
pread64(3</tmp/nia-publication-fault-7_6ur5fa/case/store/objects/4a/36f6eb7c1b236ab6cb28ddb882919e888bf393dfc00d93008ad6730697f8f7>, "", 65536, 10240) = 0
pread64(3</tmp/nia-publication-fault-7_6ur5fa/case/store/objects/4a/36f6eb7c1b236ab6cb28ddb882919e888bf393dfc00d93008ad6730697f8f7>, "./control\0\0\0\0\0\0\0\0\0\0\0\0\0\0\0\0\0\0\0\0\0\0\0\0\0\0\0\0\0\0\0\0\0\0\0\0\0\0\0\0\0\0\0\0\0\0\0\0\0\0\0\0\0\0\0\0\0\0\0\0\0\0\0\0\0\0\0\0\0\0\0\0\0\0\0\0\0\0\0\0\0\0\0\0\0\0\0"..., 10240, 0) = 10240
fsync(17</tmp/nia-publication-fault-7_6ur5fa/case/store/incoming>) = 0
write(16</tmp/nia-publication-fault-7_6ur5fa/case/store/incoming/c5aa07e558fe8a6ccf1d8619a4649ddd>, "Package: empty-package\nVersion: 1\nArchitecture: all\nMaintainer: Fixture <fixture@example.invalid"..., 149) = 149
fsync(16</tmp/nia-publication-fault-7_6ur5fa/case/store/incoming/c5aa07e558fe8a6ccf1d8619a4649ddd>) = 0
renameat2(17</tmp/nia-publication-fault-7_6ur5fa/case/store/incoming>, "c5aa07e558fe8a6ccf1d8619a4649ddd", 16</tmp/nia-publication-fault-7_6ur5fa/case/store/objects/a3>, "1a856f430af395bccd7eb2f142b11ad3ae0fc5daf3acc4ffb341c48a5abd39", RENAME_NOREPLACE) = -1 EEXIST (File exists)
pread64(16</tmp/nia-publication-fault-7_6ur5fa/case/store/objects/a3/1a856f430af395bccd7eb2f142b11ad3ae0fc5daf3acc4ffb341c48a5abd39>, "Package: empty-package\nVersion: 1\nArchitecture: all\nMaintainer: Fixture <fixture@example.invalid"..., 65536, 0) = 149
pread64(16</tmp/nia-publication-fault-7_6ur5fa/case/store/objects/a3/1a856f430af395bccd7eb2f142b11ad3ae0fc5daf3acc4ffb341c48a5abd39>, "", 65387, 149) = 0
pread64(16</tmp/nia-publication-fault-7_6ur5fa/case/store/objects/a3/1a856f430af395bccd7eb2f142b11ad3ae0fc5daf3acc4ffb341c48a5abd39>, "", 65536, 149) = 0
fsync(17</tmp/nia-publication-fault-7_6ur5fa/case/store/incoming>) = 0
pread64(3</tmp/nia-publication-fault-7_6ur5fa/case/store/objects/a3/1a856f430af395bccd7eb2f142b11ad3ae0fc5daf3acc4ffb341c48a5abd39>, "Package: empty-package\nVersion: 1\nArchitecture: all\nMaintainer: Fixture <fixture@example.invalid"..., 65536, 0) = 149
pread64(3</tmp/nia-publication-fault-7_6ur5fa/case/store/objects/a3/1a856f430af395bccd7eb2f142b11ad3ae0fc5daf3acc4ffb341c48a5abd39>, "", 65387, 149) = 0
pread64(3</tmp/nia-publication-fault-7_6ur5fa/case/store/objects/a3/1a856f430af395bccd7eb2f142b11ad3ae0fc5daf3acc4ffb341c48a5abd39>, "", 65536, 149) = 0
pread64(3</tmp/nia-publication-fault-7_6ur5fa/case/store/objects/a3/1a856f430af395bccd7eb2f142b11ad3ae0fc5daf3acc4ffb341c48a5abd39>, "Package: empty-package\nVersion: 1\nArchitecture: all\nMaintainer: Fixture <fixture@example.invalid"..., 16777216, 0) = 149
pread64(3</tmp/nia-publication-fault-7_6ur5fa/case/store/objects/a3/1a856f430af395bccd7eb2f142b11ad3ae0fc5daf3acc4ffb341c48a5abd39>, "", 16777067, 149) = 0
pread64(3</tmp/nia-publication-fault-7_6ur5fa/case/store/objects/a3/1a856f430af395bccd7eb2f142b11ad3ae0fc5daf3acc4ffb341c48a5abd39>, "Package: empty-package\nVersion: 1\nArchitecture: all\nMaintainer: Fixture <fixture@example.invalid"..., 65536, 0) = 149
pread64(3</tmp/nia-publication-fault-7_6ur5fa/case/store/objects/a3/1a856f430af395bccd7eb2f142b11ad3ae0fc5daf3acc4ffb341c48a5abd39>, "", 65387, 149) = 0
pread64(3</tmp/nia-publication-fault-7_6ur5fa/case/store/objects/a3/1a856f430af395bccd7eb2f142b11ad3ae0fc5daf3acc4ffb341c48a5abd39>, "", 65536, 149) = 0
pread64(3</tmp/nia-publication-fault-7_6ur5fa/case/store/objects/a3/1a856f430af395bccd7eb2f142b11ad3ae0fc5daf3acc4ffb341c48a5abd39>, "Package: empty-package\nVersion: 1\nArchitecture: all\nMaintainer: Fixture <fixture@example.invalid"..., 16777216, 0) = 149
pread64(3</tmp/nia-publication-fault-7_6ur5fa/case/store/objects/a3/1a856f430af395bccd7eb2f142b11ad3ae0fc5daf3acc4ffb341c48a5abd39>, "", 16777067, 149) = 0
pread64(3</tmp/nia-publication-fault-7_6ur5fa/case/store/objects/0c/a179e6befeb761f3613f1ef57ca892ebc3a6a228dca32f1309f0ac06a7de7e>, "!<arch>\ndebian-binary/  0           0     0     100644  4         `\n2.0\ncontrol.tar/    0       "..., 65536, 0) = 20672
pread64(3</tmp/nia-publication-fault-7_6ur5fa/case/store/objects/0c/a179e6befeb761f3613f1ef57ca892ebc3a6a228dca32f1309f0ac06a7de7e>, "", 44864, 20672) = 0
pread64(3</tmp/nia-publication-fault-7_6ur5fa/case/store/objects/0c/a179e6befeb761f3613f1ef57ca892ebc3a6a228dca32f1309f0ac06a7de7e>, "", 65536, 20672) = 0
pread64(3</tmp/nia-publication-fault-7_6ur5fa/case/store/objects/0c/a179e6befeb761f3613f1ef57ca892ebc3a6a228dca32f1309f0ac06a7de7e>, "!<arch>\n", 8, 0) = 8
pread64(3</tmp/nia-publication-fault-7_6ur5fa/case/store/objects/0c/a179e6befeb761f3613f1ef57ca892ebc3a6a228dca32f1309f0ac06a7de7e>, "debian-binary/  0           0     0     100644  4         `\n", 60, 8) = 60
pread64(3</tmp/nia-publication-fault-7_6ur5fa/case/store/objects/0c/a179e6befeb761f3613f1ef57ca892ebc3a6a228dca32f1309f0ac06a7de7e>, "2.0\n", 4, 68) = 4
pread64(3</tmp/nia-publication-fault-7_6ur5fa/case/store/objects/0c/a179e6befeb761f3613f1ef57ca892ebc3a6a228dca32f1309f0ac06a7de7e>, "2.0\n", 4, 68) = 4
pread64(3</tmp/nia-publication-fault-7_6ur5fa/case/store/objects/0c/a179e6befeb761f3613f1ef57ca892ebc3a6a228dca32f1309f0ac06a7de7e>, "control.tar/    0           0     0     100644  10240     `\n", 60, 72) = 60
pread64(3</tmp/nia-publication-fault-7_6ur5fa/case/store/objects/0c/a179e6befeb761f3613f1ef57ca892ebc3a6a228dca32f1309f0ac06a7de7e>, "./control\0\0\0\0\0\0\0\0\0\0\0\0\0\0\0\0\0\0\0\0\0\0\0\0\0\0\0\0\0\0\0\0\0\0\0\0\0\0\0\0\0\0\0\0\0\0\0\0\0\0\0\0\0\0\0\0\0\0\0\0\0\0\0\0\0\0\0\0\0\0\0\0\0\0\0\0\0\0\0\0\0\0\0\0\0\0\0"..., 10240, 132) = 10240
pread64(3</tmp/nia-publication-fault-7_6ur5fa/case/store/objects/0c/a179e6befeb761f3613f1ef57ca892ebc3a6a228dca32f1309f0ac06a7de7e>, "data.tar/       0           0     0     100644  10240     `\n", 60, 10372) = 60
pread64(3</tmp/nia-publication-fault-7_6ur5fa/case/store/objects/0c/a179e6befeb761f3613f1ef57ca892ebc3a6a228dca32f1309f0ac06a7de7e>, "\0\0\0\0\0\0\0\0\0\0\0\0\0\0\0\0\0\0\0\0\0\0\0\0\0\0\0\0\0\0\0\0\0\0\0\0\0\0\0\0\0\0\0\0\0\0\0\0\0\0\0\0\0\0\0\0\0\0\0\0\0\0\0\0\0\0\0\0\0\0\0\0\0\0\0\0\0\0\0\0\0\0\0\0\0\0\0\0\0\0\0\0\0\0\0\0"..., 10240, 10432) = 10240
pread64(3</tmp/nia-publication-fault-7_6ur5fa/case/store/objects/0c/a179e6befeb761f3613f1ef57ca892ebc3a6a228dca32f1309f0ac06a7de7e>, "!<arch>\ndebian-binary/  0           0     0     100644  4         `\n2.0\ncontrol.tar/    0       "..., 65536, 0) = 20672
pread64(3</tmp/nia-publication-fault-7_6ur5fa/case/store/objects/0c/a179e6befeb761f3613f1ef57ca892ebc3a6a228dca32f1309f0ac06a7de7e>, "", 44864, 20672) = 0
pread64(3</tmp/nia-publication-fault-7_6ur5fa/case/store/objects/0c/a179e6befeb761f3613f1ef57ca892ebc3a6a228dca32f1309f0ac06a7de7e>, "", 65536, 20672) = 0
pread64(3</tmp/nia-publication-fault-7_6ur5fa/case/store/objects/0c/a179e6befeb761f3613f1ef57ca892ebc3a6a228dca32f1309f0ac06a7de7e>, "!<arch>\n", 8, 0) = 8
pread64(3</tmp/nia-publication-fault-7_6ur5fa/case/store/objects/0c/a179e6befeb761f3613f1ef57ca892ebc3a6a228dca32f1309f0ac06a7de7e>, "debian-binary/  0           0     0     100644  4         `\n", 60, 8) = 60
pread64(3</tmp/nia-publication-fault-7_6ur5fa/case/store/objects/0c/a179e6befeb761f3613f1ef57ca892ebc3a6a228dca32f1309f0ac06a7de7e>, "2.0\n", 4, 68) = 4
pread64(3</tmp/nia-publication-fault-7_6ur5fa/case/store/objects/0c/a179e6befeb761f3613f1ef57ca892ebc3a6a228dca32f1309f0ac06a7de7e>, "2.0\n", 4, 68) = 4
pread64(3</tmp/nia-publication-fault-7_6ur5fa/case/store/objects/0c/a179e6befeb761f3613f1ef57ca892ebc3a6a228dca32f1309f0ac06a7de7e>, "control.tar/    0           0     0     100644  10240     `\n", 60, 72) = 60
pread64(3</tmp/nia-publication-fault-7_6ur5fa/case/store/objects/0c/a179e6befeb761f3613f1ef57ca892ebc3a6a228dca32f1309f0ac06a7de7e>, "./control\0\0\0\0\0\0\0\0\0\0\0\0\0\0\0\0\0\0\0\0\0\0\0\0\0\0\0\0\0\0\0\0\0\0\0\0\0\0\0\0\0\0\0\0\0\0\0\0\0\0\0\0\0\0\0\0\0\0\0\0\0\0\0\0\0\0\0\0\0\0\0\0\0\0\0\0\0\0\0\0\0\0\0\0\0\0\0"..., 10240, 132) = 10240
pread64(3</tmp/nia-publication-fault-7_6ur5fa/case/store/objects/0c/a179e6befeb761f3613f1ef57ca892ebc3a6a228dca32f1309f0ac06a7de7e>, "data.tar/       0           0     0     100644  10240     `\n", 60, 10372) = 60
pread64(3</tmp/nia-publication-fault-7_6ur5fa/case/store/objects/0c/a179e6befeb761f3613f1ef57ca892ebc3a6a228dca32f1309f0ac06a7de7e>, "\0\0\0\0\0\0\0\0\0\0\0\0\0\0\0\0\0\0\0\0\0\0\0\0\0\0\0\0\0\0\0\0\0\0\0\0\0\0\0\0\0\0\0\0\0\0\0\0\0\0\0\0\0\0\0\0\0\0\0\0\0\0\0\0\0\0\0\0\0\0\0\0\0\0\0\0\0\0\0\0\0\0\0\0\0\0\0\0\0\0\0\0\0\0\0\0"..., 10240, 10432) = 10240
fsync(17</tmp/nia-publication-fault-7_6ur5fa/case/store/incoming>) = 0
pread64(3</tmp/nia-publication-fault-7_6ur5fa/case/store/objects/0c/a179e6befeb761f3613f1ef57ca892ebc3a6a228dca32f1309f0ac06a7de7e>, "./control\0\0\0\0\0\0\0\0\0\0\0\0\0\0\0\0\0\0\0\0\0\0\0\0\0\0\0\0\0\0\0\0\0\0\0\0\0\0\0\0\0\0\0\0\0\0\0\0\0\0\0\0\0\0\0\0\0\0\0\0\0\0\0\0\0\0\0\0\0\0\0\0\0\0\0\0\0\0\0\0\0\0\0\0\0\0\0"..., 10240, 132) = 10240
write(16</tmp/nia-publication-fault-7_6ur5fa/case/store/incoming/d1793757fa378821f294bfb7eb2b9724>, "./control\0\0\0\0\0\0\0\0\0\0\0\0\0\0\0\0\0\0\0\0\0\0\0\0\0\0\0\0\0\0\0\0\0\0\0\0\0\0\0\0\0\0\0\0\0\0\0\0\0\0\0\0\0\0\0\0\0\0\0\0\0\0\0\0\0\0\0\0\0\0\0\0\0\0\0\0\0\0\0\0\0\0\0\0\0\0\0"..., 10240) = 10240
fsync(16</tmp/nia-publication-fault-7_6ur5fa/case/store/incoming/d1793757fa378821f294bfb7eb2b9724>) = 0
renameat2(17</tmp/nia-publication-fault-7_6ur5fa/case/store/incoming>, "d1793757fa378821f294bfb7eb2b9724", 16</tmp/nia-publication-fault-7_6ur5fa/case/store/objects/4a>, "36f6eb7c1b236ab6cb28ddb882919e888bf393dfc00d93008ad6730697f8f7", RENAME_NOREPLACE) = -1 EEXIST (File exists)
pread64(16</tmp/nia-publication-fault-7_6ur5fa/case/store/objects/4a/36f6eb7c1b236ab6cb28ddb882919e888bf393dfc00d93008ad6730697f8f7>, "./control\0\0\0\0\0\0\0\0\0\0\0\0\0\0\0\0\0\0\0\0\0\0\0\0\0\0\0\0\0\0\0\0\0\0\0\0\0\0\0\0\0\0\0\0\0\0\0\0\0\0\0\0\0\0\0\0\0\0\0\0\0\0\0\0\0\0\0\0\0\0\0\0\0\0\0\0\0\0\0\0\0\0\0\0\0\0\0"..., 65536, 0) = 10240
pread64(16</tmp/nia-publication-fault-7_6ur5fa/case/store/objects/4a/36f6eb7c1b236ab6cb28ddb882919e888bf393dfc00d93008ad6730697f8f7>, "", 55296, 10240) = 0
pread64(16</tmp/nia-publication-fault-7_6ur5fa/case/store/objects/4a/36f6eb7c1b236ab6cb28ddb882919e888bf393dfc00d93008ad6730697f8f7>, "", 65536, 10240) = 0
fsync(17</tmp/nia-publication-fault-7_6ur5fa/case/store/incoming>) = 0
pread64(3</tmp/nia-publication-fault-7_6ur5fa/case/store/objects/4a/36f6eb7c1b236ab6cb28ddb882919e888bf393dfc00d93008ad6730697f8f7>, "./control\0\0\0\0\0\0\0\0\0\0\0\0\0\0\0\0\0\0\0\0\0\0\0\0\0\0\0\0\0\0\0\0\0\0\0\0\0\0\0\0\0\0\0\0\0\0\0\0\0\0\0\0\0\0\0\0\0\0\0\0\0\0\0\0\0\0\0\0\0\0\0\0\0\0\0\0\0\0\0\0\0\0\0\0\0\0\0"..., 65536, 0) = 10240
pread64(3</tmp/nia-publication-fault-7_6ur5fa/case/store/objects/4a/36f6eb7c1b236ab6cb28ddb882919e888bf393dfc00d93008ad6730697f8f7>, "", 55296, 10240) = 0
pread64(3</tmp/nia-publication-fault-7_6ur5fa/case/store/objects/4a/36f6eb7c1b236ab6cb28ddb882919e888bf393dfc00d93008ad6730697f8f7>, "", 65536, 10240) = 0
pread64(3</tmp/nia-publication-fault-7_6ur5fa/case/store/objects/4a/36f6eb7c1b236ab6cb28ddb882919e888bf393dfc00d93008ad6730697f8f7>, "./control\0\0\0\0\0\0\0\0\0\0\0\0\0\0\0\0\0\0\0\0\0\0\0\0\0\0\0\0\0\0\0\0\0\0\0\0\0\0\0\0\0\0\0\0\0\0\0\0\0\0\0\0\0\0\0\0\0\0\0\0\0\0\0\0\0\0\0\0\0\0\0\0\0\0\0\0\0\0\0\0\0\0\0\0\0\0\0"..., 10240, 0) = 10240
fsync(17</tmp/nia-publication-fault-7_6ur5fa/case/store/incoming>) = 0
write(16</tmp/nia-publication-fault-7_6ur5fa/case/store/incoming/2411be2d5f495584c6b3c7342e9d8dcc>, "Package: empty-package\nVersion: 1\nArchitecture: all\nMaintainer: Fixture <fixture@example.invalid"..., 149) = 149
fsync(16</tmp/nia-publication-fault-7_6ur5fa/case/store/incoming/2411be2d5f495584c6b3c7342e9d8dcc>) = 0
renameat2(17</tmp/nia-publication-fault-7_6ur5fa/case/store/incoming>, "2411be2d5f495584c6b3c7342e9d8dcc", 16</tmp/nia-publication-fault-7_6ur5fa/case/store/objects/a3>, "1a856f430af395bccd7eb2f142b11ad3ae0fc5daf3acc4ffb341c48a5abd39", RENAME_NOREPLACE) = -1 EEXIST (File exists)
pread64(16</tmp/nia-publication-fault-7_6ur5fa/case/store/objects/a3/1a856f430af395bccd7eb2f142b11ad3ae0fc5daf3acc4ffb341c48a5abd39>, "Package: empty-package\nVersion: 1\nArchitecture: all\nMaintainer: Fixture <fixture@example.invalid"..., 65536, 0) = 149
pread64(16</tmp/nia-publication-fault-7_6ur5fa/case/store/objects/a3/1a856f430af395bccd7eb2f142b11ad3ae0fc5daf3acc4ffb341c48a5abd39>, "", 65387, 149) = 0
pread64(16</tmp/nia-publication-fault-7_6ur5fa/case/store/objects/a3/1a856f430af395bccd7eb2f142b11ad3ae0fc5daf3acc4ffb341c48a5abd39>, "", 65536, 149) = 0
fsync(17</tmp/nia-publication-fault-7_6ur5fa/case/store/incoming>) = 0
pread64(3</tmp/nia-publication-fault-7_6ur5fa/case/store/objects/0c/a179e6befeb761f3613f1ef57ca892ebc3a6a228dca32f1309f0ac06a7de7e>, "!<arch>\ndebian-binary/  0           0     0     100644  4         `\n2.0\ncontrol.tar/    0       "..., 65536, 0) = 20672
pread64(3</tmp/nia-publication-fault-7_6ur5fa/case/store/objects/0c/a179e6befeb761f3613f1ef57ca892ebc3a6a228dca32f1309f0ac06a7de7e>, "", 44864, 20672) = 0
pread64(3</tmp/nia-publication-fault-7_6ur5fa/case/store/objects/0c/a179e6befeb761f3613f1ef57ca892ebc3a6a228dca32f1309f0ac06a7de7e>, "", 65536, 20672) = 0
pread64(3</tmp/nia-publication-fault-7_6ur5fa/case/store/objects/4a/36f6eb7c1b236ab6cb28ddb882919e888bf393dfc00d93008ad6730697f8f7>, "./control\0\0\0\0\0\0\0\0\0\0\0\0\0\0\0\0\0\0\0\0\0\0\0\0\0\0\0\0\0\0\0\0\0\0\0\0\0\0\0\0\0\0\0\0\0\0\0\0\0\0\0\0\0\0\0\0\0\0\0\0\0\0\0\0\0\0\0\0\0\0\0\0\0\0\0\0\0\0\0\0\0\0\0\0\0\0\0"..., 65536, 0) = 10240
pread64(3</tmp/nia-publication-fault-7_6ur5fa/case/store/objects/4a/36f6eb7c1b236ab6cb28ddb882919e888bf393dfc00d93008ad6730697f8f7>, "", 55296, 10240) = 0
pread64(3</tmp/nia-publication-fault-7_6ur5fa/case/store/objects/4a/36f6eb7c1b236ab6cb28ddb882919e888bf393dfc00d93008ad6730697f8f7>, "", 65536, 10240) = 0
pread64(3</tmp/nia-publication-fault-7_6ur5fa/case/store/objects/84/ff92691f909a05b224e1c56abb4864f01b4f8e3c854e4bb4c7baf1d3f6d652>, "\0\0\0\0\0\0\0\0\0\0\0\0\0\0\0\0\0\0\0\0\0\0\0\0\0\0\0\0\0\0\0\0\0\0\0\0\0\0\0\0\0\0\0\0\0\0\0\0\0\0\0\0\0\0\0\0\0\0\0\0\0\0\0\0\0\0\0\0\0\0\0\0\0\0\0\0\0\0\0\0\0\0\0\0\0\0\0\0\0\0\0\0\0\0\0\0"..., 65536, 0) = 10240
pread64(3</tmp/nia-publication-fault-7_6ur5fa/case/store/objects/84/ff92691f909a05b224e1c56abb4864f01b4f8e3c854e4bb4c7baf1d3f6d652>, "", 55296, 10240) = 0
pread64(3</tmp/nia-publication-fault-7_6ur5fa/case/store/objects/84/ff92691f909a05b224e1c56abb4864f01b4f8e3c854e4bb4c7baf1d3f6d652>, "", 65536, 10240) = 0
pread64(3</tmp/nia-publication-fault-7_6ur5fa/case/store/objects/8e/e688345e1d9502ee8cd7277a453c30bfb77b947201beb3300e9df2b8ca321d>, "\0\0\0\0\0\0\0\10NIACSEL1\273\343\341b6\331$M\267\345\300\262\251\302\306\27f\270\251!\330\260\227\374\323p\347\177\25.\3311\0\0\0\0\0\0\0\1\f\241y\346\276\376\267a\363a?\36\365|\250\222\353\303\246\242(\334\243/\23\t\360\254\6\247\336~J6\366\353|\33#j"..., 65536, 0) = 152
pread64(3</tmp/nia-publication-fault-7_6ur5fa/case/store/objects/8e/e688345e1d9502ee8cd7277a453c30bfb77b947201beb3300e9df2b8ca321d>, "", 65384, 152) = 0
pread64(3</tmp/nia-publication-fault-7_6ur5fa/case/store/objects/8e/e688345e1d9502ee8cd7277a453c30bfb77b947201beb3300e9df2b8ca321d>, "", 65536, 152) = 0
pread64(3</tmp/nia-publication-fault-7_6ur5fa/case/store/objects/a3/1a856f430af395bccd7eb2f142b11ad3ae0fc5daf3acc4ffb341c48a5abd39>, "Package: empty-package\nVersion: 1\nArchitecture: all\nMaintainer: Fixture <fixture@example.invalid"..., 65536, 0) = 149
pread64(3</tmp/nia-publication-fault-7_6ur5fa/case/store/objects/a3/1a856f430af395bccd7eb2f142b11ad3ae0fc5daf3acc4ffb341c48a5abd39>, "", 65387, 149) = 0
pread64(3</tmp/nia-publication-fault-7_6ur5fa/case/store/objects/a3/1a856f430af395bccd7eb2f142b11ad3ae0fc5daf3acc4ffb341c48a5abd39>, "", 65536, 149) = 0
fsync(16</tmp/nia-publication-fault-7_6ur5fa/case/store/incoming>) = 0
write(3</tmp/nia-publication-fault-7_6ur5fa/case/store/incoming/d591e79a4d4ba18b4eda83b7934ec7a9>, "NIACLOS1\216\346\2104^\35\225\2\356\214\327'zE<0\277\267{\224r\1\276\2630\16\235\362\270\3122\35\273\343\341b6\331$M\267\345\300\262\251\302\306\27f\270\251!\330\260\227\374\323p\347\177\25.\3311\0\0\0\0\0\0\0\5", 80) = 80
write(3</tmp/nia-publication-fault-7_6ur5fa/case/store/incoming/d591e79a4d4ba18b4eda83b7934ec7a9>, "\f\241y\346\276\376\267a\363a?\36\365|\250\222\353\303\246\242(\334\243/\23\t\360\254\6\247\336~", 32) = 32
write(3</tmp/nia-publication-fault-7_6ur5fa/case/store/incoming/d591e79a4d4ba18b4eda83b7934ec7a9>, "J6\366\353|\33#j\266\313(\335\270\202\221\236\210\213\363\223\337\300\r\223\0\212\326s\6\227\370\367", 32) = 32
write(3</tmp/nia-publication-fault-7_6ur5fa/case/store/incoming/d591e79a4d4ba18b4eda83b7934ec7a9>, "\204\377\222i\37\220\232\5\262$\341\305j\273Hd\360\33O\216<\205NK\264\307\272\361\323\366\326R", 32) = 32
write(3</tmp/nia-publication-fault-7_6ur5fa/case/store/incoming/d591e79a4d4ba18b4eda83b7934ec7a9>, "\216\346\2104^\35\225\2\356\214\327'zE<0\277\267{\224r\1\276\2630\16\235\362\270\3122\35", 32) = 32
write(3</tmp/nia-publication-fault-7_6ur5fa/case/store/incoming/d591e79a4d4ba18b4eda83b7934ec7a9>, "\243\32\205oC\n\363\225\274\315~\262\361B\261\32\323\256\17\305\332\363\254\304\377\263A\304\212Z\2759", 32) = 32
fsync(3</tmp/nia-publication-fault-7_6ur5fa/case/store/incoming/d591e79a4d4ba18b4eda83b7934ec7a9>) = 0
renameat2(16</tmp/nia-publication-fault-7_6ur5fa/case/store/incoming>, "d591e79a4d4ba18b4eda83b7934ec7a9", 3</tmp/nia-publication-fault-7_6ur5fa/case/store/objects/32>, "094e7c613fdb6dffb1f27d926b176f7fd8946b8c2cf3ca9e3b95cb91a1a8ca", RENAME_NOREPLACE) = -1 EEXIST (File exists)
pread64(3</tmp/nia-publication-fault-7_6ur5fa/case/store/objects/32/094e7c613fdb6dffb1f27d926b176f7fd8946b8c2cf3ca9e3b95cb91a1a8ca>, "NIACLOS1\216\346\2104^\35\225\2\356\214\327'zE<0\277\267{\224r\1\276\2630\16\235\362\270\3122\35\273\343\341b6\331$M\267\345\300\262\251\302\306\27f\270\251!\330\260\227\374\323p\347\177\25.\3311\0\0\0\0\0\0\0\5\f\241y\346\276\376\267a\363a?\36\365|\250\222"..., 65536, 0) = 240
pread64(3</tmp/nia-publication-fault-7_6ur5fa/case/store/objects/32/094e7c613fdb6dffb1f27d926b176f7fd8946b8c2cf3ca9e3b95cb91a1a8ca>, "", 65296, 240) = 0
pread64(3</tmp/nia-publication-fault-7_6ur5fa/case/store/objects/32/094e7c613fdb6dffb1f27d926b176f7fd8946b8c2cf3ca9e3b95cb91a1a8ca>, "", 65536, 240) = 0
fsync(16</tmp/nia-publication-fault-7_6ur5fa/case/store/incoming>) = 0
pread64(3</tmp/nia-publication-fault-7_6ur5fa/case/store/objects/8e/e688345e1d9502ee8cd7277a453c30bfb77b947201beb3300e9df2b8ca321d>, "\0\0\0\0\0\0\0\10NIACSEL1\273\343\341b6\331$M\267\345\300\262\251\302\306\27f\270\251!\330\260\227\374\323p\347\177\25.\3311\0\0\0\0\0\0\0\1\f\241y\346\276\376\267a\363a?\36\365|\250\222\353\303\246\242(\334\243/\23\t\360\254\6\247\336~J6\366\353|\33#j"..., 65536, 0) = 152
pread64(3</tmp/nia-publication-fault-7_6ur5fa/case/store/objects/8e/e688345e1d9502ee8cd7277a453c30bfb77b947201beb3300e9df2b8ca321d>, "", 65384, 152) = 0
pread64(3</tmp/nia-publication-fault-7_6ur5fa/case/store/objects/8e/e688345e1d9502ee8cd7277a453c30bfb77b947201beb3300e9df2b8ca321d>, "", 65536, 152) = 0
pread64(3</tmp/nia-publication-fault-7_6ur5fa/case/store/objects/8e/e688345e1d9502ee8cd7277a453c30bfb77b947201beb3300e9df2b8ca321d>, "\0\0\0\0\0\0\0\10NIACSEL1\273\343\341b6\331$M\267\345\300\262\251\302\306\27f\270\251!\330\260\227\374\323p\347\177\25.\3311\0\0\0\0\0\0\0\1\f\241y\346\276\376\267a\363a?\36\365|\250\222\353\303\246\242(\334\243/\23\t\360\254\6\247\336~J6\366\353|\33#j"..., 393272, 0) = 152
pread64(3</tmp/nia-publication-fault-7_6ur5fa/case/store/objects/8e/e688345e1d9502ee8cd7277a453c30bfb77b947201beb3300e9df2b8ca321d>, "", 393120, 152) = 0
pread64(3</tmp/nia-publication-fault-7_6ur5fa/case/store/objects/0c/a179e6befeb761f3613f1ef57ca892ebc3a6a228dca32f1309f0ac06a7de7e>, "!<arch>\ndebian-binary/  0           0     0     100644  4         `\n2.0\ncontrol.tar/    0       "..., 65536, 0) = 20672
pread64(3</tmp/nia-publication-fault-7_6ur5fa/case/store/objects/0c/a179e6befeb761f3613f1ef57ca892ebc3a6a228dca32f1309f0ac06a7de7e>, "", 44864, 20672) = 0
pread64(3</tmp/nia-publication-fault-7_6ur5fa/case/store/objects/0c/a179e6befeb761f3613f1ef57ca892ebc3a6a228dca32f1309f0ac06a7de7e>, "", 65536, 20672) = 0
pread64(3</tmp/nia-publication-fault-7_6ur5fa/case/store/objects/0c/a179e6befeb761f3613f1ef57ca892ebc3a6a228dca32f1309f0ac06a7de7e>, "!<arch>\n", 8, 0) = 8
pread64(3</tmp/nia-publication-fault-7_6ur5fa/case/store/objects/0c/a179e6befeb761f3613f1ef57ca892ebc3a6a228dca32f1309f0ac06a7de7e>, "debian-binary/  0           0     0     100644  4         `\n", 60, 8) = 60
pread64(3</tmp/nia-publication-fault-7_6ur5fa/case/store/objects/0c/a179e6befeb761f3613f1ef57ca892ebc3a6a228dca32f1309f0ac06a7de7e>, "2.0\n", 4, 68) = 4
pread64(3</tmp/nia-publication-fault-7_6ur5fa/case/store/objects/0c/a179e6befeb761f3613f1ef57ca892ebc3a6a228dca32f1309f0ac06a7de7e>, "2.0\n", 4, 68) = 4
pread64(3</tmp/nia-publication-fault-7_6ur5fa/case/store/objects/0c/a179e6befeb761f3613f1ef57ca892ebc3a6a228dca32f1309f0ac06a7de7e>, "control.tar/    0           0     0     100644  10240     `\n", 60, 72) = 60
pread64(3</tmp/nia-publication-fault-7_6ur5fa/case/store/objects/0c/a179e6befeb761f3613f1ef57ca892ebc3a6a228dca32f1309f0ac06a7de7e>, "./control\0\0\0\0\0\0\0\0\0\0\0\0\0\0\0\0\0\0\0\0\0\0\0\0\0\0\0\0\0\0\0\0\0\0\0\0\0\0\0\0\0\0\0\0\0\0\0\0\0\0\0\0\0\0\0\0\0\0\0\0\0\0\0\0\0\0\0\0\0\0\0\0\0\0\0\0\0\0\0\0\0\0\0\0\0\0\0"..., 10240, 132) = 10240
pread64(3</tmp/nia-publication-fault-7_6ur5fa/case/store/objects/0c/a179e6befeb761f3613f1ef57ca892ebc3a6a228dca32f1309f0ac06a7de7e>, "data.tar/       0           0     0     100644  10240     `\n", 60, 10372) = 60
pread64(3</tmp/nia-publication-fault-7_6ur5fa/case/store/objects/0c/a179e6befeb761f3613f1ef57ca892ebc3a6a228dca32f1309f0ac06a7de7e>, "\0\0\0\0\0\0\0\0\0\0\0\0\0\0\0\0\0\0\0\0\0\0\0\0\0\0\0\0\0\0\0\0\0\0\0\0\0\0\0\0\0\0\0\0\0\0\0\0\0\0\0\0\0\0\0\0\0\0\0\0\0\0\0\0\0\0\0\0\0\0\0\0\0\0\0\0\0\0\0\0\0\0\0\0\0\0\0\0\0\0\0\0\0\0\0\0"..., 10240, 10432) = 10240
pread64(3</tmp/nia-publication-fault-7_6ur5fa/case/store/objects/0c/a179e6befeb761f3613f1ef57ca892ebc3a6a228dca32f1309f0ac06a7de7e>, "!<arch>\ndebian-binary/  0           0     0     100644  4         `\n2.0\ncontrol.tar/    0       "..., 65536, 0) = 20672
pread64(3</tmp/nia-publication-fault-7_6ur5fa/case/store/objects/0c/a179e6befeb761f3613f1ef57ca892ebc3a6a228dca32f1309f0ac06a7de7e>, "", 44864, 20672) = 0
pread64(3</tmp/nia-publication-fault-7_6ur5fa/case/store/objects/0c/a179e6befeb761f3613f1ef57ca892ebc3a6a228dca32f1309f0ac06a7de7e>, "", 65536, 20672) = 0
pread64(3</tmp/nia-publication-fault-7_6ur5fa/case/store/objects/0c/a179e6befeb761f3613f1ef57ca892ebc3a6a228dca32f1309f0ac06a7de7e>, "!<arch>\n", 8, 0) = 8
pread64(3</tmp/nia-publication-fault-7_6ur5fa/case/store/objects/0c/a179e6befeb761f3613f1ef57ca892ebc3a6a228dca32f1309f0ac06a7de7e>, "debian-binary/  0           0     0     100644  4         `\n", 60, 8) = 60
pread64(3</tmp/nia-publication-fault-7_6ur5fa/case/store/objects/0c/a179e6befeb761f3613f1ef57ca892ebc3a6a228dca32f1309f0ac06a7de7e>, "2.0\n", 4, 68) = 4
pread64(3</tmp/nia-publication-fault-7_6ur5fa/case/store/objects/0c/a179e6befeb761f3613f1ef57ca892ebc3a6a228dca32f1309f0ac06a7de7e>, "2.0\n", 4, 68) = 4
pread64(3</tmp/nia-publication-fault-7_6ur5fa/case/store/objects/0c/a179e6befeb761f3613f1ef57ca892ebc3a6a228dca32f1309f0ac06a7de7e>, "control.tar/    0           0     0     100644  10240     `\n", 60, 72) = 60
pread64(3</tmp/nia-publication-fault-7_6ur5fa/case/store/objects/0c/a179e6befeb761f3613f1ef57ca892ebc3a6a228dca32f1309f0ac06a7de7e>, "./control\0\0\0\0\0\0\0\0\0\0\0\0\0\0\0\0\0\0\0\0\0\0\0\0\0\0\0\0\0\0\0\0\0\0\0\0\0\0\0\0\0\0\0\0\0\0\0\0\0\0\0\0\0\0\0\0\0\0\0\0\0\0\0\0\0\0\0\0\0\0\0\0\0\0\0\0\0\0\0\0\0\0\0\0\0\0\0"..., 10240, 132) = 10240
pread64(3</tmp/nia-publication-fault-7_6ur5fa/case/store/objects/0c/a179e6befeb761f3613f1ef57ca892ebc3a6a228dca32f1309f0ac06a7de7e>, "data.tar/       0           0     0     100644  10240     `\n", 60, 10372) = 60
pread64(3</tmp/nia-publication-fault-7_6ur5fa/case/store/objects/0c/a179e6befeb761f3613f1ef57ca892ebc3a6a228dca32f1309f0ac06a7de7e>, "\0\0\0\0\0\0\0\0\0\0\0\0\0\0\0\0\0\0\0\0\0\0\0\0\0\0\0\0\0\0\0\0\0\0\0\0\0\0\0\0\0\0\0\0\0\0\0\0\0\0\0\0\0\0\0\0\0\0\0\0\0\0\0\0\0\0\0\0\0\0\0\0\0\0\0\0\0\0\0\0\0\0\0\0\0\0\0\0\0\0\0\0\0\0\0\0"..., 10240, 10432) = 10240
fsync(17</tmp/nia-publication-fault-7_6ur5fa/case/store/incoming>) = 0
pread64(3</tmp/nia-publication-fault-7_6ur5fa/case/store/objects/0c/a179e6befeb761f3613f1ef57ca892ebc3a6a228dca32f1309f0ac06a7de7e>, "\0\0\0\0\0\0\0\0\0\0\0\0\0\0\0\0\0\0\0\0\0\0\0\0\0\0\0\0\0\0\0\0\0\0\0\0\0\0\0\0\0\0\0\0\0\0\0\0\0\0\0\0\0\0\0\0\0\0\0\0\0\0\0\0\0\0\0\0\0\0\0\0\0\0\0\0\0\0\0\0\0\0\0\0\0\0\0\0\0\0\0\0\0\0\0\0"..., 10240, 10432) = 10240
write(16</tmp/nia-publication-fault-7_6ur5fa/case/store/incoming/b50284a0eb9250562cf7b57cb166e49c>, "\0\0\0\0\0\0\0\0\0\0\0\0\0\0\0\0\0\0\0\0\0\0\0\0\0\0\0\0\0\0\0\0\0\0\0\0\0\0\0\0\0\0\0\0\0\0\0\0\0\0\0\0\0\0\0\0\0\0\0\0\0\0\0\0\0\0\0\0\0\0\0\0\0\0\0\0\0\0\0\0\0\0\0\0\0\0\0\0\0\0\0\0\0\0\0\0"..., 10240) = 10240
fsync(16</tmp/nia-publication-fault-7_6ur5fa/case/store/incoming/b50284a0eb9250562cf7b57cb166e49c>) = 0
renameat2(17</tmp/nia-publication-fault-7_6ur5fa/case/store/incoming>, "b50284a0eb9250562cf7b57cb166e49c", 16</tmp/nia-publication-fault-7_6ur5fa/case/store/objects/84>, "ff92691f909a05b224e1c56abb4864f01b4f8e3c854e4bb4c7baf1d3f6d652", RENAME_NOREPLACE) = -1 EEXIST (File exists)
pread64(16</tmp/nia-publication-fault-7_6ur5fa/case/store/objects/84/ff92691f909a05b224e1c56abb4864f01b4f8e3c854e4bb4c7baf1d3f6d652>, "\0\0\0\0\0\0\0\0\0\0\0\0\0\0\0\0\0\0\0\0\0\0\0\0\0\0\0\0\0\0\0\0\0\0\0\0\0\0\0\0\0\0\0\0\0\0\0\0\0\0\0\0\0\0\0\0\0\0\0\0\0\0\0\0\0\0\0\0\0\0\0\0\0\0\0\0\0\0\0\0\0\0\0\0\0\0\0\0\0\0\0\0\0\0\0\0"..., 65536, 0) = 10240
pread64(16</tmp/nia-publication-fault-7_6ur5fa/case/store/objects/84/ff92691f909a05b224e1c56abb4864f01b4f8e3c854e4bb4c7baf1d3f6d652>, "", 55296, 10240) = 0
pread64(16</tmp/nia-publication-fault-7_6ur5fa/case/store/objects/84/ff92691f909a05b224e1c56abb4864f01b4f8e3c854e4bb4c7baf1d3f6d652>, "", 65536, 10240) = 0
fsync(17</tmp/nia-publication-fault-7_6ur5fa/case/store/incoming>) = 0
pread64(3</tmp/nia-publication-fault-7_6ur5fa/case/store/objects/84/ff92691f909a05b224e1c56abb4864f01b4f8e3c854e4bb4c7baf1d3f6d652>, "\0\0\0\0\0\0\0\0\0\0\0\0\0\0\0\0\0\0\0\0\0\0\0\0\0\0\0\0\0\0\0\0\0\0\0\0\0\0\0\0\0\0\0\0\0\0\0\0\0\0\0\0\0\0\0\0\0\0\0\0\0\0\0\0\0\0\0\0\0\0\0\0\0\0\0\0\0\0\0\0\0\0\0\0\0\0\0\0\0\0\0\0\0\0\0\0"..., 65536, 0) = 10240
pread64(3</tmp/nia-publication-fault-7_6ur5fa/case/store/objects/84/ff92691f909a05b224e1c56abb4864f01b4f8e3c854e4bb4c7baf1d3f6d652>, "", 55296, 10240) = 0
pread64(3</tmp/nia-publication-fault-7_6ur5fa/case/store/objects/84/ff92691f909a05b224e1c56abb4864f01b4f8e3c854e4bb4c7baf1d3f6d652>, "", 65536, 10240) = 0
pread64(3</tmp/nia-publication-fault-7_6ur5fa/case/store/objects/84/ff92691f909a05b224e1c56abb4864f01b4f8e3c854e4bb4c7baf1d3f6d652>, "\0\0\0\0\0\0\0\0\0\0\0\0\0\0\0\0\0\0\0\0\0\0\0\0\0\0\0\0\0\0\0\0\0\0\0\0\0\0\0\0\0\0\0\0\0\0\0\0\0\0\0\0\0\0\0\0\0\0\0\0\0\0\0\0\0\0\0\0\0\0\0\0\0\0\0\0\0\0\0\0\0\0\0\0\0\0\0\0\0\0\0\0\0\0\0\0"..., 10240, 0) = 10240
fsync(17</tmp/nia-publication-fault-7_6ur5fa/case/store/incoming>) = 0
pread64(3</tmp/nia-publication-fault-7_6ur5fa/case/store/objects/84/ff92691f909a05b224e1c56abb4864f01b4f8e3c854e4bb4c7baf1d3f6d652>, "\0\0\0\0\0\0\0\0\0\0\0\0\0\0\0\0\0\0\0\0\0\0\0\0\0\0\0\0\0\0\0\0\0\0\0\0\0\0\0\0\0\0\0\0\0\0\0\0\0\0\0\0\0\0\0\0\0\0\0\0\0\0\0\0\0\0\0\0\0\0\0\0\0\0\0\0\0\0\0\0\0\0\0\0\0\0\0\0\0\0\0\0\0\0\0\0"..., 10240, 0) = 10240
write(16</tmp/nia-publication-fault-7_6ur5fa/case/store/incoming/bc0d6c2ca317f2c1be68e4fab09b5635>, "\0\0\0\0\0\0\0\0\0\0\0\0\0\0\0\0\0\0\0\0\0\0\0\0\0\0\0\0\0\0\0\0\0\0\0\0\0\0\0\0\0\0\0\0\0\0\0\0\0\0\0\0\0\0\0\0\0\0\0\0\0\0\0\0\0\0\0\0\0\0\0\0\0\0\0\0\0\0\0\0\0\0\0\0\0\0\0\0\0\0\0\0\0\0\0\0"..., 10240) = 10240
fsync(16</tmp/nia-publication-fault-7_6ur5fa/case/store/incoming/bc0d6c2ca317f2c1be68e4fab09b5635>) = 0
renameat2(17</tmp/nia-publication-fault-7_6ur5fa/case/store/incoming>, "bc0d6c2ca317f2c1be68e4fab09b5635", 16</tmp/nia-publication-fault-7_6ur5fa/case/store/objects/84>, "ff92691f909a05b224e1c56abb4864f01b4f8e3c854e4bb4c7baf1d3f6d652", RENAME_NOREPLACE) = -1 EEXIST (File exists)
pread64(16</tmp/nia-publication-fault-7_6ur5fa/case/store/objects/84/ff92691f909a05b224e1c56abb4864f01b4f8e3c854e4bb4c7baf1d3f6d652>, "\0\0\0\0\0\0\0\0\0\0\0\0\0\0\0\0\0\0\0\0\0\0\0\0\0\0\0\0\0\0\0\0\0\0\0\0\0\0\0\0\0\0\0\0\0\0\0\0\0\0\0\0\0\0\0\0\0\0\0\0\0\0\0\0\0\0\0\0\0\0\0\0\0\0\0\0\0\0\0\0\0\0\0\0\0\0\0\0\0\0\0\0\0\0\0\0"..., 65536, 0) = 10240
pread64(16</tmp/nia-publication-fault-7_6ur5fa/case/store/objects/84/ff92691f909a05b224e1c56abb4864f01b4f8e3c854e4bb4c7baf1d3f6d652>, "", 55296, 10240) = 0
pread64(16</tmp/nia-publication-fault-7_6ur5fa/case/store/objects/84/ff92691f909a05b224e1c56abb4864f01b4f8e3c854e4bb4c7baf1d3f6d652>, "", 65536, 10240) = 0
fsync(17</tmp/nia-publication-fault-7_6ur5fa/case/store/incoming>) = 0
pread64(3</tmp/nia-publication-fault-7_6ur5fa/case/store/objects/84/ff92691f909a05b224e1c56abb4864f01b4f8e3c854e4bb4c7baf1d3f6d652>, "\0\0\0\0\0\0\0\0\0\0\0\0\0\0\0\0\0\0\0\0\0\0\0\0\0\0\0\0\0\0\0\0\0\0\0\0\0\0\0\0\0\0\0\0\0\0\0\0\0\0\0\0\0\0\0\0\0\0\0\0\0\0\0\0\0\0\0\0\0\0\0\0\0\0\0\0\0\0\0\0\0\0\0\0\0\0\0\0\0\0\0\0\0\0\0\0"..., 65536, 0) = 10240
pread64(3</tmp/nia-publication-fault-7_6ur5fa/case/store/objects/84/ff92691f909a05b224e1c56abb4864f01b4f8e3c854e4bb4c7baf1d3f6d652>, "", 55296, 10240) = 0
pread64(3</tmp/nia-publication-fault-7_6ur5fa/case/store/objects/84/ff92691f909a05b224e1c56abb4864f01b4f8e3c854e4bb4c7baf1d3f6d652>, "", 65536, 10240) = 0
pread64(3</tmp/nia-publication-fault-7_6ur5fa/case/store/objects/84/ff92691f909a05b224e1c56abb4864f01b4f8e3c854e4bb4c7baf1d3f6d652>, "\0\0\0\0\0\0\0\0\0\0\0\0\0\0\0\0\0\0\0\0\0\0\0\0\0\0\0\0\0\0\0\0\0\0\0\0\0\0\0\0\0\0\0\0\0\0\0\0\0\0\0\0\0\0\0\0\0\0\0\0\0\0\0\0\0\0\0\0\0\0\0\0\0\0\0\0\0\0\0\0\0\0\0\0\0\0\0\0\0\0\0\0\0\0\0\0"..., 512, 0) = 512
pread64(3</tmp/nia-publication-fault-7_6ur5fa/case/store/objects/84/ff92691f909a05b224e1c56abb4864f01b4f8e3c854e4bb4c7baf1d3f6d652>, "\0\0\0\0\0\0\0\0\0\0\0\0\0\0\0\0\0\0\0\0\0\0\0\0\0\0\0\0\0\0\0\0\0\0\0\0\0\0\0\0\0\0\0\0\0\0\0\0\0\0\0\0\0\0\0\0\0\0\0\0\0\0\0\0\0\0\0\0\0\0\0\0\0\0\0\0\0\0\0\0\0\0\0\0\0\0\0\0\0\0\0\0\0\0\0\0"..., 9728, 512) = 9728
pread64(3</tmp/nia-publication-fault-7_6ur5fa/case/store/objects/0c/a179e6befeb761f3613f1ef57ca892ebc3a6a228dca32f1309f0ac06a7de7e>, "!<arch>\ndebian-binary/  0           0     0     100644  4         `\n2.0\ncontrol.tar/    0       "..., 65536, 0) = 20672
pread64(3</tmp/nia-publication-fault-7_6ur5fa/case/store/objects/0c/a179e6befeb761f3613f1ef57ca892ebc3a6a228dca32f1309f0ac06a7de7e>, "", 44864, 20672) = 0
pread64(3</tmp/nia-publication-fault-7_6ur5fa/case/store/objects/0c/a179e6befeb761f3613f1ef57ca892ebc3a6a228dca32f1309f0ac06a7de7e>, "", 65536, 20672) = 0
pread64(3</tmp/nia-publication-fault-7_6ur5fa/case/store/objects/0c/a179e6befeb761f3613f1ef57ca892ebc3a6a228dca32f1309f0ac06a7de7e>, "!<arch>\n", 8, 0) = 8
pread64(3</tmp/nia-publication-fault-7_6ur5fa/case/store/objects/0c/a179e6befeb761f3613f1ef57ca892ebc3a6a228dca32f1309f0ac06a7de7e>, "debian-binary/  0           0     0     100644  4         `\n", 60, 8) = 60
pread64(3</tmp/nia-publication-fault-7_6ur5fa/case/store/objects/0c/a179e6befeb761f3613f1ef57ca892ebc3a6a228dca32f1309f0ac06a7de7e>, "2.0\n", 4, 68) = 4
pread64(3</tmp/nia-publication-fault-7_6ur5fa/case/store/objects/0c/a179e6befeb761f3613f1ef57ca892ebc3a6a228dca32f1309f0ac06a7de7e>, "2.0\n", 4, 68) = 4
pread64(3</tmp/nia-publication-fault-7_6ur5fa/case/store/objects/0c/a179e6befeb761f3613f1ef57ca892ebc3a6a228dca32f1309f0ac06a7de7e>, "control.tar/    0           0     0     100644  10240     `\n", 60, 72) = 60
pread64(3</tmp/nia-publication-fault-7_6ur5fa/case/store/objects/0c/a179e6befeb761f3613f1ef57ca892ebc3a6a228dca32f1309f0ac06a7de7e>, "./control\0\0\0\0\0\0\0\0\0\0\0\0\0\0\0\0\0\0\0\0\0\0\0\0\0\0\0\0\0\0\0\0\0\0\0\0\0\0\0\0\0\0\0\0\0\0\0\0\0\0\0\0\0\0\0\0\0\0\0\0\0\0\0\0\0\0\0\0\0\0\0\0\0\0\0\0\0\0\0\0\0\0\0\0\0\0\0"..., 10240, 132) = 10240
pread64(3</tmp/nia-publication-fault-7_6ur5fa/case/store/objects/0c/a179e6befeb761f3613f1ef57ca892ebc3a6a228dca32f1309f0ac06a7de7e>, "data.tar/       0           0     0     100644  10240     `\n", 60, 10372) = 60
pread64(3</tmp/nia-publication-fault-7_6ur5fa/case/store/objects/0c/a179e6befeb761f3613f1ef57ca892ebc3a6a228dca32f1309f0ac06a7de7e>, "\0\0\0\0\0\0\0\0\0\0\0\0\0\0\0\0\0\0\0\0\0\0\0\0\0\0\0\0\0\0\0\0\0\0\0\0\0\0\0\0\0\0\0\0\0\0\0\0\0\0\0\0\0\0\0\0\0\0\0\0\0\0\0\0\0\0\0\0\0\0\0\0\0\0\0\0\0\0\0\0\0\0\0\0\0\0\0\0\0\0\0\0\0\0\0\0"..., 10240, 10432) = 10240
pread64(3</tmp/nia-publication-fault-7_6ur5fa/case/store/objects/0c/a179e6befeb761f3613f1ef57ca892ebc3a6a228dca32f1309f0ac06a7de7e>, "!<arch>\ndebian-binary/  0           0     0     100644  4         `\n2.0\ncontrol.tar/    0       "..., 65536, 0) = 20672
pread64(3</tmp/nia-publication-fault-7_6ur5fa/case/store/objects/0c/a179e6befeb761f3613f1ef57ca892ebc3a6a228dca32f1309f0ac06a7de7e>, "", 44864, 20672) = 0
pread64(3</tmp/nia-publication-fault-7_6ur5fa/case/store/objects/0c/a179e6befeb761f3613f1ef57ca892ebc3a6a228dca32f1309f0ac06a7de7e>, "", 65536, 20672) = 0
pread64(3</tmp/nia-publication-fault-7_6ur5fa/case/store/objects/0c/a179e6befeb761f3613f1ef57ca892ebc3a6a228dca32f1309f0ac06a7de7e>, "!<arch>\n", 8, 0) = 8
pread64(3</tmp/nia-publication-fault-7_6ur5fa/case/store/objects/0c/a179e6befeb761f3613f1ef57ca892ebc3a6a228dca32f1309f0ac06a7de7e>, "debian-binary/  0           0     0     100644  4         `\n", 60, 8) = 60
pread64(3</tmp/nia-publication-fault-7_6ur5fa/case/store/objects/0c/a179e6befeb761f3613f1ef57ca892ebc3a6a228dca32f1309f0ac06a7de7e>, "2.0\n", 4, 68) = 4
pread64(3</tmp/nia-publication-fault-7_6ur5fa/case/store/objects/0c/a179e6befeb761f3613f1ef57ca892ebc3a6a228dca32f1309f0ac06a7de7e>, "2.0\n", 4, 68) = 4
pread64(3</tmp/nia-publication-fault-7_6ur5fa/case/store/objects/0c/a179e6befeb761f3613f1ef57ca892ebc3a6a228dca32f1309f0ac06a7de7e>, "control.tar/    0           0     0     100644  10240     `\n", 60, 72) = 60
pread64(3</tmp/nia-publication-fault-7_6ur5fa/case/store/objects/0c/a179e6befeb761f3613f1ef57ca892ebc3a6a228dca32f1309f0ac06a7de7e>, "./control\0\0\0\0\0\0\0\0\0\0\0\0\0\0\0\0\0\0\0\0\0\0\0\0\0\0\0\0\0\0\0\0\0\0\0\0\0\0\0\0\0\0\0\0\0\0\0\0\0\0\0\0\0\0\0\0\0\0\0\0\0\0\0\0\0\0\0\0\0\0\0\0\0\0\0\0\0\0\0\0\0\0\0\0\0\0\0"..., 10240, 132) = 10240
pread64(3</tmp/nia-publication-fault-7_6ur5fa/case/store/objects/0c/a179e6befeb761f3613f1ef57ca892ebc3a6a228dca32f1309f0ac06a7de7e>, "data.tar/       0           0     0     100644  10240     `\n", 60, 10372) = 60
pread64(3</tmp/nia-publication-fault-7_6ur5fa/case/store/objects/0c/a179e6befeb761f3613f1ef57ca892ebc3a6a228dca32f1309f0ac06a7de7e>, "\0\0\0\0\0\0\0\0\0\0\0\0\0\0\0\0\0\0\0\0\0\0\0\0\0\0\0\0\0\0\0\0\0\0\0\0\0\0\0\0\0\0\0\0\0\0\0\0\0\0\0\0\0\0\0\0\0\0\0\0\0\0\0\0\0\0\0\0\0\0\0\0\0\0\0\0\0\0\0\0\0\0\0\0\0\0\0\0\0\0\0\0\0\0\0\0"..., 10240, 10432) = 10240
fsync(17</tmp/nia-publication-fault-7_6ur5fa/case/store/incoming>) = 0
pread64(3</tmp/nia-publication-fault-7_6ur5fa/case/store/objects/0c/a179e6befeb761f3613f1ef57ca892ebc3a6a228dca32f1309f0ac06a7de7e>, "./control\0\0\0\0\0\0\0\0\0\0\0\0\0\0\0\0\0\0\0\0\0\0\0\0\0\0\0\0\0\0\0\0\0\0\0\0\0\0\0\0\0\0\0\0\0\0\0\0\0\0\0\0\0\0\0\0\0\0\0\0\0\0\0\0\0\0\0\0\0\0\0\0\0\0\0\0\0\0\0\0\0\0\0\0\0\0\0"..., 10240, 132) = 10240
write(16</tmp/nia-publication-fault-7_6ur5fa/case/store/incoming/84c09dd2ab26392a1ff92a1a39db4eec>, "./control\0\0\0\0\0\0\0\0\0\0\0\0\0\0\0\0\0\0\0\0\0\0\0\0\0\0\0\0\0\0\0\0\0\0\0\0\0\0\0\0\0\0\0\0\0\0\0\0\0\0\0\0\0\0\0\0\0\0\0\0\0\0\0\0\0\0\0\0\0\0\0\0\0\0\0\0\0\0\0\0\0\0\0\0\0\0\0"..., 10240) = 10240
fsync(16</tmp/nia-publication-fault-7_6ur5fa/case/store/incoming/84c09dd2ab26392a1ff92a1a39db4eec>) = 0
renameat2(17</tmp/nia-publication-fault-7_6ur5fa/case/store/incoming>, "84c09dd2ab26392a1ff92a1a39db4eec", 16</tmp/nia-publication-fault-7_6ur5fa/case/store/objects/4a>, "36f6eb7c1b236ab6cb28ddb882919e888bf393dfc00d93008ad6730697f8f7", RENAME_NOREPLACE) = -1 EEXIST (File exists)
pread64(16</tmp/nia-publication-fault-7_6ur5fa/case/store/objects/4a/36f6eb7c1b236ab6cb28ddb882919e888bf393dfc00d93008ad6730697f8f7>, "./control\0\0\0\0\0\0\0\0\0\0\0\0\0\0\0\0\0\0\0\0\0\0\0\0\0\0\0\0\0\0\0\0\0\0\0\0\0\0\0\0\0\0\0\0\0\0\0\0\0\0\0\0\0\0\0\0\0\0\0\0\0\0\0\0\0\0\0\0\0\0\0\0\0\0\0\0\0\0\0\0\0\0\0\0\0\0\0"..., 65536, 0) = 10240
pread64(16</tmp/nia-publication-fault-7_6ur5fa/case/store/objects/4a/36f6eb7c1b236ab6cb28ddb882919e888bf393dfc00d93008ad6730697f8f7>, "", 55296, 10240) = 0
pread64(16</tmp/nia-publication-fault-7_6ur5fa/case/store/objects/4a/36f6eb7c1b236ab6cb28ddb882919e888bf393dfc00d93008ad6730697f8f7>, "", 65536, 10240) = 0
fsync(17</tmp/nia-publication-fault-7_6ur5fa/case/store/incoming>) = 0
pread64(3</tmp/nia-publication-fault-7_6ur5fa/case/store/objects/4a/36f6eb7c1b236ab6cb28ddb882919e888bf393dfc00d93008ad6730697f8f7>, "./control\0\0\0\0\0\0\0\0\0\0\0\0\0\0\0\0\0\0\0\0\0\0\0\0\0\0\0\0\0\0\0\0\0\0\0\0\0\0\0\0\0\0\0\0\0\0\0\0\0\0\0\0\0\0\0\0\0\0\0\0\0\0\0\0\0\0\0\0\0\0\0\0\0\0\0\0\0\0\0\0\0\0\0\0\0\0\0"..., 65536, 0) = 10240
pread64(3</tmp/nia-publication-fault-7_6ur5fa/case/store/objects/4a/36f6eb7c1b236ab6cb28ddb882919e888bf393dfc00d93008ad6730697f8f7>, "", 55296, 10240) = 0
pread64(3</tmp/nia-publication-fault-7_6ur5fa/case/store/objects/4a/36f6eb7c1b236ab6cb28ddb882919e888bf393dfc00d93008ad6730697f8f7>, "", 65536, 10240) = 0
pread64(3</tmp/nia-publication-fault-7_6ur5fa/case/store/objects/4a/36f6eb7c1b236ab6cb28ddb882919e888bf393dfc00d93008ad6730697f8f7>, "./control\0\0\0\0\0\0\0\0\0\0\0\0\0\0\0\0\0\0\0\0\0\0\0\0\0\0\0\0\0\0\0\0\0\0\0\0\0\0\0\0\0\0\0\0\0\0\0\0\0\0\0\0\0\0\0\0\0\0\0\0\0\0\0\0\0\0\0\0\0\0\0\0\0\0\0\0\0\0\0\0\0\0\0\0\0\0\0"..., 10240, 0) = 10240
fsync(17</tmp/nia-publication-fault-7_6ur5fa/case/store/incoming>) = 0
write(16</tmp/nia-publication-fault-7_6ur5fa/case/store/incoming/45f3952af6f811f3f0e6d7921f931fd2>, "Package: empty-package\nVersion: 1\nArchitecture: all\nMaintainer: Fixture <fixture@example.invalid"..., 149) = 149
fsync(16</tmp/nia-publication-fault-7_6ur5fa/case/store/incoming/45f3952af6f811f3f0e6d7921f931fd2>) = 0
renameat2(17</tmp/nia-publication-fault-7_6ur5fa/case/store/incoming>, "45f3952af6f811f3f0e6d7921f931fd2", 16</tmp/nia-publication-fault-7_6ur5fa/case/store/objects/a3>, "1a856f430af395bccd7eb2f142b11ad3ae0fc5daf3acc4ffb341c48a5abd39", RENAME_NOREPLACE) = -1 EEXIST (File exists)
pread64(16</tmp/nia-publication-fault-7_6ur5fa/case/store/objects/a3/1a856f430af395bccd7eb2f142b11ad3ae0fc5daf3acc4ffb341c48a5abd39>, "Package: empty-package\nVersion: 1\nArchitecture: all\nMaintainer: Fixture <fixture@example.invalid"..., 65536, 0) = 149
pread64(16</tmp/nia-publication-fault-7_6ur5fa/case/store/objects/a3/1a856f430af395bccd7eb2f142b11ad3ae0fc5daf3acc4ffb341c48a5abd39>, "", 65387, 149) = 0
pread64(16</tmp/nia-publication-fault-7_6ur5fa/case/store/objects/a3/1a856f430af395bccd7eb2f142b11ad3ae0fc5daf3acc4ffb341c48a5abd39>, "", 65536, 149) = 0
fsync(17</tmp/nia-publication-fault-7_6ur5fa/case/store/incoming>) = 0
pread64(3</tmp/nia-publication-fault-7_6ur5fa/case/store/objects/a3/1a856f430af395bccd7eb2f142b11ad3ae0fc5daf3acc4ffb341c48a5abd39>, "Package: empty-package\nVersion: 1\nArchitecture: all\nMaintainer: Fixture <fixture@example.invalid"..., 65536, 0) = 149
pread64(3</tmp/nia-publication-fault-7_6ur5fa/case/store/objects/a3/1a856f430af395bccd7eb2f142b11ad3ae0fc5daf3acc4ffb341c48a5abd39>, "", 65387, 149) = 0
pread64(3</tmp/nia-publication-fault-7_6ur5fa/case/store/objects/a3/1a856f430af395bccd7eb2f142b11ad3ae0fc5daf3acc4ffb341c48a5abd39>, "", 65536, 149) = 0
pread64(3</tmp/nia-publication-fault-7_6ur5fa/case/store/objects/a3/1a856f430af395bccd7eb2f142b11ad3ae0fc5daf3acc4ffb341c48a5abd39>, "Package: empty-package\nVersion: 1\nArchitecture: all\nMaintainer: Fixture <fixture@example.invalid"..., 16777216, 0) = 149
pread64(3</tmp/nia-publication-fault-7_6ur5fa/case/store/objects/a3/1a856f430af395bccd7eb2f142b11ad3ae0fc5daf3acc4ffb341c48a5abd39>, "", 16777067, 149) = 0
pread64(3</tmp/nia-publication-fault-7_6ur5fa/case/store/objects/a3/1a856f430af395bccd7eb2f142b11ad3ae0fc5daf3acc4ffb341c48a5abd39>, "Package: empty-package\nVersion: 1\nArchitecture: all\nMaintainer: Fixture <fixture@example.invalid"..., 65536, 0) = 149
pread64(3</tmp/nia-publication-fault-7_6ur5fa/case/store/objects/a3/1a856f430af395bccd7eb2f142b11ad3ae0fc5daf3acc4ffb341c48a5abd39>, "", 65387, 149) = 0
pread64(3</tmp/nia-publication-fault-7_6ur5fa/case/store/objects/a3/1a856f430af395bccd7eb2f142b11ad3ae0fc5daf3acc4ffb341c48a5abd39>, "", 65536, 149) = 0
pread64(3</tmp/nia-publication-fault-7_6ur5fa/case/store/objects/a3/1a856f430af395bccd7eb2f142b11ad3ae0fc5daf3acc4ffb341c48a5abd39>, "Package: empty-package\nVersion: 1\nArchitecture: all\nMaintainer: Fixture <fixture@example.invalid"..., 16777216, 0) = 149
pread64(3</tmp/nia-publication-fault-7_6ur5fa/case/store/objects/a3/1a856f430af395bccd7eb2f142b11ad3ae0fc5daf3acc4ffb341c48a5abd39>, "", 16777067, 149) = 0
pread64(3</tmp/nia-publication-fault-7_6ur5fa/case/store/objects/7c/28b05decc8f6bb33b6cf0f646c5af5aa8055e00a4cf6da1a746bd63b1d1ef2>, "MCPLAN02\37\37\37\37\37\37\37\37\37\37\37\37\37\37\37\37================\0\0\0\0\0\0\0\0\0\0\0\0\0\0\0\1\0\0\0\0\0\0\0\1\0\0\0\0\0\0\0\2\216\346\2104^\35\225\2\356\214\327'zE<0\277\267{\224r\1\276\263"..., 65536, 0) = 467
pread64(3</tmp/nia-publication-fault-7_6ur5fa/case/store/objects/7c/28b05decc8f6bb33b6cf0f646c5af5aa8055e00a4cf6da1a746bd63b1d1ef2>, "", 65069, 467) = 0
pread64(3</tmp/nia-publication-fault-7_6ur5fa/case/store/objects/7c/28b05decc8f6bb33b6cf0f646c5af5aa8055e00a4cf6da1a746bd63b1d1ef2>, "", 65536, 467) = 0
pread64(3</tmp/nia-publication-fault-7_6ur5fa/case/store/objects/7c/28b05decc8f6bb33b6cf0f646c5af5aa8055e00a4cf6da1a746bd63b1d1ef2>, "MCPLAN02\37\37\37\37\37\37\37\37\37\37\37\37\37\37\37\37================\0\0\0\0\0\0\0\0\0\0\0\0\0\0\0\1\0\0\0\0\0\0\0\1\0\0\0\0\0\0\0\2\216\346\2104^\35\225\2\356\214\327'zE<0\277\267{\224r\1\276\263"..., 4500000, 0) = 467
pread64(3</tmp/nia-publication-fault-7_6ur5fa/case/store/objects/7c/28b05decc8f6bb33b6cf0f646c5af5aa8055e00a4cf6da1a746bd63b1d1ef2>, "", 4499533, 467) = 0
pread64(3</tmp/nia-publication-fault-7_6ur5fa/case/store/pins/3d3d3d3d3d3d3d3d3d3d3d3d3d3d3d3d>, "|(\260]\354\310\366\2733\266\317\17dlZ\365\252\200U\340\nL\366\332\32tk\326;\35\36\362", 33, 0) = 32
pread64(3</tmp/nia-publication-fault-7_6ur5fa/case/store/pins/3d3d3d3d3d3d3d3d3d3d3d3d3d3d3d3d>, "", 1, 32) = 0
fsync(3</tmp/nia-publication-fault-7_6ur5fa/case/state>) = 0
pread64(16</tmp/nia-publication-fault-7_6ur5fa/case/state/tx-3d3d3d3d3d3d3d3d3d3d3d3d3d3d3d3d.log>, "MCLOG002\0\0\0\0\0\0\0\1\0\1\0\0\0\0\0\0\37\37\37\37\37\37\37\37\37\37\37\37\37\37\37\37================\0\0\0\0\0\0\0\1\0\0\0\0\0\0\0\2\0\0\0\0\0\0\0\0\0\0\0\0\0\0\0\1|(\260]\354\310\366\273"..., 256, 0) = 256
pread64(16</tmp/nia-publication-fault-7_6ur5fa/case/state/tx-3d3d3d3d3d3d3d3d3d3d3d3d3d3d3d3d.log>, "MCLOG002\0\0\0\0\0\0\0\2\0\2\0\0\0\0\0\0\37\37\37\37\37\37\37\37\37\37\37\37\37\37\37\37================\0\0\0\0\0\0\0\1\0\0\0\0\0\0\0\2\0\0\0\0\0\0\0\1\0\0\0\0\0\0\0\1|(\260]\354\310\366\273"..., 256, 256) = 256
pread64(16</tmp/nia-publication-fault-7_6ur5fa/case/state/tx-3d3d3d3d3d3d3d3d3d3d3d3d3d3d3d3d.log>, "MCLOG002\0\0\0\0\0\0\0\3\0\3\0\0\0\0\0\0\37\37\37\37\37\37\37\37\37\37\37\37\37\37\37\37================\0\0\0\0\0\0\0\1\0\0\0\0\0\0\0\2\0\0\0\0\0\0\0\1\0\0\0\0\0\0\0\1|(\260]\354\310\366\273"..., 256, 512) = 256
pread64(16</tmp/nia-publication-fault-7_6ur5fa/case/state/tx-3d3d3d3d3d3d3d3d3d3d3d3d3d3d3d3d.log>, "MCLOG002\0\0\0\0\0\0\0\4\0\4\0\0\0\0\0\0\37\37\37\37\37\37\37\37\37\37\37\37\37\37\37\37================\0\0\0\0\0\0\0\1\0\0\0\0\0\0\0\2\0\0\0\0\0\0\0\0\0\0\0\0\0\0\0\1|(\260]\354\310\366\273"..., 256, 768) = 256
pread64(16</tmp/nia-publication-fault-7_6ur5fa/case/state/tx-3d3d3d3d3d3d3d3d3d3d3d3d3d3d3d3d.log>, "MCLOG002\0\0\0\0\0\0\0\1\0\1\0\0\0\0\0\0\37\37\37\37\37\37\37\37\37\37\37\37\37\37\37\37================\0\0\0\0\0\0\0\1\0\0\0\0\0\0\0\2\0\0\0\0\0\0\0\0\0\0\0\0\0\0\0\1|(\260]\354\310\366\273"..., 256, 0) = 256
pread64(16</tmp/nia-publication-fault-7_6ur5fa/case/state/tx-3d3d3d3d3d3d3d3d3d3d3d3d3d3d3d3d.log>, "MCLOG002\0\0\0\0\0\0\0\2\0\2\0\0\0\0\0\0\37\37\37\37\37\37\37\37\37\37\37\37\37\37\37\37================\0\0\0\0\0\0\0\1\0\0\0\0\0\0\0\2\0\0\0\0\0\0\0\1\0\0\0\0\0\0\0\1|(\260]\354\310\366\273"..., 256, 256) = 256
pread64(16</tmp/nia-publication-fault-7_6ur5fa/case/state/tx-3d3d3d3d3d3d3d3d3d3d3d3d3d3d3d3d.log>, "MCLOG002\0\0\0\0\0\0\0\3\0\3\0\0\0\0\0\0\37\37\37\37\37\37\37\37\37\37\37\37\37\37\37\37================\0\0\0\0\0\0\0\1\0\0\0\0\0\0\0\2\0\0\0\0\0\0\0\1\0\0\0\0\0\0\0\1|(\260]\354\310\366\273"..., 256, 512) = 256
pread64(16</tmp/nia-publication-fault-7_6ur5fa/case/state/tx-3d3d3d3d3d3d3d3d3d3d3d3d3d3d3d3d.log>, "MCLOG002\0\0\0\0\0\0\0\4\0\4\0\0\0\0\0\0\37\37\37\37\37\37\37\37\37\37\37\37\37\37\37\37================\0\0\0\0\0\0\0\1\0\0\0\0\0\0\0\2\0\0\0\0\0\0\0\0\0\0\0\0\0\0\0\1|(\260]\354\310\366\273"..., 256, 768) = 256
pread64(3</tmp/nia-publication-fault-7_6ur5fa/case/state/root.state>, "MCROOT02\37\37\37\37\37\37\37\37\37\37\37\37\37\37\37\37\0\0\0\0\0\0\0\0================|(\260]\354\310\366\2733\266\317\17dlZ\365\252\200U\340\nL\366\332\32tk\326;\35\36\362\0\0\0\0\0\0\0\0\0\0\0\0\0\0\0\0"..., 192, 0) = 192
pread64(3</tmp/nia-publication-fault-7_6ur5fa/case/store/objects/7c/28b05decc8f6bb33b6cf0f646c5af5aa8055e00a4cf6da1a746bd63b1d1ef2>, "MCPLAN02\37\37\37\37\37\37\37\37\37\37\37\37\37\37\37\37================\0\0\0\0\0\0\0\0\0\0\0\0\0\0\0\1\0\0\0\0\0\0\0\1\0\0\0\0\0\0\0\2\216\346\2104^\35\225\2\356\214\327'zE<0\277\267{\224r\1\276\263"..., 4500000, 0) = 467
pread64(3</tmp/nia-publication-fault-7_6ur5fa/case/store/objects/7c/28b05decc8f6bb33b6cf0f646c5af5aa8055e00a4cf6da1a746bd63b1d1ef2>, "", 4499533, 467) = 0
pread64(3</tmp/nia-publication-fault-7_6ur5fa/case/store/pins/3d3d3d3d3d3d3d3d3d3d3d3d3d3d3d3d>, "|(\260]\354\310\366\2733\266\317\17dlZ\365\252\200U\340\nL\366\332\32tk\326;\35\36\362", 33, 0) = 32
pread64(3</tmp/nia-publication-fault-7_6ur5fa/case/store/pins/3d3d3d3d3d3d3d3d3d3d3d3d3d3d3d3d>, "", 1, 32) = 0
pread64(3</tmp/nia-publication-fault-7_6ur5fa/case/state/tx-3d3d3d3d3d3d3d3d3d3d3d3d3d3d3d3d.log>, "MCLOG002\0\0\0\0\0\0\0\1\0\1\0\0\0\0\0\0\37\37\37\37\37\37\37\37\37\37\37\37\37\37\37\37================\0\0\0\0\0\0\0\1\0\0\0\0\0\0\0\2\0\0\0\0\0\0\0\0\0\0\0\0\0\0\0\1|(\260]\354\310\366\273"..., 256, 0) = 256
pread64(3</tmp/nia-publication-fault-7_6ur5fa/case/state/tx-3d3d3d3d3d3d3d3d3d3d3d3d3d3d3d3d.log>, "MCLOG002\0\0\0\0\0\0\0\2\0\2\0\0\0\0\0\0\37\37\37\37\37\37\37\37\37\37\37\37\37\37\37\37================\0\0\0\0\0\0\0\1\0\0\0\0\0\0\0\2\0\0\0\0\0\0\0\1\0\0\0\0\0\0\0\1|(\260]\354\310\366\273"..., 256, 256) = 256
pread64(3</tmp/nia-publication-fault-7_6ur5fa/case/state/tx-3d3d3d3d3d3d3d3d3d3d3d3d3d3d3d3d.log>, "MCLOG002\0\0\0\0\0\0\0\3\0\3\0\0\0\0\0\0\37\37\37\37\37\37\37\37\37\37\37\37\37\37\37\37================\0\0\0\0\0\0\0\1\0\0\0\0\0\0\0\2\0\0\0\0\0\0\0\1\0\0\0\0\0\0\0\1|(\260]\354\310\366\273"..., 256, 512) = 256
pread64(3</tmp/nia-publication-fault-7_6ur5fa/case/state/tx-3d3d3d3d3d3d3d3d3d3d3d3d3d3d3d3d.log>, "MCLOG002\0\0\0\0\0\0\0\4\0\4\0\0\0\0\0\0\37\37\37\37\37\37\37\37\37\37\37\37\37\37\37\37================\0\0\0\0\0\0\0\1\0\0\0\0\0\0\0\2\0\0\0\0\0\0\0\0\0\0\0\0\0\0\0\1|(\260]\354\310\366\273"..., 256, 768) = 256
pread64(19</tmp/nia-publication-fault-7_6ur5fa/case/state/root.state>, "MCROOT02\37\37\37\37\37\37\37\37\37\37\37\37\37\37\37\37\0\0\0\0\0\0\0\0================|(\260]\354\310\366\2733\266\317\17dlZ\365\252\200U\340\nL\366\332\32tk\326;\35\36\362\0\0\0\0\0\0\0\0\0\0\0\0\0\0\0\0"..., 192, 0) = 192
pread64(16</tmp/nia-publication-fault-7_6ur5fa/case/state/tx-3d3d3d3d3d3d3d3d3d3d3d3d3d3d3d3d.log>, "MCLOG002\0\0\0\0\0\0\0\1\0\1\0\0\0\0\0\0\37\37\37\37\37\37\37\37\37\37\37\37\37\37\37\37================\0\0\0\0\0\0\0\1\0\0\0\0\0\0\0\2\0\0\0\0\0\0\0\0\0\0\0\0\0\0\0\1|(\260]\354\310\366\273"..., 256, 0) = 256
pread64(16</tmp/nia-publication-fault-7_6ur5fa/case/state/tx-3d3d3d3d3d3d3d3d3d3d3d3d3d3d3d3d.log>, "MCLOG002\0\0\0\0\0\0\0\2\0\2\0\0\0\0\0\0\37\37\37\37\37\37\37\37\37\37\37\37\37\37\37\37================\0\0\0\0\0\0\0\1\0\0\0\0\0\0\0\2\0\0\0\0\0\0\0\1\0\0\0\0\0\0\0\1|(\260]\354\310\366\273"..., 256, 256) = 256
pread64(16</tmp/nia-publication-fault-7_6ur5fa/case/state/tx-3d3d3d3d3d3d3d3d3d3d3d3d3d3d3d3d.log>, "MCLOG002\0\0\0\0\0\0\0\3\0\3\0\0\0\0\0\0\37\37\37\37\37\37\37\37\37\37\37\37\37\37\37\37================\0\0\0\0\0\0\0\1\0\0\0\0\0\0\0\2\0\0\0\0\0\0\0\1\0\0\0\0\0\0\0\1|(\260]\354\310\366\273"..., 256, 512) = 256
pread64(16</tmp/nia-publication-fault-7_6ur5fa/case/state/tx-3d3d3d3d3d3d3d3d3d3d3d3d3d3d3d3d.log>, "MCLOG002\0\0\0\0\0\0\0\4\0\4\0\0\0\0\0\0\37\37\37\37\37\37\37\37\37\37\37\37\37\37\37\37================\0\0\0\0\0\0\0\1\0\0\0\0\0\0\0\2\0\0\0\0\0\0\0\0\0\0\0\0\0\0\0\1|(\260]\354\310\366\273"..., 256, 768) = 256
pread64(16</tmp/nia-publication-fault-7_6ur5fa/case/state/tx-3d3d3d3d3d3d3d3d3d3d3d3d3d3d3d3d.log>, "MCLOG002\0\0\0\0\0\0\0\1\0\1\0\0\0\0\0\0\37\37\37\37\37\37\37\37\37\37\37\37\37\37\37\37================\0\0\0\0\0\0\0\1\0\0\0\0\0\0\0\2\0\0\0\0\0\0\0\0\0\0\0\0\0\0\0\1|(\260]\354\310\366\273"..., 256, 0) = 256
pread64(16</tmp/nia-publication-fault-7_6ur5fa/case/state/tx-3d3d3d3d3d3d3d3d3d3d3d3d3d3d3d3d.log>, "MCLOG002\0\0\0\0\0\0\0\2\0\2\0\0\0\0\0\0\37\37\37\37\37\37\37\37\37\37\37\37\37\37\37\37================\0\0\0\0\0\0\0\1\0\0\0\0\0\0\0\2\0\0\0\0\0\0\0\1\0\0\0\0\0\0\0\1|(\260]\354\310\366\273"..., 256, 256) = 256
pread64(16</tmp/nia-publication-fault-7_6ur5fa/case/state/tx-3d3d3d3d3d3d3d3d3d3d3d3d3d3d3d3d.log>, "MCLOG002\0\0\0\0\0\0\0\3\0\3\0\0\0\0\0\0\37\37\37\37\37\37\37\37\37\37\37\37\37\37\37\37================\0\0\0\0\0\0\0\1\0\0\0\0\0\0\0\2\0\0\0\0\0\0\0\1\0\0\0\0\0\0\0\1|(\260]\354\310\366\273"..., 256, 512) = 256
pread64(16</tmp/nia-publication-fault-7_6ur5fa/case/state/tx-3d3d3d3d3d3d3d3d3d3d3d3d3d3d3d3d.log>, "MCLOG002\0\0\0\0\0\0\0\4\0\4\0\0\0\0\0\0\37\37\37\37\37\37\37\37\37\37\37\37\37\37\37\37================\0\0\0\0\0\0\0\1\0\0\0\0\0\0\0\2\0\0\0\0\0\0\0\0\0\0\0\0\0\0\0\1|(\260]\354\310\366\273"..., 256, 768) = 256
pread64(3</tmp/nia-publication-fault-7_6ur5fa/case/root/generation.next>, "NIAPUB01\37\37\37\37\37\37\37\37\37\37\37\37\37\37\37\37))))))))))))))))EN\16:\276\304-E\373\22\204\265\26:\214\305\301\1\4\312\17\2\177.%\237)jJ\374\31\270\216\346\2104^\35\225\2\356\214\327'zE<0\277\267{\224r\1\276\263"..., 65536, 0) = 192
pread64(3</tmp/nia-publication-fault-7_6ur5fa/case/root/generation.next>, "", 65344, 192) = 0
pread64(3</tmp/nia-publication-fault-7_6ur5fa/case/root/generation.next>, "", 65536, 192) = 0
pread64(16</tmp/nia-publication-fault-7_6ur5fa/case/state/tx-3d3d3d3d3d3d3d3d3d3d3d3d3d3d3d3d.log>, "MCLOG002\0\0\0\0\0\0\0\1\0\1\0\0\0\0\0\0\37\37\37\37\37\37\37\37\37\37\37\37\37\37\37\37================\0\0\0\0\0\0\0\1\0\0\0\0\0\0\0\2\0\0\0\0\0\0\0\0\0\0\0\0\0\0\0\1|(\260]\354\310\366\273"..., 256, 0) = 256
pread64(16</tmp/nia-publication-fault-7_6ur5fa/case/state/tx-3d3d3d3d3d3d3d3d3d3d3d3d3d3d3d3d.log>, "MCLOG002\0\0\0\0\0\0\0\2\0\2\0\0\0\0\0\0\37\37\37\37\37\37\37\37\37\37\37\37\37\37\37\37================\0\0\0\0\0\0\0\1\0\0\0\0\0\0\0\2\0\0\0\0\0\0\0\1\0\0\0\0\0\0\0\1|(\260]\354\310\366\273"..., 256, 256) = 256
pread64(16</tmp/nia-publication-fault-7_6ur5fa/case/state/tx-3d3d3d3d3d3d3d3d3d3d3d3d3d3d3d3d.log>, "MCLOG002\0\0\0\0\0\0\0\3\0\3\0\0\0\0\0\0\37\37\37\37\37\37\37\37\37\37\37\37\37\37\37\37================\0\0\0\0\0\0\0\1\0\0\0\0\0\0\0\2\0\0\0\0\0\0\0\1\0\0\0\0\0\0\0\1|(\260]\354\310\366\273"..., 256, 512) = 256
pread64(16</tmp/nia-publication-fault-7_6ur5fa/case/state/tx-3d3d3d3d3d3d3d3d3d3d3d3d3d3d3d3d.log>, "MCLOG002\0\0\0\0\0\0\0\4\0\4\0\0\0\0\0\0\37\37\37\37\37\37\37\37\37\37\37\37\37\37\37\37================\0\0\0\0\0\0\0\1\0\0\0\0\0\0\0\2\0\0\0\0\0\0\0\0\0\0\0\0\0\0\0\1|(\260]\354\310\366\273"..., 256, 768) = 256
pread64(3</tmp/nia-publication-fault-7_6ur5fa/case/store/objects/66/a6757151f8ee55db127716c7e3dce0be8074b64e20eda542e5c1e46ca9c41e>, "\7\10\t", 65536, 0) = 3
pread64(3</tmp/nia-publication-fault-7_6ur5fa/case/store/objects/66/a6757151f8ee55db127716c7e3dce0be8074b64e20eda542e5c1e46ca9c41e>, "", 65533, 3) = 0
pread64(3</tmp/nia-publication-fault-7_6ur5fa/case/store/objects/66/a6757151f8ee55db127716c7e3dce0be8074b64e20eda542e5c1e46ca9c41e>, "", 65536, 3) = 0
pread64(16</tmp/nia-publication-fault-7_6ur5fa/case/state/tx-3d3d3d3d3d3d3d3d3d3d3d3d3d3d3d3d.log>, "MCLOG002\0\0\0\0\0\0\0\1\0\1\0\0\0\0\0\0\37\37\37\37\37\37\37\37\37\37\37\37\37\37\37\37================\0\0\0\0\0\0\0\1\0\0\0\0\0\0\0\2\0\0\0\0\0\0\0\0\0\0\0\0\0\0\0\1|(\260]\354\310\366\273"..., 256, 0) = 256
pread64(16</tmp/nia-publication-fault-7_6ur5fa/case/state/tx-3d3d3d3d3d3d3d3d3d3d3d3d3d3d3d3d.log>, "MCLOG002\0\0\0\0\0\0\0\2\0\2\0\0\0\0\0\0\37\37\37\37\37\37\37\37\37\37\37\37\37\37\37\37================\0\0\0\0\0\0\0\1\0\0\0\0\0\0\0\2\0\0\0\0\0\0\0\1\0\0\0\0\0\0\0\1|(\260]\354\310\366\273"..., 256, 256) = 256
pread64(16</tmp/nia-publication-fault-7_6ur5fa/case/state/tx-3d3d3d3d3d3d3d3d3d3d3d3d3d3d3d3d.log>, "MCLOG002\0\0\0\0\0\0\0\3\0\3\0\0\0\0\0\0\37\37\37\37\37\37\37\37\37\37\37\37\37\37\37\37================\0\0\0\0\0\0\0\1\0\0\0\0\0\0\0\2\0\0\0\0\0\0\0\1\0\0\0\0\0\0\0\1|(\260]\354\310\366\273"..., 256, 512) = 256
pread64(16</tmp/nia-publication-fault-7_6ur5fa/case/state/tx-3d3d3d3d3d3d3d3d3d3d3d3d3d3d3d3d.log>, "MCLOG002\0\0\0\0\0\0\0\4\0\4\0\0\0\0\0\0\37\37\37\37\37\37\37\37\37\37\37\37\37\37\37\37================\0\0\0\0\0\0\0\1\0\0\0\0\0\0\0\2\0\0\0\0\0\0\0\0\0\0\0\0\0\0\0\1|(\260]\354\310\366\273"..., 256, 768) = 256
pread64(3</tmp/nia-publication-fault-7_6ur5fa/case/root/generation.next>, "NIAPUB01\37\37\37\37\37\37\37\37\37\37\37\37\37\37\37\37))))))))))))))))EN\16:\276\304-E\373\22\204\265\26:\214\305\301\1\4\312\17\2\177.%\237)jJ\374\31\270\216\346\2104^\35\225\2\356\214\327'zE<0\277\267{\224r\1\276\263"..., 65536, 0) = 192
pread64(3</tmp/nia-publication-fault-7_6ur5fa/case/root/generation.next>, "", 65344, 192) = 0
pread64(3</tmp/nia-publication-fault-7_6ur5fa/case/root/generation.next>, "", 65536, 192) = 0
write(16</tmp/nia-publication-fault-7_6ur5fa/case/state/tx-3d3d3d3d3d3d3d3d3d3d3d3d3d3d3d3d.log>, "MCLOG002\0\0\0\0\0\0\0\5\0\5\0\0\0\0\0\0\37\37\37\37\37\37\37\37\37\37\37\37\37\37\37\37================\0\0\0\0\0\0\0\1\0\0\0\0\0\0\0\2\0\0\0\0\0\0\0\0\0\0\0\0\0\0\0\1f\246uqQ\370\356U"..., 256) = 256
fsync(16</tmp/nia-publication-fault-7_6ur5fa/case/state/tx-3d3d3d3d3d3d3d3d3d3d3d3d3d3d3d3d.log>) = 0
fsync(3</tmp/nia-publication-fault-7_6ur5fa/case/state>) = 0
write(17</tmp/nia-publication-fault-7_6ur5fa/case/state/.mc-tmp-c7f1bc59e6b796be763bc09da228238c>, "MCROOT02\37\37\37\37\37\37\37\37\37\37\37\37\37\37\37\37\0\0\0\0\0\0\0\1================|(\260]\354\310\366\2733\266\317\17dlZ\365\252\200U\340\nL\366\332\32tk\326;\35\36\362|(\260]\354\310\366\2733\266\317\17dlZ\365"..., 192) = 192
fsync(17</tmp/nia-publication-fault-7_6ur5fa/case/state/.mc-tmp-c7f1bc59e6b796be763bc09da228238c>) = 0
fsync(3</tmp/nia-publication-fault-7_6ur5fa/case/state>) = 0
fsync(17</tmp/nia-publication-fault-7_6ur5fa/case/state>) = 0
write(16</tmp/nia-publication-fault-7_6ur5fa/case/state/tx-3d3d3d3d3d3d3d3d3d3d3d3d3d3d3d3d.log>, "MCLOG002\0\0\0\0\0\0\0\6\0\6\0\0\0\0\0\0\37\37\37\37\37\37\37\37\37\37\37\37\37\37\37\37================\0\0\0\0\0\0\0\1\0\0\0\0\0\0\0\2\0\0\0\0\0\0\0\0\0\0\0\0\0\0\0\1f\246uqQ\370\356U"..., 256) = 256
fsync(16</tmp/nia-publication-fault-7_6ur5fa/case/state/tx-3d3d3d3d3d3d3d3d3d3d3d3d3d3d3d3d.log>) = 0
fsync(3</tmp/nia-publication-fault-7_6ur5fa/case/state>) = 0
write(17</tmp/nia-publication-fault-7_6ur5fa/case/state/.mc-tmp-1fb768fcdd465a6603cf2bbf13f36c00>, "MCROOT02\37\37\37\37\37\37\37\37\37\37\37\37\37\37\37\37\0\0\0\0\0\0\0\1\0\0\0\0\0\0\0\0\0\0\0\0\0\0\0\0\0\0\0\0\0\0\0\0\0\0\0\0\0\0\0\0\0\0\0\0\0\0\0\0\0\0\0\0\0\0\0\0|(\260]\354\310\366\2733\266\317\17dlZ\365"..., 192) = 192
fsync(17</tmp/nia-publication-fault-7_6ur5fa/case/state/.mc-tmp-1fb768fcdd465a6603cf2bbf13f36c00>) = 0
fsync(3</tmp/nia-publication-fault-7_6ur5fa/case/state>) = 0
fsync(17</tmp/nia-publication-fault-7_6ur5fa/case/state>) = 0
fsync(3</tmp/nia-publication-fault-7_6ur5fa/case/state>) = 0
fsync(3</tmp/nia-publication-fault-7_6ur5fa/case/state>) = 0
pread64(3</tmp/nia-publication-fault-7_6ur5fa/case/root/.mission/root.id>, "\37\37\37\37\37\37\37\37\37\37\37\37\37\37\37\37", 16, 0) = 16
pread64(3</tmp/nia-publication-fault-7_6ur5fa/case/state/root.state>, "MCROOT02\37\37\37\37\37\37\37\37\37\37\37\37\37\37\37\37\0\0\0\0\0\0\0\1\0\0\0\0\0\0\0\0\0\0\0\0\0\0\0\0\0\0\0\0\0\0\0\0\0\0\0\0\0\0\0\0\0\0\0\0\0\0\0\0\0\0\0\0\0\0\0\0|(\260]\354\310\366\2733\266\317\17dlZ\365"..., 192, 0) = 192
fsync(3</tmp/nia-publication-fault-7_6ur5fa/case/store>) = 0
pread64(3</tmp/nia-publication-fault-7_6ur5fa/case/store/objects/7c/28b05decc8f6bb33b6cf0f646c5af5aa8055e00a4cf6da1a746bd63b1d1ef2>, "MCPLAN02\37\37\37\37\37\37\37\37\37\37\37\37\37\37\37\37================\0\0\0\0\0\0\0\0\0\0\0\0\0\0\0\1\0\0\0\0\0\0\0\1\0\0\0\0\0\0\0\2\216\346\2104^\35\225\2\356\214\327'zE<0\277\267{\224r\1\276\263"..., 65536, 0) = 467
pread64(3</tmp/nia-publication-fault-7_6ur5fa/case/store/objects/7c/28b05decc8f6bb33b6cf0f646c5af5aa8055e00a4cf6da1a746bd63b1d1ef2>, "", 65069, 467) = 0
pread64(3</tmp/nia-publication-fault-7_6ur5fa/case/store/objects/7c/28b05decc8f6bb33b6cf0f646c5af5aa8055e00a4cf6da1a746bd63b1d1ef2>, "", 65536, 467) = 0
pread64(3</tmp/nia-publication-fault-7_6ur5fa/case/store/objects/7c/28b05decc8f6bb33b6cf0f646c5af5aa8055e00a4cf6da1a746bd63b1d1ef2>, "MCPLAN02\37\37\37\37\37\37\37\37\37\37\37\37\37\37\37\37================\0\0\0\0\0\0\0\0\0\0\0\0\0\0\0\1\0\0\0\0\0\0\0\1\0\0\0\0\0\0\0\2\216\346\2104^\35\225\2\356\214\327'zE<0\277\267{\224r\1\276\263"..., 4500000, 0) = 467
pread64(3</tmp/nia-publication-fault-7_6ur5fa/case/store/objects/7c/28b05decc8f6bb33b6cf0f646c5af5aa8055e00a4cf6da1a746bd63b1d1ef2>, "", 4499533, 467) = 0
pread64(3</tmp/nia-publication-fault-7_6ur5fa/case/store/objects/21/944ec3a07bc2c4968e56fb8293ef4e32f02aecead46768799ef9a6a96e2705>, "NIAPUB01\37\37\37\37\37\37\37\37\37\37\37\37\37\37\37\37))))))))))))))))EN\16:\276\304-E\373\22\204\265\26:\214\305\301\1\4\312\17\2\177.%\237)jJ\374\31\270\216\346\2104^\35\225\2\356\214\327'zE<0\277\267{\224r\1\276\263"..., 65536, 0) = 192
pread64(3</tmp/nia-publication-fault-7_6ur5fa/case/store/objects/21/944ec3a07bc2c4968e56fb8293ef4e32f02aecead46768799ef9a6a96e2705>, "", 65344, 192) = 0
pread64(3</tmp/nia-publication-fault-7_6ur5fa/case/store/objects/21/944ec3a07bc2c4968e56fb8293ef4e32f02aecead46768799ef9a6a96e2705>, "", 65536, 192) = 0
pread64(3</tmp/nia-publication-fault-7_6ur5fa/case/store/objects/21/944ec3a07bc2c4968e56fb8293ef4e32f02aecead46768799ef9a6a96e2705>, "NIAPUB01\37\37\37\37\37\37\37\37\37\37\37\37\37\37\37\37))))))))))))))))EN\16:\276\304-E\373\22\204\265\26:\214\305\301\1\4\312\17\2\177.%\237)jJ\374\31\270\216\346\2104^\35\225\2\356\214\327'zE<0\277\267{\224r\1\276\263"..., 193, 0) = 192
pread64(3</tmp/nia-publication-fault-7_6ur5fa/case/store/objects/21/944ec3a07bc2c4968e56fb8293ef4e32f02aecead46768799ef9a6a96e2705>, "", 1, 192) = 0
pread64(3</tmp/nia-publication-fault-7_6ur5fa/case/store/objects/45/4e0e3abec42d45fb1284b5163a8cc5c10104ca0f027f2e259f296a4afc19b8>, "NIAGEN04))))))))))))))))3333333333333333\0\0\0\0\0\0\0\1\0\0\0\0\0\0\0\2\216\346\2104^\35\225\2\356\214\327'zE<0\277\267{\224r\1\276\2630\16\235\362\270\3122\35\"\"\"\"\"\"\"\""..., 65536, 0) = 288
pread64(3</tmp/nia-publication-fault-7_6ur5fa/case/store/objects/45/4e0e3abec42d45fb1284b5163a8cc5c10104ca0f027f2e259f296a4afc19b8>, "", 65248, 288) = 0
pread64(3</tmp/nia-publication-fault-7_6ur5fa/case/store/objects/45/4e0e3abec42d45fb1284b5163a8cc5c10104ca0f027f2e259f296a4afc19b8>, "", 65536, 288) = 0
pread64(3</tmp/nia-publication-fault-7_6ur5fa/case/store/objects/45/4e0e3abec42d45fb1284b5163a8cc5c10104ca0f027f2e259f296a4afc19b8>, "NIAGEN04))))))))))))))))3333333333333333\0\0\0\0\0\0\0\1\0\0\0\0\0\0\0\2\216\346\2104^\35\225\2\356\214\327'zE<0\277\267{\224r\1\276\2630\16\235\362\270\3122\35\"\"\"\"\"\"\"\""..., 32992, 0) = 288
pread64(3</tmp/nia-publication-fault-7_6ur5fa/case/store/objects/45/4e0e3abec42d45fb1284b5163a8cc5c10104ca0f027f2e259f296a4afc19b8>, "", 32704, 288) = 0
pread64(3</tmp/nia-publication-fault-7_6ur5fa/case/store/pins/33333333333333333333333333333333>, "EN\16:\276\304-E\373\22\204\265\26:\214\305\301\1\4\312\17\2\177.%\237)jJ\374\31\270", 33, 0) = 32
pread64(3</tmp/nia-publication-fault-7_6ur5fa/case/store/pins/33333333333333333333333333333333>, "", 1, 32) = 0
pread64(3</tmp/nia-publication-fault-7_6ur5fa/case/state/root.state>, "MCROOT02\37\37\37\37\37\37\37\37\37\37\37\37\37\37\37\37\0\0\0\0\0\0\0\1\0\0\0\0\0\0\0\0\0\0\0\0\0\0\0\0\0\0\0\0\0\0\0\0\0\0\0\0\0\0\0\0\0\0\0\0\0\0\0\0\0\0\0\0\0\0\0\0|(\260]\354\310\366\2733\266\317\17dlZ\365"..., 192, 0) = 192
pread64(3</tmp/nia-publication-fault-7_6ur5fa/case/store/objects/7c/28b05decc8f6bb33b6cf0f646c5af5aa8055e00a4cf6da1a746bd63b1d1ef2>, "MCPLAN02\37\37\37\37\37\37\37\37\37\37\37\37\37\37\37\37================\0\0\0\0\0\0\0\0\0\0\0\0\0\0\0\1\0\0\0\0\0\0\0\1\0\0\0\0\0\0\0\2\216\346\2104^\35\225\2\356\214\327'zE<0\277\267{\224r\1\276\263"..., 4500000, 0) = 467
pread64(3</tmp/nia-publication-fault-7_6ur5fa/case/store/objects/7c/28b05decc8f6bb33b6cf0f646c5af5aa8055e00a4cf6da1a746bd63b1d1ef2>, "", 4499533, 467) = 0
pread64(3</tmp/nia-publication-fault-7_6ur5fa/case/store/pins/3d3d3d3d3d3d3d3d3d3d3d3d3d3d3d3d>, "|(\260]\354\310\366\2733\266\317\17dlZ\365\252\200U\340\nL\366\332\32tk\326;\35\36\362", 33, 0) = 32
pread64(3</tmp/nia-publication-fault-7_6ur5fa/case/store/pins/3d3d3d3d3d3d3d3d3d3d3d3d3d3d3d3d>, "", 1, 32) = 0
pread64(3</tmp/nia-publication-fault-7_6ur5fa/case/state/tx-3d3d3d3d3d3d3d3d3d3d3d3d3d3d3d3d.log>, "MCLOG002\0\0\0\0\0\0\0\1\0\1\0\0\0\0\0\0\37\37\37\37\37\37\37\37\37\37\37\37\37\37\37\37================\0\0\0\0\0\0\0\1\0\0\0\0\0\0\0\2\0\0\0\0\0\0\0\0\0\0\0\0\0\0\0\1|(\260]\354\310\366\273"..., 256, 0) = 256
pread64(3</tmp/nia-publication-fault-7_6ur5fa/case/state/tx-3d3d3d3d3d3d3d3d3d3d3d3d3d3d3d3d.log>, "MCLOG002\0\0\0\0\0\0\0\2\0\2\0\0\0\0\0\0\37\37\37\37\37\37\37\37\37\37\37\37\37\37\37\37================\0\0\0\0\0\0\0\1\0\0\0\0\0\0\0\2\0\0\0\0\0\0\0\1\0\0\0\0\0\0\0\1|(\260]\354\310\366\273"..., 256, 256) = 256
pread64(3</tmp/nia-publication-fault-7_6ur5fa/case/state/tx-3d3d3d3d3d3d3d3d3d3d3d3d3d3d3d3d.log>, "MCLOG002\0\0\0\0\0\0\0\3\0\3\0\0\0\0\0\0\37\37\37\37\37\37\37\37\37\37\37\37\37\37\37\37================\0\0\0\0\0\0\0\1\0\0\0\0\0\0\0\2\0\0\0\0\0\0\0\1\0\0\0\0\0\0\0\1|(\260]\354\310\366\273"..., 256, 512) = 256
pread64(3</tmp/nia-publication-fault-7_6ur5fa/case/state/tx-3d3d3d3d3d3d3d3d3d3d3d3d3d3d3d3d.log>, "MCLOG002\0\0\0\0\0\0\0\4\0\4\0\0\0\0\0\0\37\37\37\37\37\37\37\37\37\37\37\37\37\37\37\37================\0\0\0\0\0\0\0\1\0\0\0\0\0\0\0\2\0\0\0\0\0\0\0\0\0\0\0\0\0\0\0\1|(\260]\354\310\366\273"..., 256, 768) = 256
pread64(3</tmp/nia-publication-fault-7_6ur5fa/case/state/tx-3d3d3d3d3d3d3d3d3d3d3d3d3d3d3d3d.log>, "MCLOG002\0\0\0\0\0\0\0\5\0\5\0\0\0\0\0\0\37\37\37\37\37\37\37\37\37\37\37\37\37\37\37\37================\0\0\0\0\0\0\0\1\0\0\0\0\0\0\0\2\0\0\0\0\0\0\0\0\0\0\0\0\0\0\0\1f\246uqQ\370\356U"..., 256, 1024) = 256
pread64(3</tmp/nia-publication-fault-7_6ur5fa/case/state/tx-3d3d3d3d3d3d3d3d3d3d3d3d3d3d3d3d.log>, "MCLOG002\0\0\0\0\0\0\0\6\0\6\0\0\0\0\0\0\37\37\37\37\37\37\37\37\37\37\37\37\37\37\37\37================\0\0\0\0\0\0\0\1\0\0\0\0\0\0\0\2\0\0\0\0\0\0\0\0\0\0\0\0\0\0\0\1f\246uqQ\370\356U"..., 256, 1280) = 256
pread64(12</tmp/nia-publication-fault-7_6ur5fa/case/state/root.state>, "MCROOT02\37\37\37\37\37\37\37\37\37\37\37\37\37\37\37\37\0\0\0\0\0\0\0\1\0\0\0\0\0\0\0\0\0\0\0\0\0\0\0\0\0\0\0\0\0\0\0\0\0\0\0\0\0\0\0\0\0\0\0\0\0\0\0\0\0\0\0\0\0\0\0\0|(\260]\354\310\366\2733\266\317\17dlZ\365"..., 192, 0) = 192
fsync(3</tmp/nia-publication-fault-7_6ur5fa/case/state>) = 0
fsync(3</tmp/nia-publication-fault-7_6ur5fa/case/state>) = ?
+++ killed by SIGKILL +++
