pread64(3</usr/lib/x86_64-linux-gnu/libc.so.6>, "\6\0\0\0\4\0\0\0@\0\0\0\0\0\0\0@\0\0\0\0\0\0\0@\0\0\0\0\0\0\0H\3\0\0\0\0\0\0H\3\0\0\0\0\0\0\10\0\0\0\0\0\0\0\3\0\0\0\4\0\0\0\240\1\36\0\0\0\0\0\240\1\36\0\0\0\0\0\240\1\36\0\0\0\0\0\34\0\0\0\0\0\0\0"..., 840, 64) = 840
pread64(3</usr/lib/x86_64-linux-gnu/libc.so.6>, "\6\0\0\0\4\0\0\0@\0\0\0\0\0\0\0@\0\0\0\0\0\0\0@\0\0\0\0\0\0\0H\3\0\0\0\0\0\0H\3\0\0\0\0\0\0\10\0\0\0\0\0\0\0\3\0\0\0\4\0\0\0\240\1\36\0\0\0\0\0\240\1\36\0\0\0\0\0\240\1\36\0\0\0\0\0\34\0\0\0\0\0\0\0"..., 840, 64) = 840
fsync(3</tmp/nia-publication-fault-4el264_7/case/store>) = 0
pread64(3</tmp/nia-publication-fault-4el264_7/case/store/objects/7c/28b05decc8f6bb33b6cf0f646c5af5aa8055e00a4cf6da1a746bd63b1d1ef2>, "MCPLAN02\37\37\37\37\37\37\37\37\37\37\37\37\37\37\37\37================\0\0\0\0\0\0\0\0\0\0\0\0\0\0\0\1\0\0\0\0\0\0\0\1\0\0\0\0\0\0\0\2\216\346\2104^\35\225\2\356\214\327'zE<0\277\267{\224r\1\276\263"..., 65536, 0) = 467
pread64(3</tmp/nia-publication-fault-4el264_7/case/store/objects/7c/28b05decc8f6bb33b6cf0f646c5af5aa8055e00a4cf6da1a746bd63b1d1ef2>, "", 65069, 467) = 0
pread64(3</tmp/nia-publication-fault-4el264_7/case/store/objects/7c/28b05decc8f6bb33b6cf0f646c5af5aa8055e00a4cf6da1a746bd63b1d1ef2>, "", 65536, 467) = 0
pread64(3</tmp/nia-publication-fault-4el264_7/case/store/objects/7c/28b05decc8f6bb33b6cf0f646c5af5aa8055e00a4cf6da1a746bd63b1d1ef2>, "MCPLAN02\37\37\37\37\37\37\37\37\37\37\37\37\37\37\37\37================\0\0\0\0\0\0\0\0\0\0\0\0\0\0\0\1\0\0\0\0\0\0\0\1\0\0\0\0\0\0\0\2\216\346\2104^\35\225\2\356\214\327'zE<0\277\267{\224r\1\276\263"..., 4500000, 0) = 467
pread64(3</tmp/nia-publication-fault-4el264_7/case/store/objects/7c/28b05decc8f6bb33b6cf0f646c5af5aa8055e00a4cf6da1a746bd63b1d1ef2>, "", 4499533, 467) = 0
pread64(3</tmp/nia-publication-fault-4el264_7/case/store/objects/21/944ec3a07bc2c4968e56fb8293ef4e32f02aecead46768799ef9a6a96e2705>, "NIAPUB01\37\37\37\37\37\37\37\37\37\37\37\37\37\37\37\37))))))))))))))))EN\16:\276\304-E\373\22\204\265\26:\214\305\301\1\4\312\17\2\177.%\237)jJ\374\31\270\216\346\2104^\35\225\2\356\214\327'zE<0\277\267{\224r\1\276\263"..., 65536, 0) = 192
pread64(3</tmp/nia-publication-fault-4el264_7/case/store/objects/21/944ec3a07bc2c4968e56fb8293ef4e32f02aecead46768799ef9a6a96e2705>, "", 65344, 192) = 0
pread64(3</tmp/nia-publication-fault-4el264_7/case/store/objects/21/944ec3a07bc2c4968e56fb8293ef4e32f02aecead46768799ef9a6a96e2705>, "", 65536, 192) = 0
pread64(3</tmp/nia-publication-fault-4el264_7/case/store/objects/21/944ec3a07bc2c4968e56fb8293ef4e32f02aecead46768799ef9a6a96e2705>, "NIAPUB01\37\37\37\37\37\37\37\37\37\37\37\37\37\37\37\37))))))))))))))))EN\16:\276\304-E\373\22\204\265\26:\214\305\301\1\4\312\17\2\177.%\237)jJ\374\31\270\216\346\2104^\35\225\2\356\214\327'zE<0\277\267{\224r\1\276\263"..., 193, 0) = 192
pread64(3</tmp/nia-publication-fault-4el264_7/case/store/objects/21/944ec3a07bc2c4968e56fb8293ef4e32f02aecead46768799ef9a6a96e2705>, "", 1, 192) = 0
pread64(3</tmp/nia-publication-fault-4el264_7/case/store/objects/45/4e0e3abec42d45fb1284b5163a8cc5c10104ca0f027f2e259f296a4afc19b8>, "NIAGEN04))))))))))))))))3333333333333333\0\0\0\0\0\0\0\1\0\0\0\0\0\0\0\2\216\346\2104^\35\225\2\356\214\327'zE<0\277\267{\224r\1\276\2630\16\235\362\270\3122\35\"\"\"\"\"\"\"\""..., 65536, 0) = 288
pread64(3</tmp/nia-publication-fault-4el264_7/case/store/objects/45/4e0e3abec42d45fb1284b5163a8cc5c10104ca0f027f2e259f296a4afc19b8>, "", 65248, 288) = 0
pread64(3</tmp/nia-publication-fault-4el264_7/case/store/objects/45/4e0e3abec42d45fb1284b5163a8cc5c10104ca0f027f2e259f296a4afc19b8>, "", 65536, 288) = 0
pread64(3</tmp/nia-publication-fault-4el264_7/case/store/objects/45/4e0e3abec42d45fb1284b5163a8cc5c10104ca0f027f2e259f296a4afc19b8>, "NIAGEN04))))))))))))))))3333333333333333\0\0\0\0\0\0\0\1\0\0\0\0\0\0\0\2\216\346\2104^\35\225\2\356\214\327'zE<0\277\267{\224r\1\276\2630\16\235\362\270\3122\35\"\"\"\"\"\"\"\""..., 32992, 0) = 288
pread64(3</tmp/nia-publication-fault-4el264_7/case/store/objects/45/4e0e3abec42d45fb1284b5163a8cc5c10104ca0f027f2e259f296a4afc19b8>, "", 32704, 288) = 0
pread64(3</tmp/nia-publication-fault-4el264_7/case/store/objects/b2/d93d1647239d0ba4daeaa2a008547e866b63fe552b7835bb1cf81afd008832>, "NIASPOL1~R\322\ng\4\374Nt{\300\301\330\36\340\226\257\27\360\206\320\344f\21\354\217~\254\226\320\232\"\0\0\0\0\0\0\3\350\0\0\0\0\0\0\0\1GGGGGGGGGGGGGGGGGGGGGGGGGGGGGGGG\212\210\343\335t\t\361\225"..., 65536, 0) = 136
pread64(3</tmp/nia-publication-fault-4el264_7/case/store/objects/b2/d93d1647239d0ba4daeaa2a008547e866b63fe552b7835bb1cf81afd008832>, "", 65400, 136) = 0
pread64(3</tmp/nia-publication-fault-4el264_7/case/store/objects/b2/d93d1647239d0ba4daeaa2a008547e866b63fe552b7835bb1cf81afd008832>, "", 65536, 136) = 0
pread64(3</tmp/nia-publication-fault-4el264_7/case/store/objects/b2/d93d1647239d0ba4daeaa2a008547e866b63fe552b7835bb1cf81afd008832>, "NIASPOL1~R\322\ng\4\374Nt{\300\301\330\36\340\226\257\27\360\206\320\344f\21\354\217~\254\226\320\232\"\0\0\0\0\0\0\3\350\0\0\0\0\0\0\0\1GGGGGGGGGGGGGGGGGGGGGGGGGGGGGGGG\212\210\343\335t\t\361\225"..., 20536, 0) = 136
pread64(3</tmp/nia-publication-fault-4el264_7/case/store/objects/b2/d93d1647239d0ba4daeaa2a008547e866b63fe552b7835bb1cf81afd008832>, "", 20400, 136) = 0
fsync(3</tmp/nia-publication-fault-4el264_7/case/state>) = 0
fsync(3</tmp/nia-publication-fault-4el264_7/case/state>) = 0
fsync(3</tmp/nia-publication-fault-4el264_7/case/store>) = 0
pread64(3</tmp/nia-publication-fault-4el264_7/case/store/objects/7c/28b05decc8f6bb33b6cf0f646c5af5aa8055e00a4cf6da1a746bd63b1d1ef2>, "MCPLAN02\37\37\37\37\37\37\37\37\37\37\37\37\37\37\37\37================\0\0\0\0\0\0\0\0\0\0\0\0\0\0\0\1\0\0\0\0\0\0\0\1\0\0\0\0\0\0\0\2\216\346\2104^\35\225\2\356\214\327'zE<0\277\267{\224r\1\276\263"..., 65536, 0) = 467
pread64(3</tmp/nia-publication-fault-4el264_7/case/store/objects/7c/28b05decc8f6bb33b6cf0f646c5af5aa8055e00a4cf6da1a746bd63b1d1ef2>, "", 65069, 467) = 0
pread64(3</tmp/nia-publication-fault-4el264_7/case/store/objects/7c/28b05decc8f6bb33b6cf0f646c5af5aa8055e00a4cf6da1a746bd63b1d1ef2>, "", 65536, 467) = 0
pread64(3</tmp/nia-publication-fault-4el264_7/case/store/objects/7c/28b05decc8f6bb33b6cf0f646c5af5aa8055e00a4cf6da1a746bd63b1d1ef2>, "MCPLAN02\37\37\37\37\37\37\37\37\37\37\37\37\37\37\37\37================\0\0\0\0\0\0\0\0\0\0\0\0\0\0\0\1\0\0\0\0\0\0\0\1\0\0\0\0\0\0\0\2\216\346\2104^\35\225\2\356\214\327'zE<0\277\267{\224r\1\276\263"..., 4500000, 0) = 467
pread64(3</tmp/nia-publication-fault-4el264_7/case/store/objects/7c/28b05decc8f6bb33b6cf0f646c5af5aa8055e00a4cf6da1a746bd63b1d1ef2>, "", 4499533, 467) = 0
pread64(3</tmp/nia-publication-fault-4el264_7/case/store/objects/21/944ec3a07bc2c4968e56fb8293ef4e32f02aecead46768799ef9a6a96e2705>, "NIAPUB01\37\37\37\37\37\37\37\37\37\37\37\37\37\37\37\37))))))))))))))))EN\16:\276\304-E\373\22\204\265\26:\214\305\301\1\4\312\17\2\177.%\237)jJ\374\31\270\216\346\2104^\35\225\2\356\214\327'zE<0\277\267{\224r\1\276\263"..., 65536, 0) = 192
pread64(3</tmp/nia-publication-fault-4el264_7/case/store/objects/21/944ec3a07bc2c4968e56fb8293ef4e32f02aecead46768799ef9a6a96e2705>, "", 65344, 192) = 0
pread64(3</tmp/nia-publication-fault-4el264_7/case/store/objects/21/944ec3a07bc2c4968e56fb8293ef4e32f02aecead46768799ef9a6a96e2705>, "", 65536, 192) = 0
pread64(3</tmp/nia-publication-fault-4el264_7/case/store/objects/21/944ec3a07bc2c4968e56fb8293ef4e32f02aecead46768799ef9a6a96e2705>, "NIAPUB01\37\37\37\37\37\37\37\37\37\37\37\37\37\37\37\37))))))))))))))))EN\16:\276\304-E\373\22\204\265\26:\214\305\301\1\4\312\17\2\177.%\237)jJ\374\31\270\216\346\2104^\35\225\2\356\214\327'zE<0\277\267{\224r\1\276\263"..., 193, 0) = 192
pread64(3</tmp/nia-publication-fault-4el264_7/case/store/objects/21/944ec3a07bc2c4968e56fb8293ef4e32f02aecead46768799ef9a6a96e2705>, "", 1, 192) = 0
pread64(3</tmp/nia-publication-fault-4el264_7/case/store/objects/45/4e0e3abec42d45fb1284b5163a8cc5c10104ca0f027f2e259f296a4afc19b8>, "NIAGEN04))))))))))))))))3333333333333333\0\0\0\0\0\0\0\1\0\0\0\0\0\0\0\2\216\346\2104^\35\225\2\356\214\327'zE<0\277\267{\224r\1\276\2630\16\235\362\270\3122\35\"\"\"\"\"\"\"\""..., 65536, 0) = 288
pread64(3</tmp/nia-publication-fault-4el264_7/case/store/objects/45/4e0e3abec42d45fb1284b5163a8cc5c10104ca0f027f2e259f296a4afc19b8>, "", 65248, 288) = 0
pread64(3</tmp/nia-publication-fault-4el264_7/case/store/objects/45/4e0e3abec42d45fb1284b5163a8cc5c10104ca0f027f2e259f296a4afc19b8>, "", 65536, 288) = 0
pread64(3</tmp/nia-publication-fault-4el264_7/case/store/objects/45/4e0e3abec42d45fb1284b5163a8cc5c10104ca0f027f2e259f296a4afc19b8>, "NIAGEN04))))))))))))))))3333333333333333\0\0\0\0\0\0\0\1\0\0\0\0\0\0\0\2\216\346\2104^\35\225\2\356\214\327'zE<0\277\267{\224r\1\276\2630\16\235\362\270\3122\35\"\"\"\"\"\"\"\""..., 32992, 0) = 288
pread64(3</tmp/nia-publication-fault-4el264_7/case/store/objects/45/4e0e3abec42d45fb1284b5163a8cc5c10104ca0f027f2e259f296a4afc19b8>, "", 32704, 288) = 0
pread64(3</tmp/nia-publication-fault-4el264_7/case/store/pins/33333333333333333333333333333333>, "EN\16:\276\304-E\373\22\204\265\26:\214\305\301\1\4\312\17\2\177.%\237)jJ\374\31\270", 33, 0) = 32
pread64(3</tmp/nia-publication-fault-4el264_7/case/store/pins/33333333333333333333333333333333>, "", 1, 32) = 0
pread64(3</tmp/nia-publication-fault-4el264_7/case/store/objects/b2/d93d1647239d0ba4daeaa2a008547e866b63fe552b7835bb1cf81afd008832>, "NIASPOL1~R\322\ng\4\374Nt{\300\301\330\36\340\226\257\27\360\206\320\344f\21\354\217~\254\226\320\232\"\0\0\0\0\0\0\3\350\0\0\0\0\0\0\0\1GGGGGGGGGGGGGGGGGGGGGGGGGGGGGGGG\212\210\343\335t\t\361\225"..., 65536, 0) = 136
pread64(3</tmp/nia-publication-fault-4el264_7/case/store/objects/b2/d93d1647239d0ba4daeaa2a008547e866b63fe552b7835bb1cf81afd008832>, "", 65400, 136) = 0
pread64(3</tmp/nia-publication-fault-4el264_7/case/store/objects/b2/d93d1647239d0ba4daeaa2a008547e866b63fe552b7835bb1cf81afd008832>, "", 65536, 136) = 0
pread64(3</tmp/nia-publication-fault-4el264_7/case/store/objects/b2/d93d1647239d0ba4daeaa2a008547e866b63fe552b7835bb1cf81afd008832>, "NIASPOL1~R\322\ng\4\374Nt{\300\301\330\36\340\226\257\27\360\206\320\344f\21\354\217~\254\226\320\232\"\0\0\0\0\0\0\3\350\0\0\0\0\0\0\0\1GGGGGGGGGGGGGGGGGGGGGGGGGGGGGGGG\212\210\343\335t\t\361\225"..., 20536, 0) = 136
pread64(3</tmp/nia-publication-fault-4el264_7/case/store/objects/b2/d93d1647239d0ba4daeaa2a008547e866b63fe552b7835bb1cf81afd008832>, "", 20400, 136) = 0
pread64(3</tmp/nia-publication-fault-4el264_7/case/store/objects/7e/52d20a6704fc4e747bc0c1d81ee096af17f086d0e46611ec8f7eac96d09a22>, "NIASMAP1\37\37\37\37\37\37\37\37\37\37\37\37\37\37\37\37\0\0\0\0\0\0\0\0\0\0\0\0\0\0\0\0\0\0\0\0\0\0\0\0\0\0\0\0\0\0\0\0\0\0\0\0\0\0\0\0\0\0\0\0\0\0\0\0\0\0\0\0\0\0\0\0\0\0\0\0\0\0\0\0\216\346\2104^\35\225\2"..., 65536, 0) = 256
pread64(3</tmp/nia-publication-fault-4el264_7/case/store/objects/7e/52d20a6704fc4e747bc0c1d81ee096af17f086d0e46611ec8f7eac96d09a22>, "", 65280, 256) = 0
pread64(3</tmp/nia-publication-fault-4el264_7/case/store/objects/7e/52d20a6704fc4e747bc0c1d81ee096af17f086d0e46611ec8f7eac96d09a22>, "", 65536, 256) = 0
pread64(3</tmp/nia-publication-fault-4el264_7/case/store/objects/7e/52d20a6704fc4e747bc0c1d81ee096af17f086d0e46611ec8f7eac96d09a22>, "NIASMAP1\37\37\37\37\37\37\37\37\37\37\37\37\37\37\37\37\0\0\0\0\0\0\0\0\0\0\0\0\0\0\0\0\0\0\0\0\0\0\0\0\0\0\0\0\0\0\0\0\0\0\0\0\0\0\0\0\0\0\0\0\0\0\0\0\0\0\0\0\0\0\0\0\0\0\0\0\0\0\0\0\216\346\2104^\35\225\2"..., 393376, 0) = 256
pread64(3</tmp/nia-publication-fault-4el264_7/case/store/objects/7e/52d20a6704fc4e747bc0c1d81ee096af17f086d0e46611ec8f7eac96d09a22>, "", 393120, 256) = 0
pread64(3</tmp/nia-publication-fault-4el264_7/case/store/objects/8e/e688345e1d9502ee8cd7277a453c30bfb77b947201beb3300e9df2b8ca321d>, "\0\0\0\0\0\0\0\10NIACSEL1\273\343\341b6\331$M\267\345\300\262\251\302\306\27f\270\251!\330\260\227\374\323p\347\177\25.\3311\0\0\0\0\0\0\0\1\f\241y\346\276\376\267a\363a?\36\365|\250\222\353\303\246\242(\334\243/\23\t\360\254\6\247\336~J6\366\353|\33#j"..., 65536, 0) = 152
pread64(3</tmp/nia-publication-fault-4el264_7/case/store/objects/8e/e688345e1d9502ee8cd7277a453c30bfb77b947201beb3300e9df2b8ca321d>, "", 65384, 152) = 0
pread64(3</tmp/nia-publication-fault-4el264_7/case/store/objects/8e/e688345e1d9502ee8cd7277a453c30bfb77b947201beb3300e9df2b8ca321d>, "", 65536, 152) = 0
pread64(3</tmp/nia-publication-fault-4el264_7/case/store/objects/32/094e7c613fdb6dffb1f27d926b176f7fd8946b8c2cf3ca9e3b95cb91a1a8ca>, "NIACLOS1\216\346\2104^\35\225\2\356\214\327'zE<0\277\267{\224r\1\276\2630\16\235\362\270\3122\35\273\343\341b6\331$M\267\345\300\262\251\302\306\27f\270\251!\330\260\227\374\323p\347\177\25.\3311\0\0\0\0\0\0\0\5\f\241y\346\276\376\267a\363a?\36\365|\250\222"..., 65536, 0) = 240
pread64(3</tmp/nia-publication-fault-4el264_7/case/store/objects/32/094e7c613fdb6dffb1f27d926b176f7fd8946b8c2cf3ca9e3b95cb91a1a8ca>, "", 65296, 240) = 0
pread64(3</tmp/nia-publication-fault-4el264_7/case/store/objects/32/094e7c613fdb6dffb1f27d926b176f7fd8946b8c2cf3ca9e3b95cb91a1a8ca>, "", 65536, 240) = 0
pread64(3</tmp/nia-publication-fault-4el264_7/case/store/objects/be/79019cd624c1b58af3cac32a235b467dac74ebfc6ee94e6390a198650449a5>, "NIASUP01GGGGGGGGGGGGGGGGGGGGGGGGGGGGGGGGf\246uqQ\370\356U\333\22w\26\307\343\334\340\276\200t\266N \355\245B\345\301\344l\251\304\36\f\241y\346\276\376\267a\363a?\36\365|\250\222\353\303\246\242(\334\243/"..., 65536, 0) = 320
pread64(3</tmp/nia-publication-fault-4el264_7/case/store/objects/be/79019cd624c1b58af3cac32a235b467dac74ebfc6ee94e6390a198650449a5>, "", 65216, 320) = 0
pread64(3</tmp/nia-publication-fault-4el264_7/case/store/objects/be/79019cd624c1b58af3cac32a235b467dac74ebfc6ee94e6390a198650449a5>, "", 65536, 320) = 0
pread64(3</tmp/nia-publication-fault-4el264_7/case/store/objects/be/79019cd624c1b58af3cac32a235b467dac74ebfc6ee94e6390a198650449a5>, "NIASUP01GGGGGGGGGGGGGGGGGGGGGGGGGGGGGGGGf\246uqQ\370\356U\333\22w\26\307\343\334\340\276\200t\266N \355\245B\345\301\344l\251\304\36\f\241y\346\276\376\267a\363a?\36\365|\250\222\353\303\246\242(\334\243/"..., 320, 0) = 320
pread64(3</tmp/nia-publication-fault-4el264_7/case/store/objects/66/a6757151f8ee55db127716c7e3dce0be8074b64e20eda542e5c1e46ca9c41e>, "\7\10\t", 65536, 0) = 3
pread64(3</tmp/nia-publication-fault-4el264_7/case/store/objects/66/a6757151f8ee55db127716c7e3dce0be8074b64e20eda542e5c1e46ca9c41e>, "", 65533, 3) = 0
pread64(3</tmp/nia-publication-fault-4el264_7/case/store/objects/66/a6757151f8ee55db127716c7e3dce0be8074b64e20eda542e5c1e46ca9c41e>, "", 65536, 3) = 0
pread64(3</tmp/nia-publication-fault-4el264_7/case/store/objects/0c/a179e6befeb761f3613f1ef57ca892ebc3a6a228dca32f1309f0ac06a7de7e>, "!<arch>\ndebian-binary/  0           0     0     100644  4         `\n2.0\ncontrol.tar/    0       "..., 65536, 0) = 20672
pread64(3</tmp/nia-publication-fault-4el264_7/case/store/objects/0c/a179e6befeb761f3613f1ef57ca892ebc3a6a228dca32f1309f0ac06a7de7e>, "", 44864, 20672) = 0
pread64(3</tmp/nia-publication-fault-4el264_7/case/store/objects/0c/a179e6befeb761f3613f1ef57ca892ebc3a6a228dca32f1309f0ac06a7de7e>, "", 65536, 20672) = 0
pread64(3</tmp/nia-publication-fault-4el264_7/case/store/objects/a3/1a856f430af395bccd7eb2f142b11ad3ae0fc5daf3acc4ffb341c48a5abd39>, "Package: empty-package\nVersion: 1\nArchitecture: all\nMaintainer: Fixture <fixture@example.invalid"..., 65536, 0) = 149
pread64(3</tmp/nia-publication-fault-4el264_7/case/store/objects/a3/1a856f430af395bccd7eb2f142b11ad3ae0fc5daf3acc4ffb341c48a5abd39>, "", 65387, 149) = 0
pread64(3</tmp/nia-publication-fault-4el264_7/case/store/objects/a3/1a856f430af395bccd7eb2f142b11ad3ae0fc5daf3acc4ffb341c48a5abd39>, "", 65536, 149) = 0
pread64(3</tmp/nia-publication-fault-4el264_7/case/store/objects/66/a6757151f8ee55db127716c7e3dce0be8074b64e20eda542e5c1e46ca9c41e>, "\7\10\t", 65536, 0) = 3
pread64(3</tmp/nia-publication-fault-4el264_7/case/store/objects/66/a6757151f8ee55db127716c7e3dce0be8074b64e20eda542e5c1e46ca9c41e>, "", 65533, 3) = 0
pread64(3</tmp/nia-publication-fault-4el264_7/case/store/objects/66/a6757151f8ee55db127716c7e3dce0be8074b64e20eda542e5c1e46ca9c41e>, "", 65536, 3) = 0
pread64(3</tmp/nia-publication-fault-4el264_7/case/store/objects/66/a6757151f8ee55db127716c7e3dce0be8074b64e20eda542e5c1e46ca9c41e>, "\7\10\t", 65536, 0) = 3
pread64(3</tmp/nia-publication-fault-4el264_7/case/store/objects/66/a6757151f8ee55db127716c7e3dce0be8074b64e20eda542e5c1e46ca9c41e>, "", 65533, 3) = 0
pread64(3</tmp/nia-publication-fault-4el264_7/case/store/objects/66/a6757151f8ee55db127716c7e3dce0be8074b64e20eda542e5c1e46ca9c41e>, "", 65536, 3) = 0
pread64(3</tmp/nia-publication-fault-4el264_7/case/store/objects/66/a6757151f8ee55db127716c7e3dce0be8074b64e20eda542e5c1e46ca9c41e>, "\7\10\t", 65536, 0) = 3
pread64(3</tmp/nia-publication-fault-4el264_7/case/store/objects/66/a6757151f8ee55db127716c7e3dce0be8074b64e20eda542e5c1e46ca9c41e>, "", 65533, 3) = 0
pread64(3</tmp/nia-publication-fault-4el264_7/case/store/objects/66/a6757151f8ee55db127716c7e3dce0be8074b64e20eda542e5c1e46ca9c41e>, "", 65536, 3) = 0
pread64(3</tmp/nia-publication-fault-4el264_7/case/store/objects/38/c0e841345eeb0948445869eb5553bb39ebf66c24fe6fa00123868f32600451>, "NIAGINT1\37\37\37\37\37\37\37\37\37\37\37\37\37\37\37\37\0\0\0\0\0\0\0\0\0\0\0\0\0\0\0\0\0\0\0\0\0\0\0\0\0\0\0\0\0\0\0\0\216\346\2104^\35\225\2\356\214\327'zE<0\277\267{\224r\1\276\2630\16\235\362\270\3122\0352\tN|a?\333m"..., 65536, 0) = 206
pread64(3</tmp/nia-publication-fault-4el264_7/case/store/objects/38/c0e841345eeb0948445869eb5553bb39ebf66c24fe6fa00123868f32600451>, "", 65330, 206) = 0
pread64(3</tmp/nia-publication-fault-4el264_7/case/store/objects/38/c0e841345eeb0948445869eb5553bb39ebf66c24fe6fa00123868f32600451>, "", 65536, 206) = 0
pread64(3</tmp/nia-publication-fault-4el264_7/case/store/objects/38/c0e841345eeb0948445869eb5553bb39ebf66c24fe6fa00123868f32600451>, "NIAGINT1\37\37\37\37\37\37\37\37\37\37\37\37\37\37\37\37\0\0\0\0\0\0\0\0\0\0\0\0\0\0\0\0\0\0\0\0\0\0\0\0\0\0\0\0\0\0\0\0\216\346\2104^\35\225\2\356\214\327'zE<0\277\267{\224r\1\276\2630\16\235\362\270\3122\0352\tN|a?\333m"..., 1053888, 0) = 206
pread64(3</tmp/nia-publication-fault-4el264_7/case/store/objects/38/c0e841345eeb0948445869eb5553bb39ebf66c24fe6fa00123868f32600451>, "", 1053682, 206) = 0
pread64(3</tmp/nia-publication-fault-4el264_7/case/store/objects/32/094e7c613fdb6dffb1f27d926b176f7fd8946b8c2cf3ca9e3b95cb91a1a8ca>, "NIACLOS1\216\346\2104^\35\225\2\356\214\327'zE<0\277\267{\224r\1\276\2630\16\235\362\270\3122\35\273\343\341b6\331$M\267\345\300\262\251\302\306\27f\270\251!\330\260\227\374\323p\347\177\25.\3311\0\0\0\0\0\0\0\5\f\241y\346\276\376\267a\363a?\36\365|\250\222"..., 65536, 0) = 240
pread64(3</tmp/nia-publication-fault-4el264_7/case/store/objects/32/094e7c613fdb6dffb1f27d926b176f7fd8946b8c2cf3ca9e3b95cb91a1a8ca>, "", 65296, 240) = 0
pread64(3</tmp/nia-publication-fault-4el264_7/case/store/objects/32/094e7c613fdb6dffb1f27d926b176f7fd8946b8c2cf3ca9e3b95cb91a1a8ca>, "", 65536, 240) = 0
pread64(3</tmp/nia-publication-fault-4el264_7/case/store/objects/32/094e7c613fdb6dffb1f27d926b176f7fd8946b8c2cf3ca9e3b95cb91a1a8ca>, "NIACLOS1\216\346\2104^\35\225\2\356\214\327'zE<0\277\267{\224r\1\276\2630\16\235\362\270\3122\35\273\343\341b6\331$M\267\345\300\262\251\302\306\27f\270\251!\330\260\227\374\323p\347\177\25.\3311\0\0\0\0\0\0\0\5", 80, 0) = 80
pread64(3</tmp/nia-publication-fault-4el264_7/case/store/objects/32/094e7c613fdb6dffb1f27d926b176f7fd8946b8c2cf3ca9e3b95cb91a1a8ca>, "\f\241y\346\276\376\267a\363a?\36\365|\250\222\353\303\246\242(\334\243/\23\t\360\254\6\247\336~", 32, 80) = 32
pread64(10</tmp/nia-publication-fault-4el264_7/case/store/objects/0c/a179e6befeb761f3613f1ef57ca892ebc3a6a228dca32f1309f0ac06a7de7e>, "!<arch>\ndebian-binary/  0           0     0     100644  4         `\n2.0\ncontrol.tar/    0       "..., 65536, 0) = 20672
pread64(10</tmp/nia-publication-fault-4el264_7/case/store/objects/0c/a179e6befeb761f3613f1ef57ca892ebc3a6a228dca32f1309f0ac06a7de7e>, "", 44864, 20672) = 0
pread64(10</tmp/nia-publication-fault-4el264_7/case/store/objects/0c/a179e6befeb761f3613f1ef57ca892ebc3a6a228dca32f1309f0ac06a7de7e>, "", 65536, 20672) = 0
pread64(3</tmp/nia-publication-fault-4el264_7/case/store/objects/32/094e7c613fdb6dffb1f27d926b176f7fd8946b8c2cf3ca9e3b95cb91a1a8ca>, "J6\366\353|\33#j\266\313(\335\270\202\221\236\210\213\363\223\337\300\r\223\0\212\326s\6\227\370\367", 32, 112) = 32
pread64(10</tmp/nia-publication-fault-4el264_7/case/store/objects/4a/36f6eb7c1b236ab6cb28ddb882919e888bf393dfc00d93008ad6730697f8f7>, "./control\0\0\0\0\0\0\0\0\0\0\0\0\0\0\0\0\0\0\0\0\0\0\0\0\0\0\0\0\0\0\0\0\0\0\0\0\0\0\0\0\0\0\0\0\0\0\0\0\0\0\0\0\0\0\0\0\0\0\0\0\0\0\0\0\0\0\0\0\0\0\0\0\0\0\0\0\0\0\0\0\0\0\0\0\0\0\0"..., 65536, 0) = 10240
pread64(10</tmp/nia-publication-fault-4el264_7/case/store/objects/4a/36f6eb7c1b236ab6cb28ddb882919e888bf393dfc00d93008ad6730697f8f7>, "", 55296, 10240) = 0
pread64(10</tmp/nia-publication-fault-4el264_7/case/store/objects/4a/36f6eb7c1b236ab6cb28ddb882919e888bf393dfc00d93008ad6730697f8f7>, "", 65536, 10240) = 0
pread64(3</tmp/nia-publication-fault-4el264_7/case/store/objects/32/094e7c613fdb6dffb1f27d926b176f7fd8946b8c2cf3ca9e3b95cb91a1a8ca>, "\204\377\222i\37\220\232\5\262$\341\305j\273Hd\360\33O\216<\205NK\264\307\272\361\323\366\326R", 32, 144) = 32
pread64(10</tmp/nia-publication-fault-4el264_7/case/store/objects/84/ff92691f909a05b224e1c56abb4864f01b4f8e3c854e4bb4c7baf1d3f6d652>, "\0\0\0\0\0\0\0\0\0\0\0\0\0\0\0\0\0\0\0\0\0\0\0\0\0\0\0\0\0\0\0\0\0\0\0\0\0\0\0\0\0\0\0\0\0\0\0\0\0\0\0\0\0\0\0\0\0\0\0\0\0\0\0\0\0\0\0\0\0\0\0\0\0\0\0\0\0\0\0\0\0\0\0\0\0\0\0\0\0\0\0\0\0\0\0\0"..., 65536, 0) = 10240
pread64(10</tmp/nia-publication-fault-4el264_7/case/store/objects/84/ff92691f909a05b224e1c56abb4864f01b4f8e3c854e4bb4c7baf1d3f6d652>, "", 55296, 10240) = 0
pread64(10</tmp/nia-publication-fault-4el264_7/case/store/objects/84/ff92691f909a05b224e1c56abb4864f01b4f8e3c854e4bb4c7baf1d3f6d652>, "", 65536, 10240) = 0
pread64(3</tmp/nia-publication-fault-4el264_7/case/store/objects/32/094e7c613fdb6dffb1f27d926b176f7fd8946b8c2cf3ca9e3b95cb91a1a8ca>, "\216\346\2104^\35\225\2\356\214\327'zE<0\277\267{\224r\1\276\2630\16\235\362\270\3122\35", 32, 176) = 32
pread64(10</tmp/nia-publication-fault-4el264_7/case/store/objects/8e/e688345e1d9502ee8cd7277a453c30bfb77b947201beb3300e9df2b8ca321d>, "\0\0\0\0\0\0\0\10NIACSEL1\273\343\341b6\331$M\267\345\300\262\251\302\306\27f\270\251!\330\260\227\374\323p\347\177\25.\3311\0\0\0\0\0\0\0\1\f\241y\346\276\376\267a\363a?\36\365|\250\222\353\303\246\242(\334\243/\23\t\360\254\6\247\336~J6\366\353|\33#j"..., 65536, 0) = 152
pread64(10</tmp/nia-publication-fault-4el264_7/case/store/objects/8e/e688345e1d9502ee8cd7277a453c30bfb77b947201beb3300e9df2b8ca321d>, "", 65384, 152) = 0
pread64(10</tmp/nia-publication-fault-4el264_7/case/store/objects/8e/e688345e1d9502ee8cd7277a453c30bfb77b947201beb3300e9df2b8ca321d>, "", 65536, 152) = 0
pread64(3</tmp/nia-publication-fault-4el264_7/case/store/objects/32/094e7c613fdb6dffb1f27d926b176f7fd8946b8c2cf3ca9e3b95cb91a1a8ca>, "\243\32\205oC\n\363\225\274\315~\262\361B\261\32\323\256\17\305\332\363\254\304\377\263A\304\212Z\2759", 32, 208) = 32
pread64(10</tmp/nia-publication-fault-4el264_7/case/store/objects/a3/1a856f430af395bccd7eb2f142b11ad3ae0fc5daf3acc4ffb341c48a5abd39>, "Package: empty-package\nVersion: 1\nArchitecture: all\nMaintainer: Fixture <fixture@example.invalid"..., 65536, 0) = 149
pread64(10</tmp/nia-publication-fault-4el264_7/case/store/objects/a3/1a856f430af395bccd7eb2f142b11ad3ae0fc5daf3acc4ffb341c48a5abd39>, "", 65387, 149) = 0
pread64(10</tmp/nia-publication-fault-4el264_7/case/store/objects/a3/1a856f430af395bccd7eb2f142b11ad3ae0fc5daf3acc4ffb341c48a5abd39>, "", 65536, 149) = 0
pread64(3</tmp/nia-publication-fault-4el264_7/case/store/objects/8e/e688345e1d9502ee8cd7277a453c30bfb77b947201beb3300e9df2b8ca321d>, "\0\0\0\0\0\0\0\10NIACSEL1\273\343\341b6\331$M\267\345\300\262\251\302\306\27f\270\251!\330\260\227\374\323p\347\177\25.\3311\0\0\0\0\0\0\0\1\f\241y\346\276\376\267a\363a?\36\365|\250\222\353\303\246\242(\334\243/\23\t\360\254\6\247\336~J6\366\353|\33#j"..., 65536, 0) = 152
pread64(3</tmp/nia-publication-fault-4el264_7/case/store/objects/8e/e688345e1d9502ee8cd7277a453c30bfb77b947201beb3300e9df2b8ca321d>, "", 65384, 152) = 0
pread64(3</tmp/nia-publication-fault-4el264_7/case/store/objects/8e/e688345e1d9502ee8cd7277a453c30bfb77b947201beb3300e9df2b8ca321d>, "", 65536, 152) = 0
pread64(3</tmp/nia-publication-fault-4el264_7/case/store/objects/8e/e688345e1d9502ee8cd7277a453c30bfb77b947201beb3300e9df2b8ca321d>, "\0\0\0\0\0\0\0\10NIACSEL1\273\343\341b6\331$M\267\345\300\262\251\302\306\27f\270\251!\330\260\227\374\323p\347\177\25.\3311\0\0\0\0\0\0\0\1\f\241y\346\276\376\267a\363a?\36\365|\250\222\353\303\246\242(\334\243/\23\t\360\254\6\247\336~J6\366\353|\33#j"..., 393272, 0) = 152
pread64(3</tmp/nia-publication-fault-4el264_7/case/store/objects/8e/e688345e1d9502ee8cd7277a453c30bfb77b947201beb3300e9df2b8ca321d>, "", 393120, 152) = 0
pread64(3</tmp/nia-publication-fault-4el264_7/case/store/objects/0c/a179e6befeb761f3613f1ef57ca892ebc3a6a228dca32f1309f0ac06a7de7e>, "!<arch>\ndebian-binary/  0           0     0     100644  4         `\n2.0\ncontrol.tar/    0       "..., 65536, 0) = 20672
pread64(3</tmp/nia-publication-fault-4el264_7/case/store/objects/0c/a179e6befeb761f3613f1ef57ca892ebc3a6a228dca32f1309f0ac06a7de7e>, "", 44864, 20672) = 0
pread64(3</tmp/nia-publication-fault-4el264_7/case/store/objects/0c/a179e6befeb761f3613f1ef57ca892ebc3a6a228dca32f1309f0ac06a7de7e>, "", 65536, 20672) = 0
pread64(3</tmp/nia-publication-fault-4el264_7/case/store/objects/0c/a179e6befeb761f3613f1ef57ca892ebc3a6a228dca32f1309f0ac06a7de7e>, "!<arch>\n", 8, 0) = 8
pread64(3</tmp/nia-publication-fault-4el264_7/case/store/objects/0c/a179e6befeb761f3613f1ef57ca892ebc3a6a228dca32f1309f0ac06a7de7e>, "debian-binary/  0           0     0     100644  4         `\n", 60, 8) = 60
pread64(3</tmp/nia-publication-fault-4el264_7/case/store/objects/0c/a179e6befeb761f3613f1ef57ca892ebc3a6a228dca32f1309f0ac06a7de7e>, "2.0\n", 4, 68) = 4
pread64(3</tmp/nia-publication-fault-4el264_7/case/store/objects/0c/a179e6befeb761f3613f1ef57ca892ebc3a6a228dca32f1309f0ac06a7de7e>, "2.0\n", 4, 68) = 4
pread64(3</tmp/nia-publication-fault-4el264_7/case/store/objects/0c/a179e6befeb761f3613f1ef57ca892ebc3a6a228dca32f1309f0ac06a7de7e>, "control.tar/    0           0     0     100644  10240     `\n", 60, 72) = 60
pread64(3</tmp/nia-publication-fault-4el264_7/case/store/objects/0c/a179e6befeb761f3613f1ef57ca892ebc3a6a228dca32f1309f0ac06a7de7e>, "./control\0\0\0\0\0\0\0\0\0\0\0\0\0\0\0\0\0\0\0\0\0\0\0\0\0\0\0\0\0\0\0\0\0\0\0\0\0\0\0\0\0\0\0\0\0\0\0\0\0\0\0\0\0\0\0\0\0\0\0\0\0\0\0\0\0\0\0\0\0\0\0\0\0\0\0\0\0\0\0\0\0\0\0\0\0\0\0"..., 10240, 132) = 10240
pread64(3</tmp/nia-publication-fault-4el264_7/case/store/objects/0c/a179e6befeb761f3613f1ef57ca892ebc3a6a228dca32f1309f0ac06a7de7e>, "data.tar/       0           0     0     100644  10240     `\n", 60, 10372) = 60
pread64(3</tmp/nia-publication-fault-4el264_7/case/store/objects/0c/a179e6befeb761f3613f1ef57ca892ebc3a6a228dca32f1309f0ac06a7de7e>, "\0\0\0\0\0\0\0\0\0\0\0\0\0\0\0\0\0\0\0\0\0\0\0\0\0\0\0\0\0\0\0\0\0\0\0\0\0\0\0\0\0\0\0\0\0\0\0\0\0\0\0\0\0\0\0\0\0\0\0\0\0\0\0\0\0\0\0\0\0\0\0\0\0\0\0\0\0\0\0\0\0\0\0\0\0\0\0\0\0\0\0\0\0\0\0\0"..., 10240, 10432) = 10240
pread64(3</tmp/nia-publication-fault-4el264_7/case/store/objects/0c/a179e6befeb761f3613f1ef57ca892ebc3a6a228dca32f1309f0ac06a7de7e>, "!<arch>\ndebian-binary/  0           0     0     100644  4         `\n2.0\ncontrol.tar/    0       "..., 65536, 0) = 20672
pread64(3</tmp/nia-publication-fault-4el264_7/case/store/objects/0c/a179e6befeb761f3613f1ef57ca892ebc3a6a228dca32f1309f0ac06a7de7e>, "", 44864, 20672) = 0
pread64(3</tmp/nia-publication-fault-4el264_7/case/store/objects/0c/a179e6befeb761f3613f1ef57ca892ebc3a6a228dca32f1309f0ac06a7de7e>, "", 65536, 20672) = 0
pread64(3</tmp/nia-publication-fault-4el264_7/case/store/objects/0c/a179e6befeb761f3613f1ef57ca892ebc3a6a228dca32f1309f0ac06a7de7e>, "!<arch>\n", 8, 0) = 8
pread64(3</tmp/nia-publication-fault-4el264_7/case/store/objects/0c/a179e6befeb761f3613f1ef57ca892ebc3a6a228dca32f1309f0ac06a7de7e>, "debian-binary/  0           0     0     100644  4         `\n", 60, 8) = 60
pread64(3</tmp/nia-publication-fault-4el264_7/case/store/objects/0c/a179e6befeb761f3613f1ef57ca892ebc3a6a228dca32f1309f0ac06a7de7e>, "2.0\n", 4, 68) = 4
pread64(3</tmp/nia-publication-fault-4el264_7/case/store/objects/0c/a179e6befeb761f3613f1ef57ca892ebc3a6a228dca32f1309f0ac06a7de7e>, "2.0\n", 4, 68) = 4
pread64(3</tmp/nia-publication-fault-4el264_7/case/store/objects/0c/a179e6befeb761f3613f1ef57ca892ebc3a6a228dca32f1309f0ac06a7de7e>, "control.tar/    0           0     0     100644  10240     `\n", 60, 72) = 60
pread64(3</tmp/nia-publication-fault-4el264_7/case/store/objects/0c/a179e6befeb761f3613f1ef57ca892ebc3a6a228dca32f1309f0ac06a7de7e>, "./control\0\0\0\0\0\0\0\0\0\0\0\0\0\0\0\0\0\0\0\0\0\0\0\0\0\0\0\0\0\0\0\0\0\0\0\0\0\0\0\0\0\0\0\0\0\0\0\0\0\0\0\0\0\0\0\0\0\0\0\0\0\0\0\0\0\0\0\0\0\0\0\0\0\0\0\0\0\0\0\0\0\0\0\0\0\0\0"..., 10240, 132) = 10240
pread64(3</tmp/nia-publication-fault-4el264_7/case/store/objects/0c/a179e6befeb761f3613f1ef57ca892ebc3a6a228dca32f1309f0ac06a7de7e>, "data.tar/       0           0     0     100644  10240     `\n", 60, 10372) = 60
pread64(3</tmp/nia-publication-fault-4el264_7/case/store/objects/0c/a179e6befeb761f3613f1ef57ca892ebc3a6a228dca32f1309f0ac06a7de7e>, "\0\0\0\0\0\0\0\0\0\0\0\0\0\0\0\0\0\0\0\0\0\0\0\0\0\0\0\0\0\0\0\0\0\0\0\0\0\0\0\0\0\0\0\0\0\0\0\0\0\0\0\0\0\0\0\0\0\0\0\0\0\0\0\0\0\0\0\0\0\0\0\0\0\0\0\0\0\0\0\0\0\0\0\0\0\0\0\0\0\0\0\0\0\0\0\0"..., 10240, 10432) = 10240
fsync(11</tmp/nia-publication-fault-4el264_7/case/store/incoming>) = 0
pread64(3</tmp/nia-publication-fault-4el264_7/case/store/objects/0c/a179e6befeb761f3613f1ef57ca892ebc3a6a228dca32f1309f0ac06a7de7e>, "\0\0\0\0\0\0\0\0\0\0\0\0\0\0\0\0\0\0\0\0\0\0\0\0\0\0\0\0\0\0\0\0\0\0\0\0\0\0\0\0\0\0\0\0\0\0\0\0\0\0\0\0\0\0\0\0\0\0\0\0\0\0\0\0\0\0\0\0\0\0\0\0\0\0\0\0\0\0\0\0\0\0\0\0\0\0\0\0\0\0\0\0\0\0\0\0"..., 10240, 10432) = 10240
write(10</tmp/nia-publication-fault-4el264_7/case/store/incoming/f6655fed16e23803020806a79f55aae7>, "\0\0\0\0\0\0\0\0\0\0\0\0\0\0\0\0\0\0\0\0\0\0\0\0\0\0\0\0\0\0\0\0\0\0\0\0\0\0\0\0\0\0\0\0\0\0\0\0\0\0\0\0\0\0\0\0\0\0\0\0\0\0\0\0\0\0\0\0\0\0\0\0\0\0\0\0\0\0\0\0\0\0\0\0\0\0\0\0\0\0\0\0\0\0\0\0"..., 10240) = 10240
fsync(10</tmp/nia-publication-fault-4el264_7/case/store/incoming/f6655fed16e23803020806a79f55aae7>) = 0
renameat2(11</tmp/nia-publication-fault-4el264_7/case/store/incoming>, "f6655fed16e23803020806a79f55aae7", 10</tmp/nia-publication-fault-4el264_7/case/store/objects/84>, "ff92691f909a05b224e1c56abb4864f01b4f8e3c854e4bb4c7baf1d3f6d652", RENAME_NOREPLACE) = -1 EEXIST (File exists)
pread64(10</tmp/nia-publication-fault-4el264_7/case/store/objects/84/ff92691f909a05b224e1c56abb4864f01b4f8e3c854e4bb4c7baf1d3f6d652>, "\0\0\0\0\0\0\0\0\0\0\0\0\0\0\0\0\0\0\0\0\0\0\0\0\0\0\0\0\0\0\0\0\0\0\0\0\0\0\0\0\0\0\0\0\0\0\0\0\0\0\0\0\0\0\0\0\0\0\0\0\0\0\0\0\0\0\0\0\0\0\0\0\0\0\0\0\0\0\0\0\0\0\0\0\0\0\0\0\0\0\0\0\0\0\0\0"..., 65536, 0) = 10240
pread64(10</tmp/nia-publication-fault-4el264_7/case/store/objects/84/ff92691f909a05b224e1c56abb4864f01b4f8e3c854e4bb4c7baf1d3f6d652>, "", 55296, 10240) = 0
pread64(10</tmp/nia-publication-fault-4el264_7/case/store/objects/84/ff92691f909a05b224e1c56abb4864f01b4f8e3c854e4bb4c7baf1d3f6d652>, "", 65536, 10240) = 0
fsync(11</tmp/nia-publication-fault-4el264_7/case/store/incoming>) = 0
pread64(3</tmp/nia-publication-fault-4el264_7/case/store/objects/84/ff92691f909a05b224e1c56abb4864f01b4f8e3c854e4bb4c7baf1d3f6d652>, "\0\0\0\0\0\0\0\0\0\0\0\0\0\0\0\0\0\0\0\0\0\0\0\0\0\0\0\0\0\0\0\0\0\0\0\0\0\0\0\0\0\0\0\0\0\0\0\0\0\0\0\0\0\0\0\0\0\0\0\0\0\0\0\0\0\0\0\0\0\0\0\0\0\0\0\0\0\0\0\0\0\0\0\0\0\0\0\0\0\0\0\0\0\0\0\0"..., 65536, 0) = 10240
pread64(3</tmp/nia-publication-fault-4el264_7/case/store/objects/84/ff92691f909a05b224e1c56abb4864f01b4f8e3c854e4bb4c7baf1d3f6d652>, "", 55296, 10240) = 0
pread64(3</tmp/nia-publication-fault-4el264_7/case/store/objects/84/ff92691f909a05b224e1c56abb4864f01b4f8e3c854e4bb4c7baf1d3f6d652>, "", 65536, 10240) = 0
pread64(3</tmp/nia-publication-fault-4el264_7/case/store/objects/84/ff92691f909a05b224e1c56abb4864f01b4f8e3c854e4bb4c7baf1d3f6d652>, "\0\0\0\0\0\0\0\0\0\0\0\0\0\0\0\0\0\0\0\0\0\0\0\0\0\0\0\0\0\0\0\0\0\0\0\0\0\0\0\0\0\0\0\0\0\0\0\0\0\0\0\0\0\0\0\0\0\0\0\0\0\0\0\0\0\0\0\0\0\0\0\0\0\0\0\0\0\0\0\0\0\0\0\0\0\0\0\0\0\0\0\0\0\0\0\0"..., 10240, 0) = 10240
fsync(11</tmp/nia-publication-fault-4el264_7/case/store/incoming>) = 0
pread64(3</tmp/nia-publication-fault-4el264_7/case/store/objects/84/ff92691f909a05b224e1c56abb4864f01b4f8e3c854e4bb4c7baf1d3f6d652>, "\0\0\0\0\0\0\0\0\0\0\0\0\0\0\0\0\0\0\0\0\0\0\0\0\0\0\0\0\0\0\0\0\0\0\0\0\0\0\0\0\0\0\0\0\0\0\0\0\0\0\0\0\0\0\0\0\0\0\0\0\0\0\0\0\0\0\0\0\0\0\0\0\0\0\0\0\0\0\0\0\0\0\0\0\0\0\0\0\0\0\0\0\0\0\0\0"..., 10240, 0) = 10240
write(10</tmp/nia-publication-fault-4el264_7/case/store/incoming/718d90dc7f36758b3e0d385e6df1117d>, "\0\0\0\0\0\0\0\0\0\0\0\0\0\0\0\0\0\0\0\0\0\0\0\0\0\0\0\0\0\0\0\0\0\0\0\0\0\0\0\0\0\0\0\0\0\0\0\0\0\0\0\0\0\0\0\0\0\0\0\0\0\0\0\0\0\0\0\0\0\0\0\0\0\0\0\0\0\0\0\0\0\0\0\0\0\0\0\0\0\0\0\0\0\0\0\0"..., 10240) = 10240
fsync(10</tmp/nia-publication-fault-4el264_7/case/store/incoming/718d90dc7f36758b3e0d385e6df1117d>) = 0
renameat2(11</tmp/nia-publication-fault-4el264_7/case/store/incoming>, "718d90dc7f36758b3e0d385e6df1117d", 10</tmp/nia-publication-fault-4el264_7/case/store/objects/84>, "ff92691f909a05b224e1c56abb4864f01b4f8e3c854e4bb4c7baf1d3f6d652", RENAME_NOREPLACE) = -1 EEXIST (File exists)
pread64(10</tmp/nia-publication-fault-4el264_7/case/store/objects/84/ff92691f909a05b224e1c56abb4864f01b4f8e3c854e4bb4c7baf1d3f6d652>, "\0\0\0\0\0\0\0\0\0\0\0\0\0\0\0\0\0\0\0\0\0\0\0\0\0\0\0\0\0\0\0\0\0\0\0\0\0\0\0\0\0\0\0\0\0\0\0\0\0\0\0\0\0\0\0\0\0\0\0\0\0\0\0\0\0\0\0\0\0\0\0\0\0\0\0\0\0\0\0\0\0\0\0\0\0\0\0\0\0\0\0\0\0\0\0\0"..., 65536, 0) = 10240
pread64(10</tmp/nia-publication-fault-4el264_7/case/store/objects/84/ff92691f909a05b224e1c56abb4864f01b4f8e3c854e4bb4c7baf1d3f6d652>, "", 55296, 10240) = 0
pread64(10</tmp/nia-publication-fault-4el264_7/case/store/objects/84/ff92691f909a05b224e1c56abb4864f01b4f8e3c854e4bb4c7baf1d3f6d652>, "", 65536, 10240) = 0
fsync(11</tmp/nia-publication-fault-4el264_7/case/store/incoming>) = 0
pread64(3</tmp/nia-publication-fault-4el264_7/case/store/objects/84/ff92691f909a05b224e1c56abb4864f01b4f8e3c854e4bb4c7baf1d3f6d652>, "\0\0\0\0\0\0\0\0\0\0\0\0\0\0\0\0\0\0\0\0\0\0\0\0\0\0\0\0\0\0\0\0\0\0\0\0\0\0\0\0\0\0\0\0\0\0\0\0\0\0\0\0\0\0\0\0\0\0\0\0\0\0\0\0\0\0\0\0\0\0\0\0\0\0\0\0\0\0\0\0\0\0\0\0\0\0\0\0\0\0\0\0\0\0\0\0"..., 65536, 0) = 10240
pread64(3</tmp/nia-publication-fault-4el264_7/case/store/objects/84/ff92691f909a05b224e1c56abb4864f01b4f8e3c854e4bb4c7baf1d3f6d652>, "", 55296, 10240) = 0
pread64(3</tmp/nia-publication-fault-4el264_7/case/store/objects/84/ff92691f909a05b224e1c56abb4864f01b4f8e3c854e4bb4c7baf1d3f6d652>, "", 65536, 10240) = 0
pread64(3</tmp/nia-publication-fault-4el264_7/case/store/objects/84/ff92691f909a05b224e1c56abb4864f01b4f8e3c854e4bb4c7baf1d3f6d652>, "\0\0\0\0\0\0\0\0\0\0\0\0\0\0\0\0\0\0\0\0\0\0\0\0\0\0\0\0\0\0\0\0\0\0\0\0\0\0\0\0\0\0\0\0\0\0\0\0\0\0\0\0\0\0\0\0\0\0\0\0\0\0\0\0\0\0\0\0\0\0\0\0\0\0\0\0\0\0\0\0\0\0\0\0\0\0\0\0\0\0\0\0\0\0\0\0"..., 512, 0) = 512
pread64(3</tmp/nia-publication-fault-4el264_7/case/store/objects/84/ff92691f909a05b224e1c56abb4864f01b4f8e3c854e4bb4c7baf1d3f6d652>, "\0\0\0\0\0\0\0\0\0\0\0\0\0\0\0\0\0\0\0\0\0\0\0\0\0\0\0\0\0\0\0\0\0\0\0\0\0\0\0\0\0\0\0\0\0\0\0\0\0\0\0\0\0\0\0\0\0\0\0\0\0\0\0\0\0\0\0\0\0\0\0\0\0\0\0\0\0\0\0\0\0\0\0\0\0\0\0\0\0\0\0\0\0\0\0\0"..., 9728, 512) = 9728
pread64(3</tmp/nia-publication-fault-4el264_7/case/store/objects/0c/a179e6befeb761f3613f1ef57ca892ebc3a6a228dca32f1309f0ac06a7de7e>, "!<arch>\ndebian-binary/  0           0     0     100644  4         `\n2.0\ncontrol.tar/    0       "..., 65536, 0) = 20672
pread64(3</tmp/nia-publication-fault-4el264_7/case/store/objects/0c/a179e6befeb761f3613f1ef57ca892ebc3a6a228dca32f1309f0ac06a7de7e>, "", 44864, 20672) = 0
pread64(3</tmp/nia-publication-fault-4el264_7/case/store/objects/0c/a179e6befeb761f3613f1ef57ca892ebc3a6a228dca32f1309f0ac06a7de7e>, "", 65536, 20672) = 0
pread64(3</tmp/nia-publication-fault-4el264_7/case/store/objects/0c/a179e6befeb761f3613f1ef57ca892ebc3a6a228dca32f1309f0ac06a7de7e>, "!<arch>\n", 8, 0) = 8
pread64(3</tmp/nia-publication-fault-4el264_7/case/store/objects/0c/a179e6befeb761f3613f1ef57ca892ebc3a6a228dca32f1309f0ac06a7de7e>, "debian-binary/  0           0     0     100644  4         `\n", 60, 8) = 60
pread64(3</tmp/nia-publication-fault-4el264_7/case/store/objects/0c/a179e6befeb761f3613f1ef57ca892ebc3a6a228dca32f1309f0ac06a7de7e>, "2.0\n", 4, 68) = 4
pread64(3</tmp/nia-publication-fault-4el264_7/case/store/objects/0c/a179e6befeb761f3613f1ef57ca892ebc3a6a228dca32f1309f0ac06a7de7e>, "2.0\n", 4, 68) = 4
pread64(3</tmp/nia-publication-fault-4el264_7/case/store/objects/0c/a179e6befeb761f3613f1ef57ca892ebc3a6a228dca32f1309f0ac06a7de7e>, "control.tar/    0           0     0     100644  10240     `\n", 60, 72) = 60
pread64(3</tmp/nia-publication-fault-4el264_7/case/store/objects/0c/a179e6befeb761f3613f1ef57ca892ebc3a6a228dca32f1309f0ac06a7de7e>, "./control\0\0\0\0\0\0\0\0\0\0\0\0\0\0\0\0\0\0\0\0\0\0\0\0\0\0\0\0\0\0\0\0\0\0\0\0\0\0\0\0\0\0\0\0\0\0\0\0\0\0\0\0\0\0\0\0\0\0\0\0\0\0\0\0\0\0\0\0\0\0\0\0\0\0\0\0\0\0\0\0\0\0\0\0\0\0\0"..., 10240, 132) = 10240
pread64(3</tmp/nia-publication-fault-4el264_7/case/store/objects/0c/a179e6befeb761f3613f1ef57ca892ebc3a6a228dca32f1309f0ac06a7de7e>, "data.tar/       0           0     0     100644  10240     `\n", 60, 10372) = 60
pread64(3</tmp/nia-publication-fault-4el264_7/case/store/objects/0c/a179e6befeb761f3613f1ef57ca892ebc3a6a228dca32f1309f0ac06a7de7e>, "\0\0\0\0\0\0\0\0\0\0\0\0\0\0\0\0\0\0\0\0\0\0\0\0\0\0\0\0\0\0\0\0\0\0\0\0\0\0\0\0\0\0\0\0\0\0\0\0\0\0\0\0\0\0\0\0\0\0\0\0\0\0\0\0\0\0\0\0\0\0\0\0\0\0\0\0\0\0\0\0\0\0\0\0\0\0\0\0\0\0\0\0\0\0\0\0"..., 10240, 10432) = 10240
pread64(3</tmp/nia-publication-fault-4el264_7/case/store/objects/0c/a179e6befeb761f3613f1ef57ca892ebc3a6a228dca32f1309f0ac06a7de7e>, "!<arch>\ndebian-binary/  0           0     0     100644  4         `\n2.0\ncontrol.tar/    0       "..., 65536, 0) = 20672
pread64(3</tmp/nia-publication-fault-4el264_7/case/store/objects/0c/a179e6befeb761f3613f1ef57ca892ebc3a6a228dca32f1309f0ac06a7de7e>, "", 44864, 20672) = 0
pread64(3</tmp/nia-publication-fault-4el264_7/case/store/objects/0c/a179e6befeb761f3613f1ef57ca892ebc3a6a228dca32f1309f0ac06a7de7e>, "", 65536, 20672) = 0
pread64(3</tmp/nia-publication-fault-4el264_7/case/store/objects/0c/a179e6befeb761f3613f1ef57ca892ebc3a6a228dca32f1309f0ac06a7de7e>, "!<arch>\n", 8, 0) = 8
pread64(3</tmp/nia-publication-fault-4el264_7/case/store/objects/0c/a179e6befeb761f3613f1ef57ca892ebc3a6a228dca32f1309f0ac06a7de7e>, "debian-binary/  0           0     0     100644  4         `\n", 60, 8) = 60
pread64(3</tmp/nia-publication-fault-4el264_7/case/store/objects/0c/a179e6befeb761f3613f1ef57ca892ebc3a6a228dca32f1309f0ac06a7de7e>, "2.0\n", 4, 68) = 4
pread64(3</tmp/nia-publication-fault-4el264_7/case/store/objects/0c/a179e6befeb761f3613f1ef57ca892ebc3a6a228dca32f1309f0ac06a7de7e>, "2.0\n", 4, 68) = 4
pread64(3</tmp/nia-publication-fault-4el264_7/case/store/objects/0c/a179e6befeb761f3613f1ef57ca892ebc3a6a228dca32f1309f0ac06a7de7e>, "control.tar/    0           0     0     100644  10240     `\n", 60, 72) = 60
pread64(3</tmp/nia-publication-fault-4el264_7/case/store/objects/0c/a179e6befeb761f3613f1ef57ca892ebc3a6a228dca32f1309f0ac06a7de7e>, "./control\0\0\0\0\0\0\0\0\0\0\0\0\0\0\0\0\0\0\0\0\0\0\0\0\0\0\0\0\0\0\0\0\0\0\0\0\0\0\0\0\0\0\0\0\0\0\0\0\0\0\0\0\0\0\0\0\0\0\0\0\0\0\0\0\0\0\0\0\0\0\0\0\0\0\0\0\0\0\0\0\0\0\0\0\0\0\0"..., 10240, 132) = 10240
pread64(3</tmp/nia-publication-fault-4el264_7/case/store/objects/0c/a179e6befeb761f3613f1ef57ca892ebc3a6a228dca32f1309f0ac06a7de7e>, "data.tar/       0           0     0     100644  10240     `\n", 60, 10372) = 60
pread64(3</tmp/nia-publication-fault-4el264_7/case/store/objects/0c/a179e6befeb761f3613f1ef57ca892ebc3a6a228dca32f1309f0ac06a7de7e>, "\0\0\0\0\0\0\0\0\0\0\0\0\0\0\0\0\0\0\0\0\0\0\0\0\0\0\0\0\0\0\0\0\0\0\0\0\0\0\0\0\0\0\0\0\0\0\0\0\0\0\0\0\0\0\0\0\0\0\0\0\0\0\0\0\0\0\0\0\0\0\0\0\0\0\0\0\0\0\0\0\0\0\0\0\0\0\0\0\0\0\0\0\0\0\0\0"..., 10240, 10432) = 10240
fsync(11</tmp/nia-publication-fault-4el264_7/case/store/incoming>) = 0
pread64(3</tmp/nia-publication-fault-4el264_7/case/store/objects/0c/a179e6befeb761f3613f1ef57ca892ebc3a6a228dca32f1309f0ac06a7de7e>, "./control\0\0\0\0\0\0\0\0\0\0\0\0\0\0\0\0\0\0\0\0\0\0\0\0\0\0\0\0\0\0\0\0\0\0\0\0\0\0\0\0\0\0\0\0\0\0\0\0\0\0\0\0\0\0\0\0\0\0\0\0\0\0\0\0\0\0\0\0\0\0\0\0\0\0\0\0\0\0\0\0\0\0\0\0\0\0\0"..., 10240, 132) = 10240
write(10</tmp/nia-publication-fault-4el264_7/case/store/incoming/0ec0165f2ddf0503ce9c9293227c11b1>, "./control\0\0\0\0\0\0\0\0\0\0\0\0\0\0\0\0\0\0\0\0\0\0\0\0\0\0\0\0\0\0\0\0\0\0\0\0\0\0\0\0\0\0\0\0\0\0\0\0\0\0\0\0\0\0\0\0\0\0\0\0\0\0\0\0\0\0\0\0\0\0\0\0\0\0\0\0\0\0\0\0\0\0\0\0\0\0\0"..., 10240) = 10240
fsync(10</tmp/nia-publication-fault-4el264_7/case/store/incoming/0ec0165f2ddf0503ce9c9293227c11b1>) = 0
renameat2(11</tmp/nia-publication-fault-4el264_7/case/store/incoming>, "0ec0165f2ddf0503ce9c9293227c11b1", 10</tmp/nia-publication-fault-4el264_7/case/store/objects/4a>, "36f6eb7c1b236ab6cb28ddb882919e888bf393dfc00d93008ad6730697f8f7", RENAME_NOREPLACE) = -1 EEXIST (File exists)
pread64(10</tmp/nia-publication-fault-4el264_7/case/store/objects/4a/36f6eb7c1b236ab6cb28ddb882919e888bf393dfc00d93008ad6730697f8f7>, "./control\0\0\0\0\0\0\0\0\0\0\0\0\0\0\0\0\0\0\0\0\0\0\0\0\0\0\0\0\0\0\0\0\0\0\0\0\0\0\0\0\0\0\0\0\0\0\0\0\0\0\0\0\0\0\0\0\0\0\0\0\0\0\0\0\0\0\0\0\0\0\0\0\0\0\0\0\0\0\0\0\0\0\0\0\0\0\0"..., 65536, 0) = 10240
pread64(10</tmp/nia-publication-fault-4el264_7/case/store/objects/4a/36f6eb7c1b236ab6cb28ddb882919e888bf393dfc00d93008ad6730697f8f7>, "", 55296, 10240) = 0
pread64(10</tmp/nia-publication-fault-4el264_7/case/store/objects/4a/36f6eb7c1b236ab6cb28ddb882919e888bf393dfc00d93008ad6730697f8f7>, "", 65536, 10240) = 0
fsync(11</tmp/nia-publication-fault-4el264_7/case/store/incoming>) = 0
pread64(3</tmp/nia-publication-fault-4el264_7/case/store/objects/4a/36f6eb7c1b236ab6cb28ddb882919e888bf393dfc00d93008ad6730697f8f7>, "./control\0\0\0\0\0\0\0\0\0\0\0\0\0\0\0\0\0\0\0\0\0\0\0\0\0\0\0\0\0\0\0\0\0\0\0\0\0\0\0\0\0\0\0\0\0\0\0\0\0\0\0\0\0\0\0\0\0\0\0\0\0\0\0\0\0\0\0\0\0\0\0\0\0\0\0\0\0\0\0\0\0\0\0\0\0\0\0"..., 65536, 0) = 10240
pread64(3</tmp/nia-publication-fault-4el264_7/case/store/objects/4a/36f6eb7c1b236ab6cb28ddb882919e888bf393dfc00d93008ad6730697f8f7>, "", 55296, 10240) = 0
pread64(3</tmp/nia-publication-fault-4el264_7/case/store/objects/4a/36f6eb7c1b236ab6cb28ddb882919e888bf393dfc00d93008ad6730697f8f7>, "", 65536, 10240) = 0
pread64(3</tmp/nia-publication-fault-4el264_7/case/store/objects/4a/36f6eb7c1b236ab6cb28ddb882919e888bf393dfc00d93008ad6730697f8f7>, "./control\0\0\0\0\0\0\0\0\0\0\0\0\0\0\0\0\0\0\0\0\0\0\0\0\0\0\0\0\0\0\0\0\0\0\0\0\0\0\0\0\0\0\0\0\0\0\0\0\0\0\0\0\0\0\0\0\0\0\0\0\0\0\0\0\0\0\0\0\0\0\0\0\0\0\0\0\0\0\0\0\0\0\0\0\0\0\0"..., 10240, 0) = 10240
fsync(11</tmp/nia-publication-fault-4el264_7/case/store/incoming>) = 0
write(10</tmp/nia-publication-fault-4el264_7/case/store/incoming/9cc2e4a510b9a5c4cef4e360a363eaab>, "Package: empty-package\nVersion: 1\nArchitecture: all\nMaintainer: Fixture <fixture@example.invalid"..., 149) = 149
fsync(10</tmp/nia-publication-fault-4el264_7/case/store/incoming/9cc2e4a510b9a5c4cef4e360a363eaab>) = 0
renameat2(11</tmp/nia-publication-fault-4el264_7/case/store/incoming>, "9cc2e4a510b9a5c4cef4e360a363eaab", 10</tmp/nia-publication-fault-4el264_7/case/store/objects/a3>, "1a856f430af395bccd7eb2f142b11ad3ae0fc5daf3acc4ffb341c48a5abd39", RENAME_NOREPLACE) = -1 EEXIST (File exists)
pread64(10</tmp/nia-publication-fault-4el264_7/case/store/objects/a3/1a856f430af395bccd7eb2f142b11ad3ae0fc5daf3acc4ffb341c48a5abd39>, "Package: empty-package\nVersion: 1\nArchitecture: all\nMaintainer: Fixture <fixture@example.invalid"..., 65536, 0) = 149
pread64(10</tmp/nia-publication-fault-4el264_7/case/store/objects/a3/1a856f430af395bccd7eb2f142b11ad3ae0fc5daf3acc4ffb341c48a5abd39>, "", 65387, 149) = 0
pread64(10</tmp/nia-publication-fault-4el264_7/case/store/objects/a3/1a856f430af395bccd7eb2f142b11ad3ae0fc5daf3acc4ffb341c48a5abd39>, "", 65536, 149) = 0
fsync(11</tmp/nia-publication-fault-4el264_7/case/store/incoming>) = 0
pread64(3</tmp/nia-publication-fault-4el264_7/case/store/objects/a3/1a856f430af395bccd7eb2f142b11ad3ae0fc5daf3acc4ffb341c48a5abd39>, "Package: empty-package\nVersion: 1\nArchitecture: all\nMaintainer: Fixture <fixture@example.invalid"..., 65536, 0) = 149
pread64(3</tmp/nia-publication-fault-4el264_7/case/store/objects/a3/1a856f430af395bccd7eb2f142b11ad3ae0fc5daf3acc4ffb341c48a5abd39>, "", 65387, 149) = 0
pread64(3</tmp/nia-publication-fault-4el264_7/case/store/objects/a3/1a856f430af395bccd7eb2f142b11ad3ae0fc5daf3acc4ffb341c48a5abd39>, "", 65536, 149) = 0
pread64(3</tmp/nia-publication-fault-4el264_7/case/store/objects/a3/1a856f430af395bccd7eb2f142b11ad3ae0fc5daf3acc4ffb341c48a5abd39>, "Package: empty-package\nVersion: 1\nArchitecture: all\nMaintainer: Fixture <fixture@example.invalid"..., 16777216, 0) = 149
pread64(3</tmp/nia-publication-fault-4el264_7/case/store/objects/a3/1a856f430af395bccd7eb2f142b11ad3ae0fc5daf3acc4ffb341c48a5abd39>, "", 16777067, 149) = 0
pread64(3</tmp/nia-publication-fault-4el264_7/case/store/objects/a3/1a856f430af395bccd7eb2f142b11ad3ae0fc5daf3acc4ffb341c48a5abd39>, "Package: empty-package\nVersion: 1\nArchitecture: all\nMaintainer: Fixture <fixture@example.invalid"..., 65536, 0) = 149
pread64(3</tmp/nia-publication-fault-4el264_7/case/store/objects/a3/1a856f430af395bccd7eb2f142b11ad3ae0fc5daf3acc4ffb341c48a5abd39>, "", 65387, 149) = 0
pread64(3</tmp/nia-publication-fault-4el264_7/case/store/objects/a3/1a856f430af395bccd7eb2f142b11ad3ae0fc5daf3acc4ffb341c48a5abd39>, "", 65536, 149) = 0
pread64(3</tmp/nia-publication-fault-4el264_7/case/store/objects/a3/1a856f430af395bccd7eb2f142b11ad3ae0fc5daf3acc4ffb341c48a5abd39>, "Package: empty-package\nVersion: 1\nArchitecture: all\nMaintainer: Fixture <fixture@example.invalid"..., 16777216, 0) = 149
pread64(3</tmp/nia-publication-fault-4el264_7/case/store/objects/a3/1a856f430af395bccd7eb2f142b11ad3ae0fc5daf3acc4ffb341c48a5abd39>, "", 16777067, 149) = 0
pread64(3</tmp/nia-publication-fault-4el264_7/case/store/objects/0c/a179e6befeb761f3613f1ef57ca892ebc3a6a228dca32f1309f0ac06a7de7e>, "!<arch>\ndebian-binary/  0           0     0     100644  4         `\n2.0\ncontrol.tar/    0       "..., 65536, 0) = 20672
pread64(3</tmp/nia-publication-fault-4el264_7/case/store/objects/0c/a179e6befeb761f3613f1ef57ca892ebc3a6a228dca32f1309f0ac06a7de7e>, "", 44864, 20672) = 0
pread64(3</tmp/nia-publication-fault-4el264_7/case/store/objects/0c/a179e6befeb761f3613f1ef57ca892ebc3a6a228dca32f1309f0ac06a7de7e>, "", 65536, 20672) = 0
pread64(3</tmp/nia-publication-fault-4el264_7/case/store/objects/0c/a179e6befeb761f3613f1ef57ca892ebc3a6a228dca32f1309f0ac06a7de7e>, "!<arch>\n", 8, 0) = 8
pread64(3</tmp/nia-publication-fault-4el264_7/case/store/objects/0c/a179e6befeb761f3613f1ef57ca892ebc3a6a228dca32f1309f0ac06a7de7e>, "debian-binary/  0           0     0     100644  4         `\n", 60, 8) = 60
pread64(3</tmp/nia-publication-fault-4el264_7/case/store/objects/0c/a179e6befeb761f3613f1ef57ca892ebc3a6a228dca32f1309f0ac06a7de7e>, "2.0\n", 4, 68) = 4
pread64(3</tmp/nia-publication-fault-4el264_7/case/store/objects/0c/a179e6befeb761f3613f1ef57ca892ebc3a6a228dca32f1309f0ac06a7de7e>, "2.0\n", 4, 68) = 4
pread64(3</tmp/nia-publication-fault-4el264_7/case/store/objects/0c/a179e6befeb761f3613f1ef57ca892ebc3a6a228dca32f1309f0ac06a7de7e>, "control.tar/    0           0     0     100644  10240     `\n", 60, 72) = 60
pread64(3</tmp/nia-publication-fault-4el264_7/case/store/objects/0c/a179e6befeb761f3613f1ef57ca892ebc3a6a228dca32f1309f0ac06a7de7e>, "./control\0\0\0\0\0\0\0\0\0\0\0\0\0\0\0\0\0\0\0\0\0\0\0\0\0\0\0\0\0\0\0\0\0\0\0\0\0\0\0\0\0\0\0\0\0\0\0\0\0\0\0\0\0\0\0\0\0\0\0\0\0\0\0\0\0\0\0\0\0\0\0\0\0\0\0\0\0\0\0\0\0\0\0\0\0\0\0"..., 10240, 132) = 10240
pread64(3</tmp/nia-publication-fault-4el264_7/case/store/objects/0c/a179e6befeb761f3613f1ef57ca892ebc3a6a228dca32f1309f0ac06a7de7e>, "data.tar/       0           0     0     100644  10240     `\n", 60, 10372) = 60
pread64(3</tmp/nia-publication-fault-4el264_7/case/store/objects/0c/a179e6befeb761f3613f1ef57ca892ebc3a6a228dca32f1309f0ac06a7de7e>, "\0\0\0\0\0\0\0\0\0\0\0\0\0\0\0\0\0\0\0\0\0\0\0\0\0\0\0\0\0\0\0\0\0\0\0\0\0\0\0\0\0\0\0\0\0\0\0\0\0\0\0\0\0\0\0\0\0\0\0\0\0\0\0\0\0\0\0\0\0\0\0\0\0\0\0\0\0\0\0\0\0\0\0\0\0\0\0\0\0\0\0\0\0\0\0\0"..., 10240, 10432) = 10240
pread64(3</tmp/nia-publication-fault-4el264_7/case/store/objects/0c/a179e6befeb761f3613f1ef57ca892ebc3a6a228dca32f1309f0ac06a7de7e>, "!<arch>\ndebian-binary/  0           0     0     100644  4         `\n2.0\ncontrol.tar/    0       "..., 65536, 0) = 20672
pread64(3</tmp/nia-publication-fault-4el264_7/case/store/objects/0c/a179e6befeb761f3613f1ef57ca892ebc3a6a228dca32f1309f0ac06a7de7e>, "", 44864, 20672) = 0
pread64(3</tmp/nia-publication-fault-4el264_7/case/store/objects/0c/a179e6befeb761f3613f1ef57ca892ebc3a6a228dca32f1309f0ac06a7de7e>, "", 65536, 20672) = 0
pread64(3</tmp/nia-publication-fault-4el264_7/case/store/objects/0c/a179e6befeb761f3613f1ef57ca892ebc3a6a228dca32f1309f0ac06a7de7e>, "!<arch>\n", 8, 0) = 8
pread64(3</tmp/nia-publication-fault-4el264_7/case/store/objects/0c/a179e6befeb761f3613f1ef57ca892ebc3a6a228dca32f1309f0ac06a7de7e>, "debian-binary/  0           0     0     100644  4         `\n", 60, 8) = 60
pread64(3</tmp/nia-publication-fault-4el264_7/case/store/objects/0c/a179e6befeb761f3613f1ef57ca892ebc3a6a228dca32f1309f0ac06a7de7e>, "2.0\n", 4, 68) = 4
pread64(3</tmp/nia-publication-fault-4el264_7/case/store/objects/0c/a179e6befeb761f3613f1ef57ca892ebc3a6a228dca32f1309f0ac06a7de7e>, "2.0\n", 4, 68) = 4
pread64(3</tmp/nia-publication-fault-4el264_7/case/store/objects/0c/a179e6befeb761f3613f1ef57ca892ebc3a6a228dca32f1309f0ac06a7de7e>, "control.tar/    0           0     0     100644  10240     `\n", 60, 72) = 60
pread64(3</tmp/nia-publication-fault-4el264_7/case/store/objects/0c/a179e6befeb761f3613f1ef57ca892ebc3a6a228dca32f1309f0ac06a7de7e>, "./control\0\0\0\0\0\0\0\0\0\0\0\0\0\0\0\0\0\0\0\0\0\0\0\0\0\0\0\0\0\0\0\0\0\0\0\0\0\0\0\0\0\0\0\0\0\0\0\0\0\0\0\0\0\0\0\0\0\0\0\0\0\0\0\0\0\0\0\0\0\0\0\0\0\0\0\0\0\0\0\0\0\0\0\0\0\0\0"..., 10240, 132) = 10240
pread64(3</tmp/nia-publication-fault-4el264_7/case/store/objects/0c/a179e6befeb761f3613f1ef57ca892ebc3a6a228dca32f1309f0ac06a7de7e>, "data.tar/       0           0     0     100644  10240     `\n", 60, 10372) = 60
pread64(3</tmp/nia-publication-fault-4el264_7/case/store/objects/0c/a179e6befeb761f3613f1ef57ca892ebc3a6a228dca32f1309f0ac06a7de7e>, "\0\0\0\0\0\0\0\0\0\0\0\0\0\0\0\0\0\0\0\0\0\0\0\0\0\0\0\0\0\0\0\0\0\0\0\0\0\0\0\0\0\0\0\0\0\0\0\0\0\0\0\0\0\0\0\0\0\0\0\0\0\0\0\0\0\0\0\0\0\0\0\0\0\0\0\0\0\0\0\0\0\0\0\0\0\0\0\0\0\0\0\0\0\0\0\0"..., 10240, 10432) = 10240
fsync(11</tmp/nia-publication-fault-4el264_7/case/store/incoming>) = 0
pread64(3</tmp/nia-publication-fault-4el264_7/case/store/objects/0c/a179e6befeb761f3613f1ef57ca892ebc3a6a228dca32f1309f0ac06a7de7e>, "./control\0\0\0\0\0\0\0\0\0\0\0\0\0\0\0\0\0\0\0\0\0\0\0\0\0\0\0\0\0\0\0\0\0\0\0\0\0\0\0\0\0\0\0\0\0\0\0\0\0\0\0\0\0\0\0\0\0\0\0\0\0\0\0\0\0\0\0\0\0\0\0\0\0\0\0\0\0\0\0\0\0\0\0\0\0\0\0"..., 10240, 132) = 10240
write(10</tmp/nia-publication-fault-4el264_7/case/store/incoming/db9f8d67524fd390590df4ad445320cb>, "./control\0\0\0\0\0\0\0\0\0\0\0\0\0\0\0\0\0\0\0\0\0\0\0\0\0\0\0\0\0\0\0\0\0\0\0\0\0\0\0\0\0\0\0\0\0\0\0\0\0\0\0\0\0\0\0\0\0\0\0\0\0\0\0\0\0\0\0\0\0\0\0\0\0\0\0\0\0\0\0\0\0\0\0\0\0\0\0"..., 10240) = 10240
fsync(10</tmp/nia-publication-fault-4el264_7/case/store/incoming/db9f8d67524fd390590df4ad445320cb>) = 0
renameat2(11</tmp/nia-publication-fault-4el264_7/case/store/incoming>, "db9f8d67524fd390590df4ad445320cb", 10</tmp/nia-publication-fault-4el264_7/case/store/objects/4a>, "36f6eb7c1b236ab6cb28ddb882919e888bf393dfc00d93008ad6730697f8f7", RENAME_NOREPLACE) = -1 EEXIST (File exists)
pread64(10</tmp/nia-publication-fault-4el264_7/case/store/objects/4a/36f6eb7c1b236ab6cb28ddb882919e888bf393dfc00d93008ad6730697f8f7>, "./control\0\0\0\0\0\0\0\0\0\0\0\0\0\0\0\0\0\0\0\0\0\0\0\0\0\0\0\0\0\0\0\0\0\0\0\0\0\0\0\0\0\0\0\0\0\0\0\0\0\0\0\0\0\0\0\0\0\0\0\0\0\0\0\0\0\0\0\0\0\0\0\0\0\0\0\0\0\0\0\0\0\0\0\0\0\0\0"..., 65536, 0) = 10240
pread64(10</tmp/nia-publication-fault-4el264_7/case/store/objects/4a/36f6eb7c1b236ab6cb28ddb882919e888bf393dfc00d93008ad6730697f8f7>, "", 55296, 10240) = 0
pread64(10</tmp/nia-publication-fault-4el264_7/case/store/objects/4a/36f6eb7c1b236ab6cb28ddb882919e888bf393dfc00d93008ad6730697f8f7>, "", 65536, 10240) = 0
fsync(11</tmp/nia-publication-fault-4el264_7/case/store/incoming>) = 0
pread64(3</tmp/nia-publication-fault-4el264_7/case/store/objects/4a/36f6eb7c1b236ab6cb28ddb882919e888bf393dfc00d93008ad6730697f8f7>, "./control\0\0\0\0\0\0\0\0\0\0\0\0\0\0\0\0\0\0\0\0\0\0\0\0\0\0\0\0\0\0\0\0\0\0\0\0\0\0\0\0\0\0\0\0\0\0\0\0\0\0\0\0\0\0\0\0\0\0\0\0\0\0\0\0\0\0\0\0\0\0\0\0\0\0\0\0\0\0\0\0\0\0\0\0\0\0\0"..., 65536, 0) = 10240
pread64(3</tmp/nia-publication-fault-4el264_7/case/store/objects/4a/36f6eb7c1b236ab6cb28ddb882919e888bf393dfc00d93008ad6730697f8f7>, "", 55296, 10240) = 0
pread64(3</tmp/nia-publication-fault-4el264_7/case/store/objects/4a/36f6eb7c1b236ab6cb28ddb882919e888bf393dfc00d93008ad6730697f8f7>, "", 65536, 10240) = 0
pread64(3</tmp/nia-publication-fault-4el264_7/case/store/objects/4a/36f6eb7c1b236ab6cb28ddb882919e888bf393dfc00d93008ad6730697f8f7>, "./control\0\0\0\0\0\0\0\0\0\0\0\0\0\0\0\0\0\0\0\0\0\0\0\0\0\0\0\0\0\0\0\0\0\0\0\0\0\0\0\0\0\0\0\0\0\0\0\0\0\0\0\0\0\0\0\0\0\0\0\0\0\0\0\0\0\0\0\0\0\0\0\0\0\0\0\0\0\0\0\0\0\0\0\0\0\0\0"..., 10240, 0) = 10240
fsync(11</tmp/nia-publication-fault-4el264_7/case/store/incoming>) = 0
write(10</tmp/nia-publication-fault-4el264_7/case/store/incoming/66725d4ac811c0d06d9068c857bcbcb5>, "Package: empty-package\nVersion: 1\nArchitecture: all\nMaintainer: Fixture <fixture@example.invalid"..., 149) = 149
fsync(10</tmp/nia-publication-fault-4el264_7/case/store/incoming/66725d4ac811c0d06d9068c857bcbcb5>) = 0
renameat2(11</tmp/nia-publication-fault-4el264_7/case/store/incoming>, "66725d4ac811c0d06d9068c857bcbcb5", 10</tmp/nia-publication-fault-4el264_7/case/store/objects/a3>, "1a856f430af395bccd7eb2f142b11ad3ae0fc5daf3acc4ffb341c48a5abd39", RENAME_NOREPLACE) = -1 EEXIST (File exists)
pread64(10</tmp/nia-publication-fault-4el264_7/case/store/objects/a3/1a856f430af395bccd7eb2f142b11ad3ae0fc5daf3acc4ffb341c48a5abd39>, "Package: empty-package\nVersion: 1\nArchitecture: all\nMaintainer: Fixture <fixture@example.invalid"..., 65536, 0) = 149
pread64(10</tmp/nia-publication-fault-4el264_7/case/store/objects/a3/1a856f430af395bccd7eb2f142b11ad3ae0fc5daf3acc4ffb341c48a5abd39>, "", 65387, 149) = 0
pread64(10</tmp/nia-publication-fault-4el264_7/case/store/objects/a3/1a856f430af395bccd7eb2f142b11ad3ae0fc5daf3acc4ffb341c48a5abd39>, "", 65536, 149) = 0
fsync(11</tmp/nia-publication-fault-4el264_7/case/store/incoming>) = 0
pread64(3</tmp/nia-publication-fault-4el264_7/case/store/objects/0c/a179e6befeb761f3613f1ef57ca892ebc3a6a228dca32f1309f0ac06a7de7e>, "!<arch>\ndebian-binary/  0           0     0     100644  4         `\n2.0\ncontrol.tar/    0       "..., 65536, 0) = 20672
pread64(3</tmp/nia-publication-fault-4el264_7/case/store/objects/0c/a179e6befeb761f3613f1ef57ca892ebc3a6a228dca32f1309f0ac06a7de7e>, "", 44864, 20672) = 0
pread64(3</tmp/nia-publication-fault-4el264_7/case/store/objects/0c/a179e6befeb761f3613f1ef57ca892ebc3a6a228dca32f1309f0ac06a7de7e>, "", 65536, 20672) = 0
pread64(3</tmp/nia-publication-fault-4el264_7/case/store/objects/4a/36f6eb7c1b236ab6cb28ddb882919e888bf393dfc00d93008ad6730697f8f7>, "./control\0\0\0\0\0\0\0\0\0\0\0\0\0\0\0\0\0\0\0\0\0\0\0\0\0\0\0\0\0\0\0\0\0\0\0\0\0\0\0\0\0\0\0\0\0\0\0\0\0\0\0\0\0\0\0\0\0\0\0\0\0\0\0\0\0\0\0\0\0\0\0\0\0\0\0\0\0\0\0\0\0\0\0\0\0\0\0"..., 65536, 0) = 10240
pread64(3</tmp/nia-publication-fault-4el264_7/case/store/objects/4a/36f6eb7c1b236ab6cb28ddb882919e888bf393dfc00d93008ad6730697f8f7>, "", 55296, 10240) = 0
pread64(3</tmp/nia-publication-fault-4el264_7/case/store/objects/4a/36f6eb7c1b236ab6cb28ddb882919e888bf393dfc00d93008ad6730697f8f7>, "", 65536, 10240) = 0
pread64(3</tmp/nia-publication-fault-4el264_7/case/store/objects/84/ff92691f909a05b224e1c56abb4864f01b4f8e3c854e4bb4c7baf1d3f6d652>, "\0\0\0\0\0\0\0\0\0\0\0\0\0\0\0\0\0\0\0\0\0\0\0\0\0\0\0\0\0\0\0\0\0\0\0\0\0\0\0\0\0\0\0\0\0\0\0\0\0\0\0\0\0\0\0\0\0\0\0\0\0\0\0\0\0\0\0\0\0\0\0\0\0\0\0\0\0\0\0\0\0\0\0\0\0\0\0\0\0\0\0\0\0\0\0\0"..., 65536, 0) = 10240
pread64(3</tmp/nia-publication-fault-4el264_7/case/store/objects/84/ff92691f909a05b224e1c56abb4864f01b4f8e3c854e4bb4c7baf1d3f6d652>, "", 55296, 10240) = 0
pread64(3</tmp/nia-publication-fault-4el264_7/case/store/objects/84/ff92691f909a05b224e1c56abb4864f01b4f8e3c854e4bb4c7baf1d3f6d652>, "", 65536, 10240) = 0
pread64(3</tmp/nia-publication-fault-4el264_7/case/store/objects/8e/e688345e1d9502ee8cd7277a453c30bfb77b947201beb3300e9df2b8ca321d>, "\0\0\0\0\0\0\0\10NIACSEL1\273\343\341b6\331$M\267\345\300\262\251\302\306\27f\270\251!\330\260\227\374\323p\347\177\25.\3311\0\0\0\0\0\0\0\1\f\241y\346\276\376\267a\363a?\36\365|\250\222\353\303\246\242(\334\243/\23\t\360\254\6\247\336~J6\366\353|\33#j"..., 65536, 0) = 152
pread64(3</tmp/nia-publication-fault-4el264_7/case/store/objects/8e/e688345e1d9502ee8cd7277a453c30bfb77b947201beb3300e9df2b8ca321d>, "", 65384, 152) = 0
pread64(3</tmp/nia-publication-fault-4el264_7/case/store/objects/8e/e688345e1d9502ee8cd7277a453c30bfb77b947201beb3300e9df2b8ca321d>, "", 65536, 152) = 0
pread64(3</tmp/nia-publication-fault-4el264_7/case/store/objects/a3/1a856f430af395bccd7eb2f142b11ad3ae0fc5daf3acc4ffb341c48a5abd39>, "Package: empty-package\nVersion: 1\nArchitecture: all\nMaintainer: Fixture <fixture@example.invalid"..., 65536, 0) = 149
pread64(3</tmp/nia-publication-fault-4el264_7/case/store/objects/a3/1a856f430af395bccd7eb2f142b11ad3ae0fc5daf3acc4ffb341c48a5abd39>, "", 65387, 149) = 0
pread64(3</tmp/nia-publication-fault-4el264_7/case/store/objects/a3/1a856f430af395bccd7eb2f142b11ad3ae0fc5daf3acc4ffb341c48a5abd39>, "", 65536, 149) = 0
fsync(10</tmp/nia-publication-fault-4el264_7/case/store/incoming>) = 0
write(3</tmp/nia-publication-fault-4el264_7/case/store/incoming/a3b699edd4281175eedaf2f0e5e1da8c>, "NIACLOS1\216\346\2104^\35\225\2\356\214\327'zE<0\277\267{\224r\1\276\2630\16\235\362\270\3122\35\273\343\341b6\331$M\267\345\300\262\251\302\306\27f\270\251!\330\260\227\374\323p\347\177\25.\3311\0\0\0\0\0\0\0\5", 80) = 80
write(3</tmp/nia-publication-fault-4el264_7/case/store/incoming/a3b699edd4281175eedaf2f0e5e1da8c>, "\f\241y\346\276\376\267a\363a?\36\365|\250\222\353\303\246\242(\334\243/\23\t\360\254\6\247\336~", 32) = 32
write(3</tmp/nia-publication-fault-4el264_7/case/store/incoming/a3b699edd4281175eedaf2f0e5e1da8c>, "J6\366\353|\33#j\266\313(\335\270\202\221\236\210\213\363\223\337\300\r\223\0\212\326s\6\227\370\367", 32) = 32
write(3</tmp/nia-publication-fault-4el264_7/case/store/incoming/a3b699edd4281175eedaf2f0e5e1da8c>, "\204\377\222i\37\220\232\5\262$\341\305j\273Hd\360\33O\216<\205NK\264\307\272\361\323\366\326R", 32) = 32
write(3</tmp/nia-publication-fault-4el264_7/case/store/incoming/a3b699edd4281175eedaf2f0e5e1da8c>, "\216\346\2104^\35\225\2\356\214\327'zE<0\277\267{\224r\1\276\2630\16\235\362\270\3122\35", 32) = 32
write(3</tmp/nia-publication-fault-4el264_7/case/store/incoming/a3b699edd4281175eedaf2f0e5e1da8c>, "\243\32\205oC\n\363\225\274\315~\262\361B\261\32\323\256\17\305\332\363\254\304\377\263A\304\212Z\2759", 32) = 32
fsync(3</tmp/nia-publication-fault-4el264_7/case/store/incoming/a3b699edd4281175eedaf2f0e5e1da8c>) = 0
renameat2(10</tmp/nia-publication-fault-4el264_7/case/store/incoming>, "a3b699edd4281175eedaf2f0e5e1da8c", 3</tmp/nia-publication-fault-4el264_7/case/store/objects/32>, "094e7c613fdb6dffb1f27d926b176f7fd8946b8c2cf3ca9e3b95cb91a1a8ca", RENAME_NOREPLACE) = -1 EEXIST (File exists)
pread64(3</tmp/nia-publication-fault-4el264_7/case/store/objects/32/094e7c613fdb6dffb1f27d926b176f7fd8946b8c2cf3ca9e3b95cb91a1a8ca>, "NIACLOS1\216\346\2104^\35\225\2\356\214\327'zE<0\277\267{\224r\1\276\2630\16\235\362\270\3122\35\273\343\341b6\331$M\267\345\300\262\251\302\306\27f\270\251!\330\260\227\374\323p\347\177\25.\3311\0\0\0\0\0\0\0\5\f\241y\346\276\376\267a\363a?\36\365|\250\222"..., 65536, 0) = 240
pread64(3</tmp/nia-publication-fault-4el264_7/case/store/objects/32/094e7c613fdb6dffb1f27d926b176f7fd8946b8c2cf3ca9e3b95cb91a1a8ca>, "", 65296, 240) = 0
pread64(3</tmp/nia-publication-fault-4el264_7/case/store/objects/32/094e7c613fdb6dffb1f27d926b176f7fd8946b8c2cf3ca9e3b95cb91a1a8ca>, "", 65536, 240) = 0
fsync(10</tmp/nia-publication-fault-4el264_7/case/store/incoming>) = 0
pread64(3</tmp/nia-publication-fault-4el264_7/case/root/.mission/root.id>, "\37\37\37\37\37\37\37\37\37\37\37\37\37\37\37\37", 16, 0) = 16
pread64(3</tmp/nia-publication-fault-4el264_7/case/state/root.state>, "MCROOT02\37\37\37\37\37\37\37\37\37\37\37\37\37\37\37\37\0\0\0\0\0\0\0\0================|(\260]\354\310\366\2733\266\317\17dlZ\365\252\200U\340\nL\366\332\32tk\326;\35\36\362\0\0\0\0\0\0\0\0\0\0\0\0\0\0\0\0"..., 192, 0) = 192
fsync(3</tmp/nia-publication-fault-4el264_7/case/bank/29292929292929292929292929292929/state>) = 0
pread64(3</tmp/nia-publication-fault-4el264_7/case/bank/29292929292929292929292929292929/state/generation.manifest>, "NIAGEN04))))))))))))))))3333333333333333\0\0\0\0\0\0\0\1\0\0\0\0\0\0\0\2\216\346\2104^\35\225\2\356\214\327'zE<0\277\267{\224r\1\276\2630\16\235\362\270\3122\35\"\"\"\"\"\"\"\""..., 32992, 0) = 288
pread64(3</tmp/nia-publication-fault-4el264_7/case/bank/29292929292929292929292929292929/state/generation.manifest>, "", 32704, 288) = 0
fsync(3</tmp/nia-publication-fault-4el264_7/case/bank/29292929292929292929292929292929/state>) = 0
pread64(3</tmp/nia-publication-fault-4el264_7/case/bank/29292929292929292929292929292929/root/.mission/root.id>, "))))))))))))))))", 16, 0) = 16
pread64(3</tmp/nia-publication-fault-4el264_7/case/bank/29292929292929292929292929292929/state/root.state>, "MCROOT02))))))))))))))))\0\0\0\0\0\0\0\1\0\0\0\0\0\0\0\0\0\0\0\0\0\0\0\0\0\0\0\0\0\0\0\0\0\0\0\0\0\0\0\0\0\0\0\0\0\0\0\0\0\0\0\0\0\0\0\0\6>\23t\214\2765\223Zh\362\244\350\23\343\4"..., 192, 0) = 192
fsync(3</tmp/nia-publication-fault-4el264_7/case/store>) = 0
pread64(3</tmp/nia-publication-fault-4el264_7/case/store/pins/33333333333333333333333333333333>, "EN\16:\276\304-E\373\22\204\265\26:\214\305\301\1\4\312\17\2\177.%\237)jJ\374\31\270", 33, 0) = 32
pread64(3</tmp/nia-publication-fault-4el264_7/case/store/pins/33333333333333333333333333333333>, "", 1, 32) = 0
pread64(3</tmp/nia-publication-fault-4el264_7/case/store/objects/8e/e688345e1d9502ee8cd7277a453c30bfb77b947201beb3300e9df2b8ca321d>, "\0\0\0\0\0\0\0\10NIACSEL1\273\343\341b6\331$M\267\345\300\262\251\302\306\27f\270\251!\330\260\227\374\323p\347\177\25.\3311\0\0\0\0\0\0\0\1\f\241y\346\276\376\267a\363a?\36\365|\250\222\353\303\246\242(\334\243/\23\t\360\254\6\247\336~J6\366\353|\33#j"..., 65536, 0) = 152
pread64(3</tmp/nia-publication-fault-4el264_7/case/store/objects/8e/e688345e1d9502ee8cd7277a453c30bfb77b947201beb3300e9df2b8ca321d>, "", 65384, 152) = 0
pread64(3</tmp/nia-publication-fault-4el264_7/case/store/objects/8e/e688345e1d9502ee8cd7277a453c30bfb77b947201beb3300e9df2b8ca321d>, "", 65536, 152) = 0
pread64(3</tmp/nia-publication-fault-4el264_7/case/store/objects/06/3e13748cbe35935a68f2a4e813e304a840ad6be46e05313190b7df3df64069>, "MCPLAN02))))))))))))))))J\221\251af\2333\363\322\2457\334\20\314\305\221\0\0\0\0\0\0\0\0\0\0\0\0\0\0\0\1\0\0\0\0\0\0\0\1\0\0\0\0\0\0\0\2\216\346\2104^\35\225\2\356\214\327'zE<0\277\267{\224r\1\276\263"..., 65536, 0) = 995
pread64(3</tmp/nia-publication-fault-4el264_7/case/store/objects/06/3e13748cbe35935a68f2a4e813e304a840ad6be46e05313190b7df3df64069>, "", 64541, 995) = 0
pread64(3</tmp/nia-publication-fault-4el264_7/case/store/objects/06/3e13748cbe35935a68f2a4e813e304a840ad6be46e05313190b7df3df64069>, "", 65536, 995) = 0
pread64(3</tmp/nia-publication-fault-4el264_7/case/store/objects/06/3e13748cbe35935a68f2a4e813e304a840ad6be46e05313190b7df3df64069>, "MCPLAN02))))))))))))))))J\221\251af\2333\363\322\2457\334\20\314\305\221\0\0\0\0\0\0\0\0\0\0\0\0\0\0\0\1\0\0\0\0\0\0\0\1\0\0\0\0\0\0\0\2\216\346\2104^\35\225\2\356\214\327'zE<0\277\267{\224r\1\276\263"..., 4500000, 0) = 995
pread64(3</tmp/nia-publication-fault-4el264_7/case/store/objects/06/3e13748cbe35935a68f2a4e813e304a840ad6be46e05313190b7df3df64069>, "", 4499005, 995) = 0
pread64(3</tmp/nia-publication-fault-4el264_7/case/store/objects/66/a6757151f8ee55db127716c7e3dce0be8074b64e20eda542e5c1e46ca9c41e>, "\7\10\t", 65536, 0) = 3
pread64(3</tmp/nia-publication-fault-4el264_7/case/store/objects/66/a6757151f8ee55db127716c7e3dce0be8074b64e20eda542e5c1e46ca9c41e>, "", 65533, 3) = 0
pread64(3</tmp/nia-publication-fault-4el264_7/case/store/objects/66/a6757151f8ee55db127716c7e3dce0be8074b64e20eda542e5c1e46ca9c41e>, "", 65536, 3) = 0
pread64(3</tmp/nia-publication-fault-4el264_7/case/store/objects/96/a296d224f285c67bee93c30f8a309157f0daa35dc5b87e410b78630a09cfc7>, "\0\0", 65536, 0) = 2
pread64(3</tmp/nia-publication-fault-4el264_7/case/store/objects/96/a296d224f285c67bee93c30f8a309157f0daa35dc5b87e410b78630a09cfc7>, "", 65534, 2) = 0
pread64(3</tmp/nia-publication-fault-4el264_7/case/store/objects/96/a296d224f285c67bee93c30f8a309157f0daa35dc5b87e410b78630a09cfc7>, "", 65536, 2) = 0
pread64(3</tmp/nia-publication-fault-4el264_7/case/store/objects/8e/e688345e1d9502ee8cd7277a453c30bfb77b947201beb3300e9df2b8ca321d>, "\0\0\0\0\0\0\0\10NIACSEL1\273\343\341b6\331$M\267\345\300\262\251\302\306\27f\270\251!\330\260\227\374\323p\347\177\25.\3311\0\0\0\0\0\0\0\1\f\241y\346\276\376\267a\363a?\36\365|\250\222\353\303\246\242(\334\243/\23\t\360\254\6\247\336~J6\366\353|\33#j"..., 65536, 0) = 152
pread64(3</tmp/nia-publication-fault-4el264_7/case/store/objects/8e/e688345e1d9502ee8cd7277a453c30bfb77b947201beb3300e9df2b8ca321d>, "", 65384, 152) = 0
pread64(3</tmp/nia-publication-fault-4el264_7/case/store/objects/8e/e688345e1d9502ee8cd7277a453c30bfb77b947201beb3300e9df2b8ca321d>, "", 65536, 152) = 0
pread64(3</tmp/nia-publication-fault-4el264_7/case/store/objects/96/a296d224f285c67bee93c30f8a309157f0daa35dc5b87e410b78630a09cfc7>, "\0\0", 65536, 0) = 2
pread64(3</tmp/nia-publication-fault-4el264_7/case/store/objects/96/a296d224f285c67bee93c30f8a309157f0daa35dc5b87e410b78630a09cfc7>, "", 65534, 2) = 0
pread64(3</tmp/nia-publication-fault-4el264_7/case/store/objects/96/a296d224f285c67bee93c30f8a309157f0daa35dc5b87e410b78630a09cfc7>, "", 65536, 2) = 0
pread64(3</tmp/nia-publication-fault-4el264_7/case/store/objects/96/a296d224f285c67bee93c30f8a309157f0daa35dc5b87e410b78630a09cfc7>, "\0\0", 65536, 0) = 2
pread64(3</tmp/nia-publication-fault-4el264_7/case/store/objects/96/a296d224f285c67bee93c30f8a309157f0daa35dc5b87e410b78630a09cfc7>, "", 65534, 2) = 0
pread64(3</tmp/nia-publication-fault-4el264_7/case/store/objects/96/a296d224f285c67bee93c30f8a309157f0daa35dc5b87e410b78630a09cfc7>, "", 65536, 2) = 0
pread64(3</tmp/nia-publication-fault-4el264_7/case/store/objects/8e/e688345e1d9502ee8cd7277a453c30bfb77b947201beb3300e9df2b8ca321d>, "\0\0\0\0\0\0\0\10NIACSEL1\273\343\341b6\331$M\267\345\300\262\251\302\306\27f\270\251!\330\260\227\374\323p\347\177\25.\3311\0\0\0\0\0\0\0\1\f\241y\346\276\376\267a\363a?\36\365|\250\222\353\303\246\242(\334\243/\23\t\360\254\6\247\336~J6\366\353|\33#j"..., 65536, 0) = 152
pread64(3</tmp/nia-publication-fault-4el264_7/case/store/objects/8e/e688345e1d9502ee8cd7277a453c30bfb77b947201beb3300e9df2b8ca321d>, "", 65384, 152) = 0
pread64(3</tmp/nia-publication-fault-4el264_7/case/store/objects/8e/e688345e1d9502ee8cd7277a453c30bfb77b947201beb3300e9df2b8ca321d>, "", 65536, 152) = 0
pread64(3</tmp/nia-publication-fault-4el264_7/case/store/objects/b2/d93d1647239d0ba4daeaa2a008547e866b63fe552b7835bb1cf81afd008832>, "NIASPOL1~R\322\ng\4\374Nt{\300\301\330\36\340\226\257\27\360\206\320\344f\21\354\217~\254\226\320\232\"\0\0\0\0\0\0\3\350\0\0\0\0\0\0\0\1GGGGGGGGGGGGGGGGGGGGGGGGGGGGGGGG\212\210\343\335t\t\361\225"..., 65536, 0) = 136
pread64(3</tmp/nia-publication-fault-4el264_7/case/store/objects/b2/d93d1647239d0ba4daeaa2a008547e866b63fe552b7835bb1cf81afd008832>, "", 65400, 136) = 0
pread64(3</tmp/nia-publication-fault-4el264_7/case/store/objects/b2/d93d1647239d0ba4daeaa2a008547e866b63fe552b7835bb1cf81afd008832>, "", 65536, 136) = 0
pread64(3</tmp/nia-publication-fault-4el264_7/case/store/objects/b2/d93d1647239d0ba4daeaa2a008547e866b63fe552b7835bb1cf81afd008832>, "NIASPOL1~R\322\ng\4\374Nt{\300\301\330\36\340\226\257\27\360\206\320\344f\21\354\217~\254\226\320\232\"\0\0\0\0\0\0\3\350\0\0\0\0\0\0\0\1GGGGGGGGGGGGGGGGGGGGGGGGGGGGGGGG\212\210\343\335t\t\361\225"..., 20536, 0) = 136
pread64(3</tmp/nia-publication-fault-4el264_7/case/store/objects/b2/d93d1647239d0ba4daeaa2a008547e866b63fe552b7835bb1cf81afd008832>, "", 20400, 136) = 0
pread64(3</tmp/nia-publication-fault-4el264_7/case/store/objects/7e/52d20a6704fc4e747bc0c1d81ee096af17f086d0e46611ec8f7eac96d09a22>, "NIASMAP1\37\37\37\37\37\37\37\37\37\37\37\37\37\37\37\37\0\0\0\0\0\0\0\0\0\0\0\0\0\0\0\0\0\0\0\0\0\0\0\0\0\0\0\0\0\0\0\0\0\0\0\0\0\0\0\0\0\0\0\0\0\0\0\0\0\0\0\0\0\0\0\0\0\0\0\0\0\0\0\0\216\346\2104^\35\225\2"..., 65536, 0) = 256
pread64(3</tmp/nia-publication-fault-4el264_7/case/store/objects/7e/52d20a6704fc4e747bc0c1d81ee096af17f086d0e46611ec8f7eac96d09a22>, "", 65280, 256) = 0
pread64(3</tmp/nia-publication-fault-4el264_7/case/store/objects/7e/52d20a6704fc4e747bc0c1d81ee096af17f086d0e46611ec8f7eac96d09a22>, "", 65536, 256) = 0
pread64(3</tmp/nia-publication-fault-4el264_7/case/store/objects/7e/52d20a6704fc4e747bc0c1d81ee096af17f086d0e46611ec8f7eac96d09a22>, "NIASMAP1\37\37\37\37\37\37\37\37\37\37\37\37\37\37\37\37\0\0\0\0\0\0\0\0\0\0\0\0\0\0\0\0\0\0\0\0\0\0\0\0\0\0\0\0\0\0\0\0\0\0\0\0\0\0\0\0\0\0\0\0\0\0\0\0\0\0\0\0\0\0\0\0\0\0\0\0\0\0\0\0\216\346\2104^\35\225\2"..., 393376, 0) = 256
pread64(3</tmp/nia-publication-fault-4el264_7/case/store/objects/7e/52d20a6704fc4e747bc0c1d81ee096af17f086d0e46611ec8f7eac96d09a22>, "", 393120, 256) = 0
pread64(3</tmp/nia-publication-fault-4el264_7/case/store/objects/8e/e688345e1d9502ee8cd7277a453c30bfb77b947201beb3300e9df2b8ca321d>, "\0\0\0\0\0\0\0\10NIACSEL1\273\343\341b6\331$M\267\345\300\262\251\302\306\27f\270\251!\330\260\227\374\323p\347\177\25.\3311\0\0\0\0\0\0\0\1\f\241y\346\276\376\267a\363a?\36\365|\250\222\353\303\246\242(\334\243/\23\t\360\254\6\247\336~J6\366\353|\33#j"..., 65536, 0) = 152
pread64(3</tmp/nia-publication-fault-4el264_7/case/store/objects/8e/e688345e1d9502ee8cd7277a453c30bfb77b947201beb3300e9df2b8ca321d>, "", 65384, 152) = 0
pread64(3</tmp/nia-publication-fault-4el264_7/case/store/objects/8e/e688345e1d9502ee8cd7277a453c30bfb77b947201beb3300e9df2b8ca321d>, "", 65536, 152) = 0
pread64(3</tmp/nia-publication-fault-4el264_7/case/store/objects/32/094e7c613fdb6dffb1f27d926b176f7fd8946b8c2cf3ca9e3b95cb91a1a8ca>, "NIACLOS1\216\346\2104^\35\225\2\356\214\327'zE<0\277\267{\224r\1\276\2630\16\235\362\270\3122\35\273\343\341b6\331$M\267\345\300\262\251\302\306\27f\270\251!\330\260\227\374\323p\347\177\25.\3311\0\0\0\0\0\0\0\5\f\241y\346\276\376\267a\363a?\36\365|\250\222"..., 65536, 0) = 240
pread64(3</tmp/nia-publication-fault-4el264_7/case/store/objects/32/094e7c613fdb6dffb1f27d926b176f7fd8946b8c2cf3ca9e3b95cb91a1a8ca>, "", 65296, 240) = 0
pread64(3</tmp/nia-publication-fault-4el264_7/case/store/objects/32/094e7c613fdb6dffb1f27d926b176f7fd8946b8c2cf3ca9e3b95cb91a1a8ca>, "", 65536, 240) = 0
pread64(3</tmp/nia-publication-fault-4el264_7/case/store/objects/be/79019cd624c1b58af3cac32a235b467dac74ebfc6ee94e6390a198650449a5>, "NIASUP01GGGGGGGGGGGGGGGGGGGGGGGGGGGGGGGGf\246uqQ\370\356U\333\22w\26\307\343\334\340\276\200t\266N \355\245B\345\301\344l\251\304\36\f\241y\346\276\376\267a\363a?\36\365|\250\222\353\303\246\242(\334\243/"..., 65536, 0) = 320
pread64(3</tmp/nia-publication-fault-4el264_7/case/store/objects/be/79019cd624c1b58af3cac32a235b467dac74ebfc6ee94e6390a198650449a5>, "", 65216, 320) = 0
pread64(3</tmp/nia-publication-fault-4el264_7/case/store/objects/be/79019cd624c1b58af3cac32a235b467dac74ebfc6ee94e6390a198650449a5>, "", 65536, 320) = 0
pread64(3</tmp/nia-publication-fault-4el264_7/case/store/objects/be/79019cd624c1b58af3cac32a235b467dac74ebfc6ee94e6390a198650449a5>, "NIASUP01GGGGGGGGGGGGGGGGGGGGGGGGGGGGGGGGf\246uqQ\370\356U\333\22w\26\307\343\334\340\276\200t\266N \355\245B\345\301\344l\251\304\36\f\241y\346\276\376\267a\363a?\36\365|\250\222\353\303\246\242(\334\243/"..., 320, 0) = 320
pread64(3</tmp/nia-publication-fault-4el264_7/case/store/objects/66/a6757151f8ee55db127716c7e3dce0be8074b64e20eda542e5c1e46ca9c41e>, "\7\10\t", 65536, 0) = 3
pread64(3</tmp/nia-publication-fault-4el264_7/case/store/objects/66/a6757151f8ee55db127716c7e3dce0be8074b64e20eda542e5c1e46ca9c41e>, "", 65533, 3) = 0
pread64(3</tmp/nia-publication-fault-4el264_7/case/store/objects/66/a6757151f8ee55db127716c7e3dce0be8074b64e20eda542e5c1e46ca9c41e>, "", 65536, 3) = 0
pread64(3</tmp/nia-publication-fault-4el264_7/case/store/objects/0c/a179e6befeb761f3613f1ef57ca892ebc3a6a228dca32f1309f0ac06a7de7e>, "!<arch>\ndebian-binary/  0           0     0     100644  4         `\n2.0\ncontrol.tar/    0       "..., 65536, 0) = 20672
pread64(3</tmp/nia-publication-fault-4el264_7/case/store/objects/0c/a179e6befeb761f3613f1ef57ca892ebc3a6a228dca32f1309f0ac06a7de7e>, "", 44864, 20672) = 0
pread64(3</tmp/nia-publication-fault-4el264_7/case/store/objects/0c/a179e6befeb761f3613f1ef57ca892ebc3a6a228dca32f1309f0ac06a7de7e>, "", 65536, 20672) = 0
pread64(3</tmp/nia-publication-fault-4el264_7/case/store/objects/a3/1a856f430af395bccd7eb2f142b11ad3ae0fc5daf3acc4ffb341c48a5abd39>, "Package: empty-package\nVersion: 1\nArchitecture: all\nMaintainer: Fixture <fixture@example.invalid"..., 65536, 0) = 149
pread64(3</tmp/nia-publication-fault-4el264_7/case/store/objects/a3/1a856f430af395bccd7eb2f142b11ad3ae0fc5daf3acc4ffb341c48a5abd39>, "", 65387, 149) = 0
pread64(3</tmp/nia-publication-fault-4el264_7/case/store/objects/a3/1a856f430af395bccd7eb2f142b11ad3ae0fc5daf3acc4ffb341c48a5abd39>, "", 65536, 149) = 0
pread64(3</tmp/nia-publication-fault-4el264_7/case/store/objects/66/a6757151f8ee55db127716c7e3dce0be8074b64e20eda542e5c1e46ca9c41e>, "\7\10\t", 65536, 0) = 3
pread64(3</tmp/nia-publication-fault-4el264_7/case/store/objects/66/a6757151f8ee55db127716c7e3dce0be8074b64e20eda542e5c1e46ca9c41e>, "", 65533, 3) = 0
pread64(3</tmp/nia-publication-fault-4el264_7/case/store/objects/66/a6757151f8ee55db127716c7e3dce0be8074b64e20eda542e5c1e46ca9c41e>, "", 65536, 3) = 0
pread64(3</tmp/nia-publication-fault-4el264_7/case/store/objects/66/a6757151f8ee55db127716c7e3dce0be8074b64e20eda542e5c1e46ca9c41e>, "\7\10\t", 65536, 0) = 3
pread64(3</tmp/nia-publication-fault-4el264_7/case/store/objects/66/a6757151f8ee55db127716c7e3dce0be8074b64e20eda542e5c1e46ca9c41e>, "", 65533, 3) = 0
pread64(3</tmp/nia-publication-fault-4el264_7/case/store/objects/66/a6757151f8ee55db127716c7e3dce0be8074b64e20eda542e5c1e46ca9c41e>, "", 65536, 3) = 0
pread64(3</tmp/nia-publication-fault-4el264_7/case/store/objects/66/a6757151f8ee55db127716c7e3dce0be8074b64e20eda542e5c1e46ca9c41e>, "\7\10\t", 65536, 0) = 3
pread64(3</tmp/nia-publication-fault-4el264_7/case/store/objects/66/a6757151f8ee55db127716c7e3dce0be8074b64e20eda542e5c1e46ca9c41e>, "", 65533, 3) = 0
pread64(3</tmp/nia-publication-fault-4el264_7/case/store/objects/66/a6757151f8ee55db127716c7e3dce0be8074b64e20eda542e5c1e46ca9c41e>, "", 65536, 3) = 0
pread64(3</tmp/nia-publication-fault-4el264_7/case/store/objects/38/c0e841345eeb0948445869eb5553bb39ebf66c24fe6fa00123868f32600451>, "NIAGINT1\37\37\37\37\37\37\37\37\37\37\37\37\37\37\37\37\0\0\0\0\0\0\0\0\0\0\0\0\0\0\0\0\0\0\0\0\0\0\0\0\0\0\0\0\0\0\0\0\216\346\2104^\35\225\2\356\214\327'zE<0\277\267{\224r\1\276\2630\16\235\362\270\3122\0352\tN|a?\333m"..., 65536, 0) = 206
pread64(3</tmp/nia-publication-fault-4el264_7/case/store/objects/38/c0e841345eeb0948445869eb5553bb39ebf66c24fe6fa00123868f32600451>, "", 65330, 206) = 0
pread64(3</tmp/nia-publication-fault-4el264_7/case/store/objects/38/c0e841345eeb0948445869eb5553bb39ebf66c24fe6fa00123868f32600451>, "", 65536, 206) = 0
pread64(3</tmp/nia-publication-fault-4el264_7/case/store/objects/38/c0e841345eeb0948445869eb5553bb39ebf66c24fe6fa00123868f32600451>, "NIAGINT1\37\37\37\37\37\37\37\37\37\37\37\37\37\37\37\37\0\0\0\0\0\0\0\0\0\0\0\0\0\0\0\0\0\0\0\0\0\0\0\0\0\0\0\0\0\0\0\0\216\346\2104^\35\225\2\356\214\327'zE<0\277\267{\224r\1\276\2630\16\235\362\270\3122\0352\tN|a?\333m"..., 1053888, 0) = 206
pread64(3</tmp/nia-publication-fault-4el264_7/case/store/objects/38/c0e841345eeb0948445869eb5553bb39ebf66c24fe6fa00123868f32600451>, "", 1053682, 206) = 0
pread64(3</tmp/nia-publication-fault-4el264_7/case/store/objects/32/094e7c613fdb6dffb1f27d926b176f7fd8946b8c2cf3ca9e3b95cb91a1a8ca>, "NIACLOS1\216\346\2104^\35\225\2\356\214\327'zE<0\277\267{\224r\1\276\2630\16\235\362\270\3122\35\273\343\341b6\331$M\267\345\300\262\251\302\306\27f\270\251!\330\260\227\374\323p\347\177\25.\3311\0\0\0\0\0\0\0\5\f\241y\346\276\376\267a\363a?\36\365|\250\222"..., 65536, 0) = 240
pread64(3</tmp/nia-publication-fault-4el264_7/case/store/objects/32/094e7c613fdb6dffb1f27d926b176f7fd8946b8c2cf3ca9e3b95cb91a1a8ca>, "", 65296, 240) = 0
pread64(3</tmp/nia-publication-fault-4el264_7/case/store/objects/32/094e7c613fdb6dffb1f27d926b176f7fd8946b8c2cf3ca9e3b95cb91a1a8ca>, "", 65536, 240) = 0
pread64(3</tmp/nia-publication-fault-4el264_7/case/store/objects/32/094e7c613fdb6dffb1f27d926b176f7fd8946b8c2cf3ca9e3b95cb91a1a8ca>, "NIACLOS1\216\346\2104^\35\225\2\356\214\327'zE<0\277\267{\224r\1\276\2630\16\235\362\270\3122\35\273\343\341b6\331$M\267\345\300\262\251\302\306\27f\270\251!\330\260\227\374\323p\347\177\25.\3311\0\0\0\0\0\0\0\5", 80, 0) = 80
pread64(3</tmp/nia-publication-fault-4el264_7/case/store/objects/32/094e7c613fdb6dffb1f27d926b176f7fd8946b8c2cf3ca9e3b95cb91a1a8ca>, "\f\241y\346\276\376\267a\363a?\36\365|\250\222\353\303\246\242(\334\243/\23\t\360\254\6\247\336~", 32, 80) = 32
pread64(13</tmp/nia-publication-fault-4el264_7/case/store/objects/0c/a179e6befeb761f3613f1ef57ca892ebc3a6a228dca32f1309f0ac06a7de7e>, "!<arch>\ndebian-binary/  0           0     0     100644  4         `\n2.0\ncontrol.tar/    0       "..., 65536, 0) = 20672
pread64(13</tmp/nia-publication-fault-4el264_7/case/store/objects/0c/a179e6befeb761f3613f1ef57ca892ebc3a6a228dca32f1309f0ac06a7de7e>, "", 44864, 20672) = 0
pread64(13</tmp/nia-publication-fault-4el264_7/case/store/objects/0c/a179e6befeb761f3613f1ef57ca892ebc3a6a228dca32f1309f0ac06a7de7e>, "", 65536, 20672) = 0
pread64(3</tmp/nia-publication-fault-4el264_7/case/store/objects/32/094e7c613fdb6dffb1f27d926b176f7fd8946b8c2cf3ca9e3b95cb91a1a8ca>, "J6\366\353|\33#j\266\313(\335\270\202\221\236\210\213\363\223\337\300\r\223\0\212\326s\6\227\370\367", 32, 112) = 32
pread64(13</tmp/nia-publication-fault-4el264_7/case/store/objects/4a/36f6eb7c1b236ab6cb28ddb882919e888bf393dfc00d93008ad6730697f8f7>, "./control\0\0\0\0\0\0\0\0\0\0\0\0\0\0\0\0\0\0\0\0\0\0\0\0\0\0\0\0\0\0\0\0\0\0\0\0\0\0\0\0\0\0\0\0\0\0\0\0\0\0\0\0\0\0\0\0\0\0\0\0\0\0\0\0\0\0\0\0\0\0\0\0\0\0\0\0\0\0\0\0\0\0\0\0\0\0\0"..., 65536, 0) = 10240
pread64(13</tmp/nia-publication-fault-4el264_7/case/store/objects/4a/36f6eb7c1b236ab6cb28ddb882919e888bf393dfc00d93008ad6730697f8f7>, "", 55296, 10240) = 0
pread64(13</tmp/nia-publication-fault-4el264_7/case/store/objects/4a/36f6eb7c1b236ab6cb28ddb882919e888bf393dfc00d93008ad6730697f8f7>, "", 65536, 10240) = 0
pread64(3</tmp/nia-publication-fault-4el264_7/case/store/objects/32/094e7c613fdb6dffb1f27d926b176f7fd8946b8c2cf3ca9e3b95cb91a1a8ca>, "\204\377\222i\37\220\232\5\262$\341\305j\273Hd\360\33O\216<\205NK\264\307\272\361\323\366\326R", 32, 144) = 32
pread64(13</tmp/nia-publication-fault-4el264_7/case/store/objects/84/ff92691f909a05b224e1c56abb4864f01b4f8e3c854e4bb4c7baf1d3f6d652>, "\0\0\0\0\0\0\0\0\0\0\0\0\0\0\0\0\0\0\0\0\0\0\0\0\0\0\0\0\0\0\0\0\0\0\0\0\0\0\0\0\0\0\0\0\0\0\0\0\0\0\0\0\0\0\0\0\0\0\0\0\0\0\0\0\0\0\0\0\0\0\0\0\0\0\0\0\0\0\0\0\0\0\0\0\0\0\0\0\0\0\0\0\0\0\0\0"..., 65536, 0) = 10240
pread64(13</tmp/nia-publication-fault-4el264_7/case/store/objects/84/ff92691f909a05b224e1c56abb4864f01b4f8e3c854e4bb4c7baf1d3f6d652>, "", 55296, 10240) = 0
pread64(13</tmp/nia-publication-fault-4el264_7/case/store/objects/84/ff92691f909a05b224e1c56abb4864f01b4f8e3c854e4bb4c7baf1d3f6d652>, "", 65536, 10240) = 0
pread64(3</tmp/nia-publication-fault-4el264_7/case/store/objects/32/094e7c613fdb6dffb1f27d926b176f7fd8946b8c2cf3ca9e3b95cb91a1a8ca>, "\216\346\2104^\35\225\2\356\214\327'zE<0\277\267{\224r\1\276\2630\16\235\362\270\3122\35", 32, 176) = 32
pread64(13</tmp/nia-publication-fault-4el264_7/case/store/objects/8e/e688345e1d9502ee8cd7277a453c30bfb77b947201beb3300e9df2b8ca321d>, "\0\0\0\0\0\0\0\10NIACSEL1\273\343\341b6\331$M\267\345\300\262\251\302\306\27f\270\251!\330\260\227\374\323p\347\177\25.\3311\0\0\0\0\0\0\0\1\f\241y\346\276\376\267a\363a?\36\365|\250\222\353\303\246\242(\334\243/\23\t\360\254\6\247\336~J6\366\353|\33#j"..., 65536, 0) = 152
pread64(13</tmp/nia-publication-fault-4el264_7/case/store/objects/8e/e688345e1d9502ee8cd7277a453c30bfb77b947201beb3300e9df2b8ca321d>, "", 65384, 152) = 0
pread64(13</tmp/nia-publication-fault-4el264_7/case/store/objects/8e/e688345e1d9502ee8cd7277a453c30bfb77b947201beb3300e9df2b8ca321d>, "", 65536, 152) = 0
pread64(3</tmp/nia-publication-fault-4el264_7/case/store/objects/32/094e7c613fdb6dffb1f27d926b176f7fd8946b8c2cf3ca9e3b95cb91a1a8ca>, "\243\32\205oC\n\363\225\274\315~\262\361B\261\32\323\256\17\305\332\363\254\304\377\263A\304\212Z\2759", 32, 208) = 32
pread64(13</tmp/nia-publication-fault-4el264_7/case/store/objects/a3/1a856f430af395bccd7eb2f142b11ad3ae0fc5daf3acc4ffb341c48a5abd39>, "Package: empty-package\nVersion: 1\nArchitecture: all\nMaintainer: Fixture <fixture@example.invalid"..., 65536, 0) = 149
pread64(13</tmp/nia-publication-fault-4el264_7/case/store/objects/a3/1a856f430af395bccd7eb2f142b11ad3ae0fc5daf3acc4ffb341c48a5abd39>, "", 65387, 149) = 0
pread64(13</tmp/nia-publication-fault-4el264_7/case/store/objects/a3/1a856f430af395bccd7eb2f142b11ad3ae0fc5daf3acc4ffb341c48a5abd39>, "", 65536, 149) = 0
pread64(3</tmp/nia-publication-fault-4el264_7/case/store/objects/8e/e688345e1d9502ee8cd7277a453c30bfb77b947201beb3300e9df2b8ca321d>, "\0\0\0\0\0\0\0\10NIACSEL1\273\343\341b6\331$M\267\345\300\262\251\302\306\27f\270\251!\330\260\227\374\323p\347\177\25.\3311\0\0\0\0\0\0\0\1\f\241y\346\276\376\267a\363a?\36\365|\250\222\353\303\246\242(\334\243/\23\t\360\254\6\247\336~J6\366\353|\33#j"..., 65536, 0) = 152
pread64(3</tmp/nia-publication-fault-4el264_7/case/store/objects/8e/e688345e1d9502ee8cd7277a453c30bfb77b947201beb3300e9df2b8ca321d>, "", 65384, 152) = 0
pread64(3</tmp/nia-publication-fault-4el264_7/case/store/objects/8e/e688345e1d9502ee8cd7277a453c30bfb77b947201beb3300e9df2b8ca321d>, "", 65536, 152) = 0
pread64(3</tmp/nia-publication-fault-4el264_7/case/store/objects/8e/e688345e1d9502ee8cd7277a453c30bfb77b947201beb3300e9df2b8ca321d>, "\0\0\0\0\0\0\0\10NIACSEL1\273\343\341b6\331$M\267\345\300\262\251\302\306\27f\270\251!\330\260\227\374\323p\347\177\25.\3311\0\0\0\0\0\0\0\1\f\241y\346\276\376\267a\363a?\36\365|\250\222\353\303\246\242(\334\243/\23\t\360\254\6\247\336~J6\366\353|\33#j"..., 393272, 0) = 152
pread64(3</tmp/nia-publication-fault-4el264_7/case/store/objects/8e/e688345e1d9502ee8cd7277a453c30bfb77b947201beb3300e9df2b8ca321d>, "", 393120, 152) = 0
pread64(3</tmp/nia-publication-fault-4el264_7/case/store/objects/0c/a179e6befeb761f3613f1ef57ca892ebc3a6a228dca32f1309f0ac06a7de7e>, "!<arch>\ndebian-binary/  0           0     0     100644  4         `\n2.0\ncontrol.tar/    0       "..., 65536, 0) = 20672
pread64(3</tmp/nia-publication-fault-4el264_7/case/store/objects/0c/a179e6befeb761f3613f1ef57ca892ebc3a6a228dca32f1309f0ac06a7de7e>, "", 44864, 20672) = 0
pread64(3</tmp/nia-publication-fault-4el264_7/case/store/objects/0c/a179e6befeb761f3613f1ef57ca892ebc3a6a228dca32f1309f0ac06a7de7e>, "", 65536, 20672) = 0
pread64(3</tmp/nia-publication-fault-4el264_7/case/store/objects/0c/a179e6befeb761f3613f1ef57ca892ebc3a6a228dca32f1309f0ac06a7de7e>, "!<arch>\n", 8, 0) = 8
pread64(3</tmp/nia-publication-fault-4el264_7/case/store/objects/0c/a179e6befeb761f3613f1ef57ca892ebc3a6a228dca32f1309f0ac06a7de7e>, "debian-binary/  0           0     0     100644  4         `\n", 60, 8) = 60
pread64(3</tmp/nia-publication-fault-4el264_7/case/store/objects/0c/a179e6befeb761f3613f1ef57ca892ebc3a6a228dca32f1309f0ac06a7de7e>, "2.0\n", 4, 68) = 4
pread64(3</tmp/nia-publication-fault-4el264_7/case/store/objects/0c/a179e6befeb761f3613f1ef57ca892ebc3a6a228dca32f1309f0ac06a7de7e>, "2.0\n", 4, 68) = 4
pread64(3</tmp/nia-publication-fault-4el264_7/case/store/objects/0c/a179e6befeb761f3613f1ef57ca892ebc3a6a228dca32f1309f0ac06a7de7e>, "control.tar/    0           0     0     100644  10240     `\n", 60, 72) = 60
pread64(3</tmp/nia-publication-fault-4el264_7/case/store/objects/0c/a179e6befeb761f3613f1ef57ca892ebc3a6a228dca32f1309f0ac06a7de7e>, "./control\0\0\0\0\0\0\0\0\0\0\0\0\0\0\0\0\0\0\0\0\0\0\0\0\0\0\0\0\0\0\0\0\0\0\0\0\0\0\0\0\0\0\0\0\0\0\0\0\0\0\0\0\0\0\0\0\0\0\0\0\0\0\0\0\0\0\0\0\0\0\0\0\0\0\0\0\0\0\0\0\0\0\0\0\0\0\0"..., 10240, 132) = 10240
pread64(3</tmp/nia-publication-fault-4el264_7/case/store/objects/0c/a179e6befeb761f3613f1ef57ca892ebc3a6a228dca32f1309f0ac06a7de7e>, "data.tar/       0           0     0     100644  10240     `\n", 60, 10372) = 60
pread64(3</tmp/nia-publication-fault-4el264_7/case/store/objects/0c/a179e6befeb761f3613f1ef57ca892ebc3a6a228dca32f1309f0ac06a7de7e>, "\0\0\0\0\0\0\0\0\0\0\0\0\0\0\0\0\0\0\0\0\0\0\0\0\0\0\0\0\0\0\0\0\0\0\0\0\0\0\0\0\0\0\0\0\0\0\0\0\0\0\0\0\0\0\0\0\0\0\0\0\0\0\0\0\0\0\0\0\0\0\0\0\0\0\0\0\0\0\0\0\0\0\0\0\0\0\0\0\0\0\0\0\0\0\0\0"..., 10240, 10432) = 10240
pread64(3</tmp/nia-publication-fault-4el264_7/case/store/objects/0c/a179e6befeb761f3613f1ef57ca892ebc3a6a228dca32f1309f0ac06a7de7e>, "!<arch>\ndebian-binary/  0           0     0     100644  4         `\n2.0\ncontrol.tar/    0       "..., 65536, 0) = 20672
pread64(3</tmp/nia-publication-fault-4el264_7/case/store/objects/0c/a179e6befeb761f3613f1ef57ca892ebc3a6a228dca32f1309f0ac06a7de7e>, "", 44864, 20672) = 0
pread64(3</tmp/nia-publication-fault-4el264_7/case/store/objects/0c/a179e6befeb761f3613f1ef57ca892ebc3a6a228dca32f1309f0ac06a7de7e>, "", 65536, 20672) = 0
pread64(3</tmp/nia-publication-fault-4el264_7/case/store/objects/0c/a179e6befeb761f3613f1ef57ca892ebc3a6a228dca32f1309f0ac06a7de7e>, "!<arch>\n", 8, 0) = 8
pread64(3</tmp/nia-publication-fault-4el264_7/case/store/objects/0c/a179e6befeb761f3613f1ef57ca892ebc3a6a228dca32f1309f0ac06a7de7e>, "debian-binary/  0           0     0     100644  4         `\n", 60, 8) = 60
pread64(3</tmp/nia-publication-fault-4el264_7/case/store/objects/0c/a179e6befeb761f3613f1ef57ca892ebc3a6a228dca32f1309f0ac06a7de7e>, "2.0\n", 4, 68) = 4
pread64(3</tmp/nia-publication-fault-4el264_7/case/store/objects/0c/a179e6befeb761f3613f1ef57ca892ebc3a6a228dca32f1309f0ac06a7de7e>, "2.0\n", 4, 68) = 4
pread64(3</tmp/nia-publication-fault-4el264_7/case/store/objects/0c/a179e6befeb761f3613f1ef57ca892ebc3a6a228dca32f1309f0ac06a7de7e>, "control.tar/    0           0     0     100644  10240     `\n", 60, 72) = 60
pread64(3</tmp/nia-publication-fault-4el264_7/case/store/objects/0c/a179e6befeb761f3613f1ef57ca892ebc3a6a228dca32f1309f0ac06a7de7e>, "./control\0\0\0\0\0\0\0\0\0\0\0\0\0\0\0\0\0\0\0\0\0\0\0\0\0\0\0\0\0\0\0\0\0\0\0\0\0\0\0\0\0\0\0\0\0\0\0\0\0\0\0\0\0\0\0\0\0\0\0\0\0\0\0\0\0\0\0\0\0\0\0\0\0\0\0\0\0\0\0\0\0\0\0\0\0\0\0"..., 10240, 132) = 10240
pread64(3</tmp/nia-publication-fault-4el264_7/case/store/objects/0c/a179e6befeb761f3613f1ef57ca892ebc3a6a228dca32f1309f0ac06a7de7e>, "data.tar/       0           0     0     100644  10240     `\n", 60, 10372) = 60
pread64(3</tmp/nia-publication-fault-4el264_7/case/store/objects/0c/a179e6befeb761f3613f1ef57ca892ebc3a6a228dca32f1309f0ac06a7de7e>, "\0\0\0\0\0\0\0\0\0\0\0\0\0\0\0\0\0\0\0\0\0\0\0\0\0\0\0\0\0\0\0\0\0\0\0\0\0\0\0\0\0\0\0\0\0\0\0\0\0\0\0\0\0\0\0\0\0\0\0\0\0\0\0\0\0\0\0\0\0\0\0\0\0\0\0\0\0\0\0\0\0\0\0\0\0\0\0\0\0\0\0\0\0\0\0\0"..., 10240, 10432) = 10240
fsync(14</tmp/nia-publication-fault-4el264_7/case/store/incoming>) = 0
pread64(3</tmp/nia-publication-fault-4el264_7/case/store/objects/0c/a179e6befeb761f3613f1ef57ca892ebc3a6a228dca32f1309f0ac06a7de7e>, "\0\0\0\0\0\0\0\0\0\0\0\0\0\0\0\0\0\0\0\0\0\0\0\0\0\0\0\0\0\0\0\0\0\0\0\0\0\0\0\0\0\0\0\0\0\0\0\0\0\0\0\0\0\0\0\0\0\0\0\0\0\0\0\0\0\0\0\0\0\0\0\0\0\0\0\0\0\0\0\0\0\0\0\0\0\0\0\0\0\0\0\0\0\0\0\0"..., 10240, 10432) = 10240
write(13</tmp/nia-publication-fault-4el264_7/case/store/incoming/2755915e071623b10a8b552d5f83e610>, "\0\0\0\0\0\0\0\0\0\0\0\0\0\0\0\0\0\0\0\0\0\0\0\0\0\0\0\0\0\0\0\0\0\0\0\0\0\0\0\0\0\0\0\0\0\0\0\0\0\0\0\0\0\0\0\0\0\0\0\0\0\0\0\0\0\0\0\0\0\0\0\0\0\0\0\0\0\0\0\0\0\0\0\0\0\0\0\0\0\0\0\0\0\0\0\0"..., 10240) = 10240
fsync(13</tmp/nia-publication-fault-4el264_7/case/store/incoming/2755915e071623b10a8b552d5f83e610>) = 0
renameat2(14</tmp/nia-publication-fault-4el264_7/case/store/incoming>, "2755915e071623b10a8b552d5f83e610", 13</tmp/nia-publication-fault-4el264_7/case/store/objects/84>, "ff92691f909a05b224e1c56abb4864f01b4f8e3c854e4bb4c7baf1d3f6d652", RENAME_NOREPLACE) = -1 EEXIST (File exists)
pread64(13</tmp/nia-publication-fault-4el264_7/case/store/objects/84/ff92691f909a05b224e1c56abb4864f01b4f8e3c854e4bb4c7baf1d3f6d652>, "\0\0\0\0\0\0\0\0\0\0\0\0\0\0\0\0\0\0\0\0\0\0\0\0\0\0\0\0\0\0\0\0\0\0\0\0\0\0\0\0\0\0\0\0\0\0\0\0\0\0\0\0\0\0\0\0\0\0\0\0\0\0\0\0\0\0\0\0\0\0\0\0\0\0\0\0\0\0\0\0\0\0\0\0\0\0\0\0\0\0\0\0\0\0\0\0"..., 65536, 0) = 10240
pread64(13</tmp/nia-publication-fault-4el264_7/case/store/objects/84/ff92691f909a05b224e1c56abb4864f01b4f8e3c854e4bb4c7baf1d3f6d652>, "", 55296, 10240) = 0
pread64(13</tmp/nia-publication-fault-4el264_7/case/store/objects/84/ff92691f909a05b224e1c56abb4864f01b4f8e3c854e4bb4c7baf1d3f6d652>, "", 65536, 10240) = 0
fsync(14</tmp/nia-publication-fault-4el264_7/case/store/incoming>) = 0
pread64(3</tmp/nia-publication-fault-4el264_7/case/store/objects/84/ff92691f909a05b224e1c56abb4864f01b4f8e3c854e4bb4c7baf1d3f6d652>, "\0\0\0\0\0\0\0\0\0\0\0\0\0\0\0\0\0\0\0\0\0\0\0\0\0\0\0\0\0\0\0\0\0\0\0\0\0\0\0\0\0\0\0\0\0\0\0\0\0\0\0\0\0\0\0\0\0\0\0\0\0\0\0\0\0\0\0\0\0\0\0\0\0\0\0\0\0\0\0\0\0\0\0\0\0\0\0\0\0\0\0\0\0\0\0\0"..., 65536, 0) = 10240
pread64(3</tmp/nia-publication-fault-4el264_7/case/store/objects/84/ff92691f909a05b224e1c56abb4864f01b4f8e3c854e4bb4c7baf1d3f6d652>, "", 55296, 10240) = 0
pread64(3</tmp/nia-publication-fault-4el264_7/case/store/objects/84/ff92691f909a05b224e1c56abb4864f01b4f8e3c854e4bb4c7baf1d3f6d652>, "", 65536, 10240) = 0
pread64(3</tmp/nia-publication-fault-4el264_7/case/store/objects/84/ff92691f909a05b224e1c56abb4864f01b4f8e3c854e4bb4c7baf1d3f6d652>, "\0\0\0\0\0\0\0\0\0\0\0\0\0\0\0\0\0\0\0\0\0\0\0\0\0\0\0\0\0\0\0\0\0\0\0\0\0\0\0\0\0\0\0\0\0\0\0\0\0\0\0\0\0\0\0\0\0\0\0\0\0\0\0\0\0\0\0\0\0\0\0\0\0\0\0\0\0\0\0\0\0\0\0\0\0\0\0\0\0\0\0\0\0\0\0\0"..., 10240, 0) = 10240
fsync(14</tmp/nia-publication-fault-4el264_7/case/store/incoming>) = 0
pread64(3</tmp/nia-publication-fault-4el264_7/case/store/objects/84/ff92691f909a05b224e1c56abb4864f01b4f8e3c854e4bb4c7baf1d3f6d652>, "\0\0\0\0\0\0\0\0\0\0\0\0\0\0\0\0\0\0\0\0\0\0\0\0\0\0\0\0\0\0\0\0\0\0\0\0\0\0\0\0\0\0\0\0\0\0\0\0\0\0\0\0\0\0\0\0\0\0\0\0\0\0\0\0\0\0\0\0\0\0\0\0\0\0\0\0\0\0\0\0\0\0\0\0\0\0\0\0\0\0\0\0\0\0\0\0"..., 10240, 0) = 10240
write(13</tmp/nia-publication-fault-4el264_7/case/store/incoming/332d40ba8d201a965ff741b572cbabd8>, "\0\0\0\0\0\0\0\0\0\0\0\0\0\0\0\0\0\0\0\0\0\0\0\0\0\0\0\0\0\0\0\0\0\0\0\0\0\0\0\0\0\0\0\0\0\0\0\0\0\0\0\0\0\0\0\0\0\0\0\0\0\0\0\0\0\0\0\0\0\0\0\0\0\0\0\0\0\0\0\0\0\0\0\0\0\0\0\0\0\0\0\0\0\0\0\0"..., 10240) = 10240
fsync(13</tmp/nia-publication-fault-4el264_7/case/store/incoming/332d40ba8d201a965ff741b572cbabd8>) = 0
renameat2(14</tmp/nia-publication-fault-4el264_7/case/store/incoming>, "332d40ba8d201a965ff741b572cbabd8", 13</tmp/nia-publication-fault-4el264_7/case/store/objects/84>, "ff92691f909a05b224e1c56abb4864f01b4f8e3c854e4bb4c7baf1d3f6d652", RENAME_NOREPLACE) = -1 EEXIST (File exists)
pread64(13</tmp/nia-publication-fault-4el264_7/case/store/objects/84/ff92691f909a05b224e1c56abb4864f01b4f8e3c854e4bb4c7baf1d3f6d652>, "\0\0\0\0\0\0\0\0\0\0\0\0\0\0\0\0\0\0\0\0\0\0\0\0\0\0\0\0\0\0\0\0\0\0\0\0\0\0\0\0\0\0\0\0\0\0\0\0\0\0\0\0\0\0\0\0\0\0\0\0\0\0\0\0\0\0\0\0\0\0\0\0\0\0\0\0\0\0\0\0\0\0\0\0\0\0\0\0\0\0\0\0\0\0\0\0"..., 65536, 0) = 10240
pread64(13</tmp/nia-publication-fault-4el264_7/case/store/objects/84/ff92691f909a05b224e1c56abb4864f01b4f8e3c854e4bb4c7baf1d3f6d652>, "", 55296, 10240) = 0
pread64(13</tmp/nia-publication-fault-4el264_7/case/store/objects/84/ff92691f909a05b224e1c56abb4864f01b4f8e3c854e4bb4c7baf1d3f6d652>, "", 65536, 10240) = 0
fsync(14</tmp/nia-publication-fault-4el264_7/case/store/incoming>) = 0
pread64(3</tmp/nia-publication-fault-4el264_7/case/store/objects/84/ff92691f909a05b224e1c56abb4864f01b4f8e3c854e4bb4c7baf1d3f6d652>, "\0\0\0\0\0\0\0\0\0\0\0\0\0\0\0\0\0\0\0\0\0\0\0\0\0\0\0\0\0\0\0\0\0\0\0\0\0\0\0\0\0\0\0\0\0\0\0\0\0\0\0\0\0\0\0\0\0\0\0\0\0\0\0\0\0\0\0\0\0\0\0\0\0\0\0\0\0\0\0\0\0\0\0\0\0\0\0\0\0\0\0\0\0\0\0\0"..., 65536, 0) = 10240
pread64(3</tmp/nia-publication-fault-4el264_7/case/store/objects/84/ff92691f909a05b224e1c56abb4864f01b4f8e3c854e4bb4c7baf1d3f6d652>, "", 55296, 10240) = 0
pread64(3</tmp/nia-publication-fault-4el264_7/case/store/objects/84/ff92691f909a05b224e1c56abb4864f01b4f8e3c854e4bb4c7baf1d3f6d652>, "", 65536, 10240) = 0
pread64(3</tmp/nia-publication-fault-4el264_7/case/store/objects/84/ff92691f909a05b224e1c56abb4864f01b4f8e3c854e4bb4c7baf1d3f6d652>, "\0\0\0\0\0\0\0\0\0\0\0\0\0\0\0\0\0\0\0\0\0\0\0\0\0\0\0\0\0\0\0\0\0\0\0\0\0\0\0\0\0\0\0\0\0\0\0\0\0\0\0\0\0\0\0\0\0\0\0\0\0\0\0\0\0\0\0\0\0\0\0\0\0\0\0\0\0\0\0\0\0\0\0\0\0\0\0\0\0\0\0\0\0\0\0\0"..., 512, 0) = 512
pread64(3</tmp/nia-publication-fault-4el264_7/case/store/objects/84/ff92691f909a05b224e1c56abb4864f01b4f8e3c854e4bb4c7baf1d3f6d652>, "\0\0\0\0\0\0\0\0\0\0\0\0\0\0\0\0\0\0\0\0\0\0\0\0\0\0\0\0\0\0\0\0\0\0\0\0\0\0\0\0\0\0\0\0\0\0\0\0\0\0\0\0\0\0\0\0\0\0\0\0\0\0\0\0\0\0\0\0\0\0\0\0\0\0\0\0\0\0\0\0\0\0\0\0\0\0\0\0\0\0\0\0\0\0\0\0"..., 9728, 512) = 9728
pread64(3</tmp/nia-publication-fault-4el264_7/case/store/objects/0c/a179e6befeb761f3613f1ef57ca892ebc3a6a228dca32f1309f0ac06a7de7e>, "!<arch>\ndebian-binary/  0           0     0     100644  4         `\n2.0\ncontrol.tar/    0       "..., 65536, 0) = 20672
pread64(3</tmp/nia-publication-fault-4el264_7/case/store/objects/0c/a179e6befeb761f3613f1ef57ca892ebc3a6a228dca32f1309f0ac06a7de7e>, "", 44864, 20672) = 0
pread64(3</tmp/nia-publication-fault-4el264_7/case/store/objects/0c/a179e6befeb761f3613f1ef57ca892ebc3a6a228dca32f1309f0ac06a7de7e>, "", 65536, 20672) = 0
pread64(3</tmp/nia-publication-fault-4el264_7/case/store/objects/0c/a179e6befeb761f3613f1ef57ca892ebc3a6a228dca32f1309f0ac06a7de7e>, "!<arch>\n", 8, 0) = 8
pread64(3</tmp/nia-publication-fault-4el264_7/case/store/objects/0c/a179e6befeb761f3613f1ef57ca892ebc3a6a228dca32f1309f0ac06a7de7e>, "debian-binary/  0           0     0     100644  4         `\n", 60, 8) = 60
pread64(3</tmp/nia-publication-fault-4el264_7/case/store/objects/0c/a179e6befeb761f3613f1ef57ca892ebc3a6a228dca32f1309f0ac06a7de7e>, "2.0\n", 4, 68) = 4
pread64(3</tmp/nia-publication-fault-4el264_7/case/store/objects/0c/a179e6befeb761f3613f1ef57ca892ebc3a6a228dca32f1309f0ac06a7de7e>, "2.0\n", 4, 68) = 4
pread64(3</tmp/nia-publication-fault-4el264_7/case/store/objects/0c/a179e6befeb761f3613f1ef57ca892ebc3a6a228dca32f1309f0ac06a7de7e>, "control.tar/    0           0     0     100644  10240     `\n", 60, 72) = 60
pread64(3</tmp/nia-publication-fault-4el264_7/case/store/objects/0c/a179e6befeb761f3613f1ef57ca892ebc3a6a228dca32f1309f0ac06a7de7e>, "./control\0\0\0\0\0\0\0\0\0\0\0\0\0\0\0\0\0\0\0\0\0\0\0\0\0\0\0\0\0\0\0\0\0\0\0\0\0\0\0\0\0\0\0\0\0\0\0\0\0\0\0\0\0\0\0\0\0\0\0\0\0\0\0\0\0\0\0\0\0\0\0\0\0\0\0\0\0\0\0\0\0\0\0\0\0\0\0"..., 10240, 132) = 10240
pread64(3</tmp/nia-publication-fault-4el264_7/case/store/objects/0c/a179e6befeb761f3613f1ef57ca892ebc3a6a228dca32f1309f0ac06a7de7e>, "data.tar/       0           0     0     100644  10240     `\n", 60, 10372) = 60
pread64(3</tmp/nia-publication-fault-4el264_7/case/store/objects/0c/a179e6befeb761f3613f1ef57ca892ebc3a6a228dca32f1309f0ac06a7de7e>, "\0\0\0\0\0\0\0\0\0\0\0\0\0\0\0\0\0\0\0\0\0\0\0\0\0\0\0\0\0\0\0\0\0\0\0\0\0\0\0\0\0\0\0\0\0\0\0\0\0\0\0\0\0\0\0\0\0\0\0\0\0\0\0\0\0\0\0\0\0\0\0\0\0\0\0\0\0\0\0\0\0\0\0\0\0\0\0\0\0\0\0\0\0\0\0\0"..., 10240, 10432) = 10240
pread64(3</tmp/nia-publication-fault-4el264_7/case/store/objects/0c/a179e6befeb761f3613f1ef57ca892ebc3a6a228dca32f1309f0ac06a7de7e>, "!<arch>\ndebian-binary/  0           0     0     100644  4         `\n2.0\ncontrol.tar/    0       "..., 65536, 0) = 20672
pread64(3</tmp/nia-publication-fault-4el264_7/case/store/objects/0c/a179e6befeb761f3613f1ef57ca892ebc3a6a228dca32f1309f0ac06a7de7e>, "", 44864, 20672) = 0
pread64(3</tmp/nia-publication-fault-4el264_7/case/store/objects/0c/a179e6befeb761f3613f1ef57ca892ebc3a6a228dca32f1309f0ac06a7de7e>, "", 65536, 20672) = 0
pread64(3</tmp/nia-publication-fault-4el264_7/case/store/objects/0c/a179e6befeb761f3613f1ef57ca892ebc3a6a228dca32f1309f0ac06a7de7e>, "!<arch>\n", 8, 0) = 8
pread64(3</tmp/nia-publication-fault-4el264_7/case/store/objects/0c/a179e6befeb761f3613f1ef57ca892ebc3a6a228dca32f1309f0ac06a7de7e>, "debian-binary/  0           0     0     100644  4         `\n", 60, 8) = 60
pread64(3</tmp/nia-publication-fault-4el264_7/case/store/objects/0c/a179e6befeb761f3613f1ef57ca892ebc3a6a228dca32f1309f0ac06a7de7e>, "2.0\n", 4, 68) = 4
pread64(3</tmp/nia-publication-fault-4el264_7/case/store/objects/0c/a179e6befeb761f3613f1ef57ca892ebc3a6a228dca32f1309f0ac06a7de7e>, "2.0\n", 4, 68) = 4
pread64(3</tmp/nia-publication-fault-4el264_7/case/store/objects/0c/a179e6befeb761f3613f1ef57ca892ebc3a6a228dca32f1309f0ac06a7de7e>, "control.tar/    0           0     0     100644  10240     `\n", 60, 72) = 60
pread64(3</tmp/nia-publication-fault-4el264_7/case/store/objects/0c/a179e6befeb761f3613f1ef57ca892ebc3a6a228dca32f1309f0ac06a7de7e>, "./control\0\0\0\0\0\0\0\0\0\0\0\0\0\0\0\0\0\0\0\0\0\0\0\0\0\0\0\0\0\0\0\0\0\0\0\0\0\0\0\0\0\0\0\0\0\0\0\0\0\0\0\0\0\0\0\0\0\0\0\0\0\0\0\0\0\0\0\0\0\0\0\0\0\0\0\0\0\0\0\0\0\0\0\0\0\0\0"..., 10240, 132) = 10240
pread64(3</tmp/nia-publication-fault-4el264_7/case/store/objects/0c/a179e6befeb761f3613f1ef57ca892ebc3a6a228dca32f1309f0ac06a7de7e>, "data.tar/       0           0     0     100644  10240     `\n", 60, 10372) = 60
pread64(3</tmp/nia-publication-fault-4el264_7/case/store/objects/0c/a179e6befeb761f3613f1ef57ca892ebc3a6a228dca32f1309f0ac06a7de7e>, "\0\0\0\0\0\0\0\0\0\0\0\0\0\0\0\0\0\0\0\0\0\0\0\0\0\0\0\0\0\0\0\0\0\0\0\0\0\0\0\0\0\0\0\0\0\0\0\0\0\0\0\0\0\0\0\0\0\0\0\0\0\0\0\0\0\0\0\0\0\0\0\0\0\0\0\0\0\0\0\0\0\0\0\0\0\0\0\0\0\0\0\0\0\0\0\0"..., 10240, 10432) = 10240
fsync(14</tmp/nia-publication-fault-4el264_7/case/store/incoming>) = 0
pread64(3</tmp/nia-publication-fault-4el264_7/case/store/objects/0c/a179e6befeb761f3613f1ef57ca892ebc3a6a228dca32f1309f0ac06a7de7e>, "./control\0\0\0\0\0\0\0\0\0\0\0\0\0\0\0\0\0\0\0\0\0\0\0\0\0\0\0\0\0\0\0\0\0\0\0\0\0\0\0\0\0\0\0\0\0\0\0\0\0\0\0\0\0\0\0\0\0\0\0\0\0\0\0\0\0\0\0\0\0\0\0\0\0\0\0\0\0\0\0\0\0\0\0\0\0\0\0"..., 10240, 132) = 10240
write(13</tmp/nia-publication-fault-4el264_7/case/store/incoming/61952d3e844625029cd60ef646cc2f30>, "./control\0\0\0\0\0\0\0\0\0\0\0\0\0\0\0\0\0\0\0\0\0\0\0\0\0\0\0\0\0\0\0\0\0\0\0\0\0\0\0\0\0\0\0\0\0\0\0\0\0\0\0\0\0\0\0\0\0\0\0\0\0\0\0\0\0\0\0\0\0\0\0\0\0\0\0\0\0\0\0\0\0\0\0\0\0\0\0"..., 10240) = 10240
fsync(13</tmp/nia-publication-fault-4el264_7/case/store/incoming/61952d3e844625029cd60ef646cc2f30>) = 0
renameat2(14</tmp/nia-publication-fault-4el264_7/case/store/incoming>, "61952d3e844625029cd60ef646cc2f30", 13</tmp/nia-publication-fault-4el264_7/case/store/objects/4a>, "36f6eb7c1b236ab6cb28ddb882919e888bf393dfc00d93008ad6730697f8f7", RENAME_NOREPLACE) = -1 EEXIST (File exists)
pread64(13</tmp/nia-publication-fault-4el264_7/case/store/objects/4a/36f6eb7c1b236ab6cb28ddb882919e888bf393dfc00d93008ad6730697f8f7>, "./control\0\0\0\0\0\0\0\0\0\0\0\0\0\0\0\0\0\0\0\0\0\0\0\0\0\0\0\0\0\0\0\0\0\0\0\0\0\0\0\0\0\0\0\0\0\0\0\0\0\0\0\0\0\0\0\0\0\0\0\0\0\0\0\0\0\0\0\0\0\0\0\0\0\0\0\0\0\0\0\0\0\0\0\0\0\0\0"..., 65536, 0) = 10240
pread64(13</tmp/nia-publication-fault-4el264_7/case/store/objects/4a/36f6eb7c1b236ab6cb28ddb882919e888bf393dfc00d93008ad6730697f8f7>, "", 55296, 10240) = 0
pread64(13</tmp/nia-publication-fault-4el264_7/case/store/objects/4a/36f6eb7c1b236ab6cb28ddb882919e888bf393dfc00d93008ad6730697f8f7>, "", 65536, 10240) = 0
fsync(14</tmp/nia-publication-fault-4el264_7/case/store/incoming>) = 0
pread64(3</tmp/nia-publication-fault-4el264_7/case/store/objects/4a/36f6eb7c1b236ab6cb28ddb882919e888bf393dfc00d93008ad6730697f8f7>, "./control\0\0\0\0\0\0\0\0\0\0\0\0\0\0\0\0\0\0\0\0\0\0\0\0\0\0\0\0\0\0\0\0\0\0\0\0\0\0\0\0\0\0\0\0\0\0\0\0\0\0\0\0\0\0\0\0\0\0\0\0\0\0\0\0\0\0\0\0\0\0\0\0\0\0\0\0\0\0\0\0\0\0\0\0\0\0\0"..., 65536, 0) = 10240
pread64(3</tmp/nia-publication-fault-4el264_7/case/store/objects/4a/36f6eb7c1b236ab6cb28ddb882919e888bf393dfc00d93008ad6730697f8f7>, "", 55296, 10240) = 0
pread64(3</tmp/nia-publication-fault-4el264_7/case/store/objects/4a/36f6eb7c1b236ab6cb28ddb882919e888bf393dfc00d93008ad6730697f8f7>, "", 65536, 10240) = 0
pread64(3</tmp/nia-publication-fault-4el264_7/case/store/objects/4a/36f6eb7c1b236ab6cb28ddb882919e888bf393dfc00d93008ad6730697f8f7>, "./control\0\0\0\0\0\0\0\0\0\0\0\0\0\0\0\0\0\0\0\0\0\0\0\0\0\0\0\0\0\0\0\0\0\0\0\0\0\0\0\0\0\0\0\0\0\0\0\0\0\0\0\0\0\0\0\0\0\0\0\0\0\0\0\0\0\0\0\0\0\0\0\0\0\0\0\0\0\0\0\0\0\0\0\0\0\0\0"..., 10240, 0) = 10240
fsync(14</tmp/nia-publication-fault-4el264_7/case/store/incoming>) = 0
write(13</tmp/nia-publication-fault-4el264_7/case/store/incoming/7c6a9e029760336cc7f5e5c72a029062>, "Package: empty-package\nVersion: 1\nArchitecture: all\nMaintainer: Fixture <fixture@example.invalid"..., 149) = 149
fsync(13</tmp/nia-publication-fault-4el264_7/case/store/incoming/7c6a9e029760336cc7f5e5c72a029062>) = 0
renameat2(14</tmp/nia-publication-fault-4el264_7/case/store/incoming>, "7c6a9e029760336cc7f5e5c72a029062", 13</tmp/nia-publication-fault-4el264_7/case/store/objects/a3>, "1a856f430af395bccd7eb2f142b11ad3ae0fc5daf3acc4ffb341c48a5abd39", RENAME_NOREPLACE) = -1 EEXIST (File exists)
pread64(13</tmp/nia-publication-fault-4el264_7/case/store/objects/a3/1a856f430af395bccd7eb2f142b11ad3ae0fc5daf3acc4ffb341c48a5abd39>, "Package: empty-package\nVersion: 1\nArchitecture: all\nMaintainer: Fixture <fixture@example.invalid"..., 65536, 0) = 149
pread64(13</tmp/nia-publication-fault-4el264_7/case/store/objects/a3/1a856f430af395bccd7eb2f142b11ad3ae0fc5daf3acc4ffb341c48a5abd39>, "", 65387, 149) = 0
pread64(13</tmp/nia-publication-fault-4el264_7/case/store/objects/a3/1a856f430af395bccd7eb2f142b11ad3ae0fc5daf3acc4ffb341c48a5abd39>, "", 65536, 149) = 0
fsync(14</tmp/nia-publication-fault-4el264_7/case/store/incoming>) = 0
pread64(3</tmp/nia-publication-fault-4el264_7/case/store/objects/a3/1a856f430af395bccd7eb2f142b11ad3ae0fc5daf3acc4ffb341c48a5abd39>, "Package: empty-package\nVersion: 1\nArchitecture: all\nMaintainer: Fixture <fixture@example.invalid"..., 65536, 0) = 149
pread64(3</tmp/nia-publication-fault-4el264_7/case/store/objects/a3/1a856f430af395bccd7eb2f142b11ad3ae0fc5daf3acc4ffb341c48a5abd39>, "", 65387, 149) = 0
pread64(3</tmp/nia-publication-fault-4el264_7/case/store/objects/a3/1a856f430af395bccd7eb2f142b11ad3ae0fc5daf3acc4ffb341c48a5abd39>, "", 65536, 149) = 0
pread64(3</tmp/nia-publication-fault-4el264_7/case/store/objects/a3/1a856f430af395bccd7eb2f142b11ad3ae0fc5daf3acc4ffb341c48a5abd39>, "Package: empty-package\nVersion: 1\nArchitecture: all\nMaintainer: Fixture <fixture@example.invalid"..., 16777216, 0) = 149
pread64(3</tmp/nia-publication-fault-4el264_7/case/store/objects/a3/1a856f430af395bccd7eb2f142b11ad3ae0fc5daf3acc4ffb341c48a5abd39>, "", 16777067, 149) = 0
pread64(3</tmp/nia-publication-fault-4el264_7/case/store/objects/a3/1a856f430af395bccd7eb2f142b11ad3ae0fc5daf3acc4ffb341c48a5abd39>, "Package: empty-package\nVersion: 1\nArchitecture: all\nMaintainer: Fixture <fixture@example.invalid"..., 65536, 0) = 149
pread64(3</tmp/nia-publication-fault-4el264_7/case/store/objects/a3/1a856f430af395bccd7eb2f142b11ad3ae0fc5daf3acc4ffb341c48a5abd39>, "", 65387, 149) = 0
pread64(3</tmp/nia-publication-fault-4el264_7/case/store/objects/a3/1a856f430af395bccd7eb2f142b11ad3ae0fc5daf3acc4ffb341c48a5abd39>, "", 65536, 149) = 0
pread64(3</tmp/nia-publication-fault-4el264_7/case/store/objects/a3/1a856f430af395bccd7eb2f142b11ad3ae0fc5daf3acc4ffb341c48a5abd39>, "Package: empty-package\nVersion: 1\nArchitecture: all\nMaintainer: Fixture <fixture@example.invalid"..., 16777216, 0) = 149
pread64(3</tmp/nia-publication-fault-4el264_7/case/store/objects/a3/1a856f430af395bccd7eb2f142b11ad3ae0fc5daf3acc4ffb341c48a5abd39>, "", 16777067, 149) = 0
pread64(3</tmp/nia-publication-fault-4el264_7/case/store/objects/0c/a179e6befeb761f3613f1ef57ca892ebc3a6a228dca32f1309f0ac06a7de7e>, "!<arch>\ndebian-binary/  0           0     0     100644  4         `\n2.0\ncontrol.tar/    0       "..., 65536, 0) = 20672
pread64(3</tmp/nia-publication-fault-4el264_7/case/store/objects/0c/a179e6befeb761f3613f1ef57ca892ebc3a6a228dca32f1309f0ac06a7de7e>, "", 44864, 20672) = 0
pread64(3</tmp/nia-publication-fault-4el264_7/case/store/objects/0c/a179e6befeb761f3613f1ef57ca892ebc3a6a228dca32f1309f0ac06a7de7e>, "", 65536, 20672) = 0
pread64(3</tmp/nia-publication-fault-4el264_7/case/store/objects/0c/a179e6befeb761f3613f1ef57ca892ebc3a6a228dca32f1309f0ac06a7de7e>, "!<arch>\n", 8, 0) = 8
pread64(3</tmp/nia-publication-fault-4el264_7/case/store/objects/0c/a179e6befeb761f3613f1ef57ca892ebc3a6a228dca32f1309f0ac06a7de7e>, "debian-binary/  0           0     0     100644  4         `\n", 60, 8) = 60
pread64(3</tmp/nia-publication-fault-4el264_7/case/store/objects/0c/a179e6befeb761f3613f1ef57ca892ebc3a6a228dca32f1309f0ac06a7de7e>, "2.0\n", 4, 68) = 4
pread64(3</tmp/nia-publication-fault-4el264_7/case/store/objects/0c/a179e6befeb761f3613f1ef57ca892ebc3a6a228dca32f1309f0ac06a7de7e>, "2.0\n", 4, 68) = 4
pread64(3</tmp/nia-publication-fault-4el264_7/case/store/objects/0c/a179e6befeb761f3613f1ef57ca892ebc3a6a228dca32f1309f0ac06a7de7e>, "control.tar/    0           0     0     100644  10240     `\n", 60, 72) = 60
pread64(3</tmp/nia-publication-fault-4el264_7/case/store/objects/0c/a179e6befeb761f3613f1ef57ca892ebc3a6a228dca32f1309f0ac06a7de7e>, "./control\0\0\0\0\0\0\0\0\0\0\0\0\0\0\0\0\0\0\0\0\0\0\0\0\0\0\0\0\0\0\0\0\0\0\0\0\0\0\0\0\0\0\0\0\0\0\0\0\0\0\0\0\0\0\0\0\0\0\0\0\0\0\0\0\0\0\0\0\0\0\0\0\0\0\0\0\0\0\0\0\0\0\0\0\0\0\0"..., 10240, 132) = 10240
pread64(3</tmp/nia-publication-fault-4el264_7/case/store/objects/0c/a179e6befeb761f3613f1ef57ca892ebc3a6a228dca32f1309f0ac06a7de7e>, "data.tar/       0           0     0     100644  10240     `\n", 60, 10372) = 60
pread64(3</tmp/nia-publication-fault-4el264_7/case/store/objects/0c/a179e6befeb761f3613f1ef57ca892ebc3a6a228dca32f1309f0ac06a7de7e>, "\0\0\0\0\0\0\0\0\0\0\0\0\0\0\0\0\0\0\0\0\0\0\0\0\0\0\0\0\0\0\0\0\0\0\0\0\0\0\0\0\0\0\0\0\0\0\0\0\0\0\0\0\0\0\0\0\0\0\0\0\0\0\0\0\0\0\0\0\0\0\0\0\0\0\0\0\0\0\0\0\0\0\0\0\0\0\0\0\0\0\0\0\0\0\0\0"..., 10240, 10432) = 10240
pread64(3</tmp/nia-publication-fault-4el264_7/case/store/objects/0c/a179e6befeb761f3613f1ef57ca892ebc3a6a228dca32f1309f0ac06a7de7e>, "!<arch>\ndebian-binary/  0           0     0     100644  4         `\n2.0\ncontrol.tar/    0       "..., 65536, 0) = 20672
pread64(3</tmp/nia-publication-fault-4el264_7/case/store/objects/0c/a179e6befeb761f3613f1ef57ca892ebc3a6a228dca32f1309f0ac06a7de7e>, "", 44864, 20672) = 0
pread64(3</tmp/nia-publication-fault-4el264_7/case/store/objects/0c/a179e6befeb761f3613f1ef57ca892ebc3a6a228dca32f1309f0ac06a7de7e>, "", 65536, 20672) = 0
pread64(3</tmp/nia-publication-fault-4el264_7/case/store/objects/0c/a179e6befeb761f3613f1ef57ca892ebc3a6a228dca32f1309f0ac06a7de7e>, "!<arch>\n", 8, 0) = 8
pread64(3</tmp/nia-publication-fault-4el264_7/case/store/objects/0c/a179e6befeb761f3613f1ef57ca892ebc3a6a228dca32f1309f0ac06a7de7e>, "debian-binary/  0           0     0     100644  4         `\n", 60, 8) = 60
pread64(3</tmp/nia-publication-fault-4el264_7/case/store/objects/0c/a179e6befeb761f3613f1ef57ca892ebc3a6a228dca32f1309f0ac06a7de7e>, "2.0\n", 4, 68) = 4
pread64(3</tmp/nia-publication-fault-4el264_7/case/store/objects/0c/a179e6befeb761f3613f1ef57ca892ebc3a6a228dca32f1309f0ac06a7de7e>, "2.0\n", 4, 68) = 4
pread64(3</tmp/nia-publication-fault-4el264_7/case/store/objects/0c/a179e6befeb761f3613f1ef57ca892ebc3a6a228dca32f1309f0ac06a7de7e>, "control.tar/    0           0     0     100644  10240     `\n", 60, 72) = 60
pread64(3</tmp/nia-publication-fault-4el264_7/case/store/objects/0c/a179e6befeb761f3613f1ef57ca892ebc3a6a228dca32f1309f0ac06a7de7e>, "./control\0\0\0\0\0\0\0\0\0\0\0\0\0\0\0\0\0\0\0\0\0\0\0\0\0\0\0\0\0\0\0\0\0\0\0\0\0\0\0\0\0\0\0\0\0\0\0\0\0\0\0\0\0\0\0\0\0\0\0\0\0\0\0\0\0\0\0\0\0\0\0\0\0\0\0\0\0\0\0\0\0\0\0\0\0\0\0"..., 10240, 132) = 10240
pread64(3</tmp/nia-publication-fault-4el264_7/case/store/objects/0c/a179e6befeb761f3613f1ef57ca892ebc3a6a228dca32f1309f0ac06a7de7e>, "data.tar/       0           0     0     100644  10240     `\n", 60, 10372) = 60
pread64(3</tmp/nia-publication-fault-4el264_7/case/store/objects/0c/a179e6befeb761f3613f1ef57ca892ebc3a6a228dca32f1309f0ac06a7de7e>, "\0\0\0\0\0\0\0\0\0\0\0\0\0\0\0\0\0\0\0\0\0\0\0\0\0\0\0\0\0\0\0\0\0\0\0\0\0\0\0\0\0\0\0\0\0\0\0\0\0\0\0\0\0\0\0\0\0\0\0\0\0\0\0\0\0\0\0\0\0\0\0\0\0\0\0\0\0\0\0\0\0\0\0\0\0\0\0\0\0\0\0\0\0\0\0\0"..., 10240, 10432) = 10240
fsync(14</tmp/nia-publication-fault-4el264_7/case/store/incoming>) = 0
pread64(3</tmp/nia-publication-fault-4el264_7/case/store/objects/0c/a179e6befeb761f3613f1ef57ca892ebc3a6a228dca32f1309f0ac06a7de7e>, "./control\0\0\0\0\0\0\0\0\0\0\0\0\0\0\0\0\0\0\0\0\0\0\0\0\0\0\0\0\0\0\0\0\0\0\0\0\0\0\0\0\0\0\0\0\0\0\0\0\0\0\0\0\0\0\0\0\0\0\0\0\0\0\0\0\0\0\0\0\0\0\0\0\0\0\0\0\0\0\0\0\0\0\0\0\0\0\0"..., 10240, 132) = 10240
write(13</tmp/nia-publication-fault-4el264_7/case/store/incoming/c3574419d53b431666496f611b9e92f8>, "./control\0\0\0\0\0\0\0\0\0\0\0\0\0\0\0\0\0\0\0\0\0\0\0\0\0\0\0\0\0\0\0\0\0\0\0\0\0\0\0\0\0\0\0\0\0\0\0\0\0\0\0\0\0\0\0\0\0\0\0\0\0\0\0\0\0\0\0\0\0\0\0\0\0\0\0\0\0\0\0\0\0\0\0\0\0\0\0"..., 10240) = 10240
fsync(13</tmp/nia-publication-fault-4el264_7/case/store/incoming/c3574419d53b431666496f611b9e92f8>) = 0
renameat2(14</tmp/nia-publication-fault-4el264_7/case/store/incoming>, "c3574419d53b431666496f611b9e92f8", 13</tmp/nia-publication-fault-4el264_7/case/store/objects/4a>, "36f6eb7c1b236ab6cb28ddb882919e888bf393dfc00d93008ad6730697f8f7", RENAME_NOREPLACE) = -1 EEXIST (File exists)
pread64(13</tmp/nia-publication-fault-4el264_7/case/store/objects/4a/36f6eb7c1b236ab6cb28ddb882919e888bf393dfc00d93008ad6730697f8f7>, "./control\0\0\0\0\0\0\0\0\0\0\0\0\0\0\0\0\0\0\0\0\0\0\0\0\0\0\0\0\0\0\0\0\0\0\0\0\0\0\0\0\0\0\0\0\0\0\0\0\0\0\0\0\0\0\0\0\0\0\0\0\0\0\0\0\0\0\0\0\0\0\0\0\0\0\0\0\0\0\0\0\0\0\0\0\0\0\0"..., 65536, 0) = 10240
pread64(13</tmp/nia-publication-fault-4el264_7/case/store/objects/4a/36f6eb7c1b236ab6cb28ddb882919e888bf393dfc00d93008ad6730697f8f7>, "", 55296, 10240) = 0
pread64(13</tmp/nia-publication-fault-4el264_7/case/store/objects/4a/36f6eb7c1b236ab6cb28ddb882919e888bf393dfc00d93008ad6730697f8f7>, "", 65536, 10240) = 0
fsync(14</tmp/nia-publication-fault-4el264_7/case/store/incoming>) = 0
pread64(3</tmp/nia-publication-fault-4el264_7/case/store/objects/4a/36f6eb7c1b236ab6cb28ddb882919e888bf393dfc00d93008ad6730697f8f7>, "./control\0\0\0\0\0\0\0\0\0\0\0\0\0\0\0\0\0\0\0\0\0\0\0\0\0\0\0\0\0\0\0\0\0\0\0\0\0\0\0\0\0\0\0\0\0\0\0\0\0\0\0\0\0\0\0\0\0\0\0\0\0\0\0\0\0\0\0\0\0\0\0\0\0\0\0\0\0\0\0\0\0\0\0\0\0\0\0"..., 65536, 0) = 10240
pread64(3</tmp/nia-publication-fault-4el264_7/case/store/objects/4a/36f6eb7c1b236ab6cb28ddb882919e888bf393dfc00d93008ad6730697f8f7>, "", 55296, 10240) = 0
pread64(3</tmp/nia-publication-fault-4el264_7/case/store/objects/4a/36f6eb7c1b236ab6cb28ddb882919e888bf393dfc00d93008ad6730697f8f7>, "", 65536, 10240) = 0
pread64(3</tmp/nia-publication-fault-4el264_7/case/store/objects/4a/36f6eb7c1b236ab6cb28ddb882919e888bf393dfc00d93008ad6730697f8f7>, "./control\0\0\0\0\0\0\0\0\0\0\0\0\0\0\0\0\0\0\0\0\0\0\0\0\0\0\0\0\0\0\0\0\0\0\0\0\0\0\0\0\0\0\0\0\0\0\0\0\0\0\0\0\0\0\0\0\0\0\0\0\0\0\0\0\0\0\0\0\0\0\0\0\0\0\0\0\0\0\0\0\0\0\0\0\0\0\0"..., 10240, 0) = 10240
fsync(14</tmp/nia-publication-fault-4el264_7/case/store/incoming>) = 0
write(13</tmp/nia-publication-fault-4el264_7/case/store/incoming/79ac263ea94377d106ca75b2ebb100dc>, "Package: empty-package\nVersion: 1\nArchitecture: all\nMaintainer: Fixture <fixture@example.invalid"..., 149) = 149
fsync(13</tmp/nia-publication-fault-4el264_7/case/store/incoming/79ac263ea94377d106ca75b2ebb100dc>) = 0
renameat2(14</tmp/nia-publication-fault-4el264_7/case/store/incoming>, "79ac263ea94377d106ca75b2ebb100dc", 13</tmp/nia-publication-fault-4el264_7/case/store/objects/a3>, "1a856f430af395bccd7eb2f142b11ad3ae0fc5daf3acc4ffb341c48a5abd39", RENAME_NOREPLACE) = -1 EEXIST (File exists)
pread64(13</tmp/nia-publication-fault-4el264_7/case/store/objects/a3/1a856f430af395bccd7eb2f142b11ad3ae0fc5daf3acc4ffb341c48a5abd39>, "Package: empty-package\nVersion: 1\nArchitecture: all\nMaintainer: Fixture <fixture@example.invalid"..., 65536, 0) = 149
pread64(13</tmp/nia-publication-fault-4el264_7/case/store/objects/a3/1a856f430af395bccd7eb2f142b11ad3ae0fc5daf3acc4ffb341c48a5abd39>, "", 65387, 149) = 0
pread64(13</tmp/nia-publication-fault-4el264_7/case/store/objects/a3/1a856f430af395bccd7eb2f142b11ad3ae0fc5daf3acc4ffb341c48a5abd39>, "", 65536, 149) = 0
fsync(14</tmp/nia-publication-fault-4el264_7/case/store/incoming>) = 0
pread64(3</tmp/nia-publication-fault-4el264_7/case/store/objects/0c/a179e6befeb761f3613f1ef57ca892ebc3a6a228dca32f1309f0ac06a7de7e>, "!<arch>\ndebian-binary/  0           0     0     100644  4         `\n2.0\ncontrol.tar/    0       "..., 65536, 0) = 20672
pread64(3</tmp/nia-publication-fault-4el264_7/case/store/objects/0c/a179e6befeb761f3613f1ef57ca892ebc3a6a228dca32f1309f0ac06a7de7e>, "", 44864, 20672) = 0
pread64(3</tmp/nia-publication-fault-4el264_7/case/store/objects/0c/a179e6befeb761f3613f1ef57ca892ebc3a6a228dca32f1309f0ac06a7de7e>, "", 65536, 20672) = 0
pread64(3</tmp/nia-publication-fault-4el264_7/case/store/objects/4a/36f6eb7c1b236ab6cb28ddb882919e888bf393dfc00d93008ad6730697f8f7>, "./control\0\0\0\0\0\0\0\0\0\0\0\0\0\0\0\0\0\0\0\0\0\0\0\0\0\0\0\0\0\0\0\0\0\0\0\0\0\0\0\0\0\0\0\0\0\0\0\0\0\0\0\0\0\0\0\0\0\0\0\0\0\0\0\0\0\0\0\0\0\0\0\0\0\0\0\0\0\0\0\0\0\0\0\0\0\0\0"..., 65536, 0) = 10240
pread64(3</tmp/nia-publication-fault-4el264_7/case/store/objects/4a/36f6eb7c1b236ab6cb28ddb882919e888bf393dfc00d93008ad6730697f8f7>, "", 55296, 10240) = 0
pread64(3</tmp/nia-publication-fault-4el264_7/case/store/objects/4a/36f6eb7c1b236ab6cb28ddb882919e888bf393dfc00d93008ad6730697f8f7>, "", 65536, 10240) = 0
pread64(3</tmp/nia-publication-fault-4el264_7/case/store/objects/84/ff92691f909a05b224e1c56abb4864f01b4f8e3c854e4bb4c7baf1d3f6d652>, "\0\0\0\0\0\0\0\0\0\0\0\0\0\0\0\0\0\0\0\0\0\0\0\0\0\0\0\0\0\0\0\0\0\0\0\0\0\0\0\0\0\0\0\0\0\0\0\0\0\0\0\0\0\0\0\0\0\0\0\0\0\0\0\0\0\0\0\0\0\0\0\0\0\0\0\0\0\0\0\0\0\0\0\0\0\0\0\0\0\0\0\0\0\0\0\0"..., 65536, 0) = 10240
pread64(3</tmp/nia-publication-fault-4el264_7/case/store/objects/84/ff92691f909a05b224e1c56abb4864f01b4f8e3c854e4bb4c7baf1d3f6d652>, "", 55296, 10240) = 0
pread64(3</tmp/nia-publication-fault-4el264_7/case/store/objects/84/ff92691f909a05b224e1c56abb4864f01b4f8e3c854e4bb4c7baf1d3f6d652>, "", 65536, 10240) = 0
pread64(3</tmp/nia-publication-fault-4el264_7/case/store/objects/8e/e688345e1d9502ee8cd7277a453c30bfb77b947201beb3300e9df2b8ca321d>, "\0\0\0\0\0\0\0\10NIACSEL1\273\343\341b6\331$M\267\345\300\262\251\302\306\27f\270\251!\330\260\227\374\323p\347\177\25.\3311\0\0\0\0\0\0\0\1\f\241y\346\276\376\267a\363a?\36\365|\250\222\353\303\246\242(\334\243/\23\t\360\254\6\247\336~J6\366\353|\33#j"..., 65536, 0) = 152
pread64(3</tmp/nia-publication-fault-4el264_7/case/store/objects/8e/e688345e1d9502ee8cd7277a453c30bfb77b947201beb3300e9df2b8ca321d>, "", 65384, 152) = 0
pread64(3</tmp/nia-publication-fault-4el264_7/case/store/objects/8e/e688345e1d9502ee8cd7277a453c30bfb77b947201beb3300e9df2b8ca321d>, "", 65536, 152) = 0
pread64(3</tmp/nia-publication-fault-4el264_7/case/store/objects/a3/1a856f430af395bccd7eb2f142b11ad3ae0fc5daf3acc4ffb341c48a5abd39>, "Package: empty-package\nVersion: 1\nArchitecture: all\nMaintainer: Fixture <fixture@example.invalid"..., 65536, 0) = 149
pread64(3</tmp/nia-publication-fault-4el264_7/case/store/objects/a3/1a856f430af395bccd7eb2f142b11ad3ae0fc5daf3acc4ffb341c48a5abd39>, "", 65387, 149) = 0
pread64(3</tmp/nia-publication-fault-4el264_7/case/store/objects/a3/1a856f430af395bccd7eb2f142b11ad3ae0fc5daf3acc4ffb341c48a5abd39>, "", 65536, 149) = 0
fsync(13</tmp/nia-publication-fault-4el264_7/case/store/incoming>) = 0
write(3</tmp/nia-publication-fault-4el264_7/case/store/incoming/833be9c2107516daf4958aee1000fca4>, "NIACLOS1\216\346\2104^\35\225\2\356\214\327'zE<0\277\267{\224r\1\276\2630\16\235\362\270\3122\35\273\343\341b6\331$M\267\345\300\262\251\302\306\27f\270\251!\330\260\227\374\323p\347\177\25.\3311\0\0\0\0\0\0\0\5", 80) = 80
write(3</tmp/nia-publication-fault-4el264_7/case/store/incoming/833be9c2107516daf4958aee1000fca4>, "\f\241y\346\276\376\267a\363a?\36\365|\250\222\353\303\246\242(\334\243/\23\t\360\254\6\247\336~", 32) = 32
write(3</tmp/nia-publication-fault-4el264_7/case/store/incoming/833be9c2107516daf4958aee1000fca4>, "J6\366\353|\33#j\266\313(\335\270\202\221\236\210\213\363\223\337\300\r\223\0\212\326s\6\227\370\367", 32) = 32
write(3</tmp/nia-publication-fault-4el264_7/case/store/incoming/833be9c2107516daf4958aee1000fca4>, "\204\377\222i\37\220\232\5\262$\341\305j\273Hd\360\33O\216<\205NK\264\307\272\361\323\366\326R", 32) = 32
write(3</tmp/nia-publication-fault-4el264_7/case/store/incoming/833be9c2107516daf4958aee1000fca4>, "\216\346\2104^\35\225\2\356\214\327'zE<0\277\267{\224r\1\276\2630\16\235\362\270\3122\35", 32) = 32
write(3</tmp/nia-publication-fault-4el264_7/case/store/incoming/833be9c2107516daf4958aee1000fca4>, "\243\32\205oC\n\363\225\274\315~\262\361B\261\32\323\256\17\305\332\363\254\304\377\263A\304\212Z\2759", 32) = 32
fsync(3</tmp/nia-publication-fault-4el264_7/case/store/incoming/833be9c2107516daf4958aee1000fca4>) = 0
renameat2(13</tmp/nia-publication-fault-4el264_7/case/store/incoming>, "833be9c2107516daf4958aee1000fca4", 3</tmp/nia-publication-fault-4el264_7/case/store/objects/32>, "094e7c613fdb6dffb1f27d926b176f7fd8946b8c2cf3ca9e3b95cb91a1a8ca", RENAME_NOREPLACE) = -1 EEXIST (File exists)
pread64(3</tmp/nia-publication-fault-4el264_7/case/store/objects/32/094e7c613fdb6dffb1f27d926b176f7fd8946b8c2cf3ca9e3b95cb91a1a8ca>, "NIACLOS1\216\346\2104^\35\225\2\356\214\327'zE<0\277\267{\224r\1\276\2630\16\235\362\270\3122\35\273\343\341b6\331$M\267\345\300\262\251\302\306\27f\270\251!\330\260\227\374\323p\347\177\25.\3311\0\0\0\0\0\0\0\5\f\241y\346\276\376\267a\363a?\36\365|\250\222"..., 65536, 0) = 240
pread64(3</tmp/nia-publication-fault-4el264_7/case/store/objects/32/094e7c613fdb6dffb1f27d926b176f7fd8946b8c2cf3ca9e3b95cb91a1a8ca>, "", 65296, 240) = 0
pread64(3</tmp/nia-publication-fault-4el264_7/case/store/objects/32/094e7c613fdb6dffb1f27d926b176f7fd8946b8c2cf3ca9e3b95cb91a1a8ca>, "", 65536, 240) = 0
fsync(13</tmp/nia-publication-fault-4el264_7/case/store/incoming>) = 0
pread64(3</tmp/nia-publication-fault-4el264_7/case/store/objects/06/3e13748cbe35935a68f2a4e813e304a840ad6be46e05313190b7df3df64069>, "MCPLAN02))))))))))))))))J\221\251af\2333\363\322\2457\334\20\314\305\221\0\0\0\0\0\0\0\0\0\0\0\0\0\0\0\1\0\0\0\0\0\0\0\1\0\0\0\0\0\0\0\2\216\346\2104^\35\225\2\356\214\327'zE<0\277\267{\224r\1\276\263"..., 65536, 0) = 995
pread64(3</tmp/nia-publication-fault-4el264_7/case/store/objects/06/3e13748cbe35935a68f2a4e813e304a840ad6be46e05313190b7df3df64069>, "", 64541, 995) = 0
pread64(3</tmp/nia-publication-fault-4el264_7/case/store/objects/06/3e13748cbe35935a68f2a4e813e304a840ad6be46e05313190b7df3df64069>, "", 65536, 995) = 0
pread64(3</tmp/nia-publication-fault-4el264_7/case/store/objects/06/3e13748cbe35935a68f2a4e813e304a840ad6be46e05313190b7df3df64069>, "MCPLAN02))))))))))))))))J\221\251af\2333\363\322\2457\334\20\314\305\221\0\0\0\0\0\0\0\0\0\0\0\0\0\0\0\1\0\0\0\0\0\0\0\1\0\0\0\0\0\0\0\2\216\346\2104^\35\225\2\356\214\327'zE<0\277\267{\224r\1\276\263"..., 4500000, 0) = 995
pread64(3</tmp/nia-publication-fault-4el264_7/case/store/objects/06/3e13748cbe35935a68f2a4e813e304a840ad6be46e05313190b7df3df64069>, "", 4499005, 995) = 0
pread64(3</tmp/nia-publication-fault-4el264_7/case/store/pins/4a91a961669b33f3d2a537dc10ccc591>, "\6>\23t\214\2765\223Zh\362\244\350\23\343\4\250@\255k\344n\00511\220\267\337=\366@i", 33, 0) = 32
pread64(3</tmp/nia-publication-fault-4el264_7/case/store/pins/4a91a961669b33f3d2a537dc10ccc591>, "", 1, 32) = 0
fsync(3</tmp/nia-publication-fault-4el264_7/case/bank/29292929292929292929292929292929/state>) = 0
pread64(13</tmp/nia-publication-fault-4el264_7/case/bank/29292929292929292929292929292929/state/tx-4a91a961669b33f3d2a537dc10ccc591.log>, "MCLOG002\0\0\0\0\0\0\0\1\0\1\0\0\0\0\0\0))))))))))))))))J\221\251af\2333\363\322\2457\334\20\314\305\221\0\0\0\0\0\0\0\1\0\0\0\0\0\0\0\2\0\0\0\0\0\0\0\0\0\0\0\0\0\0\0\1\6>\23t\214\2765\223"..., 256, 0) = 256
pread64(13</tmp/nia-publication-fault-4el264_7/case/bank/29292929292929292929292929292929/state/tx-4a91a961669b33f3d2a537dc10ccc591.log>, "MCLOG002\0\0\0\0\0\0\0\2\0\2\0\0\0\0\0\0))))))))))))))))J\221\251af\2333\363\322\2457\334\20\314\305\221\0\0\0\0\0\0\0\1\0\0\0\0\0\0\0\2\0\0\0\0\0\0\0\1\0\0\0\0\0\0\0\1\6>\23t\214\2765\223"..., 256, 256) = 256
pread64(13</tmp/nia-publication-fault-4el264_7/case/bank/29292929292929292929292929292929/state/tx-4a91a961669b33f3d2a537dc10ccc591.log>, "MCLOG002\0\0\0\0\0\0\0\3\0\3\0\0\0\0\0\0))))))))))))))))J\221\251af\2333\363\322\2457\334\20\314\305\221\0\0\0\0\0\0\0\1\0\0\0\0\0\0\0\2\0\0\0\0\0\0\0\1\0\0\0\0\0\0\0\1\6>\23t\214\2765\223"..., 256, 512) = 256
pread64(13</tmp/nia-publication-fault-4el264_7/case/bank/29292929292929292929292929292929/state/tx-4a91a961669b33f3d2a537dc10ccc591.log>, "MCLOG002\0\0\0\0\0\0\0\4\0\2\0\0\0\0\0\0))))))))))))))))J\221\251af\2333\363\322\2457\334\20\314\305\221\0\0\0\0\0\0\0\1\0\0\0\0\0\0\0\2\0\0\0\0\0\0\0\2\0\0\0\0\0\0\0\1\6>\23t\214\2765\223"..., 256, 768) = 256
pread64(13</tmp/nia-publication-fault-4el264_7/case/bank/29292929292929292929292929292929/state/tx-4a91a961669b33f3d2a537dc10ccc591.log>, "MCLOG002\0\0\0\0\0\0\0\5\0\3\0\0\0\0\0\0))))))))))))))))J\221\251af\2333\363\322\2457\334\20\314\305\221\0\0\0\0\0\0\0\1\0\0\0\0\0\0\0\2\0\0\0\0\0\0\0\2\0\0\0\0\0\0\0\1\6>\23t\214\2765\223"..., 256, 1024) = 256
pread64(13</tmp/nia-publication-fault-4el264_7/case/bank/29292929292929292929292929292929/state/tx-4a91a961669b33f3d2a537dc10ccc591.log>, "MCLOG002\0\0\0\0\0\0\0\6\0\2\0\0\0\0\0\0))))))))))))))))J\221\251af\2333\363\322\2457\334\20\314\305\221\0\0\0\0\0\0\0\1\0\0\0\0\0\0\0\2\0\0\0\0\0\0\0\3\0\0\0\0\0\0\0\1\6>\23t\214\2765\223"..., 256, 1280) = 256
pread64(13</tmp/nia-publication-fault-4el264_7/case/bank/29292929292929292929292929292929/state/tx-4a91a961669b33f3d2a537dc10ccc591.log>, "MCLOG002\0\0\0\0\0\0\0\7\0\3\0\0\0\0\0\0))))))))))))))))J\221\251af\2333\363\322\2457\334\20\314\305\221\0\0\0\0\0\0\0\1\0\0\0\0\0\0\0\2\0\0\0\0\0\0\0\3\0\0\0\0\0\0\0\1\6>\23t\214\2765\223"..., 256, 1536) = 256
pread64(13</tmp/nia-publication-fault-4el264_7/case/bank/29292929292929292929292929292929/state/tx-4a91a961669b33f3d2a537dc10ccc591.log>, "MCLOG002\0\0\0\0\0\0\0\10\0\4\0\0\0\0\0\0))))))))))))))))J\221\251af\2333\363\322\2457\334\20\314\305\221\0\0\0\0\0\0\0\1\0\0\0\0\0\0\0\2\0\0\0\0\0\0\0\0\0\0\0\0\0\0\0\1\6>\23t\214\2765\223"..., 256, 1792) = 256
pread64(13</tmp/nia-publication-fault-4el264_7/case/bank/29292929292929292929292929292929/state/tx-4a91a961669b33f3d2a537dc10ccc591.log>, "MCLOG002\0\0\0\0\0\0\0\t\0\5\0\0\0\0\0\0))))))))))))))))J\221\251af\2333\363\322\2457\334\20\314\305\221\0\0\0\0\0\0\0\1\0\0\0\0\0\0\0\2\0\0\0\0\0\0\0\0\0\0\0\0\0\0\0\1f\246uqQ\370\356U"..., 256, 2048) = 256
pread64(13</tmp/nia-publication-fault-4el264_7/case/bank/29292929292929292929292929292929/state/tx-4a91a961669b33f3d2a537dc10ccc591.log>, "MCLOG002\0\0\0\0\0\0\0\n\0\6\0\0\0\0\0\0))))))))))))))))J\221\251af\2333\363\322\2457\334\20\314\305\221\0\0\0\0\0\0\0\1\0\0\0\0\0\0\0\2\0\0\0\0\0\0\0\0\0\0\0\0\0\0\0\1f\246uqQ\370\356U"..., 256, 2304) = 256
pread64(13</tmp/nia-publication-fault-4el264_7/case/bank/29292929292929292929292929292929/state/tx-4a91a961669b33f3d2a537dc10ccc591.log>, "MCLOG002\0\0\0\0\0\0\0\1\0\1\0\0\0\0\0\0))))))))))))))))J\221\251af\2333\363\322\2457\334\20\314\305\221\0\0\0\0\0\0\0\1\0\0\0\0\0\0\0\2\0\0\0\0\0\0\0\0\0\0\0\0\0\0\0\1\6>\23t\214\2765\223"..., 256, 0) = 256
pread64(13</tmp/nia-publication-fault-4el264_7/case/bank/29292929292929292929292929292929/state/tx-4a91a961669b33f3d2a537dc10ccc591.log>, "MCLOG002\0\0\0\0\0\0\0\2\0\2\0\0\0\0\0\0))))))))))))))))J\221\251af\2333\363\322\2457\334\20\314\305\221\0\0\0\0\0\0\0\1\0\0\0\0\0\0\0\2\0\0\0\0\0\0\0\1\0\0\0\0\0\0\0\1\6>\23t\214\2765\223"..., 256, 256) = 256
pread64(13</tmp/nia-publication-fault-4el264_7/case/bank/29292929292929292929292929292929/state/tx-4a91a961669b33f3d2a537dc10ccc591.log>, "MCLOG002\0\0\0\0\0\0\0\3\0\3\0\0\0\0\0\0))))))))))))))))J\221\251af\2333\363\322\2457\334\20\314\305\221\0\0\0\0\0\0\0\1\0\0\0\0\0\0\0\2\0\0\0\0\0\0\0\1\0\0\0\0\0\0\0\1\6>\23t\214\2765\223"..., 256, 512) = 256
pread64(13</tmp/nia-publication-fault-4el264_7/case/bank/29292929292929292929292929292929/state/tx-4a91a961669b33f3d2a537dc10ccc591.log>, "MCLOG002\0\0\0\0\0\0\0\4\0\2\0\0\0\0\0\0))))))))))))))))J\221\251af\2333\363\322\2457\334\20\314\305\221\0\0\0\0\0\0\0\1\0\0\0\0\0\0\0\2\0\0\0\0\0\0\0\2\0\0\0\0\0\0\0\1\6>\23t\214\2765\223"..., 256, 768) = 256
pread64(13</tmp/nia-publication-fault-4el264_7/case/bank/29292929292929292929292929292929/state/tx-4a91a961669b33f3d2a537dc10ccc591.log>, "MCLOG002\0\0\0\0\0\0\0\5\0\3\0\0\0\0\0\0))))))))))))))))J\221\251af\2333\363\322\2457\334\20\314\305\221\0\0\0\0\0\0\0\1\0\0\0\0\0\0\0\2\0\0\0\0\0\0\0\2\0\0\0\0\0\0\0\1\6>\23t\214\2765\223"..., 256, 1024) = 256
pread64(13</tmp/nia-publication-fault-4el264_7/case/bank/29292929292929292929292929292929/state/tx-4a91a961669b33f3d2a537dc10ccc591.log>, "MCLOG002\0\0\0\0\0\0\0\6\0\2\0\0\0\0\0\0))))))))))))))))J\221\251af\2333\363\322\2457\334\20\314\305\221\0\0\0\0\0\0\0\1\0\0\0\0\0\0\0\2\0\0\0\0\0\0\0\3\0\0\0\0\0\0\0\1\6>\23t\214\2765\223"..., 256, 1280) = 256
pread64(13</tmp/nia-publication-fault-4el264_7/case/bank/29292929292929292929292929292929/state/tx-4a91a961669b33f3d2a537dc10ccc591.log>, "MCLOG002\0\0\0\0\0\0\0\7\0\3\0\0\0\0\0\0))))))))))))))))J\221\251af\2333\363\322\2457\334\20\314\305\221\0\0\0\0\0\0\0\1\0\0\0\0\0\0\0\2\0\0\0\0\0\0\0\3\0\0\0\0\0\0\0\1\6>\23t\214\2765\223"..., 256, 1536) = 256
pread64(13</tmp/nia-publication-fault-4el264_7/case/bank/29292929292929292929292929292929/state/tx-4a91a961669b33f3d2a537dc10ccc591.log>, "MCLOG002\0\0\0\0\0\0\0\10\0\4\0\0\0\0\0\0))))))))))))))))J\221\251af\2333\363\322\2457\334\20\314\305\221\0\0\0\0\0\0\0\1\0\0\0\0\0\0\0\2\0\0\0\0\0\0\0\0\0\0\0\0\0\0\0\1\6>\23t\214\2765\223"..., 256, 1792) = 256
pread64(13</tmp/nia-publication-fault-4el264_7/case/bank/29292929292929292929292929292929/state/tx-4a91a961669b33f3d2a537dc10ccc591.log>, "MCLOG002\0\0\0\0\0\0\0\t\0\5\0\0\0\0\0\0))))))))))))))))J\221\251af\2333\363\322\2457\334\20\314\305\221\0\0\0\0\0\0\0\1\0\0\0\0\0\0\0\2\0\0\0\0\0\0\0\0\0\0\0\0\0\0\0\1f\246uqQ\370\356U"..., 256, 2048) = 256
pread64(13</tmp/nia-publication-fault-4el264_7/case/bank/29292929292929292929292929292929/state/tx-4a91a961669b33f3d2a537dc10ccc591.log>, "MCLOG002\0\0\0\0\0\0\0\n\0\6\0\0\0\0\0\0))))))))))))))))J\221\251af\2333\363\322\2457\334\20\314\305\221\0\0\0\0\0\0\0\1\0\0\0\0\0\0\0\2\0\0\0\0\0\0\0\0\0\0\0\0\0\0\0\1f\246uqQ\370\356U"..., 256, 2304) = 256
pread64(3</tmp/nia-publication-fault-4el264_7/case/bank/29292929292929292929292929292929/root/catalog>, "\0\0\0\0\0\0\0\10NIACSEL1\273\343\341b6\331$M\267\345\300\262\251\302\306\27f\270\251!\330\260\227\374\323p\347\177\25.\3311\0\0\0\0\0\0\0\1\f\241y\346\276\376\267a\363a?\36\365|\250\222\353\303\246\242(\334\243/\23\t\360\254\6\247\336~J6\366\353|\33#j"..., 65536, 0) = 152
pread64(3</tmp/nia-publication-fault-4el264_7/case/bank/29292929292929292929292929292929/root/catalog>, "", 65384, 152) = 0
pread64(3</tmp/nia-publication-fault-4el264_7/case/bank/29292929292929292929292929292929/root/catalog>, "", 65536, 152) = 0
pread64(3</tmp/nia-publication-fault-4el264_7/case/bank/29292929292929292929292929292929/root/tree/version>, "\0\0\0\0\0\0\0\10NIACSEL1\273\343\341b6\331$M\267\345\300\262\251\302\306\27f\270\251!\330\260\227\374\323p\347\177\25.\3311\0\0\0\0\0\0\0\1\f\241y\346\276\376\267a\363a?\36\365|\250\222\353\303\246\242(\334\243/\23\t\360\254\6\247\336~J6\366\353|\33#j"..., 65536, 0) = 152
pread64(3</tmp/nia-publication-fault-4el264_7/case/bank/29292929292929292929292929292929/root/tree/version>, "", 65384, 152) = 0
pread64(3</tmp/nia-publication-fault-4el264_7/case/bank/29292929292929292929292929292929/root/tree/version>, "", 65536, 152) = 0
fsync(3</tmp/nia-publication-fault-4el264_7/case/state>) = 0
pread64(3</tmp/nia-publication-fault-4el264_7/case/root/.mission/root.id>, "\37\37\37\37\37\37\37\37\37\37\37\37\37\37\37\37", 16, 0) = 16
pread64(3</tmp/nia-publication-fault-4el264_7/case/state/root.state>, "MCROOT02\37\37\37\37\37\37\37\37\37\37\37\37\37\37\37\37\0\0\0\0\0\0\0\0================|(\260]\354\310\366\2733\266\317\17dlZ\365\252\200U\340\nL\366\332\32tk\326;\35\36\362\0\0\0\0\0\0\0\0\0\0\0\0\0\0\0\0"..., 192, 0) = 192
fsync(3</tmp/nia-publication-fault-4el264_7/case/store>) = 0
pread64(3</tmp/nia-publication-fault-4el264_7/case/root/.mission/root.id>, "\37\37\37\37\37\37\37\37\37\37\37\37\37\37\37\37", 16, 0) = 16
pread64(3</tmp/nia-publication-fault-4el264_7/case/state/root.state>, "MCROOT02\37\37\37\37\37\37\37\37\37\37\37\37\37\37\37\37\0\0\0\0\0\0\0\0================|(\260]\354\310\366\2733\266\317\17dlZ\365\252\200U\340\nL\366\332\32tk\326;\35\36\362\0\0\0\0\0\0\0\0\0\0\0\0\0\0\0\0"..., 192, 0) = 192
pread64(3</tmp/nia-publication-fault-4el264_7/case/store/objects/21/944ec3a07bc2c4968e56fb8293ef4e32f02aecead46768799ef9a6a96e2705>, "NIAPUB01\37\37\37\37\37\37\37\37\37\37\37\37\37\37\37\37))))))))))))))))EN\16:\276\304-E\373\22\204\265\26:\214\305\301\1\4\312\17\2\177.%\237)jJ\374\31\270\216\346\2104^\35\225\2\356\214\327'zE<0\277\267{\224r\1\276\263"..., 65536, 0) = 192
pread64(3</tmp/nia-publication-fault-4el264_7/case/store/objects/21/944ec3a07bc2c4968e56fb8293ef4e32f02aecead46768799ef9a6a96e2705>, "", 65344, 192) = 0
pread64(3</tmp/nia-publication-fault-4el264_7/case/store/objects/21/944ec3a07bc2c4968e56fb8293ef4e32f02aecead46768799ef9a6a96e2705>, "", 65536, 192) = 0
pread64(3</tmp/nia-publication-fault-4el264_7/case/store/objects/21/944ec3a07bc2c4968e56fb8293ef4e32f02aecead46768799ef9a6a96e2705>, "NIAPUB01\37\37\37\37\37\37\37\37\37\37\37\37\37\37\37\37))))))))))))))))EN\16:\276\304-E\373\22\204\265\26:\214\305\301\1\4\312\17\2\177.%\237)jJ\374\31\270\216\346\2104^\35\225\2\356\214\327'zE<0\277\267{\224r\1\276\263"..., 193, 0) = 192
pread64(3</tmp/nia-publication-fault-4el264_7/case/store/objects/21/944ec3a07bc2c4968e56fb8293ef4e32f02aecead46768799ef9a6a96e2705>, "", 1, 192) = 0
pread64(3</tmp/nia-publication-fault-4el264_7/case/store/objects/45/4e0e3abec42d45fb1284b5163a8cc5c10104ca0f027f2e259f296a4afc19b8>, "NIAGEN04))))))))))))))))3333333333333333\0\0\0\0\0\0\0\1\0\0\0\0\0\0\0\2\216\346\2104^\35\225\2\356\214\327'zE<0\277\267{\224r\1\276\2630\16\235\362\270\3122\35\"\"\"\"\"\"\"\""..., 65536, 0) = 288
pread64(3</tmp/nia-publication-fault-4el264_7/case/store/objects/45/4e0e3abec42d45fb1284b5163a8cc5c10104ca0f027f2e259f296a4afc19b8>, "", 65248, 288) = 0
pread64(3</tmp/nia-publication-fault-4el264_7/case/store/objects/45/4e0e3abec42d45fb1284b5163a8cc5c10104ca0f027f2e259f296a4afc19b8>, "", 65536, 288) = 0
pread64(3</tmp/nia-publication-fault-4el264_7/case/store/objects/45/4e0e3abec42d45fb1284b5163a8cc5c10104ca0f027f2e259f296a4afc19b8>, "NIAGEN04))))))))))))))))3333333333333333\0\0\0\0\0\0\0\1\0\0\0\0\0\0\0\2\216\346\2104^\35\225\2\356\214\327'zE<0\277\267{\224r\1\276\2630\16\235\362\270\3122\35\"\"\"\"\"\"\"\""..., 32992, 0) = 288
pread64(3</tmp/nia-publication-fault-4el264_7/case/store/objects/45/4e0e3abec42d45fb1284b5163a8cc5c10104ca0f027f2e259f296a4afc19b8>, "", 32704, 288) = 0
pread64(3</tmp/nia-publication-fault-4el264_7/case/store/pins/33333333333333333333333333333333>, "EN\16:\276\304-E\373\22\204\265\26:\214\305\301\1\4\312\17\2\177.%\237)jJ\374\31\270", 33, 0) = 32
pread64(3</tmp/nia-publication-fault-4el264_7/case/store/pins/33333333333333333333333333333333>, "", 1, 32) = 0
pread64(3</tmp/nia-publication-fault-4el264_7/case/store/objects/b2/d93d1647239d0ba4daeaa2a008547e866b63fe552b7835bb1cf81afd008832>, "NIASPOL1~R\322\ng\4\374Nt{\300\301\330\36\340\226\257\27\360\206\320\344f\21\354\217~\254\226\320\232\"\0\0\0\0\0\0\3\350\0\0\0\0\0\0\0\1GGGGGGGGGGGGGGGGGGGGGGGGGGGGGGGG\212\210\343\335t\t\361\225"..., 65536, 0) = 136
pread64(3</tmp/nia-publication-fault-4el264_7/case/store/objects/b2/d93d1647239d0ba4daeaa2a008547e866b63fe552b7835bb1cf81afd008832>, "", 65400, 136) = 0
pread64(3</tmp/nia-publication-fault-4el264_7/case/store/objects/b2/d93d1647239d0ba4daeaa2a008547e866b63fe552b7835bb1cf81afd008832>, "", 65536, 136) = 0
pread64(3</tmp/nia-publication-fault-4el264_7/case/store/objects/b2/d93d1647239d0ba4daeaa2a008547e866b63fe552b7835bb1cf81afd008832>, "NIASPOL1~R\322\ng\4\374Nt{\300\301\330\36\340\226\257\27\360\206\320\344f\21\354\217~\254\226\320\232\"\0\0\0\0\0\0\3\350\0\0\0\0\0\0\0\1GGGGGGGGGGGGGGGGGGGGGGGGGGGGGGGG\212\210\343\335t\t\361\225"..., 20536, 0) = 136
pread64(3</tmp/nia-publication-fault-4el264_7/case/store/objects/b2/d93d1647239d0ba4daeaa2a008547e866b63fe552b7835bb1cf81afd008832>, "", 20400, 136) = 0
pread64(3</tmp/nia-publication-fault-4el264_7/case/store/objects/7e/52d20a6704fc4e747bc0c1d81ee096af17f086d0e46611ec8f7eac96d09a22>, "NIASMAP1\37\37\37\37\37\37\37\37\37\37\37\37\37\37\37\37\0\0\0\0\0\0\0\0\0\0\0\0\0\0\0\0\0\0\0\0\0\0\0\0\0\0\0\0\0\0\0\0\0\0\0\0\0\0\0\0\0\0\0\0\0\0\0\0\0\0\0\0\0\0\0\0\0\0\0\0\0\0\0\0\216\346\2104^\35\225\2"..., 65536, 0) = 256
pread64(3</tmp/nia-publication-fault-4el264_7/case/store/objects/7e/52d20a6704fc4e747bc0c1d81ee096af17f086d0e46611ec8f7eac96d09a22>, "", 65280, 256) = 0
pread64(3</tmp/nia-publication-fault-4el264_7/case/store/objects/7e/52d20a6704fc4e747bc0c1d81ee096af17f086d0e46611ec8f7eac96d09a22>, "", 65536, 256) = 0
pread64(3</tmp/nia-publication-fault-4el264_7/case/store/objects/7e/52d20a6704fc4e747bc0c1d81ee096af17f086d0e46611ec8f7eac96d09a22>, "NIASMAP1\37\37\37\37\37\37\37\37\37\37\37\37\37\37\37\37\0\0\0\0\0\0\0\0\0\0\0\0\0\0\0\0\0\0\0\0\0\0\0\0\0\0\0\0\0\0\0\0\0\0\0\0\0\0\0\0\0\0\0\0\0\0\0\0\0\0\0\0\0\0\0\0\0\0\0\0\0\0\0\0\216\346\2104^\35\225\2"..., 393376, 0) = 256
pread64(3</tmp/nia-publication-fault-4el264_7/case/store/objects/7e/52d20a6704fc4e747bc0c1d81ee096af17f086d0e46611ec8f7eac96d09a22>, "", 393120, 256) = 0
pread64(3</tmp/nia-publication-fault-4el264_7/case/store/objects/8e/e688345e1d9502ee8cd7277a453c30bfb77b947201beb3300e9df2b8ca321d>, "\0\0\0\0\0\0\0\10NIACSEL1\273\343\341b6\331$M\267\345\300\262\251\302\306\27f\270\251!\330\260\227\374\323p\347\177\25.\3311\0\0\0\0\0\0\0\1\f\241y\346\276\376\267a\363a?\36\365|\250\222\353\303\246\242(\334\243/\23\t\360\254\6\247\336~J6\366\353|\33#j"..., 65536, 0) = 152
pread64(3</tmp/nia-publication-fault-4el264_7/case/store/objects/8e/e688345e1d9502ee8cd7277a453c30bfb77b947201beb3300e9df2b8ca321d>, "", 65384, 152) = 0
pread64(3</tmp/nia-publication-fault-4el264_7/case/store/objects/8e/e688345e1d9502ee8cd7277a453c30bfb77b947201beb3300e9df2b8ca321d>, "", 65536, 152) = 0
pread64(3</tmp/nia-publication-fault-4el264_7/case/store/objects/32/094e7c613fdb6dffb1f27d926b176f7fd8946b8c2cf3ca9e3b95cb91a1a8ca>, "NIACLOS1\216\346\2104^\35\225\2\356\214\327'zE<0\277\267{\224r\1\276\2630\16\235\362\270\3122\35\273\343\341b6\331$M\267\345\300\262\251\302\306\27f\270\251!\330\260\227\374\323p\347\177\25.\3311\0\0\0\0\0\0\0\5\f\241y\346\276\376\267a\363a?\36\365|\250\222"..., 65536, 0) = 240
pread64(3</tmp/nia-publication-fault-4el264_7/case/store/objects/32/094e7c613fdb6dffb1f27d926b176f7fd8946b8c2cf3ca9e3b95cb91a1a8ca>, "", 65296, 240) = 0
pread64(3</tmp/nia-publication-fault-4el264_7/case/store/objects/32/094e7c613fdb6dffb1f27d926b176f7fd8946b8c2cf3ca9e3b95cb91a1a8ca>, "", 65536, 240) = 0
pread64(3</tmp/nia-publication-fault-4el264_7/case/store/objects/be/79019cd624c1b58af3cac32a235b467dac74ebfc6ee94e6390a198650449a5>, "NIASUP01GGGGGGGGGGGGGGGGGGGGGGGGGGGGGGGGf\246uqQ\370\356U\333\22w\26\307\343\334\340\276\200t\266N \355\245B\345\301\344l\251\304\36\f\241y\346\276\376\267a\363a?\36\365|\250\222\353\303\246\242(\334\243/"..., 65536, 0) = 320
pread64(3</tmp/nia-publication-fault-4el264_7/case/store/objects/be/79019cd624c1b58af3cac32a235b467dac74ebfc6ee94e6390a198650449a5>, "", 65216, 320) = 0
pread64(3</tmp/nia-publication-fault-4el264_7/case/store/objects/be/79019cd624c1b58af3cac32a235b467dac74ebfc6ee94e6390a198650449a5>, "", 65536, 320) = 0
pread64(3</tmp/nia-publication-fault-4el264_7/case/store/objects/be/79019cd624c1b58af3cac32a235b467dac74ebfc6ee94e6390a198650449a5>, "NIASUP01GGGGGGGGGGGGGGGGGGGGGGGGGGGGGGGGf\246uqQ\370\356U\333\22w\26\307\343\334\340\276\200t\266N \355\245B\345\301\344l\251\304\36\f\241y\346\276\376\267a\363a?\36\365|\250\222\353\303\246\242(\334\243/"..., 320, 0) = 320
pread64(3</tmp/nia-publication-fault-4el264_7/case/store/objects/66/a6757151f8ee55db127716c7e3dce0be8074b64e20eda542e5c1e46ca9c41e>, "\7\10\t", 65536, 0) = 3
pread64(3</tmp/nia-publication-fault-4el264_7/case/store/objects/66/a6757151f8ee55db127716c7e3dce0be8074b64e20eda542e5c1e46ca9c41e>, "", 65533, 3) = 0
pread64(3</tmp/nia-publication-fault-4el264_7/case/store/objects/66/a6757151f8ee55db127716c7e3dce0be8074b64e20eda542e5c1e46ca9c41e>, "", 65536, 3) = 0
pread64(3</tmp/nia-publication-fault-4el264_7/case/store/objects/0c/a179e6befeb761f3613f1ef57ca892ebc3a6a228dca32f1309f0ac06a7de7e>, "!<arch>\ndebian-binary/  0           0     0     100644  4         `\n2.0\ncontrol.tar/    0       "..., 65536, 0) = 20672
pread64(3</tmp/nia-publication-fault-4el264_7/case/store/objects/0c/a179e6befeb761f3613f1ef57ca892ebc3a6a228dca32f1309f0ac06a7de7e>, "", 44864, 20672) = 0
pread64(3</tmp/nia-publication-fault-4el264_7/case/store/objects/0c/a179e6befeb761f3613f1ef57ca892ebc3a6a228dca32f1309f0ac06a7de7e>, "", 65536, 20672) = 0
pread64(3</tmp/nia-publication-fault-4el264_7/case/store/objects/a3/1a856f430af395bccd7eb2f142b11ad3ae0fc5daf3acc4ffb341c48a5abd39>, "Package: empty-package\nVersion: 1\nArchitecture: all\nMaintainer: Fixture <fixture@example.invalid"..., 65536, 0) = 149
pread64(3</tmp/nia-publication-fault-4el264_7/case/store/objects/a3/1a856f430af395bccd7eb2f142b11ad3ae0fc5daf3acc4ffb341c48a5abd39>, "", 65387, 149) = 0
pread64(3</tmp/nia-publication-fault-4el264_7/case/store/objects/a3/1a856f430af395bccd7eb2f142b11ad3ae0fc5daf3acc4ffb341c48a5abd39>, "", 65536, 149) = 0
pread64(3</tmp/nia-publication-fault-4el264_7/case/store/objects/66/a6757151f8ee55db127716c7e3dce0be8074b64e20eda542e5c1e46ca9c41e>, "\7\10\t", 65536, 0) = 3
pread64(3</tmp/nia-publication-fault-4el264_7/case/store/objects/66/a6757151f8ee55db127716c7e3dce0be8074b64e20eda542e5c1e46ca9c41e>, "", 65533, 3) = 0
pread64(3</tmp/nia-publication-fault-4el264_7/case/store/objects/66/a6757151f8ee55db127716c7e3dce0be8074b64e20eda542e5c1e46ca9c41e>, "", 65536, 3) = 0
pread64(3</tmp/nia-publication-fault-4el264_7/case/store/objects/66/a6757151f8ee55db127716c7e3dce0be8074b64e20eda542e5c1e46ca9c41e>, "\7\10\t", 65536, 0) = 3
pread64(3</tmp/nia-publication-fault-4el264_7/case/store/objects/66/a6757151f8ee55db127716c7e3dce0be8074b64e20eda542e5c1e46ca9c41e>, "", 65533, 3) = 0
pread64(3</tmp/nia-publication-fault-4el264_7/case/store/objects/66/a6757151f8ee55db127716c7e3dce0be8074b64e20eda542e5c1e46ca9c41e>, "", 65536, 3) = 0
pread64(3</tmp/nia-publication-fault-4el264_7/case/store/objects/66/a6757151f8ee55db127716c7e3dce0be8074b64e20eda542e5c1e46ca9c41e>, "\7\10\t", 65536, 0) = 3
pread64(3</tmp/nia-publication-fault-4el264_7/case/store/objects/66/a6757151f8ee55db127716c7e3dce0be8074b64e20eda542e5c1e46ca9c41e>, "", 65533, 3) = 0
pread64(3</tmp/nia-publication-fault-4el264_7/case/store/objects/66/a6757151f8ee55db127716c7e3dce0be8074b64e20eda542e5c1e46ca9c41e>, "", 65536, 3) = 0
pread64(3</tmp/nia-publication-fault-4el264_7/case/store/objects/38/c0e841345eeb0948445869eb5553bb39ebf66c24fe6fa00123868f32600451>, "NIAGINT1\37\37\37\37\37\37\37\37\37\37\37\37\37\37\37\37\0\0\0\0\0\0\0\0\0\0\0\0\0\0\0\0\0\0\0\0\0\0\0\0\0\0\0\0\0\0\0\0\216\346\2104^\35\225\2\356\214\327'zE<0\277\267{\224r\1\276\2630\16\235\362\270\3122\0352\tN|a?\333m"..., 65536, 0) = 206
pread64(3</tmp/nia-publication-fault-4el264_7/case/store/objects/38/c0e841345eeb0948445869eb5553bb39ebf66c24fe6fa00123868f32600451>, "", 65330, 206) = 0
pread64(3</tmp/nia-publication-fault-4el264_7/case/store/objects/38/c0e841345eeb0948445869eb5553bb39ebf66c24fe6fa00123868f32600451>, "", 65536, 206) = 0
pread64(3</tmp/nia-publication-fault-4el264_7/case/store/objects/38/c0e841345eeb0948445869eb5553bb39ebf66c24fe6fa00123868f32600451>, "NIAGINT1\37\37\37\37\37\37\37\37\37\37\37\37\37\37\37\37\0\0\0\0\0\0\0\0\0\0\0\0\0\0\0\0\0\0\0\0\0\0\0\0\0\0\0\0\0\0\0\0\216\346\2104^\35\225\2\356\214\327'zE<0\277\267{\224r\1\276\2630\16\235\362\270\3122\0352\tN|a?\333m"..., 1053888, 0) = 206
pread64(3</tmp/nia-publication-fault-4el264_7/case/store/objects/38/c0e841345eeb0948445869eb5553bb39ebf66c24fe6fa00123868f32600451>, "", 1053682, 206) = 0
pread64(3</tmp/nia-publication-fault-4el264_7/case/store/objects/32/094e7c613fdb6dffb1f27d926b176f7fd8946b8c2cf3ca9e3b95cb91a1a8ca>, "NIACLOS1\216\346\2104^\35\225\2\356\214\327'zE<0\277\267{\224r\1\276\2630\16\235\362\270\3122\35\273\343\341b6\331$M\267\345\300\262\251\302\306\27f\270\251!\330\260\227\374\323p\347\177\25.\3311\0\0\0\0\0\0\0\5\f\241y\346\276\376\267a\363a?\36\365|\250\222"..., 65536, 0) = 240
pread64(3</tmp/nia-publication-fault-4el264_7/case/store/objects/32/094e7c613fdb6dffb1f27d926b176f7fd8946b8c2cf3ca9e3b95cb91a1a8ca>, "", 65296, 240) = 0
pread64(3</tmp/nia-publication-fault-4el264_7/case/store/objects/32/094e7c613fdb6dffb1f27d926b176f7fd8946b8c2cf3ca9e3b95cb91a1a8ca>, "", 65536, 240) = 0
pread64(3</tmp/nia-publication-fault-4el264_7/case/store/objects/32/094e7c613fdb6dffb1f27d926b176f7fd8946b8c2cf3ca9e3b95cb91a1a8ca>, "NIACLOS1\216\346\2104^\35\225\2\356\214\327'zE<0\277\267{\224r\1\276\2630\16\235\362\270\3122\35\273\343\341b6\331$M\267\345\300\262\251\302\306\27f\270\251!\330\260\227\374\323p\347\177\25.\3311\0\0\0\0\0\0\0\5", 80, 0) = 80
pread64(3</tmp/nia-publication-fault-4el264_7/case/store/objects/32/094e7c613fdb6dffb1f27d926b176f7fd8946b8c2cf3ca9e3b95cb91a1a8ca>, "\f\241y\346\276\376\267a\363a?\36\365|\250\222\353\303\246\242(\334\243/\23\t\360\254\6\247\336~", 32, 80) = 32
pread64(16</tmp/nia-publication-fault-4el264_7/case/store/objects/0c/a179e6befeb761f3613f1ef57ca892ebc3a6a228dca32f1309f0ac06a7de7e>, "!<arch>\ndebian-binary/  0           0     0     100644  4         `\n2.0\ncontrol.tar/    0       "..., 65536, 0) = 20672
pread64(16</tmp/nia-publication-fault-4el264_7/case/store/objects/0c/a179e6befeb761f3613f1ef57ca892ebc3a6a228dca32f1309f0ac06a7de7e>, "", 44864, 20672) = 0
pread64(16</tmp/nia-publication-fault-4el264_7/case/store/objects/0c/a179e6befeb761f3613f1ef57ca892ebc3a6a228dca32f1309f0ac06a7de7e>, "", 65536, 20672) = 0
pread64(3</tmp/nia-publication-fault-4el264_7/case/store/objects/32/094e7c613fdb6dffb1f27d926b176f7fd8946b8c2cf3ca9e3b95cb91a1a8ca>, "J6\366\353|\33#j\266\313(\335\270\202\221\236\210\213\363\223\337\300\r\223\0\212\326s\6\227\370\367", 32, 112) = 32
pread64(16</tmp/nia-publication-fault-4el264_7/case/store/objects/4a/36f6eb7c1b236ab6cb28ddb882919e888bf393dfc00d93008ad6730697f8f7>, "./control\0\0\0\0\0\0\0\0\0\0\0\0\0\0\0\0\0\0\0\0\0\0\0\0\0\0\0\0\0\0\0\0\0\0\0\0\0\0\0\0\0\0\0\0\0\0\0\0\0\0\0\0\0\0\0\0\0\0\0\0\0\0\0\0\0\0\0\0\0\0\0\0\0\0\0\0\0\0\0\0\0\0\0\0\0\0\0"..., 65536, 0) = 10240
pread64(16</tmp/nia-publication-fault-4el264_7/case/store/objects/4a/36f6eb7c1b236ab6cb28ddb882919e888bf393dfc00d93008ad6730697f8f7>, "", 55296, 10240) = 0
pread64(16</tmp/nia-publication-fault-4el264_7/case/store/objects/4a/36f6eb7c1b236ab6cb28ddb882919e888bf393dfc00d93008ad6730697f8f7>, "", 65536, 10240) = 0
pread64(3</tmp/nia-publication-fault-4el264_7/case/store/objects/32/094e7c613fdb6dffb1f27d926b176f7fd8946b8c2cf3ca9e3b95cb91a1a8ca>, "\204\377\222i\37\220\232\5\262$\341\305j\273Hd\360\33O\216<\205NK\264\307\272\361\323\366\326R", 32, 144) = 32
pread64(16</tmp/nia-publication-fault-4el264_7/case/store/objects/84/ff92691f909a05b224e1c56abb4864f01b4f8e3c854e4bb4c7baf1d3f6d652>, "\0\0\0\0\0\0\0\0\0\0\0\0\0\0\0\0\0\0\0\0\0\0\0\0\0\0\0\0\0\0\0\0\0\0\0\0\0\0\0\0\0\0\0\0\0\0\0\0\0\0\0\0\0\0\0\0\0\0\0\0\0\0\0\0\0\0\0\0\0\0\0\0\0\0\0\0\0\0\0\0\0\0\0\0\0\0\0\0\0\0\0\0\0\0\0\0"..., 65536, 0) = 10240
pread64(16</tmp/nia-publication-fault-4el264_7/case/store/objects/84/ff92691f909a05b224e1c56abb4864f01b4f8e3c854e4bb4c7baf1d3f6d652>, "", 55296, 10240) = 0
pread64(16</tmp/nia-publication-fault-4el264_7/case/store/objects/84/ff92691f909a05b224e1c56abb4864f01b4f8e3c854e4bb4c7baf1d3f6d652>, "", 65536, 10240) = 0
pread64(3</tmp/nia-publication-fault-4el264_7/case/store/objects/32/094e7c613fdb6dffb1f27d926b176f7fd8946b8c2cf3ca9e3b95cb91a1a8ca>, "\216\346\2104^\35\225\2\356\214\327'zE<0\277\267{\224r\1\276\2630\16\235\362\270\3122\35", 32, 176) = 32
pread64(16</tmp/nia-publication-fault-4el264_7/case/store/objects/8e/e688345e1d9502ee8cd7277a453c30bfb77b947201beb3300e9df2b8ca321d>, "\0\0\0\0\0\0\0\10NIACSEL1\273\343\341b6\331$M\267\345\300\262\251\302\306\27f\270\251!\330\260\227\374\323p\347\177\25.\3311\0\0\0\0\0\0\0\1\f\241y\346\276\376\267a\363a?\36\365|\250\222\353\303\246\242(\334\243/\23\t\360\254\6\247\336~J6\366\353|\33#j"..., 65536, 0) = 152
pread64(16</tmp/nia-publication-fault-4el264_7/case/store/objects/8e/e688345e1d9502ee8cd7277a453c30bfb77b947201beb3300e9df2b8ca321d>, "", 65384, 152) = 0
pread64(16</tmp/nia-publication-fault-4el264_7/case/store/objects/8e/e688345e1d9502ee8cd7277a453c30bfb77b947201beb3300e9df2b8ca321d>, "", 65536, 152) = 0
pread64(3</tmp/nia-publication-fault-4el264_7/case/store/objects/32/094e7c613fdb6dffb1f27d926b176f7fd8946b8c2cf3ca9e3b95cb91a1a8ca>, "\243\32\205oC\n\363\225\274\315~\262\361B\261\32\323\256\17\305\332\363\254\304\377\263A\304\212Z\2759", 32, 208) = 32
pread64(16</tmp/nia-publication-fault-4el264_7/case/store/objects/a3/1a856f430af395bccd7eb2f142b11ad3ae0fc5daf3acc4ffb341c48a5abd39>, "Package: empty-package\nVersion: 1\nArchitecture: all\nMaintainer: Fixture <fixture@example.invalid"..., 65536, 0) = 149
pread64(16</tmp/nia-publication-fault-4el264_7/case/store/objects/a3/1a856f430af395bccd7eb2f142b11ad3ae0fc5daf3acc4ffb341c48a5abd39>, "", 65387, 149) = 0
pread64(16</tmp/nia-publication-fault-4el264_7/case/store/objects/a3/1a856f430af395bccd7eb2f142b11ad3ae0fc5daf3acc4ffb341c48a5abd39>, "", 65536, 149) = 0
pread64(3</tmp/nia-publication-fault-4el264_7/case/store/objects/8e/e688345e1d9502ee8cd7277a453c30bfb77b947201beb3300e9df2b8ca321d>, "\0\0\0\0\0\0\0\10NIACSEL1\273\343\341b6\331$M\267\345\300\262\251\302\306\27f\270\251!\330\260\227\374\323p\347\177\25.\3311\0\0\0\0\0\0\0\1\f\241y\346\276\376\267a\363a?\36\365|\250\222\353\303\246\242(\334\243/\23\t\360\254\6\247\336~J6\366\353|\33#j"..., 65536, 0) = 152
pread64(3</tmp/nia-publication-fault-4el264_7/case/store/objects/8e/e688345e1d9502ee8cd7277a453c30bfb77b947201beb3300e9df2b8ca321d>, "", 65384, 152) = 0
pread64(3</tmp/nia-publication-fault-4el264_7/case/store/objects/8e/e688345e1d9502ee8cd7277a453c30bfb77b947201beb3300e9df2b8ca321d>, "", 65536, 152) = 0
pread64(3</tmp/nia-publication-fault-4el264_7/case/store/objects/8e/e688345e1d9502ee8cd7277a453c30bfb77b947201beb3300e9df2b8ca321d>, "\0\0\0\0\0\0\0\10NIACSEL1\273\343\341b6\331$M\267\345\300\262\251\302\306\27f\270\251!\330\260\227\374\323p\347\177\25.\3311\0\0\0\0\0\0\0\1\f\241y\346\276\376\267a\363a?\36\365|\250\222\353\303\246\242(\334\243/\23\t\360\254\6\247\336~J6\366\353|\33#j"..., 393272, 0) = 152
pread64(3</tmp/nia-publication-fault-4el264_7/case/store/objects/8e/e688345e1d9502ee8cd7277a453c30bfb77b947201beb3300e9df2b8ca321d>, "", 393120, 152) = 0
pread64(3</tmp/nia-publication-fault-4el264_7/case/store/objects/0c/a179e6befeb761f3613f1ef57ca892ebc3a6a228dca32f1309f0ac06a7de7e>, "!<arch>\ndebian-binary/  0           0     0     100644  4         `\n2.0\ncontrol.tar/    0       "..., 65536, 0) = 20672
pread64(3</tmp/nia-publication-fault-4el264_7/case/store/objects/0c/a179e6befeb761f3613f1ef57ca892ebc3a6a228dca32f1309f0ac06a7de7e>, "", 44864, 20672) = 0
pread64(3</tmp/nia-publication-fault-4el264_7/case/store/objects/0c/a179e6befeb761f3613f1ef57ca892ebc3a6a228dca32f1309f0ac06a7de7e>, "", 65536, 20672) = 0
pread64(3</tmp/nia-publication-fault-4el264_7/case/store/objects/0c/a179e6befeb761f3613f1ef57ca892ebc3a6a228dca32f1309f0ac06a7de7e>, "!<arch>\n", 8, 0) = 8
pread64(3</tmp/nia-publication-fault-4el264_7/case/store/objects/0c/a179e6befeb761f3613f1ef57ca892ebc3a6a228dca32f1309f0ac06a7de7e>, "debian-binary/  0           0     0     100644  4         `\n", 60, 8) = 60
pread64(3</tmp/nia-publication-fault-4el264_7/case/store/objects/0c/a179e6befeb761f3613f1ef57ca892ebc3a6a228dca32f1309f0ac06a7de7e>, "2.0\n", 4, 68) = 4
pread64(3</tmp/nia-publication-fault-4el264_7/case/store/objects/0c/a179e6befeb761f3613f1ef57ca892ebc3a6a228dca32f1309f0ac06a7de7e>, "2.0\n", 4, 68) = 4
pread64(3</tmp/nia-publication-fault-4el264_7/case/store/objects/0c/a179e6befeb761f3613f1ef57ca892ebc3a6a228dca32f1309f0ac06a7de7e>, "control.tar/    0           0     0     100644  10240     `\n", 60, 72) = 60
pread64(3</tmp/nia-publication-fault-4el264_7/case/store/objects/0c/a179e6befeb761f3613f1ef57ca892ebc3a6a228dca32f1309f0ac06a7de7e>, "./control\0\0\0\0\0\0\0\0\0\0\0\0\0\0\0\0\0\0\0\0\0\0\0\0\0\0\0\0\0\0\0\0\0\0\0\0\0\0\0\0\0\0\0\0\0\0\0\0\0\0\0\0\0\0\0\0\0\0\0\0\0\0\0\0\0\0\0\0\0\0\0\0\0\0\0\0\0\0\0\0\0\0\0\0\0\0\0"..., 10240, 132) = 10240
pread64(3</tmp/nia-publication-fault-4el264_7/case/store/objects/0c/a179e6befeb761f3613f1ef57ca892ebc3a6a228dca32f1309f0ac06a7de7e>, "data.tar/       0           0     0     100644  10240     `\n", 60, 10372) = 60
pread64(3</tmp/nia-publication-fault-4el264_7/case/store/objects/0c/a179e6befeb761f3613f1ef57ca892ebc3a6a228dca32f1309f0ac06a7de7e>, "\0\0\0\0\0\0\0\0\0\0\0\0\0\0\0\0\0\0\0\0\0\0\0\0\0\0\0\0\0\0\0\0\0\0\0\0\0\0\0\0\0\0\0\0\0\0\0\0\0\0\0\0\0\0\0\0\0\0\0\0\0\0\0\0\0\0\0\0\0\0\0\0\0\0\0\0\0\0\0\0\0\0\0\0\0\0\0\0\0\0\0\0\0\0\0\0"..., 10240, 10432) = 10240
pread64(3</tmp/nia-publication-fault-4el264_7/case/store/objects/0c/a179e6befeb761f3613f1ef57ca892ebc3a6a228dca32f1309f0ac06a7de7e>, "!<arch>\ndebian-binary/  0           0     0     100644  4         `\n2.0\ncontrol.tar/    0       "..., 65536, 0) = 20672
pread64(3</tmp/nia-publication-fault-4el264_7/case/store/objects/0c/a179e6befeb761f3613f1ef57ca892ebc3a6a228dca32f1309f0ac06a7de7e>, "", 44864, 20672) = 0
pread64(3</tmp/nia-publication-fault-4el264_7/case/store/objects/0c/a179e6befeb761f3613f1ef57ca892ebc3a6a228dca32f1309f0ac06a7de7e>, "", 65536, 20672) = 0
pread64(3</tmp/nia-publication-fault-4el264_7/case/store/objects/0c/a179e6befeb761f3613f1ef57ca892ebc3a6a228dca32f1309f0ac06a7de7e>, "!<arch>\n", 8, 0) = 8
pread64(3</tmp/nia-publication-fault-4el264_7/case/store/objects/0c/a179e6befeb761f3613f1ef57ca892ebc3a6a228dca32f1309f0ac06a7de7e>, "debian-binary/  0           0     0     100644  4         `\n", 60, 8) = 60
pread64(3</tmp/nia-publication-fault-4el264_7/case/store/objects/0c/a179e6befeb761f3613f1ef57ca892ebc3a6a228dca32f1309f0ac06a7de7e>, "2.0\n", 4, 68) = 4
pread64(3</tmp/nia-publication-fault-4el264_7/case/store/objects/0c/a179e6befeb761f3613f1ef57ca892ebc3a6a228dca32f1309f0ac06a7de7e>, "2.0\n", 4, 68) = 4
pread64(3</tmp/nia-publication-fault-4el264_7/case/store/objects/0c/a179e6befeb761f3613f1ef57ca892ebc3a6a228dca32f1309f0ac06a7de7e>, "control.tar/    0           0     0     100644  10240     `\n", 60, 72) = 60
pread64(3</tmp/nia-publication-fault-4el264_7/case/store/objects/0c/a179e6befeb761f3613f1ef57ca892ebc3a6a228dca32f1309f0ac06a7de7e>, "./control\0\0\0\0\0\0\0\0\0\0\0\0\0\0\0\0\0\0\0\0\0\0\0\0\0\0\0\0\0\0\0\0\0\0\0\0\0\0\0\0\0\0\0\0\0\0\0\0\0\0\0\0\0\0\0\0\0\0\0\0\0\0\0\0\0\0\0\0\0\0\0\0\0\0\0\0\0\0\0\0\0\0\0\0\0\0\0"..., 10240, 132) = 10240
pread64(3</tmp/nia-publication-fault-4el264_7/case/store/objects/0c/a179e6befeb761f3613f1ef57ca892ebc3a6a228dca32f1309f0ac06a7de7e>, "data.tar/       0           0     0     100644  10240     `\n", 60, 10372) = 60
pread64(3</tmp/nia-publication-fault-4el264_7/case/store/objects/0c/a179e6befeb761f3613f1ef57ca892ebc3a6a228dca32f1309f0ac06a7de7e>, "\0\0\0\0\0\0\0\0\0\0\0\0\0\0\0\0\0\0\0\0\0\0\0\0\0\0\0\0\0\0\0\0\0\0\0\0\0\0\0\0\0\0\0\0\0\0\0\0\0\0\0\0\0\0\0\0\0\0\0\0\0\0\0\0\0\0\0\0\0\0\0\0\0\0\0\0\0\0\0\0\0\0\0\0\0\0\0\0\0\0\0\0\0\0\0\0"..., 10240, 10432) = 10240
fsync(17</tmp/nia-publication-fault-4el264_7/case/store/incoming>) = 0
pread64(3</tmp/nia-publication-fault-4el264_7/case/store/objects/0c/a179e6befeb761f3613f1ef57ca892ebc3a6a228dca32f1309f0ac06a7de7e>, "\0\0\0\0\0\0\0\0\0\0\0\0\0\0\0\0\0\0\0\0\0\0\0\0\0\0\0\0\0\0\0\0\0\0\0\0\0\0\0\0\0\0\0\0\0\0\0\0\0\0\0\0\0\0\0\0\0\0\0\0\0\0\0\0\0\0\0\0\0\0\0\0\0\0\0\0\0\0\0\0\0\0\0\0\0\0\0\0\0\0\0\0\0\0\0\0"..., 10240, 10432) = 10240
write(16</tmp/nia-publication-fault-4el264_7/case/store/incoming/0bd65a23463d5bb2aa27060f4e3b5efa>, "\0\0\0\0\0\0\0\0\0\0\0\0\0\0\0\0\0\0\0\0\0\0\0\0\0\0\0\0\0\0\0\0\0\0\0\0\0\0\0\0\0\0\0\0\0\0\0\0\0\0\0\0\0\0\0\0\0\0\0\0\0\0\0\0\0\0\0\0\0\0\0\0\0\0\0\0\0\0\0\0\0\0\0\0\0\0\0\0\0\0\0\0\0\0\0\0"..., 10240) = 10240
fsync(16</tmp/nia-publication-fault-4el264_7/case/store/incoming/0bd65a23463d5bb2aa27060f4e3b5efa>) = 0
renameat2(17</tmp/nia-publication-fault-4el264_7/case/store/incoming>, "0bd65a23463d5bb2aa27060f4e3b5efa", 16</tmp/nia-publication-fault-4el264_7/case/store/objects/84>, "ff92691f909a05b224e1c56abb4864f01b4f8e3c854e4bb4c7baf1d3f6d652", RENAME_NOREPLACE) = -1 EEXIST (File exists)
pread64(16</tmp/nia-publication-fault-4el264_7/case/store/objects/84/ff92691f909a05b224e1c56abb4864f01b4f8e3c854e4bb4c7baf1d3f6d652>, "\0\0\0\0\0\0\0\0\0\0\0\0\0\0\0\0\0\0\0\0\0\0\0\0\0\0\0\0\0\0\0\0\0\0\0\0\0\0\0\0\0\0\0\0\0\0\0\0\0\0\0\0\0\0\0\0\0\0\0\0\0\0\0\0\0\0\0\0\0\0\0\0\0\0\0\0\0\0\0\0\0\0\0\0\0\0\0\0\0\0\0\0\0\0\0\0"..., 65536, 0) = 10240
pread64(16</tmp/nia-publication-fault-4el264_7/case/store/objects/84/ff92691f909a05b224e1c56abb4864f01b4f8e3c854e4bb4c7baf1d3f6d652>, "", 55296, 10240) = 0
pread64(16</tmp/nia-publication-fault-4el264_7/case/store/objects/84/ff92691f909a05b224e1c56abb4864f01b4f8e3c854e4bb4c7baf1d3f6d652>, "", 65536, 10240) = 0
fsync(17</tmp/nia-publication-fault-4el264_7/case/store/incoming>) = 0
pread64(3</tmp/nia-publication-fault-4el264_7/case/store/objects/84/ff92691f909a05b224e1c56abb4864f01b4f8e3c854e4bb4c7baf1d3f6d652>, "\0\0\0\0\0\0\0\0\0\0\0\0\0\0\0\0\0\0\0\0\0\0\0\0\0\0\0\0\0\0\0\0\0\0\0\0\0\0\0\0\0\0\0\0\0\0\0\0\0\0\0\0\0\0\0\0\0\0\0\0\0\0\0\0\0\0\0\0\0\0\0\0\0\0\0\0\0\0\0\0\0\0\0\0\0\0\0\0\0\0\0\0\0\0\0\0"..., 65536, 0) = 10240
pread64(3</tmp/nia-publication-fault-4el264_7/case/store/objects/84/ff92691f909a05b224e1c56abb4864f01b4f8e3c854e4bb4c7baf1d3f6d652>, "", 55296, 10240) = 0
pread64(3</tmp/nia-publication-fault-4el264_7/case/store/objects/84/ff92691f909a05b224e1c56abb4864f01b4f8e3c854e4bb4c7baf1d3f6d652>, "", 65536, 10240) = 0
pread64(3</tmp/nia-publication-fault-4el264_7/case/store/objects/84/ff92691f909a05b224e1c56abb4864f01b4f8e3c854e4bb4c7baf1d3f6d652>, "\0\0\0\0\0\0\0\0\0\0\0\0\0\0\0\0\0\0\0\0\0\0\0\0\0\0\0\0\0\0\0\0\0\0\0\0\0\0\0\0\0\0\0\0\0\0\0\0\0\0\0\0\0\0\0\0\0\0\0\0\0\0\0\0\0\0\0\0\0\0\0\0\0\0\0\0\0\0\0\0\0\0\0\0\0\0\0\0\0\0\0\0\0\0\0\0"..., 10240, 0) = 10240
fsync(17</tmp/nia-publication-fault-4el264_7/case/store/incoming>) = 0
pread64(3</tmp/nia-publication-fault-4el264_7/case/store/objects/84/ff92691f909a05b224e1c56abb4864f01b4f8e3c854e4bb4c7baf1d3f6d652>, "\0\0\0\0\0\0\0\0\0\0\0\0\0\0\0\0\0\0\0\0\0\0\0\0\0\0\0\0\0\0\0\0\0\0\0\0\0\0\0\0\0\0\0\0\0\0\0\0\0\0\0\0\0\0\0\0\0\0\0\0\0\0\0\0\0\0\0\0\0\0\0\0\0\0\0\0\0\0\0\0\0\0\0\0\0\0\0\0\0\0\0\0\0\0\0\0"..., 10240, 0) = 10240
write(16</tmp/nia-publication-fault-4el264_7/case/store/incoming/6edf3d48f13e942d6ed5b0d64e3af23f>, "\0\0\0\0\0\0\0\0\0\0\0\0\0\0\0\0\0\0\0\0\0\0\0\0\0\0\0\0\0\0\0\0\0\0\0\0\0\0\0\0\0\0\0\0\0\0\0\0\0\0\0\0\0\0\0\0\0\0\0\0\0\0\0\0\0\0\0\0\0\0\0\0\0\0\0\0\0\0\0\0\0\0\0\0\0\0\0\0\0\0\0\0\0\0\0\0"..., 10240) = 10240
fsync(16</tmp/nia-publication-fault-4el264_7/case/store/incoming/6edf3d48f13e942d6ed5b0d64e3af23f>) = 0
renameat2(17</tmp/nia-publication-fault-4el264_7/case/store/incoming>, "6edf3d48f13e942d6ed5b0d64e3af23f", 16</tmp/nia-publication-fault-4el264_7/case/store/objects/84>, "ff92691f909a05b224e1c56abb4864f01b4f8e3c854e4bb4c7baf1d3f6d652", RENAME_NOREPLACE) = -1 EEXIST (File exists)
pread64(16</tmp/nia-publication-fault-4el264_7/case/store/objects/84/ff92691f909a05b224e1c56abb4864f01b4f8e3c854e4bb4c7baf1d3f6d652>, "\0\0\0\0\0\0\0\0\0\0\0\0\0\0\0\0\0\0\0\0\0\0\0\0\0\0\0\0\0\0\0\0\0\0\0\0\0\0\0\0\0\0\0\0\0\0\0\0\0\0\0\0\0\0\0\0\0\0\0\0\0\0\0\0\0\0\0\0\0\0\0\0\0\0\0\0\0\0\0\0\0\0\0\0\0\0\0\0\0\0\0\0\0\0\0\0"..., 65536, 0) = 10240
pread64(16</tmp/nia-publication-fault-4el264_7/case/store/objects/84/ff92691f909a05b224e1c56abb4864f01b4f8e3c854e4bb4c7baf1d3f6d652>, "", 55296, 10240) = 0
pread64(16</tmp/nia-publication-fault-4el264_7/case/store/objects/84/ff92691f909a05b224e1c56abb4864f01b4f8e3c854e4bb4c7baf1d3f6d652>, "", 65536, 10240) = 0
fsync(17</tmp/nia-publication-fault-4el264_7/case/store/incoming>) = 0
pread64(3</tmp/nia-publication-fault-4el264_7/case/store/objects/84/ff92691f909a05b224e1c56abb4864f01b4f8e3c854e4bb4c7baf1d3f6d652>, "\0\0\0\0\0\0\0\0\0\0\0\0\0\0\0\0\0\0\0\0\0\0\0\0\0\0\0\0\0\0\0\0\0\0\0\0\0\0\0\0\0\0\0\0\0\0\0\0\0\0\0\0\0\0\0\0\0\0\0\0\0\0\0\0\0\0\0\0\0\0\0\0\0\0\0\0\0\0\0\0\0\0\0\0\0\0\0\0\0\0\0\0\0\0\0\0"..., 65536, 0) = 10240
pread64(3</tmp/nia-publication-fault-4el264_7/case/store/objects/84/ff92691f909a05b224e1c56abb4864f01b4f8e3c854e4bb4c7baf1d3f6d652>, "", 55296, 10240) = 0
pread64(3</tmp/nia-publication-fault-4el264_7/case/store/objects/84/ff92691f909a05b224e1c56abb4864f01b4f8e3c854e4bb4c7baf1d3f6d652>, "", 65536, 10240) = 0
pread64(3</tmp/nia-publication-fault-4el264_7/case/store/objects/84/ff92691f909a05b224e1c56abb4864f01b4f8e3c854e4bb4c7baf1d3f6d652>, "\0\0\0\0\0\0\0\0\0\0\0\0\0\0\0\0\0\0\0\0\0\0\0\0\0\0\0\0\0\0\0\0\0\0\0\0\0\0\0\0\0\0\0\0\0\0\0\0\0\0\0\0\0\0\0\0\0\0\0\0\0\0\0\0\0\0\0\0\0\0\0\0\0\0\0\0\0\0\0\0\0\0\0\0\0\0\0\0\0\0\0\0\0\0\0\0"..., 512, 0) = 512
pread64(3</tmp/nia-publication-fault-4el264_7/case/store/objects/84/ff92691f909a05b224e1c56abb4864f01b4f8e3c854e4bb4c7baf1d3f6d652>, "\0\0\0\0\0\0\0\0\0\0\0\0\0\0\0\0\0\0\0\0\0\0\0\0\0\0\0\0\0\0\0\0\0\0\0\0\0\0\0\0\0\0\0\0\0\0\0\0\0\0\0\0\0\0\0\0\0\0\0\0\0\0\0\0\0\0\0\0\0\0\0\0\0\0\0\0\0\0\0\0\0\0\0\0\0\0\0\0\0\0\0\0\0\0\0\0"..., 9728, 512) = 9728
pread64(3</tmp/nia-publication-fault-4el264_7/case/store/objects/0c/a179e6befeb761f3613f1ef57ca892ebc3a6a228dca32f1309f0ac06a7de7e>, "!<arch>\ndebian-binary/  0           0     0     100644  4         `\n2.0\ncontrol.tar/    0       "..., 65536, 0) = 20672
pread64(3</tmp/nia-publication-fault-4el264_7/case/store/objects/0c/a179e6befeb761f3613f1ef57ca892ebc3a6a228dca32f1309f0ac06a7de7e>, "", 44864, 20672) = 0
pread64(3</tmp/nia-publication-fault-4el264_7/case/store/objects/0c/a179e6befeb761f3613f1ef57ca892ebc3a6a228dca32f1309f0ac06a7de7e>, "", 65536, 20672) = 0
pread64(3</tmp/nia-publication-fault-4el264_7/case/store/objects/0c/a179e6befeb761f3613f1ef57ca892ebc3a6a228dca32f1309f0ac06a7de7e>, "!<arch>\n", 8, 0) = 8
pread64(3</tmp/nia-publication-fault-4el264_7/case/store/objects/0c/a179e6befeb761f3613f1ef57ca892ebc3a6a228dca32f1309f0ac06a7de7e>, "debian-binary/  0           0     0     100644  4         `\n", 60, 8) = 60
pread64(3</tmp/nia-publication-fault-4el264_7/case/store/objects/0c/a179e6befeb761f3613f1ef57ca892ebc3a6a228dca32f1309f0ac06a7de7e>, "2.0\n", 4, 68) = 4
pread64(3</tmp/nia-publication-fault-4el264_7/case/store/objects/0c/a179e6befeb761f3613f1ef57ca892ebc3a6a228dca32f1309f0ac06a7de7e>, "2.0\n", 4, 68) = 4
pread64(3</tmp/nia-publication-fault-4el264_7/case/store/objects/0c/a179e6befeb761f3613f1ef57ca892ebc3a6a228dca32f1309f0ac06a7de7e>, "control.tar/    0           0     0     100644  10240     `\n", 60, 72) = 60
pread64(3</tmp/nia-publication-fault-4el264_7/case/store/objects/0c/a179e6befeb761f3613f1ef57ca892ebc3a6a228dca32f1309f0ac06a7de7e>, "./control\0\0\0\0\0\0\0\0\0\0\0\0\0\0\0\0\0\0\0\0\0\0\0\0\0\0\0\0\0\0\0\0\0\0\0\0\0\0\0\0\0\0\0\0\0\0\0\0\0\0\0\0\0\0\0\0\0\0\0\0\0\0\0\0\0\0\0\0\0\0\0\0\0\0\0\0\0\0\0\0\0\0\0\0\0\0\0"..., 10240, 132) = 10240
pread64(3</tmp/nia-publication-fault-4el264_7/case/store/objects/0c/a179e6befeb761f3613f1ef57ca892ebc3a6a228dca32f1309f0ac06a7de7e>, "data.tar/       0           0     0     100644  10240     `\n", 60, 10372) = 60
pread64(3</tmp/nia-publication-fault-4el264_7/case/store/objects/0c/a179e6befeb761f3613f1ef57ca892ebc3a6a228dca32f1309f0ac06a7de7e>, "\0\0\0\0\0\0\0\0\0\0\0\0\0\0\0\0\0\0\0\0\0\0\0\0\0\0\0\0\0\0\0\0\0\0\0\0\0\0\0\0\0\0\0\0\0\0\0\0\0\0\0\0\0\0\0\0\0\0\0\0\0\0\0\0\0\0\0\0\0\0\0\0\0\0\0\0\0\0\0\0\0\0\0\0\0\0\0\0\0\0\0\0\0\0\0\0"..., 10240, 10432) = 10240
pread64(3</tmp/nia-publication-fault-4el264_7/case/store/objects/0c/a179e6befeb761f3613f1ef57ca892ebc3a6a228dca32f1309f0ac06a7de7e>, "!<arch>\ndebian-binary/  0           0     0     100644  4         `\n2.0\ncontrol.tar/    0       "..., 65536, 0) = 20672
pread64(3</tmp/nia-publication-fault-4el264_7/case/store/objects/0c/a179e6befeb761f3613f1ef57ca892ebc3a6a228dca32f1309f0ac06a7de7e>, "", 44864, 20672) = 0
pread64(3</tmp/nia-publication-fault-4el264_7/case/store/objects/0c/a179e6befeb761f3613f1ef57ca892ebc3a6a228dca32f1309f0ac06a7de7e>, "", 65536, 20672) = 0
pread64(3</tmp/nia-publication-fault-4el264_7/case/store/objects/0c/a179e6befeb761f3613f1ef57ca892ebc3a6a228dca32f1309f0ac06a7de7e>, "!<arch>\n", 8, 0) = 8
pread64(3</tmp/nia-publication-fault-4el264_7/case/store/objects/0c/a179e6befeb761f3613f1ef57ca892ebc3a6a228dca32f1309f0ac06a7de7e>, "debian-binary/  0           0     0     100644  4         `\n", 60, 8) = 60
pread64(3</tmp/nia-publication-fault-4el264_7/case/store/objects/0c/a179e6befeb761f3613f1ef57ca892ebc3a6a228dca32f1309f0ac06a7de7e>, "2.0\n", 4, 68) = 4
pread64(3</tmp/nia-publication-fault-4el264_7/case/store/objects/0c/a179e6befeb761f3613f1ef57ca892ebc3a6a228dca32f1309f0ac06a7de7e>, "2.0\n", 4, 68) = 4
pread64(3</tmp/nia-publication-fault-4el264_7/case/store/objects/0c/a179e6befeb761f3613f1ef57ca892ebc3a6a228dca32f1309f0ac06a7de7e>, "control.tar/    0           0     0     100644  10240     `\n", 60, 72) = 60
pread64(3</tmp/nia-publication-fault-4el264_7/case/store/objects/0c/a179e6befeb761f3613f1ef57ca892ebc3a6a228dca32f1309f0ac06a7de7e>, "./control\0\0\0\0\0\0\0\0\0\0\0\0\0\0\0\0\0\0\0\0\0\0\0\0\0\0\0\0\0\0\0\0\0\0\0\0\0\0\0\0\0\0\0\0\0\0\0\0\0\0\0\0\0\0\0\0\0\0\0\0\0\0\0\0\0\0\0\0\0\0\0\0\0\0\0\0\0\0\0\0\0\0\0\0\0\0\0"..., 10240, 132) = 10240
pread64(3</tmp/nia-publication-fault-4el264_7/case/store/objects/0c/a179e6befeb761f3613f1ef57ca892ebc3a6a228dca32f1309f0ac06a7de7e>, "data.tar/       0           0     0     100644  10240     `\n", 60, 10372) = 60
pread64(3</tmp/nia-publication-fault-4el264_7/case/store/objects/0c/a179e6befeb761f3613f1ef57ca892ebc3a6a228dca32f1309f0ac06a7de7e>, "\0\0\0\0\0\0\0\0\0\0\0\0\0\0\0\0\0\0\0\0\0\0\0\0\0\0\0\0\0\0\0\0\0\0\0\0\0\0\0\0\0\0\0\0\0\0\0\0\0\0\0\0\0\0\0\0\0\0\0\0\0\0\0\0\0\0\0\0\0\0\0\0\0\0\0\0\0\0\0\0\0\0\0\0\0\0\0\0\0\0\0\0\0\0\0\0"..., 10240, 10432) = 10240
fsync(17</tmp/nia-publication-fault-4el264_7/case/store/incoming>) = 0
pread64(3</tmp/nia-publication-fault-4el264_7/case/store/objects/0c/a179e6befeb761f3613f1ef57ca892ebc3a6a228dca32f1309f0ac06a7de7e>, "./control\0\0\0\0\0\0\0\0\0\0\0\0\0\0\0\0\0\0\0\0\0\0\0\0\0\0\0\0\0\0\0\0\0\0\0\0\0\0\0\0\0\0\0\0\0\0\0\0\0\0\0\0\0\0\0\0\0\0\0\0\0\0\0\0\0\0\0\0\0\0\0\0\0\0\0\0\0\0\0\0\0\0\0\0\0\0\0"..., 10240, 132) = 10240
write(16</tmp/nia-publication-fault-4el264_7/case/store/incoming/4a4fc00ee903c9465bb875c4e179de46>, "./control\0\0\0\0\0\0\0\0\0\0\0\0\0\0\0\0\0\0\0\0\0\0\0\0\0\0\0\0\0\0\0\0\0\0\0\0\0\0\0\0\0\0\0\0\0\0\0\0\0\0\0\0\0\0\0\0\0\0\0\0\0\0\0\0\0\0\0\0\0\0\0\0\0\0\0\0\0\0\0\0\0\0\0\0\0\0\0"..., 10240) = 10240
fsync(16</tmp/nia-publication-fault-4el264_7/case/store/incoming/4a4fc00ee903c9465bb875c4e179de46>) = 0
renameat2(17</tmp/nia-publication-fault-4el264_7/case/store/incoming>, "4a4fc00ee903c9465bb875c4e179de46", 16</tmp/nia-publication-fault-4el264_7/case/store/objects/4a>, "36f6eb7c1b236ab6cb28ddb882919e888bf393dfc00d93008ad6730697f8f7", RENAME_NOREPLACE) = -1 EEXIST (File exists)
pread64(16</tmp/nia-publication-fault-4el264_7/case/store/objects/4a/36f6eb7c1b236ab6cb28ddb882919e888bf393dfc00d93008ad6730697f8f7>, "./control\0\0\0\0\0\0\0\0\0\0\0\0\0\0\0\0\0\0\0\0\0\0\0\0\0\0\0\0\0\0\0\0\0\0\0\0\0\0\0\0\0\0\0\0\0\0\0\0\0\0\0\0\0\0\0\0\0\0\0\0\0\0\0\0\0\0\0\0\0\0\0\0\0\0\0\0\0\0\0\0\0\0\0\0\0\0\0"..., 65536, 0) = 10240
pread64(16</tmp/nia-publication-fault-4el264_7/case/store/objects/4a/36f6eb7c1b236ab6cb28ddb882919e888bf393dfc00d93008ad6730697f8f7>, "", 55296, 10240) = 0
pread64(16</tmp/nia-publication-fault-4el264_7/case/store/objects/4a/36f6eb7c1b236ab6cb28ddb882919e888bf393dfc00d93008ad6730697f8f7>, "", 65536, 10240) = 0
fsync(17</tmp/nia-publication-fault-4el264_7/case/store/incoming>) = 0
pread64(3</tmp/nia-publication-fault-4el264_7/case/store/objects/4a/36f6eb7c1b236ab6cb28ddb882919e888bf393dfc00d93008ad6730697f8f7>, "./control\0\0\0\0\0\0\0\0\0\0\0\0\0\0\0\0\0\0\0\0\0\0\0\0\0\0\0\0\0\0\0\0\0\0\0\0\0\0\0\0\0\0\0\0\0\0\0\0\0\0\0\0\0\0\0\0\0\0\0\0\0\0\0\0\0\0\0\0\0\0\0\0\0\0\0\0\0\0\0\0\0\0\0\0\0\0\0"..., 65536, 0) = 10240
pread64(3</tmp/nia-publication-fault-4el264_7/case/store/objects/4a/36f6eb7c1b236ab6cb28ddb882919e888bf393dfc00d93008ad6730697f8f7>, "", 55296, 10240) = 0
pread64(3</tmp/nia-publication-fault-4el264_7/case/store/objects/4a/36f6eb7c1b236ab6cb28ddb882919e888bf393dfc00d93008ad6730697f8f7>, "", 65536, 10240) = 0
pread64(3</tmp/nia-publication-fault-4el264_7/case/store/objects/4a/36f6eb7c1b236ab6cb28ddb882919e888bf393dfc00d93008ad6730697f8f7>, "./control\0\0\0\0\0\0\0\0\0\0\0\0\0\0\0\0\0\0\0\0\0\0\0\0\0\0\0\0\0\0\0\0\0\0\0\0\0\0\0\0\0\0\0\0\0\0\0\0\0\0\0\0\0\0\0\0\0\0\0\0\0\0\0\0\0\0\0\0\0\0\0\0\0\0\0\0\0\0\0\0\0\0\0\0\0\0\0"..., 10240, 0) = 10240
fsync(17</tmp/nia-publication-fault-4el264_7/case/store/incoming>) = 0
write(16</tmp/nia-publication-fault-4el264_7/case/store/incoming/b925c15e7934ce19cb9f55584cfa6f95>, "Package: empty-package\nVersion: 1\nArchitecture: all\nMaintainer: Fixture <fixture@example.invalid"..., 149) = 149
fsync(16</tmp/nia-publication-fault-4el264_7/case/store/incoming/b925c15e7934ce19cb9f55584cfa6f95>) = 0
renameat2(17</tmp/nia-publication-fault-4el264_7/case/store/incoming>, "b925c15e7934ce19cb9f55584cfa6f95", 16</tmp/nia-publication-fault-4el264_7/case/store/objects/a3>, "1a856f430af395bccd7eb2f142b11ad3ae0fc5daf3acc4ffb341c48a5abd39", RENAME_NOREPLACE) = -1 EEXIST (File exists)
pread64(16</tmp/nia-publication-fault-4el264_7/case/store/objects/a3/1a856f430af395bccd7eb2f142b11ad3ae0fc5daf3acc4ffb341c48a5abd39>, "Package: empty-package\nVersion: 1\nArchitecture: all\nMaintainer: Fixture <fixture@example.invalid"..., 65536, 0) = 149
pread64(16</tmp/nia-publication-fault-4el264_7/case/store/objects/a3/1a856f430af395bccd7eb2f142b11ad3ae0fc5daf3acc4ffb341c48a5abd39>, "", 65387, 149) = 0
pread64(16</tmp/nia-publication-fault-4el264_7/case/store/objects/a3/1a856f430af395bccd7eb2f142b11ad3ae0fc5daf3acc4ffb341c48a5abd39>, "", 65536, 149) = 0
fsync(17</tmp/nia-publication-fault-4el264_7/case/store/incoming>) = 0
pread64(3</tmp/nia-publication-fault-4el264_7/case/store/objects/a3/1a856f430af395bccd7eb2f142b11ad3ae0fc5daf3acc4ffb341c48a5abd39>, "Package: empty-package\nVersion: 1\nArchitecture: all\nMaintainer: Fixture <fixture@example.invalid"..., 65536, 0) = 149
pread64(3</tmp/nia-publication-fault-4el264_7/case/store/objects/a3/1a856f430af395bccd7eb2f142b11ad3ae0fc5daf3acc4ffb341c48a5abd39>, "", 65387, 149) = 0
pread64(3</tmp/nia-publication-fault-4el264_7/case/store/objects/a3/1a856f430af395bccd7eb2f142b11ad3ae0fc5daf3acc4ffb341c48a5abd39>, "", 65536, 149) = 0
pread64(3</tmp/nia-publication-fault-4el264_7/case/store/objects/a3/1a856f430af395bccd7eb2f142b11ad3ae0fc5daf3acc4ffb341c48a5abd39>, "Package: empty-package\nVersion: 1\nArchitecture: all\nMaintainer: Fixture <fixture@example.invalid"..., 16777216, 0) = 149
pread64(3</tmp/nia-publication-fault-4el264_7/case/store/objects/a3/1a856f430af395bccd7eb2f142b11ad3ae0fc5daf3acc4ffb341c48a5abd39>, "", 16777067, 149) = 0
pread64(3</tmp/nia-publication-fault-4el264_7/case/store/objects/a3/1a856f430af395bccd7eb2f142b11ad3ae0fc5daf3acc4ffb341c48a5abd39>, "Package: empty-package\nVersion: 1\nArchitecture: all\nMaintainer: Fixture <fixture@example.invalid"..., 65536, 0) = 149
pread64(3</tmp/nia-publication-fault-4el264_7/case/store/objects/a3/1a856f430af395bccd7eb2f142b11ad3ae0fc5daf3acc4ffb341c48a5abd39>, "", 65387, 149) = 0
pread64(3</tmp/nia-publication-fault-4el264_7/case/store/objects/a3/1a856f430af395bccd7eb2f142b11ad3ae0fc5daf3acc4ffb341c48a5abd39>, "", 65536, 149) = 0
pread64(3</tmp/nia-publication-fault-4el264_7/case/store/objects/a3/1a856f430af395bccd7eb2f142b11ad3ae0fc5daf3acc4ffb341c48a5abd39>, "Package: empty-package\nVersion: 1\nArchitecture: all\nMaintainer: Fixture <fixture@example.invalid"..., 16777216, 0) = 149
pread64(3</tmp/nia-publication-fault-4el264_7/case/store/objects/a3/1a856f430af395bccd7eb2f142b11ad3ae0fc5daf3acc4ffb341c48a5abd39>, "", 16777067, 149) = 0
pread64(3</tmp/nia-publication-fault-4el264_7/case/store/objects/0c/a179e6befeb761f3613f1ef57ca892ebc3a6a228dca32f1309f0ac06a7de7e>, "!<arch>\ndebian-binary/  0           0     0     100644  4         `\n2.0\ncontrol.tar/    0       "..., 65536, 0) = 20672
pread64(3</tmp/nia-publication-fault-4el264_7/case/store/objects/0c/a179e6befeb761f3613f1ef57ca892ebc3a6a228dca32f1309f0ac06a7de7e>, "", 44864, 20672) = 0
pread64(3</tmp/nia-publication-fault-4el264_7/case/store/objects/0c/a179e6befeb761f3613f1ef57ca892ebc3a6a228dca32f1309f0ac06a7de7e>, "", 65536, 20672) = 0
pread64(3</tmp/nia-publication-fault-4el264_7/case/store/objects/0c/a179e6befeb761f3613f1ef57ca892ebc3a6a228dca32f1309f0ac06a7de7e>, "!<arch>\n", 8, 0) = 8
pread64(3</tmp/nia-publication-fault-4el264_7/case/store/objects/0c/a179e6befeb761f3613f1ef57ca892ebc3a6a228dca32f1309f0ac06a7de7e>, "debian-binary/  0           0     0     100644  4         `\n", 60, 8) = 60
pread64(3</tmp/nia-publication-fault-4el264_7/case/store/objects/0c/a179e6befeb761f3613f1ef57ca892ebc3a6a228dca32f1309f0ac06a7de7e>, "2.0\n", 4, 68) = 4
pread64(3</tmp/nia-publication-fault-4el264_7/case/store/objects/0c/a179e6befeb761f3613f1ef57ca892ebc3a6a228dca32f1309f0ac06a7de7e>, "2.0\n", 4, 68) = 4
pread64(3</tmp/nia-publication-fault-4el264_7/case/store/objects/0c/a179e6befeb761f3613f1ef57ca892ebc3a6a228dca32f1309f0ac06a7de7e>, "control.tar/    0           0     0     100644  10240     `\n", 60, 72) = 60
pread64(3</tmp/nia-publication-fault-4el264_7/case/store/objects/0c/a179e6befeb761f3613f1ef57ca892ebc3a6a228dca32f1309f0ac06a7de7e>, "./control\0\0\0\0\0\0\0\0\0\0\0\0\0\0\0\0\0\0\0\0\0\0\0\0\0\0\0\0\0\0\0\0\0\0\0\0\0\0\0\0\0\0\0\0\0\0\0\0\0\0\0\0\0\0\0\0\0\0\0\0\0\0\0\0\0\0\0\0\0\0\0\0\0\0\0\0\0\0\0\0\0\0\0\0\0\0\0"..., 10240, 132) = 10240
pread64(3</tmp/nia-publication-fault-4el264_7/case/store/objects/0c/a179e6befeb761f3613f1ef57ca892ebc3a6a228dca32f1309f0ac06a7de7e>, "data.tar/       0           0     0     100644  10240     `\n", 60, 10372) = 60
pread64(3</tmp/nia-publication-fault-4el264_7/case/store/objects/0c/a179e6befeb761f3613f1ef57ca892ebc3a6a228dca32f1309f0ac06a7de7e>, "\0\0\0\0\0\0\0\0\0\0\0\0\0\0\0\0\0\0\0\0\0\0\0\0\0\0\0\0\0\0\0\0\0\0\0\0\0\0\0\0\0\0\0\0\0\0\0\0\0\0\0\0\0\0\0\0\0\0\0\0\0\0\0\0\0\0\0\0\0\0\0\0\0\0\0\0\0\0\0\0\0\0\0\0\0\0\0\0\0\0\0\0\0\0\0\0"..., 10240, 10432) = 10240
pread64(3</tmp/nia-publication-fault-4el264_7/case/store/objects/0c/a179e6befeb761f3613f1ef57ca892ebc3a6a228dca32f1309f0ac06a7de7e>, "!<arch>\ndebian-binary/  0           0     0     100644  4         `\n2.0\ncontrol.tar/    0       "..., 65536, 0) = 20672
pread64(3</tmp/nia-publication-fault-4el264_7/case/store/objects/0c/a179e6befeb761f3613f1ef57ca892ebc3a6a228dca32f1309f0ac06a7de7e>, "", 44864, 20672) = 0
pread64(3</tmp/nia-publication-fault-4el264_7/case/store/objects/0c/a179e6befeb761f3613f1ef57ca892ebc3a6a228dca32f1309f0ac06a7de7e>, "", 65536, 20672) = 0
pread64(3</tmp/nia-publication-fault-4el264_7/case/store/objects/0c/a179e6befeb761f3613f1ef57ca892ebc3a6a228dca32f1309f0ac06a7de7e>, "!<arch>\n", 8, 0) = 8
pread64(3</tmp/nia-publication-fault-4el264_7/case/store/objects/0c/a179e6befeb761f3613f1ef57ca892ebc3a6a228dca32f1309f0ac06a7de7e>, "debian-binary/  0           0     0     100644  4         `\n", 60, 8) = 60
pread64(3</tmp/nia-publication-fault-4el264_7/case/store/objects/0c/a179e6befeb761f3613f1ef57ca892ebc3a6a228dca32f1309f0ac06a7de7e>, "2.0\n", 4, 68) = 4
pread64(3</tmp/nia-publication-fault-4el264_7/case/store/objects/0c/a179e6befeb761f3613f1ef57ca892ebc3a6a228dca32f1309f0ac06a7de7e>, "2.0\n", 4, 68) = 4
pread64(3</tmp/nia-publication-fault-4el264_7/case/store/objects/0c/a179e6befeb761f3613f1ef57ca892ebc3a6a228dca32f1309f0ac06a7de7e>, "control.tar/    0           0     0     100644  10240     `\n", 60, 72) = 60
pread64(3</tmp/nia-publication-fault-4el264_7/case/store/objects/0c/a179e6befeb761f3613f1ef57ca892ebc3a6a228dca32f1309f0ac06a7de7e>, "./control\0\0\0\0\0\0\0\0\0\0\0\0\0\0\0\0\0\0\0\0\0\0\0\0\0\0\0\0\0\0\0\0\0\0\0\0\0\0\0\0\0\0\0\0\0\0\0\0\0\0\0\0\0\0\0\0\0\0\0\0\0\0\0\0\0\0\0\0\0\0\0\0\0\0\0\0\0\0\0\0\0\0\0\0\0\0\0"..., 10240, 132) = 10240
pread64(3</tmp/nia-publication-fault-4el264_7/case/store/objects/0c/a179e6befeb761f3613f1ef57ca892ebc3a6a228dca32f1309f0ac06a7de7e>, "data.tar/       0           0     0     100644  10240     `\n", 60, 10372) = 60
pread64(3</tmp/nia-publication-fault-4el264_7/case/store/objects/0c/a179e6befeb761f3613f1ef57ca892ebc3a6a228dca32f1309f0ac06a7de7e>, "\0\0\0\0\0\0\0\0\0\0\0\0\0\0\0\0\0\0\0\0\0\0\0\0\0\0\0\0\0\0\0\0\0\0\0\0\0\0\0\0\0\0\0\0\0\0\0\0\0\0\0\0\0\0\0\0\0\0\0\0\0\0\0\0\0\0\0\0\0\0\0\0\0\0\0\0\0\0\0\0\0\0\0\0\0\0\0\0\0\0\0\0\0\0\0\0"..., 10240, 10432) = 10240
fsync(17</tmp/nia-publication-fault-4el264_7/case/store/incoming>) = 0
pread64(3</tmp/nia-publication-fault-4el264_7/case/store/objects/0c/a179e6befeb761f3613f1ef57ca892ebc3a6a228dca32f1309f0ac06a7de7e>, "./control\0\0\0\0\0\0\0\0\0\0\0\0\0\0\0\0\0\0\0\0\0\0\0\0\0\0\0\0\0\0\0\0\0\0\0\0\0\0\0\0\0\0\0\0\0\0\0\0\0\0\0\0\0\0\0\0\0\0\0\0\0\0\0\0\0\0\0\0\0\0\0\0\0\0\0\0\0\0\0\0\0\0\0\0\0\0\0"..., 10240, 132) = 10240
write(16</tmp/nia-publication-fault-4el264_7/case/store/incoming/80110e5173ca01e516024c45c458f1b1>, "./control\0\0\0\0\0\0\0\0\0\0\0\0\0\0\0\0\0\0\0\0\0\0\0\0\0\0\0\0\0\0\0\0\0\0\0\0\0\0\0\0\0\0\0\0\0\0\0\0\0\0\0\0\0\0\0\0\0\0\0\0\0\0\0\0\0\0\0\0\0\0\0\0\0\0\0\0\0\0\0\0\0\0\0\0\0\0\0"..., 10240) = 10240
fsync(16</tmp/nia-publication-fault-4el264_7/case/store/incoming/80110e5173ca01e516024c45c458f1b1>) = 0
renameat2(17</tmp/nia-publication-fault-4el264_7/case/store/incoming>, "80110e5173ca01e516024c45c458f1b1", 16</tmp/nia-publication-fault-4el264_7/case/store/objects/4a>, "36f6eb7c1b236ab6cb28ddb882919e888bf393dfc00d93008ad6730697f8f7", RENAME_NOREPLACE) = -1 EEXIST (File exists)
pread64(16</tmp/nia-publication-fault-4el264_7/case/store/objects/4a/36f6eb7c1b236ab6cb28ddb882919e888bf393dfc00d93008ad6730697f8f7>, "./control\0\0\0\0\0\0\0\0\0\0\0\0\0\0\0\0\0\0\0\0\0\0\0\0\0\0\0\0\0\0\0\0\0\0\0\0\0\0\0\0\0\0\0\0\0\0\0\0\0\0\0\0\0\0\0\0\0\0\0\0\0\0\0\0\0\0\0\0\0\0\0\0\0\0\0\0\0\0\0\0\0\0\0\0\0\0\0"..., 65536, 0) = 10240
pread64(16</tmp/nia-publication-fault-4el264_7/case/store/objects/4a/36f6eb7c1b236ab6cb28ddb882919e888bf393dfc00d93008ad6730697f8f7>, "", 55296, 10240) = 0
pread64(16</tmp/nia-publication-fault-4el264_7/case/store/objects/4a/36f6eb7c1b236ab6cb28ddb882919e888bf393dfc00d93008ad6730697f8f7>, "", 65536, 10240) = 0
fsync(17</tmp/nia-publication-fault-4el264_7/case/store/incoming>) = 0
pread64(3</tmp/nia-publication-fault-4el264_7/case/store/objects/4a/36f6eb7c1b236ab6cb28ddb882919e888bf393dfc00d93008ad6730697f8f7>, "./control\0\0\0\0\0\0\0\0\0\0\0\0\0\0\0\0\0\0\0\0\0\0\0\0\0\0\0\0\0\0\0\0\0\0\0\0\0\0\0\0\0\0\0\0\0\0\0\0\0\0\0\0\0\0\0\0\0\0\0\0\0\0\0\0\0\0\0\0\0\0\0\0\0\0\0\0\0\0\0\0\0\0\0\0\0\0\0"..., 65536, 0) = 10240
pread64(3</tmp/nia-publication-fault-4el264_7/case/store/objects/4a/36f6eb7c1b236ab6cb28ddb882919e888bf393dfc00d93008ad6730697f8f7>, "", 55296, 10240) = 0
pread64(3</tmp/nia-publication-fault-4el264_7/case/store/objects/4a/36f6eb7c1b236ab6cb28ddb882919e888bf393dfc00d93008ad6730697f8f7>, "", 65536, 10240) = 0
pread64(3</tmp/nia-publication-fault-4el264_7/case/store/objects/4a/36f6eb7c1b236ab6cb28ddb882919e888bf393dfc00d93008ad6730697f8f7>, "./control\0\0\0\0\0\0\0\0\0\0\0\0\0\0\0\0\0\0\0\0\0\0\0\0\0\0\0\0\0\0\0\0\0\0\0\0\0\0\0\0\0\0\0\0\0\0\0\0\0\0\0\0\0\0\0\0\0\0\0\0\0\0\0\0\0\0\0\0\0\0\0\0\0\0\0\0\0\0\0\0\0\0\0\0\0\0\0"..., 10240, 0) = 10240
fsync(17</tmp/nia-publication-fault-4el264_7/case/store/incoming>) = 0
write(16</tmp/nia-publication-fault-4el264_7/case/store/incoming/999be0349b1d99eec37ddf4f986e274e>, "Package: empty-package\nVersion: 1\nArchitecture: all\nMaintainer: Fixture <fixture@example.invalid"..., 149) = 149
fsync(16</tmp/nia-publication-fault-4el264_7/case/store/incoming/999be0349b1d99eec37ddf4f986e274e>) = 0
renameat2(17</tmp/nia-publication-fault-4el264_7/case/store/incoming>, "999be0349b1d99eec37ddf4f986e274e", 16</tmp/nia-publication-fault-4el264_7/case/store/objects/a3>, "1a856f430af395bccd7eb2f142b11ad3ae0fc5daf3acc4ffb341c48a5abd39", RENAME_NOREPLACE) = -1 EEXIST (File exists)
pread64(16</tmp/nia-publication-fault-4el264_7/case/store/objects/a3/1a856f430af395bccd7eb2f142b11ad3ae0fc5daf3acc4ffb341c48a5abd39>, "Package: empty-package\nVersion: 1\nArchitecture: all\nMaintainer: Fixture <fixture@example.invalid"..., 65536, 0) = 149
pread64(16</tmp/nia-publication-fault-4el264_7/case/store/objects/a3/1a856f430af395bccd7eb2f142b11ad3ae0fc5daf3acc4ffb341c48a5abd39>, "", 65387, 149) = 0
pread64(16</tmp/nia-publication-fault-4el264_7/case/store/objects/a3/1a856f430af395bccd7eb2f142b11ad3ae0fc5daf3acc4ffb341c48a5abd39>, "", 65536, 149) = 0
fsync(17</tmp/nia-publication-fault-4el264_7/case/store/incoming>) = 0
pread64(3</tmp/nia-publication-fault-4el264_7/case/store/objects/0c/a179e6befeb761f3613f1ef57ca892ebc3a6a228dca32f1309f0ac06a7de7e>, "!<arch>\ndebian-binary/  0           0     0     100644  4         `\n2.0\ncontrol.tar/    0       "..., 65536, 0) = 20672
pread64(3</tmp/nia-publication-fault-4el264_7/case/store/objects/0c/a179e6befeb761f3613f1ef57ca892ebc3a6a228dca32f1309f0ac06a7de7e>, "", 44864, 20672) = 0
pread64(3</tmp/nia-publication-fault-4el264_7/case/store/objects/0c/a179e6befeb761f3613f1ef57ca892ebc3a6a228dca32f1309f0ac06a7de7e>, "", 65536, 20672) = 0
pread64(3</tmp/nia-publication-fault-4el264_7/case/store/objects/4a/36f6eb7c1b236ab6cb28ddb882919e888bf393dfc00d93008ad6730697f8f7>, "./control\0\0\0\0\0\0\0\0\0\0\0\0\0\0\0\0\0\0\0\0\0\0\0\0\0\0\0\0\0\0\0\0\0\0\0\0\0\0\0\0\0\0\0\0\0\0\0\0\0\0\0\0\0\0\0\0\0\0\0\0\0\0\0\0\0\0\0\0\0\0\0\0\0\0\0\0\0\0\0\0\0\0\0\0\0\0\0"..., 65536, 0) = 10240
pread64(3</tmp/nia-publication-fault-4el264_7/case/store/objects/4a/36f6eb7c1b236ab6cb28ddb882919e888bf393dfc00d93008ad6730697f8f7>, "", 55296, 10240) = 0
pread64(3</tmp/nia-publication-fault-4el264_7/case/store/objects/4a/36f6eb7c1b236ab6cb28ddb882919e888bf393dfc00d93008ad6730697f8f7>, "", 65536, 10240) = 0
pread64(3</tmp/nia-publication-fault-4el264_7/case/store/objects/84/ff92691f909a05b224e1c56abb4864f01b4f8e3c854e4bb4c7baf1d3f6d652>, "\0\0\0\0\0\0\0\0\0\0\0\0\0\0\0\0\0\0\0\0\0\0\0\0\0\0\0\0\0\0\0\0\0\0\0\0\0\0\0\0\0\0\0\0\0\0\0\0\0\0\0\0\0\0\0\0\0\0\0\0\0\0\0\0\0\0\0\0\0\0\0\0\0\0\0\0\0\0\0\0\0\0\0\0\0\0\0\0\0\0\0\0\0\0\0\0"..., 65536, 0) = 10240
pread64(3</tmp/nia-publication-fault-4el264_7/case/store/objects/84/ff92691f909a05b224e1c56abb4864f01b4f8e3c854e4bb4c7baf1d3f6d652>, "", 55296, 10240) = 0
pread64(3</tmp/nia-publication-fault-4el264_7/case/store/objects/84/ff92691f909a05b224e1c56abb4864f01b4f8e3c854e4bb4c7baf1d3f6d652>, "", 65536, 10240) = 0
pread64(3</tmp/nia-publication-fault-4el264_7/case/store/objects/8e/e688345e1d9502ee8cd7277a453c30bfb77b947201beb3300e9df2b8ca321d>, "\0\0\0\0\0\0\0\10NIACSEL1\273\343\341b6\331$M\267\345\300\262\251\302\306\27f\270\251!\330\260\227\374\323p\347\177\25.\3311\0\0\0\0\0\0\0\1\f\241y\346\276\376\267a\363a?\36\365|\250\222\353\303\246\242(\334\243/\23\t\360\254\6\247\336~J6\366\353|\33#j"..., 65536, 0) = 152
pread64(3</tmp/nia-publication-fault-4el264_7/case/store/objects/8e/e688345e1d9502ee8cd7277a453c30bfb77b947201beb3300e9df2b8ca321d>, "", 65384, 152) = 0
pread64(3</tmp/nia-publication-fault-4el264_7/case/store/objects/8e/e688345e1d9502ee8cd7277a453c30bfb77b947201beb3300e9df2b8ca321d>, "", 65536, 152) = 0
pread64(3</tmp/nia-publication-fault-4el264_7/case/store/objects/a3/1a856f430af395bccd7eb2f142b11ad3ae0fc5daf3acc4ffb341c48a5abd39>, "Package: empty-package\nVersion: 1\nArchitecture: all\nMaintainer: Fixture <fixture@example.invalid"..., 65536, 0) = 149
pread64(3</tmp/nia-publication-fault-4el264_7/case/store/objects/a3/1a856f430af395bccd7eb2f142b11ad3ae0fc5daf3acc4ffb341c48a5abd39>, "", 65387, 149) = 0
pread64(3</tmp/nia-publication-fault-4el264_7/case/store/objects/a3/1a856f430af395bccd7eb2f142b11ad3ae0fc5daf3acc4ffb341c48a5abd39>, "", 65536, 149) = 0
fsync(16</tmp/nia-publication-fault-4el264_7/case/store/incoming>) = 0
write(3</tmp/nia-publication-fault-4el264_7/case/store/incoming/302d112d4cc3be9b7a50a7d2e9d1097d>, "NIACLOS1\216\346\2104^\35\225\2\356\214\327'zE<0\277\267{\224r\1\276\2630\16\235\362\270\3122\35\273\343\341b6\331$M\267\345\300\262\251\302\306\27f\270\251!\330\260\227\374\323p\347\177\25.\3311\0\0\0\0\0\0\0\5", 80) = 80
write(3</tmp/nia-publication-fault-4el264_7/case/store/incoming/302d112d4cc3be9b7a50a7d2e9d1097d>, "\f\241y\346\276\376\267a\363a?\36\365|\250\222\353\303\246\242(\334\243/\23\t\360\254\6\247\336~", 32) = 32
write(3</tmp/nia-publication-fault-4el264_7/case/store/incoming/302d112d4cc3be9b7a50a7d2e9d1097d>, "J6\366\353|\33#j\266\313(\335\270\202\221\236\210\213\363\223\337\300\r\223\0\212\326s\6\227\370\367", 32) = 32
write(3</tmp/nia-publication-fault-4el264_7/case/store/incoming/302d112d4cc3be9b7a50a7d2e9d1097d>, "\204\377\222i\37\220\232\5\262$\341\305j\273Hd\360\33O\216<\205NK\264\307\272\361\323\366\326R", 32) = 32
write(3</tmp/nia-publication-fault-4el264_7/case/store/incoming/302d112d4cc3be9b7a50a7d2e9d1097d>, "\216\346\2104^\35\225\2\356\214\327'zE<0\277\267{\224r\1\276\2630\16\235\362\270\3122\35", 32) = 32
write(3</tmp/nia-publication-fault-4el264_7/case/store/incoming/302d112d4cc3be9b7a50a7d2e9d1097d>, "\243\32\205oC\n\363\225\274\315~\262\361B\261\32\323\256\17\305\332\363\254\304\377\263A\304\212Z\2759", 32) = 32
fsync(3</tmp/nia-publication-fault-4el264_7/case/store/incoming/302d112d4cc3be9b7a50a7d2e9d1097d>) = 0
renameat2(16</tmp/nia-publication-fault-4el264_7/case/store/incoming>, "302d112d4cc3be9b7a50a7d2e9d1097d", 3</tmp/nia-publication-fault-4el264_7/case/store/objects/32>, "094e7c613fdb6dffb1f27d926b176f7fd8946b8c2cf3ca9e3b95cb91a1a8ca", RENAME_NOREPLACE) = -1 EEXIST (File exists)
pread64(3</tmp/nia-publication-fault-4el264_7/case/store/objects/32/094e7c613fdb6dffb1f27d926b176f7fd8946b8c2cf3ca9e3b95cb91a1a8ca>, "NIACLOS1\216\346\2104^\35\225\2\356\214\327'zE<0\277\267{\224r\1\276\2630\16\235\362\270\3122\35\273\343\341b6\331$M\267\345\300\262\251\302\306\27f\270\251!\330\260\227\374\323p\347\177\25.\3311\0\0\0\0\0\0\0\5\f\241y\346\276\376\267a\363a?\36\365|\250\222"..., 65536, 0) = 240
pread64(3</tmp/nia-publication-fault-4el264_7/case/store/objects/32/094e7c613fdb6dffb1f27d926b176f7fd8946b8c2cf3ca9e3b95cb91a1a8ca>, "", 65296, 240) = 0
pread64(3</tmp/nia-publication-fault-4el264_7/case/store/objects/32/094e7c613fdb6dffb1f27d926b176f7fd8946b8c2cf3ca9e3b95cb91a1a8ca>, "", 65536, 240) = 0
fsync(16</tmp/nia-publication-fault-4el264_7/case/store/incoming>) = 0
pread64(3</tmp/nia-publication-fault-4el264_7/case/store/objects/38/c0e841345eeb0948445869eb5553bb39ebf66c24fe6fa00123868f32600451>, "NIAGINT1\37\37\37\37\37\37\37\37\37\37\37\37\37\37\37\37\0\0\0\0\0\0\0\0\0\0\0\0\0\0\0\0\0\0\0\0\0\0\0\0\0\0\0\0\0\0\0\0\216\346\2104^\35\225\2\356\214\327'zE<0\277\267{\224r\1\276\2630\16\235\362\270\3122\0352\tN|a?\333m"..., 65536, 0) = 206
pread64(3</tmp/nia-publication-fault-4el264_7/case/store/objects/38/c0e841345eeb0948445869eb5553bb39ebf66c24fe6fa00123868f32600451>, "", 65330, 206) = 0
pread64(3</tmp/nia-publication-fault-4el264_7/case/store/objects/38/c0e841345eeb0948445869eb5553bb39ebf66c24fe6fa00123868f32600451>, "", 65536, 206) = 0
pread64(3</tmp/nia-publication-fault-4el264_7/case/store/objects/38/c0e841345eeb0948445869eb5553bb39ebf66c24fe6fa00123868f32600451>, "NIAGINT1\37\37\37\37\37\37\37\37\37\37\37\37\37\37\37\37\0\0\0\0\0\0\0\0\0\0\0\0\0\0\0\0\0\0\0\0\0\0\0\0\0\0\0\0\0\0\0\0\216\346\2104^\35\225\2\356\214\327'zE<0\277\267{\224r\1\276\2630\16\235\362\270\3122\0352\tN|a?\333m"..., 1053888, 0) = 206
pread64(3</tmp/nia-publication-fault-4el264_7/case/store/objects/38/c0e841345eeb0948445869eb5553bb39ebf66c24fe6fa00123868f32600451>, "", 1053682, 206) = 0
pread64(3</tmp/nia-publication-fault-4el264_7/case/store/objects/32/094e7c613fdb6dffb1f27d926b176f7fd8946b8c2cf3ca9e3b95cb91a1a8ca>, "NIACLOS1\216\346\2104^\35\225\2\356\214\327'zE<0\277\267{\224r\1\276\2630\16\235\362\270\3122\35\273\343\341b6\331$M\267\345\300\262\251\302\306\27f\270\251!\330\260\227\374\323p\347\177\25.\3311\0\0\0\0\0\0\0\5\f\241y\346\276\376\267a\363a?\36\365|\250\222"..., 65536, 0) = 240
pread64(3</tmp/nia-publication-fault-4el264_7/case/store/objects/32/094e7c613fdb6dffb1f27d926b176f7fd8946b8c2cf3ca9e3b95cb91a1a8ca>, "", 65296, 240) = 0
pread64(3</tmp/nia-publication-fault-4el264_7/case/store/objects/32/094e7c613fdb6dffb1f27d926b176f7fd8946b8c2cf3ca9e3b95cb91a1a8ca>, "", 65536, 240) = 0
pread64(3</tmp/nia-publication-fault-4el264_7/case/store/objects/32/094e7c613fdb6dffb1f27d926b176f7fd8946b8c2cf3ca9e3b95cb91a1a8ca>, "NIACLOS1\216\346\2104^\35\225\2\356\214\327'zE<0\277\267{\224r\1\276\2630\16\235\362\270\3122\35\273\343\341b6\331$M\267\345\300\262\251\302\306\27f\270\251!\330\260\227\374\323p\347\177\25.\3311\0\0\0\0\0\0\0\5", 80, 0) = 80
pread64(3</tmp/nia-publication-fault-4el264_7/case/store/objects/32/094e7c613fdb6dffb1f27d926b176f7fd8946b8c2cf3ca9e3b95cb91a1a8ca>, "\f\241y\346\276\376\267a\363a?\36\365|\250\222\353\303\246\242(\334\243/\23\t\360\254\6\247\336~", 32, 80) = 32
pread64(16</tmp/nia-publication-fault-4el264_7/case/store/objects/0c/a179e6befeb761f3613f1ef57ca892ebc3a6a228dca32f1309f0ac06a7de7e>, "!<arch>\ndebian-binary/  0           0     0     100644  4         `\n2.0\ncontrol.tar/    0       "..., 65536, 0) = 20672
pread64(16</tmp/nia-publication-fault-4el264_7/case/store/objects/0c/a179e6befeb761f3613f1ef57ca892ebc3a6a228dca32f1309f0ac06a7de7e>, "", 44864, 20672) = 0
pread64(16</tmp/nia-publication-fault-4el264_7/case/store/objects/0c/a179e6befeb761f3613f1ef57ca892ebc3a6a228dca32f1309f0ac06a7de7e>, "", 65536, 20672) = 0
pread64(3</tmp/nia-publication-fault-4el264_7/case/store/objects/32/094e7c613fdb6dffb1f27d926b176f7fd8946b8c2cf3ca9e3b95cb91a1a8ca>, "J6\366\353|\33#j\266\313(\335\270\202\221\236\210\213\363\223\337\300\r\223\0\212\326s\6\227\370\367", 32, 112) = 32
pread64(16</tmp/nia-publication-fault-4el264_7/case/store/objects/4a/36f6eb7c1b236ab6cb28ddb882919e888bf393dfc00d93008ad6730697f8f7>, "./control\0\0\0\0\0\0\0\0\0\0\0\0\0\0\0\0\0\0\0\0\0\0\0\0\0\0\0\0\0\0\0\0\0\0\0\0\0\0\0\0\0\0\0\0\0\0\0\0\0\0\0\0\0\0\0\0\0\0\0\0\0\0\0\0\0\0\0\0\0\0\0\0\0\0\0\0\0\0\0\0\0\0\0\0\0\0\0"..., 65536, 0) = 10240
pread64(16</tmp/nia-publication-fault-4el264_7/case/store/objects/4a/36f6eb7c1b236ab6cb28ddb882919e888bf393dfc00d93008ad6730697f8f7>, "", 55296, 10240) = 0
pread64(16</tmp/nia-publication-fault-4el264_7/case/store/objects/4a/36f6eb7c1b236ab6cb28ddb882919e888bf393dfc00d93008ad6730697f8f7>, "", 65536, 10240) = 0
pread64(3</tmp/nia-publication-fault-4el264_7/case/store/objects/32/094e7c613fdb6dffb1f27d926b176f7fd8946b8c2cf3ca9e3b95cb91a1a8ca>, "\204\377\222i\37\220\232\5\262$\341\305j\273Hd\360\33O\216<\205NK\264\307\272\361\323\366\326R", 32, 144) = 32
pread64(16</tmp/nia-publication-fault-4el264_7/case/store/objects/84/ff92691f909a05b224e1c56abb4864f01b4f8e3c854e4bb4c7baf1d3f6d652>, "\0\0\0\0\0\0\0\0\0\0\0\0\0\0\0\0\0\0\0\0\0\0\0\0\0\0\0\0\0\0\0\0\0\0\0\0\0\0\0\0\0\0\0\0\0\0\0\0\0\0\0\0\0\0\0\0\0\0\0\0\0\0\0\0\0\0\0\0\0\0\0\0\0\0\0\0\0\0\0\0\0\0\0\0\0\0\0\0\0\0\0\0\0\0\0\0"..., 65536, 0) = 10240
pread64(16</tmp/nia-publication-fault-4el264_7/case/store/objects/84/ff92691f909a05b224e1c56abb4864f01b4f8e3c854e4bb4c7baf1d3f6d652>, "", 55296, 10240) = 0
pread64(16</tmp/nia-publication-fault-4el264_7/case/store/objects/84/ff92691f909a05b224e1c56abb4864f01b4f8e3c854e4bb4c7baf1d3f6d652>, "", 65536, 10240) = 0
pread64(3</tmp/nia-publication-fault-4el264_7/case/store/objects/32/094e7c613fdb6dffb1f27d926b176f7fd8946b8c2cf3ca9e3b95cb91a1a8ca>, "\216\346\2104^\35\225\2\356\214\327'zE<0\277\267{\224r\1\276\2630\16\235\362\270\3122\35", 32, 176) = 32
pread64(16</tmp/nia-publication-fault-4el264_7/case/store/objects/8e/e688345e1d9502ee8cd7277a453c30bfb77b947201beb3300e9df2b8ca321d>, "\0\0\0\0\0\0\0\10NIACSEL1\273\343\341b6\331$M\267\345\300\262\251\302\306\27f\270\251!\330\260\227\374\323p\347\177\25.\3311\0\0\0\0\0\0\0\1\f\241y\346\276\376\267a\363a?\36\365|\250\222\353\303\246\242(\334\243/\23\t\360\254\6\247\336~J6\366\353|\33#j"..., 65536, 0) = 152
pread64(16</tmp/nia-publication-fault-4el264_7/case/store/objects/8e/e688345e1d9502ee8cd7277a453c30bfb77b947201beb3300e9df2b8ca321d>, "", 65384, 152) = 0
pread64(16</tmp/nia-publication-fault-4el264_7/case/store/objects/8e/e688345e1d9502ee8cd7277a453c30bfb77b947201beb3300e9df2b8ca321d>, "", 65536, 152) = 0
pread64(3</tmp/nia-publication-fault-4el264_7/case/store/objects/32/094e7c613fdb6dffb1f27d926b176f7fd8946b8c2cf3ca9e3b95cb91a1a8ca>, "\243\32\205oC\n\363\225\274\315~\262\361B\261\32\323\256\17\305\332\363\254\304\377\263A\304\212Z\2759", 32, 208) = 32
pread64(16</tmp/nia-publication-fault-4el264_7/case/store/objects/a3/1a856f430af395bccd7eb2f142b11ad3ae0fc5daf3acc4ffb341c48a5abd39>, "Package: empty-package\nVersion: 1\nArchitecture: all\nMaintainer: Fixture <fixture@example.invalid"..., 65536, 0) = 149
pread64(16</tmp/nia-publication-fault-4el264_7/case/store/objects/a3/1a856f430af395bccd7eb2f142b11ad3ae0fc5daf3acc4ffb341c48a5abd39>, "", 65387, 149) = 0
pread64(16</tmp/nia-publication-fault-4el264_7/case/store/objects/a3/1a856f430af395bccd7eb2f142b11ad3ae0fc5daf3acc4ffb341c48a5abd39>, "", 65536, 149) = 0
pread64(3</tmp/nia-publication-fault-4el264_7/case/store/objects/8e/e688345e1d9502ee8cd7277a453c30bfb77b947201beb3300e9df2b8ca321d>, "\0\0\0\0\0\0\0\10NIACSEL1\273\343\341b6\331$M\267\345\300\262\251\302\306\27f\270\251!\330\260\227\374\323p\347\177\25.\3311\0\0\0\0\0\0\0\1\f\241y\346\276\376\267a\363a?\36\365|\250\222\353\303\246\242(\334\243/\23\t\360\254\6\247\336~J6\366\353|\33#j"..., 65536, 0) = 152
pread64(3</tmp/nia-publication-fault-4el264_7/case/store/objects/8e/e688345e1d9502ee8cd7277a453c30bfb77b947201beb3300e9df2b8ca321d>, "", 65384, 152) = 0
pread64(3</tmp/nia-publication-fault-4el264_7/case/store/objects/8e/e688345e1d9502ee8cd7277a453c30bfb77b947201beb3300e9df2b8ca321d>, "", 65536, 152) = 0
pread64(3</tmp/nia-publication-fault-4el264_7/case/store/objects/8e/e688345e1d9502ee8cd7277a453c30bfb77b947201beb3300e9df2b8ca321d>, "\0\0\0\0\0\0\0\10NIACSEL1\273\343\341b6\331$M\267\345\300\262\251\302\306\27f\270\251!\330\260\227\374\323p\347\177\25.\3311\0\0\0\0\0\0\0\1\f\241y\346\276\376\267a\363a?\36\365|\250\222\353\303\246\242(\334\243/\23\t\360\254\6\247\336~J6\366\353|\33#j"..., 393272, 0) = 152
pread64(3</tmp/nia-publication-fault-4el264_7/case/store/objects/8e/e688345e1d9502ee8cd7277a453c30bfb77b947201beb3300e9df2b8ca321d>, "", 393120, 152) = 0
pread64(3</tmp/nia-publication-fault-4el264_7/case/store/objects/0c/a179e6befeb761f3613f1ef57ca892ebc3a6a228dca32f1309f0ac06a7de7e>, "!<arch>\ndebian-binary/  0           0     0     100644  4         `\n2.0\ncontrol.tar/    0       "..., 65536, 0) = 20672
pread64(3</tmp/nia-publication-fault-4el264_7/case/store/objects/0c/a179e6befeb761f3613f1ef57ca892ebc3a6a228dca32f1309f0ac06a7de7e>, "", 44864, 20672) = 0
pread64(3</tmp/nia-publication-fault-4el264_7/case/store/objects/0c/a179e6befeb761f3613f1ef57ca892ebc3a6a228dca32f1309f0ac06a7de7e>, "", 65536, 20672) = 0
pread64(3</tmp/nia-publication-fault-4el264_7/case/store/objects/0c/a179e6befeb761f3613f1ef57ca892ebc3a6a228dca32f1309f0ac06a7de7e>, "!<arch>\n", 8, 0) = 8
pread64(3</tmp/nia-publication-fault-4el264_7/case/store/objects/0c/a179e6befeb761f3613f1ef57ca892ebc3a6a228dca32f1309f0ac06a7de7e>, "debian-binary/  0           0     0     100644  4         `\n", 60, 8) = 60
pread64(3</tmp/nia-publication-fault-4el264_7/case/store/objects/0c/a179e6befeb761f3613f1ef57ca892ebc3a6a228dca32f1309f0ac06a7de7e>, "2.0\n", 4, 68) = 4
pread64(3</tmp/nia-publication-fault-4el264_7/case/store/objects/0c/a179e6befeb761f3613f1ef57ca892ebc3a6a228dca32f1309f0ac06a7de7e>, "2.0\n", 4, 68) = 4
pread64(3</tmp/nia-publication-fault-4el264_7/case/store/objects/0c/a179e6befeb761f3613f1ef57ca892ebc3a6a228dca32f1309f0ac06a7de7e>, "control.tar/    0           0     0     100644  10240     `\n", 60, 72) = 60
pread64(3</tmp/nia-publication-fault-4el264_7/case/store/objects/0c/a179e6befeb761f3613f1ef57ca892ebc3a6a228dca32f1309f0ac06a7de7e>, "./control\0\0\0\0\0\0\0\0\0\0\0\0\0\0\0\0\0\0\0\0\0\0\0\0\0\0\0\0\0\0\0\0\0\0\0\0\0\0\0\0\0\0\0\0\0\0\0\0\0\0\0\0\0\0\0\0\0\0\0\0\0\0\0\0\0\0\0\0\0\0\0\0\0\0\0\0\0\0\0\0\0\0\0\0\0\0\0"..., 10240, 132) = 10240
pread64(3</tmp/nia-publication-fault-4el264_7/case/store/objects/0c/a179e6befeb761f3613f1ef57ca892ebc3a6a228dca32f1309f0ac06a7de7e>, "data.tar/       0           0     0     100644  10240     `\n", 60, 10372) = 60
pread64(3</tmp/nia-publication-fault-4el264_7/case/store/objects/0c/a179e6befeb761f3613f1ef57ca892ebc3a6a228dca32f1309f0ac06a7de7e>, "\0\0\0\0\0\0\0\0\0\0\0\0\0\0\0\0\0\0\0\0\0\0\0\0\0\0\0\0\0\0\0\0\0\0\0\0\0\0\0\0\0\0\0\0\0\0\0\0\0\0\0\0\0\0\0\0\0\0\0\0\0\0\0\0\0\0\0\0\0\0\0\0\0\0\0\0\0\0\0\0\0\0\0\0\0\0\0\0\0\0\0\0\0\0\0\0"..., 10240, 10432) = 10240
pread64(3</tmp/nia-publication-fault-4el264_7/case/store/objects/0c/a179e6befeb761f3613f1ef57ca892ebc3a6a228dca32f1309f0ac06a7de7e>, "!<arch>\ndebian-binary/  0           0     0     100644  4         `\n2.0\ncontrol.tar/    0       "..., 65536, 0) = 20672
pread64(3</tmp/nia-publication-fault-4el264_7/case/store/objects/0c/a179e6befeb761f3613f1ef57ca892ebc3a6a228dca32f1309f0ac06a7de7e>, "", 44864, 20672) = 0
pread64(3</tmp/nia-publication-fault-4el264_7/case/store/objects/0c/a179e6befeb761f3613f1ef57ca892ebc3a6a228dca32f1309f0ac06a7de7e>, "", 65536, 20672) = 0
pread64(3</tmp/nia-publication-fault-4el264_7/case/store/objects/0c/a179e6befeb761f3613f1ef57ca892ebc3a6a228dca32f1309f0ac06a7de7e>, "!<arch>\n", 8, 0) = 8
pread64(3</tmp/nia-publication-fault-4el264_7/case/store/objects/0c/a179e6befeb761f3613f1ef57ca892ebc3a6a228dca32f1309f0ac06a7de7e>, "debian-binary/  0           0     0     100644  4         `\n", 60, 8) = 60
pread64(3</tmp/nia-publication-fault-4el264_7/case/store/objects/0c/a179e6befeb761f3613f1ef57ca892ebc3a6a228dca32f1309f0ac06a7de7e>, "2.0\n", 4, 68) = 4
pread64(3</tmp/nia-publication-fault-4el264_7/case/store/objects/0c/a179e6befeb761f3613f1ef57ca892ebc3a6a228dca32f1309f0ac06a7de7e>, "2.0\n", 4, 68) = 4
pread64(3</tmp/nia-publication-fault-4el264_7/case/store/objects/0c/a179e6befeb761f3613f1ef57ca892ebc3a6a228dca32f1309f0ac06a7de7e>, "control.tar/    0           0     0     100644  10240     `\n", 60, 72) = 60
pread64(3</tmp/nia-publication-fault-4el264_7/case/store/objects/0c/a179e6befeb761f3613f1ef57ca892ebc3a6a228dca32f1309f0ac06a7de7e>, "./control\0\0\0\0\0\0\0\0\0\0\0\0\0\0\0\0\0\0\0\0\0\0\0\0\0\0\0\0\0\0\0\0\0\0\0\0\0\0\0\0\0\0\0\0\0\0\0\0\0\0\0\0\0\0\0\0\0\0\0\0\0\0\0\0\0\0\0\0\0\0\0\0\0\0\0\0\0\0\0\0\0\0\0\0\0\0\0"..., 10240, 132) = 10240
pread64(3</tmp/nia-publication-fault-4el264_7/case/store/objects/0c/a179e6befeb761f3613f1ef57ca892ebc3a6a228dca32f1309f0ac06a7de7e>, "data.tar/       0           0     0     100644  10240     `\n", 60, 10372) = 60
pread64(3</tmp/nia-publication-fault-4el264_7/case/store/objects/0c/a179e6befeb761f3613f1ef57ca892ebc3a6a228dca32f1309f0ac06a7de7e>, "\0\0\0\0\0\0\0\0\0\0\0\0\0\0\0\0\0\0\0\0\0\0\0\0\0\0\0\0\0\0\0\0\0\0\0\0\0\0\0\0\0\0\0\0\0\0\0\0\0\0\0\0\0\0\0\0\0\0\0\0\0\0\0\0\0\0\0\0\0\0\0\0\0\0\0\0\0\0\0\0\0\0\0\0\0\0\0\0\0\0\0\0\0\0\0\0"..., 10240, 10432) = 10240
fsync(17</tmp/nia-publication-fault-4el264_7/case/store/incoming>) = 0
pread64(3</tmp/nia-publication-fault-4el264_7/case/store/objects/0c/a179e6befeb761f3613f1ef57ca892ebc3a6a228dca32f1309f0ac06a7de7e>, "\0\0\0\0\0\0\0\0\0\0\0\0\0\0\0\0\0\0\0\0\0\0\0\0\0\0\0\0\0\0\0\0\0\0\0\0\0\0\0\0\0\0\0\0\0\0\0\0\0\0\0\0\0\0\0\0\0\0\0\0\0\0\0\0\0\0\0\0\0\0\0\0\0\0\0\0\0\0\0\0\0\0\0\0\0\0\0\0\0\0\0\0\0\0\0\0"..., 10240, 10432) = 10240
write(16</tmp/nia-publication-fault-4el264_7/case/store/incoming/bbb1ee53e39e18863f71a7d2c1f93e38>, "\0\0\0\0\0\0\0\0\0\0\0\0\0\0\0\0\0\0\0\0\0\0\0\0\0\0\0\0\0\0\0\0\0\0\0\0\0\0\0\0\0\0\0\0\0\0\0\0\0\0\0\0\0\0\0\0\0\0\0\0\0\0\0\0\0\0\0\0\0\0\0\0\0\0\0\0\0\0\0\0\0\0\0\0\0\0\0\0\0\0\0\0\0\0\0\0"..., 10240) = 10240
fsync(16</tmp/nia-publication-fault-4el264_7/case/store/incoming/bbb1ee53e39e18863f71a7d2c1f93e38>) = 0
renameat2(17</tmp/nia-publication-fault-4el264_7/case/store/incoming>, "bbb1ee53e39e18863f71a7d2c1f93e38", 16</tmp/nia-publication-fault-4el264_7/case/store/objects/84>, "ff92691f909a05b224e1c56abb4864f01b4f8e3c854e4bb4c7baf1d3f6d652", RENAME_NOREPLACE) = -1 EEXIST (File exists)
pread64(16</tmp/nia-publication-fault-4el264_7/case/store/objects/84/ff92691f909a05b224e1c56abb4864f01b4f8e3c854e4bb4c7baf1d3f6d652>, "\0\0\0\0\0\0\0\0\0\0\0\0\0\0\0\0\0\0\0\0\0\0\0\0\0\0\0\0\0\0\0\0\0\0\0\0\0\0\0\0\0\0\0\0\0\0\0\0\0\0\0\0\0\0\0\0\0\0\0\0\0\0\0\0\0\0\0\0\0\0\0\0\0\0\0\0\0\0\0\0\0\0\0\0\0\0\0\0\0\0\0\0\0\0\0\0"..., 65536, 0) = 10240
pread64(16</tmp/nia-publication-fault-4el264_7/case/store/objects/84/ff92691f909a05b224e1c56abb4864f01b4f8e3c854e4bb4c7baf1d3f6d652>, "", 55296, 10240) = 0
pread64(16</tmp/nia-publication-fault-4el264_7/case/store/objects/84/ff92691f909a05b224e1c56abb4864f01b4f8e3c854e4bb4c7baf1d3f6d652>, "", 65536, 10240) = 0
fsync(17</tmp/nia-publication-fault-4el264_7/case/store/incoming>) = 0
pread64(3</tmp/nia-publication-fault-4el264_7/case/store/objects/84/ff92691f909a05b224e1c56abb4864f01b4f8e3c854e4bb4c7baf1d3f6d652>, "\0\0\0\0\0\0\0\0\0\0\0\0\0\0\0\0\0\0\0\0\0\0\0\0\0\0\0\0\0\0\0\0\0\0\0\0\0\0\0\0\0\0\0\0\0\0\0\0\0\0\0\0\0\0\0\0\0\0\0\0\0\0\0\0\0\0\0\0\0\0\0\0\0\0\0\0\0\0\0\0\0\0\0\0\0\0\0\0\0\0\0\0\0\0\0\0"..., 65536, 0) = 10240
pread64(3</tmp/nia-publication-fault-4el264_7/case/store/objects/84/ff92691f909a05b224e1c56abb4864f01b4f8e3c854e4bb4c7baf1d3f6d652>, "", 55296, 10240) = 0
pread64(3</tmp/nia-publication-fault-4el264_7/case/store/objects/84/ff92691f909a05b224e1c56abb4864f01b4f8e3c854e4bb4c7baf1d3f6d652>, "", 65536, 10240) = 0
pread64(3</tmp/nia-publication-fault-4el264_7/case/store/objects/84/ff92691f909a05b224e1c56abb4864f01b4f8e3c854e4bb4c7baf1d3f6d652>, "\0\0\0\0\0\0\0\0\0\0\0\0\0\0\0\0\0\0\0\0\0\0\0\0\0\0\0\0\0\0\0\0\0\0\0\0\0\0\0\0\0\0\0\0\0\0\0\0\0\0\0\0\0\0\0\0\0\0\0\0\0\0\0\0\0\0\0\0\0\0\0\0\0\0\0\0\0\0\0\0\0\0\0\0\0\0\0\0\0\0\0\0\0\0\0\0"..., 10240, 0) = 10240
fsync(17</tmp/nia-publication-fault-4el264_7/case/store/incoming>) = 0
pread64(3</tmp/nia-publication-fault-4el264_7/case/store/objects/84/ff92691f909a05b224e1c56abb4864f01b4f8e3c854e4bb4c7baf1d3f6d652>, "\0\0\0\0\0\0\0\0\0\0\0\0\0\0\0\0\0\0\0\0\0\0\0\0\0\0\0\0\0\0\0\0\0\0\0\0\0\0\0\0\0\0\0\0\0\0\0\0\0\0\0\0\0\0\0\0\0\0\0\0\0\0\0\0\0\0\0\0\0\0\0\0\0\0\0\0\0\0\0\0\0\0\0\0\0\0\0\0\0\0\0\0\0\0\0\0"..., 10240, 0) = 10240
write(16</tmp/nia-publication-fault-4el264_7/case/store/incoming/5590d7531b2aad7c3e67f55445fbe89e>, "\0\0\0\0\0\0\0\0\0\0\0\0\0\0\0\0\0\0\0\0\0\0\0\0\0\0\0\0\0\0\0\0\0\0\0\0\0\0\0\0\0\0\0\0\0\0\0\0\0\0\0\0\0\0\0\0\0\0\0\0\0\0\0\0\0\0\0\0\0\0\0\0\0\0\0\0\0\0\0\0\0\0\0\0\0\0\0\0\0\0\0\0\0\0\0\0"..., 10240) = 10240
fsync(16</tmp/nia-publication-fault-4el264_7/case/store/incoming/5590d7531b2aad7c3e67f55445fbe89e>) = 0
renameat2(17</tmp/nia-publication-fault-4el264_7/case/store/incoming>, "5590d7531b2aad7c3e67f55445fbe89e", 16</tmp/nia-publication-fault-4el264_7/case/store/objects/84>, "ff92691f909a05b224e1c56abb4864f01b4f8e3c854e4bb4c7baf1d3f6d652", RENAME_NOREPLACE) = -1 EEXIST (File exists)
pread64(16</tmp/nia-publication-fault-4el264_7/case/store/objects/84/ff92691f909a05b224e1c56abb4864f01b4f8e3c854e4bb4c7baf1d3f6d652>, "\0\0\0\0\0\0\0\0\0\0\0\0\0\0\0\0\0\0\0\0\0\0\0\0\0\0\0\0\0\0\0\0\0\0\0\0\0\0\0\0\0\0\0\0\0\0\0\0\0\0\0\0\0\0\0\0\0\0\0\0\0\0\0\0\0\0\0\0\0\0\0\0\0\0\0\0\0\0\0\0\0\0\0\0\0\0\0\0\0\0\0\0\0\0\0\0"..., 65536, 0) = 10240
pread64(16</tmp/nia-publication-fault-4el264_7/case/store/objects/84/ff92691f909a05b224e1c56abb4864f01b4f8e3c854e4bb4c7baf1d3f6d652>, "", 55296, 10240) = 0
pread64(16</tmp/nia-publication-fault-4el264_7/case/store/objects/84/ff92691f909a05b224e1c56abb4864f01b4f8e3c854e4bb4c7baf1d3f6d652>, "", 65536, 10240) = 0
fsync(17</tmp/nia-publication-fault-4el264_7/case/store/incoming>) = 0
pread64(3</tmp/nia-publication-fault-4el264_7/case/store/objects/84/ff92691f909a05b224e1c56abb4864f01b4f8e3c854e4bb4c7baf1d3f6d652>, "\0\0\0\0\0\0\0\0\0\0\0\0\0\0\0\0\0\0\0\0\0\0\0\0\0\0\0\0\0\0\0\0\0\0\0\0\0\0\0\0\0\0\0\0\0\0\0\0\0\0\0\0\0\0\0\0\0\0\0\0\0\0\0\0\0\0\0\0\0\0\0\0\0\0\0\0\0\0\0\0\0\0\0\0\0\0\0\0\0\0\0\0\0\0\0\0"..., 65536, 0) = 10240
pread64(3</tmp/nia-publication-fault-4el264_7/case/store/objects/84/ff92691f909a05b224e1c56abb4864f01b4f8e3c854e4bb4c7baf1d3f6d652>, "", 55296, 10240) = 0
pread64(3</tmp/nia-publication-fault-4el264_7/case/store/objects/84/ff92691f909a05b224e1c56abb4864f01b4f8e3c854e4bb4c7baf1d3f6d652>, "", 65536, 10240) = 0
pread64(3</tmp/nia-publication-fault-4el264_7/case/store/objects/84/ff92691f909a05b224e1c56abb4864f01b4f8e3c854e4bb4c7baf1d3f6d652>, "\0\0\0\0\0\0\0\0\0\0\0\0\0\0\0\0\0\0\0\0\0\0\0\0\0\0\0\0\0\0\0\0\0\0\0\0\0\0\0\0\0\0\0\0\0\0\0\0\0\0\0\0\0\0\0\0\0\0\0\0\0\0\0\0\0\0\0\0\0\0\0\0\0\0\0\0\0\0\0\0\0\0\0\0\0\0\0\0\0\0\0\0\0\0\0\0"..., 512, 0) = 512
pread64(3</tmp/nia-publication-fault-4el264_7/case/store/objects/84/ff92691f909a05b224e1c56abb4864f01b4f8e3c854e4bb4c7baf1d3f6d652>, "\0\0\0\0\0\0\0\0\0\0\0\0\0\0\0\0\0\0\0\0\0\0\0\0\0\0\0\0\0\0\0\0\0\0\0\0\0\0\0\0\0\0\0\0\0\0\0\0\0\0\0\0\0\0\0\0\0\0\0\0\0\0\0\0\0\0\0\0\0\0\0\0\0\0\0\0\0\0\0\0\0\0\0\0\0\0\0\0\0\0\0\0\0\0\0\0"..., 9728, 512) = 9728
pread64(3</tmp/nia-publication-fault-4el264_7/case/store/objects/0c/a179e6befeb761f3613f1ef57ca892ebc3a6a228dca32f1309f0ac06a7de7e>, "!<arch>\ndebian-binary/  0           0     0     100644  4         `\n2.0\ncontrol.tar/    0       "..., 65536, 0) = 20672
pread64(3</tmp/nia-publication-fault-4el264_7/case/store/objects/0c/a179e6befeb761f3613f1ef57ca892ebc3a6a228dca32f1309f0ac06a7de7e>, "", 44864, 20672) = 0
pread64(3</tmp/nia-publication-fault-4el264_7/case/store/objects/0c/a179e6befeb761f3613f1ef57ca892ebc3a6a228dca32f1309f0ac06a7de7e>, "", 65536, 20672) = 0
pread64(3</tmp/nia-publication-fault-4el264_7/case/store/objects/0c/a179e6befeb761f3613f1ef57ca892ebc3a6a228dca32f1309f0ac06a7de7e>, "!<arch>\n", 8, 0) = 8
pread64(3</tmp/nia-publication-fault-4el264_7/case/store/objects/0c/a179e6befeb761f3613f1ef57ca892ebc3a6a228dca32f1309f0ac06a7de7e>, "debian-binary/  0           0     0     100644  4         `\n", 60, 8) = 60
pread64(3</tmp/nia-publication-fault-4el264_7/case/store/objects/0c/a179e6befeb761f3613f1ef57ca892ebc3a6a228dca32f1309f0ac06a7de7e>, "2.0\n", 4, 68) = 4
pread64(3</tmp/nia-publication-fault-4el264_7/case/store/objects/0c/a179e6befeb761f3613f1ef57ca892ebc3a6a228dca32f1309f0ac06a7de7e>, "2.0\n", 4, 68) = 4
pread64(3</tmp/nia-publication-fault-4el264_7/case/store/objects/0c/a179e6befeb761f3613f1ef57ca892ebc3a6a228dca32f1309f0ac06a7de7e>, "control.tar/    0           0     0     100644  10240     `\n", 60, 72) = 60
pread64(3</tmp/nia-publication-fault-4el264_7/case/store/objects/0c/a179e6befeb761f3613f1ef57ca892ebc3a6a228dca32f1309f0ac06a7de7e>, "./control\0\0\0\0\0\0\0\0\0\0\0\0\0\0\0\0\0\0\0\0\0\0\0\0\0\0\0\0\0\0\0\0\0\0\0\0\0\0\0\0\0\0\0\0\0\0\0\0\0\0\0\0\0\0\0\0\0\0\0\0\0\0\0\0\0\0\0\0\0\0\0\0\0\0\0\0\0\0\0\0\0\0\0\0\0\0\0"..., 10240, 132) = 10240
pread64(3</tmp/nia-publication-fault-4el264_7/case/store/objects/0c/a179e6befeb761f3613f1ef57ca892ebc3a6a228dca32f1309f0ac06a7de7e>, "data.tar/       0           0     0     100644  10240     `\n", 60, 10372) = 60
pread64(3</tmp/nia-publication-fault-4el264_7/case/store/objects/0c/a179e6befeb761f3613f1ef57ca892ebc3a6a228dca32f1309f0ac06a7de7e>, "\0\0\0\0\0\0\0\0\0\0\0\0\0\0\0\0\0\0\0\0\0\0\0\0\0\0\0\0\0\0\0\0\0\0\0\0\0\0\0\0\0\0\0\0\0\0\0\0\0\0\0\0\0\0\0\0\0\0\0\0\0\0\0\0\0\0\0\0\0\0\0\0\0\0\0\0\0\0\0\0\0\0\0\0\0\0\0\0\0\0\0\0\0\0\0\0"..., 10240, 10432) = 10240
pread64(3</tmp/nia-publication-fault-4el264_7/case/store/objects/0c/a179e6befeb761f3613f1ef57ca892ebc3a6a228dca32f1309f0ac06a7de7e>, "!<arch>\ndebian-binary/  0           0     0     100644  4         `\n2.0\ncontrol.tar/    0       "..., 65536, 0) = 20672
pread64(3</tmp/nia-publication-fault-4el264_7/case/store/objects/0c/a179e6befeb761f3613f1ef57ca892ebc3a6a228dca32f1309f0ac06a7de7e>, "", 44864, 20672) = 0
pread64(3</tmp/nia-publication-fault-4el264_7/case/store/objects/0c/a179e6befeb761f3613f1ef57ca892ebc3a6a228dca32f1309f0ac06a7de7e>, "", 65536, 20672) = 0
pread64(3</tmp/nia-publication-fault-4el264_7/case/store/objects/0c/a179e6befeb761f3613f1ef57ca892ebc3a6a228dca32f1309f0ac06a7de7e>, "!<arch>\n", 8, 0) = 8
pread64(3</tmp/nia-publication-fault-4el264_7/case/store/objects/0c/a179e6befeb761f3613f1ef57ca892ebc3a6a228dca32f1309f0ac06a7de7e>, "debian-binary/  0           0     0     100644  4         `\n", 60, 8) = 60
pread64(3</tmp/nia-publication-fault-4el264_7/case/store/objects/0c/a179e6befeb761f3613f1ef57ca892ebc3a6a228dca32f1309f0ac06a7de7e>, "2.0\n", 4, 68) = 4
pread64(3</tmp/nia-publication-fault-4el264_7/case/store/objects/0c/a179e6befeb761f3613f1ef57ca892ebc3a6a228dca32f1309f0ac06a7de7e>, "2.0\n", 4, 68) = 4
pread64(3</tmp/nia-publication-fault-4el264_7/case/store/objects/0c/a179e6befeb761f3613f1ef57ca892ebc3a6a228dca32f1309f0ac06a7de7e>, "control.tar/    0           0     0     100644  10240     `\n", 60, 72) = 60
pread64(3</tmp/nia-publication-fault-4el264_7/case/store/objects/0c/a179e6befeb761f3613f1ef57ca892ebc3a6a228dca32f1309f0ac06a7de7e>, "./control\0\0\0\0\0\0\0\0\0\0\0\0\0\0\0\0\0\0\0\0\0\0\0\0\0\0\0\0\0\0\0\0\0\0\0\0\0\0\0\0\0\0\0\0\0\0\0\0\0\0\0\0\0\0\0\0\0\0\0\0\0\0\0\0\0\0\0\0\0\0\0\0\0\0\0\0\0\0\0\0\0\0\0\0\0\0\0"..., 10240, 132) = 10240
pread64(3</tmp/nia-publication-fault-4el264_7/case/store/objects/0c/a179e6befeb761f3613f1ef57ca892ebc3a6a228dca32f1309f0ac06a7de7e>, "data.tar/       0           0     0     100644  10240     `\n", 60, 10372) = 60
pread64(3</tmp/nia-publication-fault-4el264_7/case/store/objects/0c/a179e6befeb761f3613f1ef57ca892ebc3a6a228dca32f1309f0ac06a7de7e>, "\0\0\0\0\0\0\0\0\0\0\0\0\0\0\0\0\0\0\0\0\0\0\0\0\0\0\0\0\0\0\0\0\0\0\0\0\0\0\0\0\0\0\0\0\0\0\0\0\0\0\0\0\0\0\0\0\0\0\0\0\0\0\0\0\0\0\0\0\0\0\0\0\0\0\0\0\0\0\0\0\0\0\0\0\0\0\0\0\0\0\0\0\0\0\0\0"..., 10240, 10432) = 10240
fsync(17</tmp/nia-publication-fault-4el264_7/case/store/incoming>) = 0
pread64(3</tmp/nia-publication-fault-4el264_7/case/store/objects/0c/a179e6befeb761f3613f1ef57ca892ebc3a6a228dca32f1309f0ac06a7de7e>, "./control\0\0\0\0\0\0\0\0\0\0\0\0\0\0\0\0\0\0\0\0\0\0\0\0\0\0\0\0\0\0\0\0\0\0\0\0\0\0\0\0\0\0\0\0\0\0\0\0\0\0\0\0\0\0\0\0\0\0\0\0\0\0\0\0\0\0\0\0\0\0\0\0\0\0\0\0\0\0\0\0\0\0\0\0\0\0\0"..., 10240, 132) = 10240
write(16</tmp/nia-publication-fault-4el264_7/case/store/incoming/777cd2404f158782b056b511398e2690>, "./control\0\0\0\0\0\0\0\0\0\0\0\0\0\0\0\0\0\0\0\0\0\0\0\0\0\0\0\0\0\0\0\0\0\0\0\0\0\0\0\0\0\0\0\0\0\0\0\0\0\0\0\0\0\0\0\0\0\0\0\0\0\0\0\0\0\0\0\0\0\0\0\0\0\0\0\0\0\0\0\0\0\0\0\0\0\0\0"..., 10240) = 10240
fsync(16</tmp/nia-publication-fault-4el264_7/case/store/incoming/777cd2404f158782b056b511398e2690>) = 0
renameat2(17</tmp/nia-publication-fault-4el264_7/case/store/incoming>, "777cd2404f158782b056b511398e2690", 16</tmp/nia-publication-fault-4el264_7/case/store/objects/4a>, "36f6eb7c1b236ab6cb28ddb882919e888bf393dfc00d93008ad6730697f8f7", RENAME_NOREPLACE) = -1 EEXIST (File exists)
pread64(16</tmp/nia-publication-fault-4el264_7/case/store/objects/4a/36f6eb7c1b236ab6cb28ddb882919e888bf393dfc00d93008ad6730697f8f7>, "./control\0\0\0\0\0\0\0\0\0\0\0\0\0\0\0\0\0\0\0\0\0\0\0\0\0\0\0\0\0\0\0\0\0\0\0\0\0\0\0\0\0\0\0\0\0\0\0\0\0\0\0\0\0\0\0\0\0\0\0\0\0\0\0\0\0\0\0\0\0\0\0\0\0\0\0\0\0\0\0\0\0\0\0\0\0\0\0"..., 65536, 0) = 10240
pread64(16</tmp/nia-publication-fault-4el264_7/case/store/objects/4a/36f6eb7c1b236ab6cb28ddb882919e888bf393dfc00d93008ad6730697f8f7>, "", 55296, 10240) = 0
pread64(16</tmp/nia-publication-fault-4el264_7/case/store/objects/4a/36f6eb7c1b236ab6cb28ddb882919e888bf393dfc00d93008ad6730697f8f7>, "", 65536, 10240) = 0
fsync(17</tmp/nia-publication-fault-4el264_7/case/store/incoming>) = 0
pread64(3</tmp/nia-publication-fault-4el264_7/case/store/objects/4a/36f6eb7c1b236ab6cb28ddb882919e888bf393dfc00d93008ad6730697f8f7>, "./control\0\0\0\0\0\0\0\0\0\0\0\0\0\0\0\0\0\0\0\0\0\0\0\0\0\0\0\0\0\0\0\0\0\0\0\0\0\0\0\0\0\0\0\0\0\0\0\0\0\0\0\0\0\0\0\0\0\0\0\0\0\0\0\0\0\0\0\0\0\0\0\0\0\0\0\0\0\0\0\0\0\0\0\0\0\0\0"..., 65536, 0) = 10240
pread64(3</tmp/nia-publication-fault-4el264_7/case/store/objects/4a/36f6eb7c1b236ab6cb28ddb882919e888bf393dfc00d93008ad6730697f8f7>, "", 55296, 10240) = 0
pread64(3</tmp/nia-publication-fault-4el264_7/case/store/objects/4a/36f6eb7c1b236ab6cb28ddb882919e888bf393dfc00d93008ad6730697f8f7>, "", 65536, 10240) = 0
pread64(3</tmp/nia-publication-fault-4el264_7/case/store/objects/4a/36f6eb7c1b236ab6cb28ddb882919e888bf393dfc00d93008ad6730697f8f7>, "./control\0\0\0\0\0\0\0\0\0\0\0\0\0\0\0\0\0\0\0\0\0\0\0\0\0\0\0\0\0\0\0\0\0\0\0\0\0\0\0\0\0\0\0\0\0\0\0\0\0\0\0\0\0\0\0\0\0\0\0\0\0\0\0\0\0\0\0\0\0\0\0\0\0\0\0\0\0\0\0\0\0\0\0\0\0\0\0"..., 10240, 0) = 10240
fsync(17</tmp/nia-publication-fault-4el264_7/case/store/incoming>) = 0
write(16</tmp/nia-publication-fault-4el264_7/case/store/incoming/d6e861853e08da11358714ec2e928ba6>, "Package: empty-package\nVersion: 1\nArchitecture: all\nMaintainer: Fixture <fixture@example.invalid"..., 149) = 149
fsync(16</tmp/nia-publication-fault-4el264_7/case/store/incoming/d6e861853e08da11358714ec2e928ba6>) = 0
renameat2(17</tmp/nia-publication-fault-4el264_7/case/store/incoming>, "d6e861853e08da11358714ec2e928ba6", 16</tmp/nia-publication-fault-4el264_7/case/store/objects/a3>, "1a856f430af395bccd7eb2f142b11ad3ae0fc5daf3acc4ffb341c48a5abd39", RENAME_NOREPLACE) = -1 EEXIST (File exists)
pread64(16</tmp/nia-publication-fault-4el264_7/case/store/objects/a3/1a856f430af395bccd7eb2f142b11ad3ae0fc5daf3acc4ffb341c48a5abd39>, "Package: empty-package\nVersion: 1\nArchitecture: all\nMaintainer: Fixture <fixture@example.invalid"..., 65536, 0) = 149
pread64(16</tmp/nia-publication-fault-4el264_7/case/store/objects/a3/1a856f430af395bccd7eb2f142b11ad3ae0fc5daf3acc4ffb341c48a5abd39>, "", 65387, 149) = 0
pread64(16</tmp/nia-publication-fault-4el264_7/case/store/objects/a3/1a856f430af395bccd7eb2f142b11ad3ae0fc5daf3acc4ffb341c48a5abd39>, "", 65536, 149) = 0
fsync(17</tmp/nia-publication-fault-4el264_7/case/store/incoming>) = 0
pread64(3</tmp/nia-publication-fault-4el264_7/case/store/objects/a3/1a856f430af395bccd7eb2f142b11ad3ae0fc5daf3acc4ffb341c48a5abd39>, "Package: empty-package\nVersion: 1\nArchitecture: all\nMaintainer: Fixture <fixture@example.invalid"..., 65536, 0) = 149
pread64(3</tmp/nia-publication-fault-4el264_7/case/store/objects/a3/1a856f430af395bccd7eb2f142b11ad3ae0fc5daf3acc4ffb341c48a5abd39>, "", 65387, 149) = 0
pread64(3</tmp/nia-publication-fault-4el264_7/case/store/objects/a3/1a856f430af395bccd7eb2f142b11ad3ae0fc5daf3acc4ffb341c48a5abd39>, "", 65536, 149) = 0
pread64(3</tmp/nia-publication-fault-4el264_7/case/store/objects/a3/1a856f430af395bccd7eb2f142b11ad3ae0fc5daf3acc4ffb341c48a5abd39>, "Package: empty-package\nVersion: 1\nArchitecture: all\nMaintainer: Fixture <fixture@example.invalid"..., 16777216, 0) = 149
pread64(3</tmp/nia-publication-fault-4el264_7/case/store/objects/a3/1a856f430af395bccd7eb2f142b11ad3ae0fc5daf3acc4ffb341c48a5abd39>, "", 16777067, 149) = 0
pread64(3</tmp/nia-publication-fault-4el264_7/case/store/objects/a3/1a856f430af395bccd7eb2f142b11ad3ae0fc5daf3acc4ffb341c48a5abd39>, "Package: empty-package\nVersion: 1\nArchitecture: all\nMaintainer: Fixture <fixture@example.invalid"..., 65536, 0) = 149
pread64(3</tmp/nia-publication-fault-4el264_7/case/store/objects/a3/1a856f430af395bccd7eb2f142b11ad3ae0fc5daf3acc4ffb341c48a5abd39>, "", 65387, 149) = 0
pread64(3</tmp/nia-publication-fault-4el264_7/case/store/objects/a3/1a856f430af395bccd7eb2f142b11ad3ae0fc5daf3acc4ffb341c48a5abd39>, "", 65536, 149) = 0
pread64(3</tmp/nia-publication-fault-4el264_7/case/store/objects/a3/1a856f430af395bccd7eb2f142b11ad3ae0fc5daf3acc4ffb341c48a5abd39>, "Package: empty-package\nVersion: 1\nArchitecture: all\nMaintainer: Fixture <fixture@example.invalid"..., 16777216, 0) = 149
pread64(3</tmp/nia-publication-fault-4el264_7/case/store/objects/a3/1a856f430af395bccd7eb2f142b11ad3ae0fc5daf3acc4ffb341c48a5abd39>, "", 16777067, 149) = 0
pread64(3</tmp/nia-publication-fault-4el264_7/case/store/objects/0c/a179e6befeb761f3613f1ef57ca892ebc3a6a228dca32f1309f0ac06a7de7e>, "!<arch>\ndebian-binary/  0           0     0     100644  4         `\n2.0\ncontrol.tar/    0       "..., 65536, 0) = 20672
pread64(3</tmp/nia-publication-fault-4el264_7/case/store/objects/0c/a179e6befeb761f3613f1ef57ca892ebc3a6a228dca32f1309f0ac06a7de7e>, "", 44864, 20672) = 0
pread64(3</tmp/nia-publication-fault-4el264_7/case/store/objects/0c/a179e6befeb761f3613f1ef57ca892ebc3a6a228dca32f1309f0ac06a7de7e>, "", 65536, 20672) = 0
pread64(3</tmp/nia-publication-fault-4el264_7/case/store/objects/0c/a179e6befeb761f3613f1ef57ca892ebc3a6a228dca32f1309f0ac06a7de7e>, "!<arch>\n", 8, 0) = 8
pread64(3</tmp/nia-publication-fault-4el264_7/case/store/objects/0c/a179e6befeb761f3613f1ef57ca892ebc3a6a228dca32f1309f0ac06a7de7e>, "debian-binary/  0           0     0     100644  4         `\n", 60, 8) = 60
pread64(3</tmp/nia-publication-fault-4el264_7/case/store/objects/0c/a179e6befeb761f3613f1ef57ca892ebc3a6a228dca32f1309f0ac06a7de7e>, "2.0\n", 4, 68) = 4
pread64(3</tmp/nia-publication-fault-4el264_7/case/store/objects/0c/a179e6befeb761f3613f1ef57ca892ebc3a6a228dca32f1309f0ac06a7de7e>, "2.0\n", 4, 68) = 4
pread64(3</tmp/nia-publication-fault-4el264_7/case/store/objects/0c/a179e6befeb761f3613f1ef57ca892ebc3a6a228dca32f1309f0ac06a7de7e>, "control.tar/    0           0     0     100644  10240     `\n", 60, 72) = 60
pread64(3</tmp/nia-publication-fault-4el264_7/case/store/objects/0c/a179e6befeb761f3613f1ef57ca892ebc3a6a228dca32f1309f0ac06a7de7e>, "./control\0\0\0\0\0\0\0\0\0\0\0\0\0\0\0\0\0\0\0\0\0\0\0\0\0\0\0\0\0\0\0\0\0\0\0\0\0\0\0\0\0\0\0\0\0\0\0\0\0\0\0\0\0\0\0\0\0\0\0\0\0\0\0\0\0\0\0\0\0\0\0\0\0\0\0\0\0\0\0\0\0\0\0\0\0\0\0"..., 10240, 132) = 10240
pread64(3</tmp/nia-publication-fault-4el264_7/case/store/objects/0c/a179e6befeb761f3613f1ef57ca892ebc3a6a228dca32f1309f0ac06a7de7e>, "data.tar/       0           0     0     100644  10240     `\n", 60, 10372) = 60
pread64(3</tmp/nia-publication-fault-4el264_7/case/store/objects/0c/a179e6befeb761f3613f1ef57ca892ebc3a6a228dca32f1309f0ac06a7de7e>, "\0\0\0\0\0\0\0\0\0\0\0\0\0\0\0\0\0\0\0\0\0\0\0\0\0\0\0\0\0\0\0\0\0\0\0\0\0\0\0\0\0\0\0\0\0\0\0\0\0\0\0\0\0\0\0\0\0\0\0\0\0\0\0\0\0\0\0\0\0\0\0\0\0\0\0\0\0\0\0\0\0\0\0\0\0\0\0\0\0\0\0\0\0\0\0\0"..., 10240, 10432) = 10240
pread64(3</tmp/nia-publication-fault-4el264_7/case/store/objects/0c/a179e6befeb761f3613f1ef57ca892ebc3a6a228dca32f1309f0ac06a7de7e>, "!<arch>\ndebian-binary/  0           0     0     100644  4         `\n2.0\ncontrol.tar/    0       "..., 65536, 0) = 20672
pread64(3</tmp/nia-publication-fault-4el264_7/case/store/objects/0c/a179e6befeb761f3613f1ef57ca892ebc3a6a228dca32f1309f0ac06a7de7e>, "", 44864, 20672) = 0
pread64(3</tmp/nia-publication-fault-4el264_7/case/store/objects/0c/a179e6befeb761f3613f1ef57ca892ebc3a6a228dca32f1309f0ac06a7de7e>, "", 65536, 20672) = 0
pread64(3</tmp/nia-publication-fault-4el264_7/case/store/objects/0c/a179e6befeb761f3613f1ef57ca892ebc3a6a228dca32f1309f0ac06a7de7e>, "!<arch>\n", 8, 0) = 8
pread64(3</tmp/nia-publication-fault-4el264_7/case/store/objects/0c/a179e6befeb761f3613f1ef57ca892ebc3a6a228dca32f1309f0ac06a7de7e>, "debian-binary/  0           0     0     100644  4         `\n", 60, 8) = 60
pread64(3</tmp/nia-publication-fault-4el264_7/case/store/objects/0c/a179e6befeb761f3613f1ef57ca892ebc3a6a228dca32f1309f0ac06a7de7e>, "2.0\n", 4, 68) = 4
pread64(3</tmp/nia-publication-fault-4el264_7/case/store/objects/0c/a179e6befeb761f3613f1ef57ca892ebc3a6a228dca32f1309f0ac06a7de7e>, "2.0\n", 4, 68) = 4
pread64(3</tmp/nia-publication-fault-4el264_7/case/store/objects/0c/a179e6befeb761f3613f1ef57ca892ebc3a6a228dca32f1309f0ac06a7de7e>, "control.tar/    0           0     0     100644  10240     `\n", 60, 72) = 60
pread64(3</tmp/nia-publication-fault-4el264_7/case/store/objects/0c/a179e6befeb761f3613f1ef57ca892ebc3a6a228dca32f1309f0ac06a7de7e>, "./control\0\0\0\0\0\0\0\0\0\0\0\0\0\0\0\0\0\0\0\0\0\0\0\0\0\0\0\0\0\0\0\0\0\0\0\0\0\0\0\0\0\0\0\0\0\0\0\0\0\0\0\0\0\0\0\0\0\0\0\0\0\0\0\0\0\0\0\0\0\0\0\0\0\0\0\0\0\0\0\0\0\0\0\0\0\0\0"..., 10240, 132) = 10240
pread64(3</tmp/nia-publication-fault-4el264_7/case/store/objects/0c/a179e6befeb761f3613f1ef57ca892ebc3a6a228dca32f1309f0ac06a7de7e>, "data.tar/       0           0     0     100644  10240     `\n", 60, 10372) = 60
pread64(3</tmp/nia-publication-fault-4el264_7/case/store/objects/0c/a179e6befeb761f3613f1ef57ca892ebc3a6a228dca32f1309f0ac06a7de7e>, "\0\0\0\0\0\0\0\0\0\0\0\0\0\0\0\0\0\0\0\0\0\0\0\0\0\0\0\0\0\0\0\0\0\0\0\0\0\0\0\0\0\0\0\0\0\0\0\0\0\0\0\0\0\0\0\0\0\0\0\0\0\0\0\0\0\0\0\0\0\0\0\0\0\0\0\0\0\0\0\0\0\0\0\0\0\0\0\0\0\0\0\0\0\0\0\0"..., 10240, 10432) = 10240
fsync(17</tmp/nia-publication-fault-4el264_7/case/store/incoming>) = 0
pread64(3</tmp/nia-publication-fault-4el264_7/case/store/objects/0c/a179e6befeb761f3613f1ef57ca892ebc3a6a228dca32f1309f0ac06a7de7e>, "./control\0\0\0\0\0\0\0\0\0\0\0\0\0\0\0\0\0\0\0\0\0\0\0\0\0\0\0\0\0\0\0\0\0\0\0\0\0\0\0\0\0\0\0\0\0\0\0\0\0\0\0\0\0\0\0\0\0\0\0\0\0\0\0\0\0\0\0\0\0\0\0\0\0\0\0\0\0\0\0\0\0\0\0\0\0\0\0"..., 10240, 132) = 10240
write(16</tmp/nia-publication-fault-4el264_7/case/store/incoming/ec0d37944555c5b720d3b0a7d76d5a2e>, "./control\0\0\0\0\0\0\0\0\0\0\0\0\0\0\0\0\0\0\0\0\0\0\0\0\0\0\0\0\0\0\0\0\0\0\0\0\0\0\0\0\0\0\0\0\0\0\0\0\0\0\0\0\0\0\0\0\0\0\0\0\0\0\0\0\0\0\0\0\0\0\0\0\0\0\0\0\0\0\0\0\0\0\0\0\0\0\0"..., 10240) = 10240
fsync(16</tmp/nia-publication-fault-4el264_7/case/store/incoming/ec0d37944555c5b720d3b0a7d76d5a2e>) = 0
renameat2(17</tmp/nia-publication-fault-4el264_7/case/store/incoming>, "ec0d37944555c5b720d3b0a7d76d5a2e", 16</tmp/nia-publication-fault-4el264_7/case/store/objects/4a>, "36f6eb7c1b236ab6cb28ddb882919e888bf393dfc00d93008ad6730697f8f7", RENAME_NOREPLACE) = -1 EEXIST (File exists)
pread64(16</tmp/nia-publication-fault-4el264_7/case/store/objects/4a/36f6eb7c1b236ab6cb28ddb882919e888bf393dfc00d93008ad6730697f8f7>, "./control\0\0\0\0\0\0\0\0\0\0\0\0\0\0\0\0\0\0\0\0\0\0\0\0\0\0\0\0\0\0\0\0\0\0\0\0\0\0\0\0\0\0\0\0\0\0\0\0\0\0\0\0\0\0\0\0\0\0\0\0\0\0\0\0\0\0\0\0\0\0\0\0\0\0\0\0\0\0\0\0\0\0\0\0\0\0\0"..., 65536, 0) = 10240
pread64(16</tmp/nia-publication-fault-4el264_7/case/store/objects/4a/36f6eb7c1b236ab6cb28ddb882919e888bf393dfc00d93008ad6730697f8f7>, "", 55296, 10240) = 0
pread64(16</tmp/nia-publication-fault-4el264_7/case/store/objects/4a/36f6eb7c1b236ab6cb28ddb882919e888bf393dfc00d93008ad6730697f8f7>, "", 65536, 10240) = 0
fsync(17</tmp/nia-publication-fault-4el264_7/case/store/incoming>) = 0
pread64(3</tmp/nia-publication-fault-4el264_7/case/store/objects/4a/36f6eb7c1b236ab6cb28ddb882919e888bf393dfc00d93008ad6730697f8f7>, "./control\0\0\0\0\0\0\0\0\0\0\0\0\0\0\0\0\0\0\0\0\0\0\0\0\0\0\0\0\0\0\0\0\0\0\0\0\0\0\0\0\0\0\0\0\0\0\0\0\0\0\0\0\0\0\0\0\0\0\0\0\0\0\0\0\0\0\0\0\0\0\0\0\0\0\0\0\0\0\0\0\0\0\0\0\0\0\0"..., 65536, 0) = 10240
pread64(3</tmp/nia-publication-fault-4el264_7/case/store/objects/4a/36f6eb7c1b236ab6cb28ddb882919e888bf393dfc00d93008ad6730697f8f7>, "", 55296, 10240) = 0
pread64(3</tmp/nia-publication-fault-4el264_7/case/store/objects/4a/36f6eb7c1b236ab6cb28ddb882919e888bf393dfc00d93008ad6730697f8f7>, "", 65536, 10240) = 0
pread64(3</tmp/nia-publication-fault-4el264_7/case/store/objects/4a/36f6eb7c1b236ab6cb28ddb882919e888bf393dfc00d93008ad6730697f8f7>, "./control\0\0\0\0\0\0\0\0\0\0\0\0\0\0\0\0\0\0\0\0\0\0\0\0\0\0\0\0\0\0\0\0\0\0\0\0\0\0\0\0\0\0\0\0\0\0\0\0\0\0\0\0\0\0\0\0\0\0\0\0\0\0\0\0\0\0\0\0\0\0\0\0\0\0\0\0\0\0\0\0\0\0\0\0\0\0\0"..., 10240, 0) = 10240
fsync(17</tmp/nia-publication-fault-4el264_7/case/store/incoming>) = 0
write(16</tmp/nia-publication-fault-4el264_7/case/store/incoming/f95b7726aa90568fbc1455961d4b386d>, "Package: empty-package\nVersion: 1\nArchitecture: all\nMaintainer: Fixture <fixture@example.invalid"..., 149) = 149
fsync(16</tmp/nia-publication-fault-4el264_7/case/store/incoming/f95b7726aa90568fbc1455961d4b386d>) = 0
renameat2(17</tmp/nia-publication-fault-4el264_7/case/store/incoming>, "f95b7726aa90568fbc1455961d4b386d", 16</tmp/nia-publication-fault-4el264_7/case/store/objects/a3>, "1a856f430af395bccd7eb2f142b11ad3ae0fc5daf3acc4ffb341c48a5abd39", RENAME_NOREPLACE) = -1 EEXIST (File exists)
pread64(16</tmp/nia-publication-fault-4el264_7/case/store/objects/a3/1a856f430af395bccd7eb2f142b11ad3ae0fc5daf3acc4ffb341c48a5abd39>, "Package: empty-package\nVersion: 1\nArchitecture: all\nMaintainer: Fixture <fixture@example.invalid"..., 65536, 0) = 149
pread64(16</tmp/nia-publication-fault-4el264_7/case/store/objects/a3/1a856f430af395bccd7eb2f142b11ad3ae0fc5daf3acc4ffb341c48a5abd39>, "", 65387, 149) = 0
pread64(16</tmp/nia-publication-fault-4el264_7/case/store/objects/a3/1a856f430af395bccd7eb2f142b11ad3ae0fc5daf3acc4ffb341c48a5abd39>, "", 65536, 149) = 0
fsync(17</tmp/nia-publication-fault-4el264_7/case/store/incoming>) = 0
pread64(3</tmp/nia-publication-fault-4el264_7/case/store/objects/0c/a179e6befeb761f3613f1ef57ca892ebc3a6a228dca32f1309f0ac06a7de7e>, "!<arch>\ndebian-binary/  0           0     0     100644  4         `\n2.0\ncontrol.tar/    0       "..., 65536, 0) = 20672
pread64(3</tmp/nia-publication-fault-4el264_7/case/store/objects/0c/a179e6befeb761f3613f1ef57ca892ebc3a6a228dca32f1309f0ac06a7de7e>, "", 44864, 20672) = 0
pread64(3</tmp/nia-publication-fault-4el264_7/case/store/objects/0c/a179e6befeb761f3613f1ef57ca892ebc3a6a228dca32f1309f0ac06a7de7e>, "", 65536, 20672) = 0
pread64(3</tmp/nia-publication-fault-4el264_7/case/store/objects/4a/36f6eb7c1b236ab6cb28ddb882919e888bf393dfc00d93008ad6730697f8f7>, "./control\0\0\0\0\0\0\0\0\0\0\0\0\0\0\0\0\0\0\0\0\0\0\0\0\0\0\0\0\0\0\0\0\0\0\0\0\0\0\0\0\0\0\0\0\0\0\0\0\0\0\0\0\0\0\0\0\0\0\0\0\0\0\0\0\0\0\0\0\0\0\0\0\0\0\0\0\0\0\0\0\0\0\0\0\0\0\0"..., 65536, 0) = 10240
pread64(3</tmp/nia-publication-fault-4el264_7/case/store/objects/4a/36f6eb7c1b236ab6cb28ddb882919e888bf393dfc00d93008ad6730697f8f7>, "", 55296, 10240) = 0
pread64(3</tmp/nia-publication-fault-4el264_7/case/store/objects/4a/36f6eb7c1b236ab6cb28ddb882919e888bf393dfc00d93008ad6730697f8f7>, "", 65536, 10240) = 0
pread64(3</tmp/nia-publication-fault-4el264_7/case/store/objects/84/ff92691f909a05b224e1c56abb4864f01b4f8e3c854e4bb4c7baf1d3f6d652>, "\0\0\0\0\0\0\0\0\0\0\0\0\0\0\0\0\0\0\0\0\0\0\0\0\0\0\0\0\0\0\0\0\0\0\0\0\0\0\0\0\0\0\0\0\0\0\0\0\0\0\0\0\0\0\0\0\0\0\0\0\0\0\0\0\0\0\0\0\0\0\0\0\0\0\0\0\0\0\0\0\0\0\0\0\0\0\0\0\0\0\0\0\0\0\0\0"..., 65536, 0) = 10240
pread64(3</tmp/nia-publication-fault-4el264_7/case/store/objects/84/ff92691f909a05b224e1c56abb4864f01b4f8e3c854e4bb4c7baf1d3f6d652>, "", 55296, 10240) = 0
pread64(3</tmp/nia-publication-fault-4el264_7/case/store/objects/84/ff92691f909a05b224e1c56abb4864f01b4f8e3c854e4bb4c7baf1d3f6d652>, "", 65536, 10240) = 0
pread64(3</tmp/nia-publication-fault-4el264_7/case/store/objects/8e/e688345e1d9502ee8cd7277a453c30bfb77b947201beb3300e9df2b8ca321d>, "\0\0\0\0\0\0\0\10NIACSEL1\273\343\341b6\331$M\267\345\300\262\251\302\306\27f\270\251!\330\260\227\374\323p\347\177\25.\3311\0\0\0\0\0\0\0\1\f\241y\346\276\376\267a\363a?\36\365|\250\222\353\303\246\242(\334\243/\23\t\360\254\6\247\336~J6\366\353|\33#j"..., 65536, 0) = 152
pread64(3</tmp/nia-publication-fault-4el264_7/case/store/objects/8e/e688345e1d9502ee8cd7277a453c30bfb77b947201beb3300e9df2b8ca321d>, "", 65384, 152) = 0
pread64(3</tmp/nia-publication-fault-4el264_7/case/store/objects/8e/e688345e1d9502ee8cd7277a453c30bfb77b947201beb3300e9df2b8ca321d>, "", 65536, 152) = 0
pread64(3</tmp/nia-publication-fault-4el264_7/case/store/objects/a3/1a856f430af395bccd7eb2f142b11ad3ae0fc5daf3acc4ffb341c48a5abd39>, "Package: empty-package\nVersion: 1\nArchitecture: all\nMaintainer: Fixture <fixture@example.invalid"..., 65536, 0) = 149
pread64(3</tmp/nia-publication-fault-4el264_7/case/store/objects/a3/1a856f430af395bccd7eb2f142b11ad3ae0fc5daf3acc4ffb341c48a5abd39>, "", 65387, 149) = 0
pread64(3</tmp/nia-publication-fault-4el264_7/case/store/objects/a3/1a856f430af395bccd7eb2f142b11ad3ae0fc5daf3acc4ffb341c48a5abd39>, "", 65536, 149) = 0
fsync(16</tmp/nia-publication-fault-4el264_7/case/store/incoming>) = 0
write(3</tmp/nia-publication-fault-4el264_7/case/store/incoming/547e8adec1ccf407b465535123bed675>, "NIACLOS1\216\346\2104^\35\225\2\356\214\327'zE<0\277\267{\224r\1\276\2630\16\235\362\270\3122\35\273\343\341b6\331$M\267\345\300\262\251\302\306\27f\270\251!\330\260\227\374\323p\347\177\25.\3311\0\0\0\0\0\0\0\5", 80) = 80
write(3</tmp/nia-publication-fault-4el264_7/case/store/incoming/547e8adec1ccf407b465535123bed675>, "\f\241y\346\276\376\267a\363a?\36\365|\250\222\353\303\246\242(\334\243/\23\t\360\254\6\247\336~", 32) = 32
write(3</tmp/nia-publication-fault-4el264_7/case/store/incoming/547e8adec1ccf407b465535123bed675>, "J6\366\353|\33#j\266\313(\335\270\202\221\236\210\213\363\223\337\300\r\223\0\212\326s\6\227\370\367", 32) = 32
write(3</tmp/nia-publication-fault-4el264_7/case/store/incoming/547e8adec1ccf407b465535123bed675>, "\204\377\222i\37\220\232\5\262$\341\305j\273Hd\360\33O\216<\205NK\264\307\272\361\323\366\326R", 32) = 32
write(3</tmp/nia-publication-fault-4el264_7/case/store/incoming/547e8adec1ccf407b465535123bed675>, "\216\346\2104^\35\225\2\356\214\327'zE<0\277\267{\224r\1\276\2630\16\235\362\270\3122\35", 32) = 32
write(3</tmp/nia-publication-fault-4el264_7/case/store/incoming/547e8adec1ccf407b465535123bed675>, "\243\32\205oC\n\363\225\274\315~\262\361B\261\32\323\256\17\305\332\363\254\304\377\263A\304\212Z\2759", 32) = 32
fsync(3</tmp/nia-publication-fault-4el264_7/case/store/incoming/547e8adec1ccf407b465535123bed675>) = 0
renameat2(16</tmp/nia-publication-fault-4el264_7/case/store/incoming>, "547e8adec1ccf407b465535123bed675", 3</tmp/nia-publication-fault-4el264_7/case/store/objects/32>, "094e7c613fdb6dffb1f27d926b176f7fd8946b8c2cf3ca9e3b95cb91a1a8ca", RENAME_NOREPLACE) = -1 EEXIST (File exists)
pread64(3</tmp/nia-publication-fault-4el264_7/case/store/objects/32/094e7c613fdb6dffb1f27d926b176f7fd8946b8c2cf3ca9e3b95cb91a1a8ca>, "NIACLOS1\216\346\2104^\35\225\2\356\214\327'zE<0\277\267{\224r\1\276\2630\16\235\362\270\3122\35\273\343\341b6\331$M\267\345\300\262\251\302\306\27f\270\251!\330\260\227\374\323p\347\177\25.\3311\0\0\0\0\0\0\0\5\f\241y\346\276\376\267a\363a?\36\365|\250\222"..., 65536, 0) = 240
pread64(3</tmp/nia-publication-fault-4el264_7/case/store/objects/32/094e7c613fdb6dffb1f27d926b176f7fd8946b8c2cf3ca9e3b95cb91a1a8ca>, "", 65296, 240) = 0
pread64(3</tmp/nia-publication-fault-4el264_7/case/store/objects/32/094e7c613fdb6dffb1f27d926b176f7fd8946b8c2cf3ca9e3b95cb91a1a8ca>, "", 65536, 240) = 0
fsync(16</tmp/nia-publication-fault-4el264_7/case/store/incoming>) = 0
pread64(3</tmp/nia-publication-fault-4el264_7/case/store/objects/8e/e688345e1d9502ee8cd7277a453c30bfb77b947201beb3300e9df2b8ca321d>, "\0\0\0\0\0\0\0\10NIACSEL1\273\343\341b6\331$M\267\345\300\262\251\302\306\27f\270\251!\330\260\227\374\323p\347\177\25.\3311\0\0\0\0\0\0\0\1\f\241y\346\276\376\267a\363a?\36\365|\250\222\353\303\246\242(\334\243/\23\t\360\254\6\247\336~J6\366\353|\33#j"..., 65536, 0) = 152
pread64(3</tmp/nia-publication-fault-4el264_7/case/store/objects/8e/e688345e1d9502ee8cd7277a453c30bfb77b947201beb3300e9df2b8ca321d>, "", 65384, 152) = 0
pread64(3</tmp/nia-publication-fault-4el264_7/case/store/objects/8e/e688345e1d9502ee8cd7277a453c30bfb77b947201beb3300e9df2b8ca321d>, "", 65536, 152) = 0
pread64(3</tmp/nia-publication-fault-4el264_7/case/store/objects/8e/e688345e1d9502ee8cd7277a453c30bfb77b947201beb3300e9df2b8ca321d>, "\0\0\0\0\0\0\0\10NIACSEL1\273\343\341b6\331$M\267\345\300\262\251\302\306\27f\270\251!\330\260\227\374\323p\347\177\25.\3311\0\0\0\0\0\0\0\1\f\241y\346\276\376\267a\363a?\36\365|\250\222\353\303\246\242(\334\243/\23\t\360\254\6\247\336~J6\366\353|\33#j"..., 393272, 0) = 152
pread64(3</tmp/nia-publication-fault-4el264_7/case/store/objects/8e/e688345e1d9502ee8cd7277a453c30bfb77b947201beb3300e9df2b8ca321d>, "", 393120, 152) = 0
pread64(3</tmp/nia-publication-fault-4el264_7/case/store/objects/0c/a179e6befeb761f3613f1ef57ca892ebc3a6a228dca32f1309f0ac06a7de7e>, "!<arch>\ndebian-binary/  0           0     0     100644  4         `\n2.0\ncontrol.tar/    0       "..., 65536, 0) = 20672
pread64(3</tmp/nia-publication-fault-4el264_7/case/store/objects/0c/a179e6befeb761f3613f1ef57ca892ebc3a6a228dca32f1309f0ac06a7de7e>, "", 44864, 20672) = 0
pread64(3</tmp/nia-publication-fault-4el264_7/case/store/objects/0c/a179e6befeb761f3613f1ef57ca892ebc3a6a228dca32f1309f0ac06a7de7e>, "", 65536, 20672) = 0
pread64(3</tmp/nia-publication-fault-4el264_7/case/store/objects/0c/a179e6befeb761f3613f1ef57ca892ebc3a6a228dca32f1309f0ac06a7de7e>, "!<arch>\n", 8, 0) = 8
pread64(3</tmp/nia-publication-fault-4el264_7/case/store/objects/0c/a179e6befeb761f3613f1ef57ca892ebc3a6a228dca32f1309f0ac06a7de7e>, "debian-binary/  0           0     0     100644  4         `\n", 60, 8) = 60
pread64(3</tmp/nia-publication-fault-4el264_7/case/store/objects/0c/a179e6befeb761f3613f1ef57ca892ebc3a6a228dca32f1309f0ac06a7de7e>, "2.0\n", 4, 68) = 4
pread64(3</tmp/nia-publication-fault-4el264_7/case/store/objects/0c/a179e6befeb761f3613f1ef57ca892ebc3a6a228dca32f1309f0ac06a7de7e>, "2.0\n", 4, 68) = 4
pread64(3</tmp/nia-publication-fault-4el264_7/case/store/objects/0c/a179e6befeb761f3613f1ef57ca892ebc3a6a228dca32f1309f0ac06a7de7e>, "control.tar/    0           0     0     100644  10240     `\n", 60, 72) = 60
pread64(3</tmp/nia-publication-fault-4el264_7/case/store/objects/0c/a179e6befeb761f3613f1ef57ca892ebc3a6a228dca32f1309f0ac06a7de7e>, "./control\0\0\0\0\0\0\0\0\0\0\0\0\0\0\0\0\0\0\0\0\0\0\0\0\0\0\0\0\0\0\0\0\0\0\0\0\0\0\0\0\0\0\0\0\0\0\0\0\0\0\0\0\0\0\0\0\0\0\0\0\0\0\0\0\0\0\0\0\0\0\0\0\0\0\0\0\0\0\0\0\0\0\0\0\0\0\0"..., 10240, 132) = 10240
pread64(3</tmp/nia-publication-fault-4el264_7/case/store/objects/0c/a179e6befeb761f3613f1ef57ca892ebc3a6a228dca32f1309f0ac06a7de7e>, "data.tar/       0           0     0     100644  10240     `\n", 60, 10372) = 60
pread64(3</tmp/nia-publication-fault-4el264_7/case/store/objects/0c/a179e6befeb761f3613f1ef57ca892ebc3a6a228dca32f1309f0ac06a7de7e>, "\0\0\0\0\0\0\0\0\0\0\0\0\0\0\0\0\0\0\0\0\0\0\0\0\0\0\0\0\0\0\0\0\0\0\0\0\0\0\0\0\0\0\0\0\0\0\0\0\0\0\0\0\0\0\0\0\0\0\0\0\0\0\0\0\0\0\0\0\0\0\0\0\0\0\0\0\0\0\0\0\0\0\0\0\0\0\0\0\0\0\0\0\0\0\0\0"..., 10240, 10432) = 10240
pread64(3</tmp/nia-publication-fault-4el264_7/case/store/objects/0c/a179e6befeb761f3613f1ef57ca892ebc3a6a228dca32f1309f0ac06a7de7e>, "!<arch>\ndebian-binary/  0           0     0     100644  4         `\n2.0\ncontrol.tar/    0       "..., 65536, 0) = 20672
pread64(3</tmp/nia-publication-fault-4el264_7/case/store/objects/0c/a179e6befeb761f3613f1ef57ca892ebc3a6a228dca32f1309f0ac06a7de7e>, "", 44864, 20672) = 0
pread64(3</tmp/nia-publication-fault-4el264_7/case/store/objects/0c/a179e6befeb761f3613f1ef57ca892ebc3a6a228dca32f1309f0ac06a7de7e>, "", 65536, 20672) = 0
pread64(3</tmp/nia-publication-fault-4el264_7/case/store/objects/0c/a179e6befeb761f3613f1ef57ca892ebc3a6a228dca32f1309f0ac06a7de7e>, "!<arch>\n", 8, 0) = 8
pread64(3</tmp/nia-publication-fault-4el264_7/case/store/objects/0c/a179e6befeb761f3613f1ef57ca892ebc3a6a228dca32f1309f0ac06a7de7e>, "debian-binary/  0           0     0     100644  4         `\n", 60, 8) = 60
pread64(3</tmp/nia-publication-fault-4el264_7/case/store/objects/0c/a179e6befeb761f3613f1ef57ca892ebc3a6a228dca32f1309f0ac06a7de7e>, "2.0\n", 4, 68) = 4
pread64(3</tmp/nia-publication-fault-4el264_7/case/store/objects/0c/a179e6befeb761f3613f1ef57ca892ebc3a6a228dca32f1309f0ac06a7de7e>, "2.0\n", 4, 68) = 4
pread64(3</tmp/nia-publication-fault-4el264_7/case/store/objects/0c/a179e6befeb761f3613f1ef57ca892ebc3a6a228dca32f1309f0ac06a7de7e>, "control.tar/    0           0     0     100644  10240     `\n", 60, 72) = 60
pread64(3</tmp/nia-publication-fault-4el264_7/case/store/objects/0c/a179e6befeb761f3613f1ef57ca892ebc3a6a228dca32f1309f0ac06a7de7e>, "./control\0\0\0\0\0\0\0\0\0\0\0\0\0\0\0\0\0\0\0\0\0\0\0\0\0\0\0\0\0\0\0\0\0\0\0\0\0\0\0\0\0\0\0\0\0\0\0\0\0\0\0\0\0\0\0\0\0\0\0\0\0\0\0\0\0\0\0\0\0\0\0\0\0\0\0\0\0\0\0\0\0\0\0\0\0\0\0"..., 10240, 132) = 10240
pread64(3</tmp/nia-publication-fault-4el264_7/case/store/objects/0c/a179e6befeb761f3613f1ef57ca892ebc3a6a228dca32f1309f0ac06a7de7e>, "data.tar/       0           0     0     100644  10240     `\n", 60, 10372) = 60
pread64(3</tmp/nia-publication-fault-4el264_7/case/store/objects/0c/a179e6befeb761f3613f1ef57ca892ebc3a6a228dca32f1309f0ac06a7de7e>, "\0\0\0\0\0\0\0\0\0\0\0\0\0\0\0\0\0\0\0\0\0\0\0\0\0\0\0\0\0\0\0\0\0\0\0\0\0\0\0\0\0\0\0\0\0\0\0\0\0\0\0\0\0\0\0\0\0\0\0\0\0\0\0\0\0\0\0\0\0\0\0\0\0\0\0\0\0\0\0\0\0\0\0\0\0\0\0\0\0\0\0\0\0\0\0\0"..., 10240, 10432) = 10240
fsync(17</tmp/nia-publication-fault-4el264_7/case/store/incoming>) = 0
pread64(3</tmp/nia-publication-fault-4el264_7/case/store/objects/0c/a179e6befeb761f3613f1ef57ca892ebc3a6a228dca32f1309f0ac06a7de7e>, "\0\0\0\0\0\0\0\0\0\0\0\0\0\0\0\0\0\0\0\0\0\0\0\0\0\0\0\0\0\0\0\0\0\0\0\0\0\0\0\0\0\0\0\0\0\0\0\0\0\0\0\0\0\0\0\0\0\0\0\0\0\0\0\0\0\0\0\0\0\0\0\0\0\0\0\0\0\0\0\0\0\0\0\0\0\0\0\0\0\0\0\0\0\0\0\0"..., 10240, 10432) = 10240
write(16</tmp/nia-publication-fault-4el264_7/case/store/incoming/7da2056673ec1ff7ba200aeb9d6db691>, "\0\0\0\0\0\0\0\0\0\0\0\0\0\0\0\0\0\0\0\0\0\0\0\0\0\0\0\0\0\0\0\0\0\0\0\0\0\0\0\0\0\0\0\0\0\0\0\0\0\0\0\0\0\0\0\0\0\0\0\0\0\0\0\0\0\0\0\0\0\0\0\0\0\0\0\0\0\0\0\0\0\0\0\0\0\0\0\0\0\0\0\0\0\0\0\0"..., 10240) = 10240
fsync(16</tmp/nia-publication-fault-4el264_7/case/store/incoming/7da2056673ec1ff7ba200aeb9d6db691>) = 0
renameat2(17</tmp/nia-publication-fault-4el264_7/case/store/incoming>, "7da2056673ec1ff7ba200aeb9d6db691", 16</tmp/nia-publication-fault-4el264_7/case/store/objects/84>, "ff92691f909a05b224e1c56abb4864f01b4f8e3c854e4bb4c7baf1d3f6d652", RENAME_NOREPLACE) = -1 EEXIST (File exists)
pread64(16</tmp/nia-publication-fault-4el264_7/case/store/objects/84/ff92691f909a05b224e1c56abb4864f01b4f8e3c854e4bb4c7baf1d3f6d652>, "\0\0\0\0\0\0\0\0\0\0\0\0\0\0\0\0\0\0\0\0\0\0\0\0\0\0\0\0\0\0\0\0\0\0\0\0\0\0\0\0\0\0\0\0\0\0\0\0\0\0\0\0\0\0\0\0\0\0\0\0\0\0\0\0\0\0\0\0\0\0\0\0\0\0\0\0\0\0\0\0\0\0\0\0\0\0\0\0\0\0\0\0\0\0\0\0"..., 65536, 0) = 10240
pread64(16</tmp/nia-publication-fault-4el264_7/case/store/objects/84/ff92691f909a05b224e1c56abb4864f01b4f8e3c854e4bb4c7baf1d3f6d652>, "", 55296, 10240) = 0
pread64(16</tmp/nia-publication-fault-4el264_7/case/store/objects/84/ff92691f909a05b224e1c56abb4864f01b4f8e3c854e4bb4c7baf1d3f6d652>, "", 65536, 10240) = 0
fsync(17</tmp/nia-publication-fault-4el264_7/case/store/incoming>) = 0
pread64(3</tmp/nia-publication-fault-4el264_7/case/store/objects/84/ff92691f909a05b224e1c56abb4864f01b4f8e3c854e4bb4c7baf1d3f6d652>, "\0\0\0\0\0\0\0\0\0\0\0\0\0\0\0\0\0\0\0\0\0\0\0\0\0\0\0\0\0\0\0\0\0\0\0\0\0\0\0\0\0\0\0\0\0\0\0\0\0\0\0\0\0\0\0\0\0\0\0\0\0\0\0\0\0\0\0\0\0\0\0\0\0\0\0\0\0\0\0\0\0\0\0\0\0\0\0\0\0\0\0\0\0\0\0\0"..., 65536, 0) = 10240
pread64(3</tmp/nia-publication-fault-4el264_7/case/store/objects/84/ff92691f909a05b224e1c56abb4864f01b4f8e3c854e4bb4c7baf1d3f6d652>, "", 55296, 10240) = 0
pread64(3</tmp/nia-publication-fault-4el264_7/case/store/objects/84/ff92691f909a05b224e1c56abb4864f01b4f8e3c854e4bb4c7baf1d3f6d652>, "", 65536, 10240) = 0
pread64(3</tmp/nia-publication-fault-4el264_7/case/store/objects/84/ff92691f909a05b224e1c56abb4864f01b4f8e3c854e4bb4c7baf1d3f6d652>, "\0\0\0\0\0\0\0\0\0\0\0\0\0\0\0\0\0\0\0\0\0\0\0\0\0\0\0\0\0\0\0\0\0\0\0\0\0\0\0\0\0\0\0\0\0\0\0\0\0\0\0\0\0\0\0\0\0\0\0\0\0\0\0\0\0\0\0\0\0\0\0\0\0\0\0\0\0\0\0\0\0\0\0\0\0\0\0\0\0\0\0\0\0\0\0\0"..., 10240, 0) = 10240
fsync(17</tmp/nia-publication-fault-4el264_7/case/store/incoming>) = 0
pread64(3</tmp/nia-publication-fault-4el264_7/case/store/objects/84/ff92691f909a05b224e1c56abb4864f01b4f8e3c854e4bb4c7baf1d3f6d652>, "\0\0\0\0\0\0\0\0\0\0\0\0\0\0\0\0\0\0\0\0\0\0\0\0\0\0\0\0\0\0\0\0\0\0\0\0\0\0\0\0\0\0\0\0\0\0\0\0\0\0\0\0\0\0\0\0\0\0\0\0\0\0\0\0\0\0\0\0\0\0\0\0\0\0\0\0\0\0\0\0\0\0\0\0\0\0\0\0\0\0\0\0\0\0\0\0"..., 10240, 0) = 10240
write(16</tmp/nia-publication-fault-4el264_7/case/store/incoming/d32e222b5bd9db5b167b69e26611432a>, "\0\0\0\0\0\0\0\0\0\0\0\0\0\0\0\0\0\0\0\0\0\0\0\0\0\0\0\0\0\0\0\0\0\0\0\0\0\0\0\0\0\0\0\0\0\0\0\0\0\0\0\0\0\0\0\0\0\0\0\0\0\0\0\0\0\0\0\0\0\0\0\0\0\0\0\0\0\0\0\0\0\0\0\0\0\0\0\0\0\0\0\0\0\0\0\0"..., 10240) = 10240
fsync(16</tmp/nia-publication-fault-4el264_7/case/store/incoming/d32e222b5bd9db5b167b69e26611432a>) = 0
renameat2(17</tmp/nia-publication-fault-4el264_7/case/store/incoming>, "d32e222b5bd9db5b167b69e26611432a", 16</tmp/nia-publication-fault-4el264_7/case/store/objects/84>, "ff92691f909a05b224e1c56abb4864f01b4f8e3c854e4bb4c7baf1d3f6d652", RENAME_NOREPLACE) = -1 EEXIST (File exists)
pread64(16</tmp/nia-publication-fault-4el264_7/case/store/objects/84/ff92691f909a05b224e1c56abb4864f01b4f8e3c854e4bb4c7baf1d3f6d652>, "\0\0\0\0\0\0\0\0\0\0\0\0\0\0\0\0\0\0\0\0\0\0\0\0\0\0\0\0\0\0\0\0\0\0\0\0\0\0\0\0\0\0\0\0\0\0\0\0\0\0\0\0\0\0\0\0\0\0\0\0\0\0\0\0\0\0\0\0\0\0\0\0\0\0\0\0\0\0\0\0\0\0\0\0\0\0\0\0\0\0\0\0\0\0\0\0"..., 65536, 0) = 10240
pread64(16</tmp/nia-publication-fault-4el264_7/case/store/objects/84/ff92691f909a05b224e1c56abb4864f01b4f8e3c854e4bb4c7baf1d3f6d652>, "", 55296, 10240) = 0
pread64(16</tmp/nia-publication-fault-4el264_7/case/store/objects/84/ff92691f909a05b224e1c56abb4864f01b4f8e3c854e4bb4c7baf1d3f6d652>, "", 65536, 10240) = 0
fsync(17</tmp/nia-publication-fault-4el264_7/case/store/incoming>) = 0
pread64(3</tmp/nia-publication-fault-4el264_7/case/store/objects/84/ff92691f909a05b224e1c56abb4864f01b4f8e3c854e4bb4c7baf1d3f6d652>, "\0\0\0\0\0\0\0\0\0\0\0\0\0\0\0\0\0\0\0\0\0\0\0\0\0\0\0\0\0\0\0\0\0\0\0\0\0\0\0\0\0\0\0\0\0\0\0\0\0\0\0\0\0\0\0\0\0\0\0\0\0\0\0\0\0\0\0\0\0\0\0\0\0\0\0\0\0\0\0\0\0\0\0\0\0\0\0\0\0\0\0\0\0\0\0\0"..., 65536, 0) = 10240
pread64(3</tmp/nia-publication-fault-4el264_7/case/store/objects/84/ff92691f909a05b224e1c56abb4864f01b4f8e3c854e4bb4c7baf1d3f6d652>, "", 55296, 10240) = 0
pread64(3</tmp/nia-publication-fault-4el264_7/case/store/objects/84/ff92691f909a05b224e1c56abb4864f01b4f8e3c854e4bb4c7baf1d3f6d652>, "", 65536, 10240) = 0
pread64(3</tmp/nia-publication-fault-4el264_7/case/store/objects/84/ff92691f909a05b224e1c56abb4864f01b4f8e3c854e4bb4c7baf1d3f6d652>, "\0\0\0\0\0\0\0\0\0\0\0\0\0\0\0\0\0\0\0\0\0\0\0\0\0\0\0\0\0\0\0\0\0\0\0\0\0\0\0\0\0\0\0\0\0\0\0\0\0\0\0\0\0\0\0\0\0\0\0\0\0\0\0\0\0\0\0\0\0\0\0\0\0\0\0\0\0\0\0\0\0\0\0\0\0\0\0\0\0\0\0\0\0\0\0\0"..., 512, 0) = 512
pread64(3</tmp/nia-publication-fault-4el264_7/case/store/objects/84/ff92691f909a05b224e1c56abb4864f01b4f8e3c854e4bb4c7baf1d3f6d652>, "\0\0\0\0\0\0\0\0\0\0\0\0\0\0\0\0\0\0\0\0\0\0\0\0\0\0\0\0\0\0\0\0\0\0\0\0\0\0\0\0\0\0\0\0\0\0\0\0\0\0\0\0\0\0\0\0\0\0\0\0\0\0\0\0\0\0\0\0\0\0\0\0\0\0\0\0\0\0\0\0\0\0\0\0\0\0\0\0\0\0\0\0\0\0\0\0"..., 9728, 512) = 9728
pread64(3</tmp/nia-publication-fault-4el264_7/case/store/objects/0c/a179e6befeb761f3613f1ef57ca892ebc3a6a228dca32f1309f0ac06a7de7e>, "!<arch>\ndebian-binary/  0           0     0     100644  4         `\n2.0\ncontrol.tar/    0       "..., 65536, 0) = 20672
pread64(3</tmp/nia-publication-fault-4el264_7/case/store/objects/0c/a179e6befeb761f3613f1ef57ca892ebc3a6a228dca32f1309f0ac06a7de7e>, "", 44864, 20672) = 0
pread64(3</tmp/nia-publication-fault-4el264_7/case/store/objects/0c/a179e6befeb761f3613f1ef57ca892ebc3a6a228dca32f1309f0ac06a7de7e>, "", 65536, 20672) = 0
pread64(3</tmp/nia-publication-fault-4el264_7/case/store/objects/0c/a179e6befeb761f3613f1ef57ca892ebc3a6a228dca32f1309f0ac06a7de7e>, "!<arch>\n", 8, 0) = 8
pread64(3</tmp/nia-publication-fault-4el264_7/case/store/objects/0c/a179e6befeb761f3613f1ef57ca892ebc3a6a228dca32f1309f0ac06a7de7e>, "debian-binary/  0           0     0     100644  4         `\n", 60, 8) = 60
pread64(3</tmp/nia-publication-fault-4el264_7/case/store/objects/0c/a179e6befeb761f3613f1ef57ca892ebc3a6a228dca32f1309f0ac06a7de7e>, "2.0\n", 4, 68) = 4
pread64(3</tmp/nia-publication-fault-4el264_7/case/store/objects/0c/a179e6befeb761f3613f1ef57ca892ebc3a6a228dca32f1309f0ac06a7de7e>, "2.0\n", 4, 68) = 4
pread64(3</tmp/nia-publication-fault-4el264_7/case/store/objects/0c/a179e6befeb761f3613f1ef57ca892ebc3a6a228dca32f1309f0ac06a7de7e>, "control.tar/    0           0     0     100644  10240     `\n", 60, 72) = 60
pread64(3</tmp/nia-publication-fault-4el264_7/case/store/objects/0c/a179e6befeb761f3613f1ef57ca892ebc3a6a228dca32f1309f0ac06a7de7e>, "./control\0\0\0\0\0\0\0\0\0\0\0\0\0\0\0\0\0\0\0\0\0\0\0\0\0\0\0\0\0\0\0\0\0\0\0\0\0\0\0\0\0\0\0\0\0\0\0\0\0\0\0\0\0\0\0\0\0\0\0\0\0\0\0\0\0\0\0\0\0\0\0\0\0\0\0\0\0\0\0\0\0\0\0\0\0\0\0"..., 10240, 132) = 10240
pread64(3</tmp/nia-publication-fault-4el264_7/case/store/objects/0c/a179e6befeb761f3613f1ef57ca892ebc3a6a228dca32f1309f0ac06a7de7e>, "data.tar/       0           0     0     100644  10240     `\n", 60, 10372) = 60
pread64(3</tmp/nia-publication-fault-4el264_7/case/store/objects/0c/a179e6befeb761f3613f1ef57ca892ebc3a6a228dca32f1309f0ac06a7de7e>, "\0\0\0\0\0\0\0\0\0\0\0\0\0\0\0\0\0\0\0\0\0\0\0\0\0\0\0\0\0\0\0\0\0\0\0\0\0\0\0\0\0\0\0\0\0\0\0\0\0\0\0\0\0\0\0\0\0\0\0\0\0\0\0\0\0\0\0\0\0\0\0\0\0\0\0\0\0\0\0\0\0\0\0\0\0\0\0\0\0\0\0\0\0\0\0\0"..., 10240, 10432) = 10240
pread64(3</tmp/nia-publication-fault-4el264_7/case/store/objects/0c/a179e6befeb761f3613f1ef57ca892ebc3a6a228dca32f1309f0ac06a7de7e>, "!<arch>\ndebian-binary/  0           0     0     100644  4         `\n2.0\ncontrol.tar/    0       "..., 65536, 0) = 20672
pread64(3</tmp/nia-publication-fault-4el264_7/case/store/objects/0c/a179e6befeb761f3613f1ef57ca892ebc3a6a228dca32f1309f0ac06a7de7e>, "", 44864, 20672) = 0
pread64(3</tmp/nia-publication-fault-4el264_7/case/store/objects/0c/a179e6befeb761f3613f1ef57ca892ebc3a6a228dca32f1309f0ac06a7de7e>, "", 65536, 20672) = 0
pread64(3</tmp/nia-publication-fault-4el264_7/case/store/objects/0c/a179e6befeb761f3613f1ef57ca892ebc3a6a228dca32f1309f0ac06a7de7e>, "!<arch>\n", 8, 0) = 8
pread64(3</tmp/nia-publication-fault-4el264_7/case/store/objects/0c/a179e6befeb761f3613f1ef57ca892ebc3a6a228dca32f1309f0ac06a7de7e>, "debian-binary/  0           0     0     100644  4         `\n", 60, 8) = 60
pread64(3</tmp/nia-publication-fault-4el264_7/case/store/objects/0c/a179e6befeb761f3613f1ef57ca892ebc3a6a228dca32f1309f0ac06a7de7e>, "2.0\n", 4, 68) = 4
pread64(3</tmp/nia-publication-fault-4el264_7/case/store/objects/0c/a179e6befeb761f3613f1ef57ca892ebc3a6a228dca32f1309f0ac06a7de7e>, "2.0\n", 4, 68) = 4
pread64(3</tmp/nia-publication-fault-4el264_7/case/store/objects/0c/a179e6befeb761f3613f1ef57ca892ebc3a6a228dca32f1309f0ac06a7de7e>, "control.tar/    0           0     0     100644  10240     `\n", 60, 72) = 60
pread64(3</tmp/nia-publication-fault-4el264_7/case/store/objects/0c/a179e6befeb761f3613f1ef57ca892ebc3a6a228dca32f1309f0ac06a7de7e>, "./control\0\0\0\0\0\0\0\0\0\0\0\0\0\0\0\0\0\0\0\0\0\0\0\0\0\0\0\0\0\0\0\0\0\0\0\0\0\0\0\0\0\0\0\0\0\0\0\0\0\0\0\0\0\0\0\0\0\0\0\0\0\0\0\0\0\0\0\0\0\0\0\0\0\0\0\0\0\0\0\0\0\0\0\0\0\0\0"..., 10240, 132) = 10240
pread64(3</tmp/nia-publication-fault-4el264_7/case/store/objects/0c/a179e6befeb761f3613f1ef57ca892ebc3a6a228dca32f1309f0ac06a7de7e>, "data.tar/       0           0     0     100644  10240     `\n", 60, 10372) = 60
pread64(3</tmp/nia-publication-fault-4el264_7/case/store/objects/0c/a179e6befeb761f3613f1ef57ca892ebc3a6a228dca32f1309f0ac06a7de7e>, "\0\0\0\0\0\0\0\0\0\0\0\0\0\0\0\0\0\0\0\0\0\0\0\0\0\0\0\0\0\0\0\0\0\0\0\0\0\0\0\0\0\0\0\0\0\0\0\0\0\0\0\0\0\0\0\0\0\0\0\0\0\0\0\0\0\0\0\0\0\0\0\0\0\0\0\0\0\0\0\0\0\0\0\0\0\0\0\0\0\0\0\0\0\0\0\0"..., 10240, 10432) = 10240
fsync(17</tmp/nia-publication-fault-4el264_7/case/store/incoming>) = 0
pread64(3</tmp/nia-publication-fault-4el264_7/case/store/objects/0c/a179e6befeb761f3613f1ef57ca892ebc3a6a228dca32f1309f0ac06a7de7e>, "./control\0\0\0\0\0\0\0\0\0\0\0\0\0\0\0\0\0\0\0\0\0\0\0\0\0\0\0\0\0\0\0\0\0\0\0\0\0\0\0\0\0\0\0\0\0\0\0\0\0\0\0\0\0\0\0\0\0\0\0\0\0\0\0\0\0\0\0\0\0\0\0\0\0\0\0\0\0\0\0\0\0\0\0\0\0\0\0"..., 10240, 132) = 10240
write(16</tmp/nia-publication-fault-4el264_7/case/store/incoming/82fc64ae2821cb7df05f5596d865125d>, "./control\0\0\0\0\0\0\0\0\0\0\0\0\0\0\0\0\0\0\0\0\0\0\0\0\0\0\0\0\0\0\0\0\0\0\0\0\0\0\0\0\0\0\0\0\0\0\0\0\0\0\0\0\0\0\0\0\0\0\0\0\0\0\0\0\0\0\0\0\0\0\0\0\0\0\0\0\0\0\0\0\0\0\0\0\0\0\0"..., 10240) = 10240
fsync(16</tmp/nia-publication-fault-4el264_7/case/store/incoming/82fc64ae2821cb7df05f5596d865125d>) = 0
renameat2(17</tmp/nia-publication-fault-4el264_7/case/store/incoming>, "82fc64ae2821cb7df05f5596d865125d", 16</tmp/nia-publication-fault-4el264_7/case/store/objects/4a>, "36f6eb7c1b236ab6cb28ddb882919e888bf393dfc00d93008ad6730697f8f7", RENAME_NOREPLACE) = -1 EEXIST (File exists)
pread64(16</tmp/nia-publication-fault-4el264_7/case/store/objects/4a/36f6eb7c1b236ab6cb28ddb882919e888bf393dfc00d93008ad6730697f8f7>, "./control\0\0\0\0\0\0\0\0\0\0\0\0\0\0\0\0\0\0\0\0\0\0\0\0\0\0\0\0\0\0\0\0\0\0\0\0\0\0\0\0\0\0\0\0\0\0\0\0\0\0\0\0\0\0\0\0\0\0\0\0\0\0\0\0\0\0\0\0\0\0\0\0\0\0\0\0\0\0\0\0\0\0\0\0\0\0\0"..., 65536, 0) = 10240
pread64(16</tmp/nia-publication-fault-4el264_7/case/store/objects/4a/36f6eb7c1b236ab6cb28ddb882919e888bf393dfc00d93008ad6730697f8f7>, "", 55296, 10240) = 0
pread64(16</tmp/nia-publication-fault-4el264_7/case/store/objects/4a/36f6eb7c1b236ab6cb28ddb882919e888bf393dfc00d93008ad6730697f8f7>, "", 65536, 10240) = 0
fsync(17</tmp/nia-publication-fault-4el264_7/case/store/incoming>) = 0
pread64(3</tmp/nia-publication-fault-4el264_7/case/store/objects/4a/36f6eb7c1b236ab6cb28ddb882919e888bf393dfc00d93008ad6730697f8f7>, "./control\0\0\0\0\0\0\0\0\0\0\0\0\0\0\0\0\0\0\0\0\0\0\0\0\0\0\0\0\0\0\0\0\0\0\0\0\0\0\0\0\0\0\0\0\0\0\0\0\0\0\0\0\0\0\0\0\0\0\0\0\0\0\0\0\0\0\0\0\0\0\0\0\0\0\0\0\0\0\0\0\0\0\0\0\0\0\0"..., 65536, 0) = 10240
pread64(3</tmp/nia-publication-fault-4el264_7/case/store/objects/4a/36f6eb7c1b236ab6cb28ddb882919e888bf393dfc00d93008ad6730697f8f7>, "", 55296, 10240) = 0
pread64(3</tmp/nia-publication-fault-4el264_7/case/store/objects/4a/36f6eb7c1b236ab6cb28ddb882919e888bf393dfc00d93008ad6730697f8f7>, "", 65536, 10240) = 0
pread64(3</tmp/nia-publication-fault-4el264_7/case/store/objects/4a/36f6eb7c1b236ab6cb28ddb882919e888bf393dfc00d93008ad6730697f8f7>, "./control\0\0\0\0\0\0\0\0\0\0\0\0\0\0\0\0\0\0\0\0\0\0\0\0\0\0\0\0\0\0\0\0\0\0\0\0\0\0\0\0\0\0\0\0\0\0\0\0\0\0\0\0\0\0\0\0\0\0\0\0\0\0\0\0\0\0\0\0\0\0\0\0\0\0\0\0\0\0\0\0\0\0\0\0\0\0\0"..., 10240, 0) = 10240
fsync(17</tmp/nia-publication-fault-4el264_7/case/store/incoming>) = 0
write(16</tmp/nia-publication-fault-4el264_7/case/store/incoming/b4c40750848a555ae632cc073c9cfbf5>, "Package: empty-package\nVersion: 1\nArchitecture: all\nMaintainer: Fixture <fixture@example.invalid"..., 149) = 149
fsync(16</tmp/nia-publication-fault-4el264_7/case/store/incoming/b4c40750848a555ae632cc073c9cfbf5>) = 0
renameat2(17</tmp/nia-publication-fault-4el264_7/case/store/incoming>, "b4c40750848a555ae632cc073c9cfbf5", 16</tmp/nia-publication-fault-4el264_7/case/store/objects/a3>, "1a856f430af395bccd7eb2f142b11ad3ae0fc5daf3acc4ffb341c48a5abd39", RENAME_NOREPLACE) = -1 EEXIST (File exists)
pread64(16</tmp/nia-publication-fault-4el264_7/case/store/objects/a3/1a856f430af395bccd7eb2f142b11ad3ae0fc5daf3acc4ffb341c48a5abd39>, "Package: empty-package\nVersion: 1\nArchitecture: all\nMaintainer: Fixture <fixture@example.invalid"..., 65536, 0) = 149
pread64(16</tmp/nia-publication-fault-4el264_7/case/store/objects/a3/1a856f430af395bccd7eb2f142b11ad3ae0fc5daf3acc4ffb341c48a5abd39>, "", 65387, 149) = 0
pread64(16</tmp/nia-publication-fault-4el264_7/case/store/objects/a3/1a856f430af395bccd7eb2f142b11ad3ae0fc5daf3acc4ffb341c48a5abd39>, "", 65536, 149) = 0
fsync(17</tmp/nia-publication-fault-4el264_7/case/store/incoming>) = 0
pread64(3</tmp/nia-publication-fault-4el264_7/case/store/objects/a3/1a856f430af395bccd7eb2f142b11ad3ae0fc5daf3acc4ffb341c48a5abd39>, "Package: empty-package\nVersion: 1\nArchitecture: all\nMaintainer: Fixture <fixture@example.invalid"..., 65536, 0) = 149
pread64(3</tmp/nia-publication-fault-4el264_7/case/store/objects/a3/1a856f430af395bccd7eb2f142b11ad3ae0fc5daf3acc4ffb341c48a5abd39>, "", 65387, 149) = 0
pread64(3</tmp/nia-publication-fault-4el264_7/case/store/objects/a3/1a856f430af395bccd7eb2f142b11ad3ae0fc5daf3acc4ffb341c48a5abd39>, "", 65536, 149) = 0
pread64(3</tmp/nia-publication-fault-4el264_7/case/store/objects/a3/1a856f430af395bccd7eb2f142b11ad3ae0fc5daf3acc4ffb341c48a5abd39>, "Package: empty-package\nVersion: 1\nArchitecture: all\nMaintainer: Fixture <fixture@example.invalid"..., 16777216, 0) = 149
pread64(3</tmp/nia-publication-fault-4el264_7/case/store/objects/a3/1a856f430af395bccd7eb2f142b11ad3ae0fc5daf3acc4ffb341c48a5abd39>, "", 16777067, 149) = 0
pread64(3</tmp/nia-publication-fault-4el264_7/case/store/objects/a3/1a856f430af395bccd7eb2f142b11ad3ae0fc5daf3acc4ffb341c48a5abd39>, "Package: empty-package\nVersion: 1\nArchitecture: all\nMaintainer: Fixture <fixture@example.invalid"..., 65536, 0) = 149
pread64(3</tmp/nia-publication-fault-4el264_7/case/store/objects/a3/1a856f430af395bccd7eb2f142b11ad3ae0fc5daf3acc4ffb341c48a5abd39>, "", 65387, 149) = 0
pread64(3</tmp/nia-publication-fault-4el264_7/case/store/objects/a3/1a856f430af395bccd7eb2f142b11ad3ae0fc5daf3acc4ffb341c48a5abd39>, "", 65536, 149) = 0
pread64(3</tmp/nia-publication-fault-4el264_7/case/store/objects/a3/1a856f430af395bccd7eb2f142b11ad3ae0fc5daf3acc4ffb341c48a5abd39>, "Package: empty-package\nVersion: 1\nArchitecture: all\nMaintainer: Fixture <fixture@example.invalid"..., 16777216, 0) = 149
pread64(3</tmp/nia-publication-fault-4el264_7/case/store/objects/a3/1a856f430af395bccd7eb2f142b11ad3ae0fc5daf3acc4ffb341c48a5abd39>, "", 16777067, 149) = 0
pread64(3</tmp/nia-publication-fault-4el264_7/case/state/root.state>, "MCROOT02\37\37\37\37\37\37\37\37\37\37\37\37\37\37\37\37\0\0\0\0\0\0\0\0================|(\260]\354\310\366\2733\266\317\17dlZ\365\252\200U\340\nL\366\332\32tk\326;\35\36\362\0\0\0\0\0\0\0\0\0\0\0\0\0\0\0\0"..., 192, 0) = 192
pread64(3</tmp/nia-publication-fault-4el264_7/case/store/objects/7c/28b05decc8f6bb33b6cf0f646c5af5aa8055e00a4cf6da1a746bd63b1d1ef2>, "MCPLAN02\37\37\37\37\37\37\37\37\37\37\37\37\37\37\37\37================\0\0\0\0\0\0\0\0\0\0\0\0\0\0\0\1\0\0\0\0\0\0\0\1\0\0\0\0\0\0\0\2\216\346\2104^\35\225\2\356\214\327'zE<0\277\267{\224r\1\276\263"..., 4500000, 0) = 467
pread64(3</tmp/nia-publication-fault-4el264_7/case/store/objects/7c/28b05decc8f6bb33b6cf0f646c5af5aa8055e00a4cf6da1a746bd63b1d1ef2>, "", 4499533, 467) = 0
pread64(3</tmp/nia-publication-fault-4el264_7/case/store/pins/3d3d3d3d3d3d3d3d3d3d3d3d3d3d3d3d>, "|(\260]\354\310\366\2733\266\317\17dlZ\365\252\200U\340\nL\366\332\32tk\326;\35\36\362", 33, 0) = 32
pread64(3</tmp/nia-publication-fault-4el264_7/case/store/pins/3d3d3d3d3d3d3d3d3d3d3d3d3d3d3d3d>, "", 1, 32) = 0
pread64(3</tmp/nia-publication-fault-4el264_7/case/state/tx-3d3d3d3d3d3d3d3d3d3d3d3d3d3d3d3d.log>, "MCLOG002\0\0\0\0\0\0\0\1\0\1\0\0\0\0\0\0\37\37\37\37\37\37\37\37\37\37\37\37\37\37\37\37================\0\0\0\0\0\0\0\1\0\0\0\0\0\0\0\2\0\0\0\0\0\0\0\0\0\0\0\0\0\0\0\1|(\260]\354\310\366\273"..., 256, 0) = 256
pread64(3</tmp/nia-publication-fault-4el264_7/case/state/tx-3d3d3d3d3d3d3d3d3d3d3d3d3d3d3d3d.log>, "MCLOG002\0\0\0\0\0\0\0\2\0\2\0\0\0\0\0\0\37\37\37\37\37\37\37\37\37\37\37\37\37\37\37\37================\0\0\0\0\0\0\0\1\0\0\0\0\0\0\0\2\0\0\0\0\0\0\0\1\0\0\0\0\0\0\0\1|(\260]\354\310\366\273"..., 256, 256) = 256
pread64(3</tmp/nia-publication-fault-4el264_7/case/state/tx-3d3d3d3d3d3d3d3d3d3d3d3d3d3d3d3d.log>, "MCLOG002\0\0\0\0\0\0\0\3\0\3\0\0\0\0\0\0\37\37\37\37\37\37\37\37\37\37\37\37\37\37\37\37================\0\0\0\0\0\0\0\1\0\0\0\0\0\0\0\2\0\0\0\0\0\0\0\1\0\0\0\0\0\0\0\1|(\260]\354\310\366\273"..., 256, 512) = 256
pread64(3</tmp/nia-publication-fault-4el264_7/case/state/tx-3d3d3d3d3d3d3d3d3d3d3d3d3d3d3d3d.log>, "MCLOG002\0\0\0\0\0\0\0\4\0\4\0\0\0\0\0\0\37\37\37\37\37\37\37\37\37\37\37\37\37\37\37\37================\0\0\0\0\0\0\0\1\0\0\0\0\0\0\0\2\0\0\0\0\0\0\0\0\0\0\0\0\0\0\0\1|(\260]\354\310\366\273"..., 256, 768) = 256
pread64(18</tmp/nia-publication-fault-4el264_7/case/state/root.state>, "MCROOT02\37\37\37\37\37\37\37\37\37\37\37\37\37\37\37\37\0\0\0\0\0\0\0\0================|(\260]\354\310\366\2733\266\317\17dlZ\365\252\200U\340\nL\366\332\32tk\326;\35\36\362\0\0\0\0\0\0\0\0\0\0\0\0\0\0\0\0"..., 192, 0) = 192
pread64(3</tmp/nia-publication-fault-4el264_7/case/store/objects/b2/d93d1647239d0ba4daeaa2a008547e866b63fe552b7835bb1cf81afd008832>, "NIASPOL1~R\322\ng\4\374Nt{\300\301\330\36\340\226\257\27\360\206\320\344f\21\354\217~\254\226\320\232\"\0\0\0\0\0\0\3\350\0\0\0\0\0\0\0\1GGGGGGGGGGGGGGGGGGGGGGGGGGGGGGGG\212\210\343\335t\t\361\225"..., 65536, 0) = 136
pread64(3</tmp/nia-publication-fault-4el264_7/case/store/objects/b2/d93d1647239d0ba4daeaa2a008547e866b63fe552b7835bb1cf81afd008832>, "", 65400, 136) = 0
pread64(3</tmp/nia-publication-fault-4el264_7/case/store/objects/b2/d93d1647239d0ba4daeaa2a008547e866b63fe552b7835bb1cf81afd008832>, "", 65536, 136) = 0
pread64(3</tmp/nia-publication-fault-4el264_7/case/store/objects/b2/d93d1647239d0ba4daeaa2a008547e866b63fe552b7835bb1cf81afd008832>, "NIASPOL1~R\322\ng\4\374Nt{\300\301\330\36\340\226\257\27\360\206\320\344f\21\354\217~\254\226\320\232\"\0\0\0\0\0\0\3\350\0\0\0\0\0\0\0\1GGGGGGGGGGGGGGGGGGGGGGGGGGGGGGGG\212\210\343\335t\t\361\225"..., 20536, 0) = 136
pread64(3</tmp/nia-publication-fault-4el264_7/case/store/objects/b2/d93d1647239d0ba4daeaa2a008547e866b63fe552b7835bb1cf81afd008832>, "", 20400, 136) = 0
pread64(3</tmp/nia-publication-fault-4el264_7/case/store/objects/b2/d93d1647239d0ba4daeaa2a008547e866b63fe552b7835bb1cf81afd008832>, "NIASPOL1~R\322\ng\4\374Nt{\300\301\330\36\340\226\257\27\360\206\320\344f\21\354\217~\254\226\320\232\"\0\0\0\0\0\0\3\350\0\0\0\0\0\0\0\1GGGGGGGGGGGGGGGGGGGGGGGGGGGGGGGG\212\210\343\335t\t\361\225"..., 65536, 0) = 136
pread64(3</tmp/nia-publication-fault-4el264_7/case/store/objects/b2/d93d1647239d0ba4daeaa2a008547e866b63fe552b7835bb1cf81afd008832>, "", 65400, 136) = 0
pread64(3</tmp/nia-publication-fault-4el264_7/case/store/objects/b2/d93d1647239d0ba4daeaa2a008547e866b63fe552b7835bb1cf81afd008832>, "", 65536, 136) = 0
pread64(3</tmp/nia-publication-fault-4el264_7/case/store/objects/b2/d93d1647239d0ba4daeaa2a008547e866b63fe552b7835bb1cf81afd008832>, "NIASPOL1~R\322\ng\4\374Nt{\300\301\330\36\340\226\257\27\360\206\320\344f\21\354\217~\254\226\320\232\"\0\0\0\0\0\0\3\350\0\0\0\0\0\0\0\1GGGGGGGGGGGGGGGGGGGGGGGGGGGGGGGG\212\210\343\335t\t\361\225"..., 20536, 0) = 136
pread64(3</tmp/nia-publication-fault-4el264_7/case/store/objects/b2/d93d1647239d0ba4daeaa2a008547e866b63fe552b7835bb1cf81afd008832>, "", 20400, 136) = 0
pread64(3</tmp/nia-publication-fault-4el264_7/case/store/objects/7e/52d20a6704fc4e747bc0c1d81ee096af17f086d0e46611ec8f7eac96d09a22>, "NIASMAP1\37\37\37\37\37\37\37\37\37\37\37\37\37\37\37\37\0\0\0\0\0\0\0\0\0\0\0\0\0\0\0\0\0\0\0\0\0\0\0\0\0\0\0\0\0\0\0\0\0\0\0\0\0\0\0\0\0\0\0\0\0\0\0\0\0\0\0\0\0\0\0\0\0\0\0\0\0\0\0\0\216\346\2104^\35\225\2"..., 65536, 0) = 256
pread64(3</tmp/nia-publication-fault-4el264_7/case/store/objects/7e/52d20a6704fc4e747bc0c1d81ee096af17f086d0e46611ec8f7eac96d09a22>, "", 65280, 256) = 0
pread64(3</tmp/nia-publication-fault-4el264_7/case/store/objects/7e/52d20a6704fc4e747bc0c1d81ee096af17f086d0e46611ec8f7eac96d09a22>, "", 65536, 256) = 0
pread64(3</tmp/nia-publication-fault-4el264_7/case/store/objects/7e/52d20a6704fc4e747bc0c1d81ee096af17f086d0e46611ec8f7eac96d09a22>, "NIASMAP1\37\37\37\37\37\37\37\37\37\37\37\37\37\37\37\37\0\0\0\0\0\0\0\0\0\0\0\0\0\0\0\0\0\0\0\0\0\0\0\0\0\0\0\0\0\0\0\0\0\0\0\0\0\0\0\0\0\0\0\0\0\0\0\0\0\0\0\0\0\0\0\0\0\0\0\0\0\0\0\0\216\346\2104^\35\225\2"..., 393376, 0) = 256
pread64(3</tmp/nia-publication-fault-4el264_7/case/store/objects/7e/52d20a6704fc4e747bc0c1d81ee096af17f086d0e46611ec8f7eac96d09a22>, "", 393120, 256) = 0
pread64(3</tmp/nia-publication-fault-4el264_7/case/store/objects/be/79019cd624c1b58af3cac32a235b467dac74ebfc6ee94e6390a198650449a5>, "NIASUP01GGGGGGGGGGGGGGGGGGGGGGGGGGGGGGGGf\246uqQ\370\356U\333\22w\26\307\343\334\340\276\200t\266N \355\245B\345\301\344l\251\304\36\f\241y\346\276\376\267a\363a?\36\365|\250\222\353\303\246\242(\334\243/"..., 65536, 0) = 320
pread64(3</tmp/nia-publication-fault-4el264_7/case/store/objects/be/79019cd624c1b58af3cac32a235b467dac74ebfc6ee94e6390a198650449a5>, "", 65216, 320) = 0
pread64(3</tmp/nia-publication-fault-4el264_7/case/store/objects/be/79019cd624c1b58af3cac32a235b467dac74ebfc6ee94e6390a198650449a5>, "", 65536, 320) = 0
pread64(3</tmp/nia-publication-fault-4el264_7/case/store/objects/be/79019cd624c1b58af3cac32a235b467dac74ebfc6ee94e6390a198650449a5>, "NIASUP01GGGGGGGGGGGGGGGGGGGGGGGGGGGGGGGGf\246uqQ\370\356U\333\22w\26\307\343\334\340\276\200t\266N \355\245B\345\301\344l\251\304\36\f\241y\346\276\376\267a\363a?\36\365|\250\222\353\303\246\242(\334\243/"..., 320, 0) = 320
pread64(3</tmp/nia-publication-fault-4el264_7/case/store/objects/66/a6757151f8ee55db127716c7e3dce0be8074b64e20eda542e5c1e46ca9c41e>, "\7\10\t", 65536, 0) = 3
pread64(3</tmp/nia-publication-fault-4el264_7/case/store/objects/66/a6757151f8ee55db127716c7e3dce0be8074b64e20eda542e5c1e46ca9c41e>, "", 65533, 3) = 0
pread64(3</tmp/nia-publication-fault-4el264_7/case/store/objects/66/a6757151f8ee55db127716c7e3dce0be8074b64e20eda542e5c1e46ca9c41e>, "", 65536, 3) = 0
pread64(3</tmp/nia-publication-fault-4el264_7/case/store/objects/0c/a179e6befeb761f3613f1ef57ca892ebc3a6a228dca32f1309f0ac06a7de7e>, "!<arch>\ndebian-binary/  0           0     0     100644  4         `\n2.0\ncontrol.tar/    0       "..., 65536, 0) = 20672
pread64(3</tmp/nia-publication-fault-4el264_7/case/store/objects/0c/a179e6befeb761f3613f1ef57ca892ebc3a6a228dca32f1309f0ac06a7de7e>, "", 44864, 20672) = 0
pread64(3</tmp/nia-publication-fault-4el264_7/case/store/objects/0c/a179e6befeb761f3613f1ef57ca892ebc3a6a228dca32f1309f0ac06a7de7e>, "", 65536, 20672) = 0
pread64(3</tmp/nia-publication-fault-4el264_7/case/store/objects/a3/1a856f430af395bccd7eb2f142b11ad3ae0fc5daf3acc4ffb341c48a5abd39>, "Package: empty-package\nVersion: 1\nArchitecture: all\nMaintainer: Fixture <fixture@example.invalid"..., 65536, 0) = 149
pread64(3</tmp/nia-publication-fault-4el264_7/case/store/objects/a3/1a856f430af395bccd7eb2f142b11ad3ae0fc5daf3acc4ffb341c48a5abd39>, "", 65387, 149) = 0
pread64(3</tmp/nia-publication-fault-4el264_7/case/store/objects/a3/1a856f430af395bccd7eb2f142b11ad3ae0fc5daf3acc4ffb341c48a5abd39>, "", 65536, 149) = 0
pread64(3</tmp/nia-publication-fault-4el264_7/case/store/objects/66/a6757151f8ee55db127716c7e3dce0be8074b64e20eda542e5c1e46ca9c41e>, "\7\10\t", 65536, 0) = 3
pread64(3</tmp/nia-publication-fault-4el264_7/case/store/objects/66/a6757151f8ee55db127716c7e3dce0be8074b64e20eda542e5c1e46ca9c41e>, "", 65533, 3) = 0
pread64(3</tmp/nia-publication-fault-4el264_7/case/store/objects/66/a6757151f8ee55db127716c7e3dce0be8074b64e20eda542e5c1e46ca9c41e>, "", 65536, 3) = 0
pread64(3</tmp/nia-publication-fault-4el264_7/case/store/objects/66/a6757151f8ee55db127716c7e3dce0be8074b64e20eda542e5c1e46ca9c41e>, "\7\10\t", 65536, 0) = 3
pread64(3</tmp/nia-publication-fault-4el264_7/case/store/objects/66/a6757151f8ee55db127716c7e3dce0be8074b64e20eda542e5c1e46ca9c41e>, "", 65533, 3) = 0
pread64(3</tmp/nia-publication-fault-4el264_7/case/store/objects/66/a6757151f8ee55db127716c7e3dce0be8074b64e20eda542e5c1e46ca9c41e>, "", 65536, 3) = 0
pread64(3</tmp/nia-publication-fault-4el264_7/case/store/objects/66/a6757151f8ee55db127716c7e3dce0be8074b64e20eda542e5c1e46ca9c41e>, "\7\10\t", 65536, 0) = 3
pread64(3</tmp/nia-publication-fault-4el264_7/case/store/objects/66/a6757151f8ee55db127716c7e3dce0be8074b64e20eda542e5c1e46ca9c41e>, "", 65533, 3) = 0
pread64(3</tmp/nia-publication-fault-4el264_7/case/store/objects/66/a6757151f8ee55db127716c7e3dce0be8074b64e20eda542e5c1e46ca9c41e>, "", 65536, 3) = 0
pread64(3</tmp/nia-publication-fault-4el264_7/case/store/objects/be/79019cd624c1b58af3cac32a235b467dac74ebfc6ee94e6390a198650449a5>, "NIASUP01GGGGGGGGGGGGGGGGGGGGGGGGGGGGGGGGf\246uqQ\370\356U\333\22w\26\307\343\334\340\276\200t\266N \355\245B\345\301\344l\251\304\36\f\241y\346\276\376\267a\363a?\36\365|\250\222\353\303\246\242(\334\243/"..., 65536, 0) = 320
pread64(3</tmp/nia-publication-fault-4el264_7/case/store/objects/be/79019cd624c1b58af3cac32a235b467dac74ebfc6ee94e6390a198650449a5>, "", 65216, 320) = 0
pread64(3</tmp/nia-publication-fault-4el264_7/case/store/objects/be/79019cd624c1b58af3cac32a235b467dac74ebfc6ee94e6390a198650449a5>, "", 65536, 320) = 0
pread64(3</tmp/nia-publication-fault-4el264_7/case/store/objects/be/79019cd624c1b58af3cac32a235b467dac74ebfc6ee94e6390a198650449a5>, "NIASUP01GGGGGGGGGGGGGGGGGGGGGGGGGGGGGGGGf\246uqQ\370\356U\333\22w\26\307\343\334\340\276\200t\266N \355\245B\345\301\344l\251\304\36\f\241y\346\276\376\267a\363a?\36\365|\250\222\353\303\246\242(\334\243/"..., 320, 0) = 320
pread64(3</tmp/nia-publication-fault-4el264_7/case/store/objects/66/a6757151f8ee55db127716c7e3dce0be8074b64e20eda542e5c1e46ca9c41e>, "\7\10\t", 65536, 0) = 3
pread64(3</tmp/nia-publication-fault-4el264_7/case/store/objects/66/a6757151f8ee55db127716c7e3dce0be8074b64e20eda542e5c1e46ca9c41e>, "", 65533, 3) = 0
pread64(3</tmp/nia-publication-fault-4el264_7/case/store/objects/66/a6757151f8ee55db127716c7e3dce0be8074b64e20eda542e5c1e46ca9c41e>, "", 65536, 3) = 0
pread64(3</tmp/nia-publication-fault-4el264_7/case/store/objects/0c/a179e6befeb761f3613f1ef57ca892ebc3a6a228dca32f1309f0ac06a7de7e>, "!<arch>\ndebian-binary/  0           0     0     100644  4         `\n2.0\ncontrol.tar/    0       "..., 65536, 0) = 20672
pread64(3</tmp/nia-publication-fault-4el264_7/case/store/objects/0c/a179e6befeb761f3613f1ef57ca892ebc3a6a228dca32f1309f0ac06a7de7e>, "", 44864, 20672) = 0
pread64(3</tmp/nia-publication-fault-4el264_7/case/store/objects/0c/a179e6befeb761f3613f1ef57ca892ebc3a6a228dca32f1309f0ac06a7de7e>, "", 65536, 20672) = 0
pread64(3</tmp/nia-publication-fault-4el264_7/case/store/objects/a3/1a856f430af395bccd7eb2f142b11ad3ae0fc5daf3acc4ffb341c48a5abd39>, "Package: empty-package\nVersion: 1\nArchitecture: all\nMaintainer: Fixture <fixture@example.invalid"..., 65536, 0) = 149
pread64(3</tmp/nia-publication-fault-4el264_7/case/store/objects/a3/1a856f430af395bccd7eb2f142b11ad3ae0fc5daf3acc4ffb341c48a5abd39>, "", 65387, 149) = 0
pread64(3</tmp/nia-publication-fault-4el264_7/case/store/objects/a3/1a856f430af395bccd7eb2f142b11ad3ae0fc5daf3acc4ffb341c48a5abd39>, "", 65536, 149) = 0
pread64(3</tmp/nia-publication-fault-4el264_7/case/store/objects/66/a6757151f8ee55db127716c7e3dce0be8074b64e20eda542e5c1e46ca9c41e>, "\7\10\t", 65536, 0) = 3
pread64(3</tmp/nia-publication-fault-4el264_7/case/store/objects/66/a6757151f8ee55db127716c7e3dce0be8074b64e20eda542e5c1e46ca9c41e>, "", 65533, 3) = 0
pread64(3</tmp/nia-publication-fault-4el264_7/case/store/objects/66/a6757151f8ee55db127716c7e3dce0be8074b64e20eda542e5c1e46ca9c41e>, "", 65536, 3) = 0
pread64(3</tmp/nia-publication-fault-4el264_7/case/store/objects/66/a6757151f8ee55db127716c7e3dce0be8074b64e20eda542e5c1e46ca9c41e>, "\7\10\t", 65536, 0) = 3
pread64(3</tmp/nia-publication-fault-4el264_7/case/store/objects/66/a6757151f8ee55db127716c7e3dce0be8074b64e20eda542e5c1e46ca9c41e>, "", 65533, 3) = 0
pread64(3</tmp/nia-publication-fault-4el264_7/case/store/objects/66/a6757151f8ee55db127716c7e3dce0be8074b64e20eda542e5c1e46ca9c41e>, "", 65536, 3) = 0
pread64(3</tmp/nia-publication-fault-4el264_7/case/store/objects/66/a6757151f8ee55db127716c7e3dce0be8074b64e20eda542e5c1e46ca9c41e>, "\7\10\t", 65536, 0) = 3
pread64(3</tmp/nia-publication-fault-4el264_7/case/store/objects/66/a6757151f8ee55db127716c7e3dce0be8074b64e20eda542e5c1e46ca9c41e>, "", 65533, 3) = 0
pread64(3</tmp/nia-publication-fault-4el264_7/case/store/objects/66/a6757151f8ee55db127716c7e3dce0be8074b64e20eda542e5c1e46ca9c41e>, "", 65536, 3) = 0
pread64(3</tmp/nia-publication-fault-4el264_7/case/store/objects/be/79019cd624c1b58af3cac32a235b467dac74ebfc6ee94e6390a198650449a5>, "NIASUP01GGGGGGGGGGGGGGGGGGGGGGGGGGGGGGGGf\246uqQ\370\356U\333\22w\26\307\343\334\340\276\200t\266N \355\245B\345\301\344l\251\304\36\f\241y\346\276\376\267a\363a?\36\365|\250\222\353\303\246\242(\334\243/"..., 65536, 0) = 320
pread64(3</tmp/nia-publication-fault-4el264_7/case/store/objects/be/79019cd624c1b58af3cac32a235b467dac74ebfc6ee94e6390a198650449a5>, "", 65216, 320) = 0
pread64(3</tmp/nia-publication-fault-4el264_7/case/store/objects/be/79019cd624c1b58af3cac32a235b467dac74ebfc6ee94e6390a198650449a5>, "", 65536, 320) = 0
pread64(3</tmp/nia-publication-fault-4el264_7/case/store/objects/be/79019cd624c1b58af3cac32a235b467dac74ebfc6ee94e6390a198650449a5>, "NIASUP01GGGGGGGGGGGGGGGGGGGGGGGGGGGGGGGGf\246uqQ\370\356U\333\22w\26\307\343\334\340\276\200t\266N \355\245B\345\301\344l\251\304\36\f\241y\346\276\376\267a\363a?\36\365|\250\222\353\303\246\242(\334\243/"..., 320, 0) = 320
pread64(3</tmp/nia-publication-fault-4el264_7/case/store/objects/66/a6757151f8ee55db127716c7e3dce0be8074b64e20eda542e5c1e46ca9c41e>, "\7\10\t", 65536, 0) = 3
pread64(3</tmp/nia-publication-fault-4el264_7/case/store/objects/66/a6757151f8ee55db127716c7e3dce0be8074b64e20eda542e5c1e46ca9c41e>, "", 65533, 3) = 0
pread64(3</tmp/nia-publication-fault-4el264_7/case/store/objects/66/a6757151f8ee55db127716c7e3dce0be8074b64e20eda542e5c1e46ca9c41e>, "", 65536, 3) = 0
pread64(3</tmp/nia-publication-fault-4el264_7/case/store/objects/0c/a179e6befeb761f3613f1ef57ca892ebc3a6a228dca32f1309f0ac06a7de7e>, "!<arch>\ndebian-binary/  0           0     0     100644  4         `\n2.0\ncontrol.tar/    0       "..., 65536, 0) = 20672
pread64(3</tmp/nia-publication-fault-4el264_7/case/store/objects/0c/a179e6befeb761f3613f1ef57ca892ebc3a6a228dca32f1309f0ac06a7de7e>, "", 44864, 20672) = 0
pread64(3</tmp/nia-publication-fault-4el264_7/case/store/objects/0c/a179e6befeb761f3613f1ef57ca892ebc3a6a228dca32f1309f0ac06a7de7e>, "", 65536, 20672) = 0
pread64(3</tmp/nia-publication-fault-4el264_7/case/store/objects/a3/1a856f430af395bccd7eb2f142b11ad3ae0fc5daf3acc4ffb341c48a5abd39>, "Package: empty-package\nVersion: 1\nArchitecture: all\nMaintainer: Fixture <fixture@example.invalid"..., 65536, 0) = 149
pread64(3</tmp/nia-publication-fault-4el264_7/case/store/objects/a3/1a856f430af395bccd7eb2f142b11ad3ae0fc5daf3acc4ffb341c48a5abd39>, "", 65387, 149) = 0
pread64(3</tmp/nia-publication-fault-4el264_7/case/store/objects/a3/1a856f430af395bccd7eb2f142b11ad3ae0fc5daf3acc4ffb341c48a5abd39>, "", 65536, 149) = 0
pread64(3</tmp/nia-publication-fault-4el264_7/case/store/objects/66/a6757151f8ee55db127716c7e3dce0be8074b64e20eda542e5c1e46ca9c41e>, "\7\10\t", 65536, 0) = 3
pread64(3</tmp/nia-publication-fault-4el264_7/case/store/objects/66/a6757151f8ee55db127716c7e3dce0be8074b64e20eda542e5c1e46ca9c41e>, "", 65533, 3) = 0
pread64(3</tmp/nia-publication-fault-4el264_7/case/store/objects/66/a6757151f8ee55db127716c7e3dce0be8074b64e20eda542e5c1e46ca9c41e>, "", 65536, 3) = 0
pread64(3</tmp/nia-publication-fault-4el264_7/case/store/objects/66/a6757151f8ee55db127716c7e3dce0be8074b64e20eda542e5c1e46ca9c41e>, "\7\10\t", 65536, 0) = 3
pread64(3</tmp/nia-publication-fault-4el264_7/case/store/objects/66/a6757151f8ee55db127716c7e3dce0be8074b64e20eda542e5c1e46ca9c41e>, "", 65533, 3) = 0
pread64(3</tmp/nia-publication-fault-4el264_7/case/store/objects/66/a6757151f8ee55db127716c7e3dce0be8074b64e20eda542e5c1e46ca9c41e>, "", 65536, 3) = 0
pread64(3</tmp/nia-publication-fault-4el264_7/case/store/objects/66/a6757151f8ee55db127716c7e3dce0be8074b64e20eda542e5c1e46ca9c41e>, "\7\10\t", 65536, 0) = 3
pread64(3</tmp/nia-publication-fault-4el264_7/case/store/objects/66/a6757151f8ee55db127716c7e3dce0be8074b64e20eda542e5c1e46ca9c41e>, "", 65533, 3) = 0
pread64(3</tmp/nia-publication-fault-4el264_7/case/store/objects/66/a6757151f8ee55db127716c7e3dce0be8074b64e20eda542e5c1e46ca9c41e>, "", 65536, 3) = 0
pread64(3</tmp/nia-publication-fault-4el264_7/case/store/objects/0c/a179e6befeb761f3613f1ef57ca892ebc3a6a228dca32f1309f0ac06a7de7e>, "!<arch>\ndebian-binary/  0           0     0     100644  4         `\n2.0\ncontrol.tar/    0       "..., 65536, 0) = 20672
pread64(3</tmp/nia-publication-fault-4el264_7/case/store/objects/0c/a179e6befeb761f3613f1ef57ca892ebc3a6a228dca32f1309f0ac06a7de7e>, "", 44864, 20672) = 0
pread64(3</tmp/nia-publication-fault-4el264_7/case/store/objects/0c/a179e6befeb761f3613f1ef57ca892ebc3a6a228dca32f1309f0ac06a7de7e>, "", 65536, 20672) = 0
pread64(3</tmp/nia-publication-fault-4el264_7/case/store/objects/0c/a179e6befeb761f3613f1ef57ca892ebc3a6a228dca32f1309f0ac06a7de7e>, "!<arch>\n", 8, 0) = 8
pread64(3</tmp/nia-publication-fault-4el264_7/case/store/objects/0c/a179e6befeb761f3613f1ef57ca892ebc3a6a228dca32f1309f0ac06a7de7e>, "debian-binary/  0           0     0     100644  4         `\n", 60, 8) = 60
pread64(3</tmp/nia-publication-fault-4el264_7/case/store/objects/0c/a179e6befeb761f3613f1ef57ca892ebc3a6a228dca32f1309f0ac06a7de7e>, "2.0\n", 4, 68) = 4
pread64(3</tmp/nia-publication-fault-4el264_7/case/store/objects/0c/a179e6befeb761f3613f1ef57ca892ebc3a6a228dca32f1309f0ac06a7de7e>, "2.0\n", 4, 68) = 4
pread64(3</tmp/nia-publication-fault-4el264_7/case/store/objects/0c/a179e6befeb761f3613f1ef57ca892ebc3a6a228dca32f1309f0ac06a7de7e>, "control.tar/    0           0     0     100644  10240     `\n", 60, 72) = 60
pread64(3</tmp/nia-publication-fault-4el264_7/case/store/objects/0c/a179e6befeb761f3613f1ef57ca892ebc3a6a228dca32f1309f0ac06a7de7e>, "./control\0\0\0\0\0\0\0\0\0\0\0\0\0\0\0\0\0\0\0\0\0\0\0\0\0\0\0\0\0\0\0\0\0\0\0\0\0\0\0\0\0\0\0\0\0\0\0\0\0\0\0\0\0\0\0\0\0\0\0\0\0\0\0\0\0\0\0\0\0\0\0\0\0\0\0\0\0\0\0\0\0\0\0\0\0\0\0"..., 10240, 132) = 10240
pread64(3</tmp/nia-publication-fault-4el264_7/case/store/objects/0c/a179e6befeb761f3613f1ef57ca892ebc3a6a228dca32f1309f0ac06a7de7e>, "data.tar/       0           0     0     100644  10240     `\n", 60, 10372) = 60
pread64(3</tmp/nia-publication-fault-4el264_7/case/store/objects/0c/a179e6befeb761f3613f1ef57ca892ebc3a6a228dca32f1309f0ac06a7de7e>, "\0\0\0\0\0\0\0\0\0\0\0\0\0\0\0\0\0\0\0\0\0\0\0\0\0\0\0\0\0\0\0\0\0\0\0\0\0\0\0\0\0\0\0\0\0\0\0\0\0\0\0\0\0\0\0\0\0\0\0\0\0\0\0\0\0\0\0\0\0\0\0\0\0\0\0\0\0\0\0\0\0\0\0\0\0\0\0\0\0\0\0\0\0\0\0\0"..., 10240, 10432) = 10240
pread64(3</tmp/nia-publication-fault-4el264_7/case/store/objects/0c/a179e6befeb761f3613f1ef57ca892ebc3a6a228dca32f1309f0ac06a7de7e>, "!<arch>\ndebian-binary/  0           0     0     100644  4         `\n2.0\ncontrol.tar/    0       "..., 65536, 0) = 20672
pread64(3</tmp/nia-publication-fault-4el264_7/case/store/objects/0c/a179e6befeb761f3613f1ef57ca892ebc3a6a228dca32f1309f0ac06a7de7e>, "", 44864, 20672) = 0
pread64(3</tmp/nia-publication-fault-4el264_7/case/store/objects/0c/a179e6befeb761f3613f1ef57ca892ebc3a6a228dca32f1309f0ac06a7de7e>, "", 65536, 20672) = 0
pread64(3</tmp/nia-publication-fault-4el264_7/case/store/objects/0c/a179e6befeb761f3613f1ef57ca892ebc3a6a228dca32f1309f0ac06a7de7e>, "!<arch>\n", 8, 0) = 8
pread64(3</tmp/nia-publication-fault-4el264_7/case/store/objects/0c/a179e6befeb761f3613f1ef57ca892ebc3a6a228dca32f1309f0ac06a7de7e>, "debian-binary/  0           0     0     100644  4         `\n", 60, 8) = 60
pread64(3</tmp/nia-publication-fault-4el264_7/case/store/objects/0c/a179e6befeb761f3613f1ef57ca892ebc3a6a228dca32f1309f0ac06a7de7e>, "2.0\n", 4, 68) = 4
pread64(3</tmp/nia-publication-fault-4el264_7/case/store/objects/0c/a179e6befeb761f3613f1ef57ca892ebc3a6a228dca32f1309f0ac06a7de7e>, "2.0\n", 4, 68) = 4
pread64(3</tmp/nia-publication-fault-4el264_7/case/store/objects/0c/a179e6befeb761f3613f1ef57ca892ebc3a6a228dca32f1309f0ac06a7de7e>, "control.tar/    0           0     0     100644  10240     `\n", 60, 72) = 60
pread64(3</tmp/nia-publication-fault-4el264_7/case/store/objects/0c/a179e6befeb761f3613f1ef57ca892ebc3a6a228dca32f1309f0ac06a7de7e>, "./control\0\0\0\0\0\0\0\0\0\0\0\0\0\0\0\0\0\0\0\0\0\0\0\0\0\0\0\0\0\0\0\0\0\0\0\0\0\0\0\0\0\0\0\0\0\0\0\0\0\0\0\0\0\0\0\0\0\0\0\0\0\0\0\0\0\0\0\0\0\0\0\0\0\0\0\0\0\0\0\0\0\0\0\0\0\0\0"..., 10240, 132) = 10240
pread64(3</tmp/nia-publication-fault-4el264_7/case/store/objects/0c/a179e6befeb761f3613f1ef57ca892ebc3a6a228dca32f1309f0ac06a7de7e>, "data.tar/       0           0     0     100644  10240     `\n", 60, 10372) = 60
pread64(3</tmp/nia-publication-fault-4el264_7/case/store/objects/0c/a179e6befeb761f3613f1ef57ca892ebc3a6a228dca32f1309f0ac06a7de7e>, "\0\0\0\0\0\0\0\0\0\0\0\0\0\0\0\0\0\0\0\0\0\0\0\0\0\0\0\0\0\0\0\0\0\0\0\0\0\0\0\0\0\0\0\0\0\0\0\0\0\0\0\0\0\0\0\0\0\0\0\0\0\0\0\0\0\0\0\0\0\0\0\0\0\0\0\0\0\0\0\0\0\0\0\0\0\0\0\0\0\0\0\0\0\0\0\0"..., 10240, 10432) = 10240
fsync(17</tmp/nia-publication-fault-4el264_7/case/store/incoming>) = 0
pread64(3</tmp/nia-publication-fault-4el264_7/case/store/objects/0c/a179e6befeb761f3613f1ef57ca892ebc3a6a228dca32f1309f0ac06a7de7e>, "./control\0\0\0\0\0\0\0\0\0\0\0\0\0\0\0\0\0\0\0\0\0\0\0\0\0\0\0\0\0\0\0\0\0\0\0\0\0\0\0\0\0\0\0\0\0\0\0\0\0\0\0\0\0\0\0\0\0\0\0\0\0\0\0\0\0\0\0\0\0\0\0\0\0\0\0\0\0\0\0\0\0\0\0\0\0\0\0"..., 10240, 132) = 10240
write(16</tmp/nia-publication-fault-4el264_7/case/store/incoming/c0b8c30212378cb2c1e8e63a74f8cbca>, "./control\0\0\0\0\0\0\0\0\0\0\0\0\0\0\0\0\0\0\0\0\0\0\0\0\0\0\0\0\0\0\0\0\0\0\0\0\0\0\0\0\0\0\0\0\0\0\0\0\0\0\0\0\0\0\0\0\0\0\0\0\0\0\0\0\0\0\0\0\0\0\0\0\0\0\0\0\0\0\0\0\0\0\0\0\0\0\0"..., 10240) = 10240
fsync(16</tmp/nia-publication-fault-4el264_7/case/store/incoming/c0b8c30212378cb2c1e8e63a74f8cbca>) = 0
renameat2(17</tmp/nia-publication-fault-4el264_7/case/store/incoming>, "c0b8c30212378cb2c1e8e63a74f8cbca", 16</tmp/nia-publication-fault-4el264_7/case/store/objects/4a>, "36f6eb7c1b236ab6cb28ddb882919e888bf393dfc00d93008ad6730697f8f7", RENAME_NOREPLACE) = -1 EEXIST (File exists)
pread64(16</tmp/nia-publication-fault-4el264_7/case/store/objects/4a/36f6eb7c1b236ab6cb28ddb882919e888bf393dfc00d93008ad6730697f8f7>, "./control\0\0\0\0\0\0\0\0\0\0\0\0\0\0\0\0\0\0\0\0\0\0\0\0\0\0\0\0\0\0\0\0\0\0\0\0\0\0\0\0\0\0\0\0\0\0\0\0\0\0\0\0\0\0\0\0\0\0\0\0\0\0\0\0\0\0\0\0\0\0\0\0\0\0\0\0\0\0\0\0\0\0\0\0\0\0\0"..., 65536, 0) = 10240
pread64(16</tmp/nia-publication-fault-4el264_7/case/store/objects/4a/36f6eb7c1b236ab6cb28ddb882919e888bf393dfc00d93008ad6730697f8f7>, "", 55296, 10240) = 0
pread64(16</tmp/nia-publication-fault-4el264_7/case/store/objects/4a/36f6eb7c1b236ab6cb28ddb882919e888bf393dfc00d93008ad6730697f8f7>, "", 65536, 10240) = 0
fsync(17</tmp/nia-publication-fault-4el264_7/case/store/incoming>) = 0
pread64(3</tmp/nia-publication-fault-4el264_7/case/store/objects/4a/36f6eb7c1b236ab6cb28ddb882919e888bf393dfc00d93008ad6730697f8f7>, "./control\0\0\0\0\0\0\0\0\0\0\0\0\0\0\0\0\0\0\0\0\0\0\0\0\0\0\0\0\0\0\0\0\0\0\0\0\0\0\0\0\0\0\0\0\0\0\0\0\0\0\0\0\0\0\0\0\0\0\0\0\0\0\0\0\0\0\0\0\0\0\0\0\0\0\0\0\0\0\0\0\0\0\0\0\0\0\0"..., 65536, 0) = 10240
pread64(3</tmp/nia-publication-fault-4el264_7/case/store/objects/4a/36f6eb7c1b236ab6cb28ddb882919e888bf393dfc00d93008ad6730697f8f7>, "", 55296, 10240) = 0
pread64(3</tmp/nia-publication-fault-4el264_7/case/store/objects/4a/36f6eb7c1b236ab6cb28ddb882919e888bf393dfc00d93008ad6730697f8f7>, "", 65536, 10240) = 0
pread64(3</tmp/nia-publication-fault-4el264_7/case/store/objects/4a/36f6eb7c1b236ab6cb28ddb882919e888bf393dfc00d93008ad6730697f8f7>, "./control\0\0\0\0\0\0\0\0\0\0\0\0\0\0\0\0\0\0\0\0\0\0\0\0\0\0\0\0\0\0\0\0\0\0\0\0\0\0\0\0\0\0\0\0\0\0\0\0\0\0\0\0\0\0\0\0\0\0\0\0\0\0\0\0\0\0\0\0\0\0\0\0\0\0\0\0\0\0\0\0\0\0\0\0\0\0\0"..., 10240, 0) = 10240
fsync(17</tmp/nia-publication-fault-4el264_7/case/store/incoming>) = 0
write(16</tmp/nia-publication-fault-4el264_7/case/store/incoming/4cb13780f540b6720fed98394ff5309d>, "Package: empty-package\nVersion: 1\nArchitecture: all\nMaintainer: Fixture <fixture@example.invalid"..., 149) = 149
fsync(16</tmp/nia-publication-fault-4el264_7/case/store/incoming/4cb13780f540b6720fed98394ff5309d>) = 0
renameat2(17</tmp/nia-publication-fault-4el264_7/case/store/incoming>, "4cb13780f540b6720fed98394ff5309d", 16</tmp/nia-publication-fault-4el264_7/case/store/objects/a3>, "1a856f430af395bccd7eb2f142b11ad3ae0fc5daf3acc4ffb341c48a5abd39", RENAME_NOREPLACE) = -1 EEXIST (File exists)
pread64(16</tmp/nia-publication-fault-4el264_7/case/store/objects/a3/1a856f430af395bccd7eb2f142b11ad3ae0fc5daf3acc4ffb341c48a5abd39>, "Package: empty-package\nVersion: 1\nArchitecture: all\nMaintainer: Fixture <fixture@example.invalid"..., 65536, 0) = 149
pread64(16</tmp/nia-publication-fault-4el264_7/case/store/objects/a3/1a856f430af395bccd7eb2f142b11ad3ae0fc5daf3acc4ffb341c48a5abd39>, "", 65387, 149) = 0
pread64(16</tmp/nia-publication-fault-4el264_7/case/store/objects/a3/1a856f430af395bccd7eb2f142b11ad3ae0fc5daf3acc4ffb341c48a5abd39>, "", 65536, 149) = 0
fsync(17</tmp/nia-publication-fault-4el264_7/case/store/incoming>) = 0
pread64(3</tmp/nia-publication-fault-4el264_7/case/store/objects/a3/1a856f430af395bccd7eb2f142b11ad3ae0fc5daf3acc4ffb341c48a5abd39>, "Package: empty-package\nVersion: 1\nArchitecture: all\nMaintainer: Fixture <fixture@example.invalid"..., 65536, 0) = 149
pread64(3</tmp/nia-publication-fault-4el264_7/case/store/objects/a3/1a856f430af395bccd7eb2f142b11ad3ae0fc5daf3acc4ffb341c48a5abd39>, "", 65387, 149) = 0
pread64(3</tmp/nia-publication-fault-4el264_7/case/store/objects/a3/1a856f430af395bccd7eb2f142b11ad3ae0fc5daf3acc4ffb341c48a5abd39>, "", 65536, 149) = 0
pread64(3</tmp/nia-publication-fault-4el264_7/case/store/objects/a3/1a856f430af395bccd7eb2f142b11ad3ae0fc5daf3acc4ffb341c48a5abd39>, "Package: empty-package\nVersion: 1\nArchitecture: all\nMaintainer: Fixture <fixture@example.invalid"..., 16777216, 0) = 149
pread64(3</tmp/nia-publication-fault-4el264_7/case/store/objects/a3/1a856f430af395bccd7eb2f142b11ad3ae0fc5daf3acc4ffb341c48a5abd39>, "", 16777067, 149) = 0
pread64(3</tmp/nia-publication-fault-4el264_7/case/store/objects/32/094e7c613fdb6dffb1f27d926b176f7fd8946b8c2cf3ca9e3b95cb91a1a8ca>, "NIACLOS1\216\346\2104^\35\225\2\356\214\327'zE<0\277\267{\224r\1\276\2630\16\235\362\270\3122\35\273\343\341b6\331$M\267\345\300\262\251\302\306\27f\270\251!\330\260\227\374\323p\347\177\25.\3311\0\0\0\0\0\0\0\5\f\241y\346\276\376\267a\363a?\36\365|\250\222"..., 65536, 0) = 240
pread64(3</tmp/nia-publication-fault-4el264_7/case/store/objects/32/094e7c613fdb6dffb1f27d926b176f7fd8946b8c2cf3ca9e3b95cb91a1a8ca>, "", 65296, 240) = 0
pread64(3</tmp/nia-publication-fault-4el264_7/case/store/objects/32/094e7c613fdb6dffb1f27d926b176f7fd8946b8c2cf3ca9e3b95cb91a1a8ca>, "", 65536, 240) = 0
pread64(3</tmp/nia-publication-fault-4el264_7/case/store/objects/32/094e7c613fdb6dffb1f27d926b176f7fd8946b8c2cf3ca9e3b95cb91a1a8ca>, "NIACLOS1\216\346\2104^\35\225\2\356\214\327'zE<0\277\267{\224r\1\276\2630\16\235\362\270\3122\35\273\343\341b6\331$M\267\345\300\262\251\302\306\27f\270\251!\330\260\227\374\323p\347\177\25.\3311\0\0\0\0\0\0\0\5", 80, 0) = 80
pread64(3</tmp/nia-publication-fault-4el264_7/case/store/objects/32/094e7c613fdb6dffb1f27d926b176f7fd8946b8c2cf3ca9e3b95cb91a1a8ca>, "\f\241y\346\276\376\267a\363a?\36\365|\250\222\353\303\246\242(\334\243/\23\t\360\254\6\247\336~", 32, 80) = 32
pread64(16</tmp/nia-publication-fault-4el264_7/case/store/objects/0c/a179e6befeb761f3613f1ef57ca892ebc3a6a228dca32f1309f0ac06a7de7e>, "!<arch>\ndebian-binary/  0           0     0     100644  4         `\n2.0\ncontrol.tar/    0       "..., 65536, 0) = 20672
pread64(16</tmp/nia-publication-fault-4el264_7/case/store/objects/0c/a179e6befeb761f3613f1ef57ca892ebc3a6a228dca32f1309f0ac06a7de7e>, "", 44864, 20672) = 0
pread64(16</tmp/nia-publication-fault-4el264_7/case/store/objects/0c/a179e6befeb761f3613f1ef57ca892ebc3a6a228dca32f1309f0ac06a7de7e>, "", 65536, 20672) = 0
pread64(3</tmp/nia-publication-fault-4el264_7/case/store/objects/32/094e7c613fdb6dffb1f27d926b176f7fd8946b8c2cf3ca9e3b95cb91a1a8ca>, "J6\366\353|\33#j\266\313(\335\270\202\221\236\210\213\363\223\337\300\r\223\0\212\326s\6\227\370\367", 32, 112) = 32
pread64(16</tmp/nia-publication-fault-4el264_7/case/store/objects/4a/36f6eb7c1b236ab6cb28ddb882919e888bf393dfc00d93008ad6730697f8f7>, "./control\0\0\0\0\0\0\0\0\0\0\0\0\0\0\0\0\0\0\0\0\0\0\0\0\0\0\0\0\0\0\0\0\0\0\0\0\0\0\0\0\0\0\0\0\0\0\0\0\0\0\0\0\0\0\0\0\0\0\0\0\0\0\0\0\0\0\0\0\0\0\0\0\0\0\0\0\0\0\0\0\0\0\0\0\0\0\0"..., 65536, 0) = 10240
pread64(16</tmp/nia-publication-fault-4el264_7/case/store/objects/4a/36f6eb7c1b236ab6cb28ddb882919e888bf393dfc00d93008ad6730697f8f7>, "", 55296, 10240) = 0
pread64(16</tmp/nia-publication-fault-4el264_7/case/store/objects/4a/36f6eb7c1b236ab6cb28ddb882919e888bf393dfc00d93008ad6730697f8f7>, "", 65536, 10240) = 0
pread64(3</tmp/nia-publication-fault-4el264_7/case/store/objects/32/094e7c613fdb6dffb1f27d926b176f7fd8946b8c2cf3ca9e3b95cb91a1a8ca>, "\204\377\222i\37\220\232\5\262$\341\305j\273Hd\360\33O\216<\205NK\264\307\272\361\323\366\326R", 32, 144) = 32
pread64(16</tmp/nia-publication-fault-4el264_7/case/store/objects/84/ff92691f909a05b224e1c56abb4864f01b4f8e3c854e4bb4c7baf1d3f6d652>, "\0\0\0\0\0\0\0\0\0\0\0\0\0\0\0\0\0\0\0\0\0\0\0\0\0\0\0\0\0\0\0\0\0\0\0\0\0\0\0\0\0\0\0\0\0\0\0\0\0\0\0\0\0\0\0\0\0\0\0\0\0\0\0\0\0\0\0\0\0\0\0\0\0\0\0\0\0\0\0\0\0\0\0\0\0\0\0\0\0\0\0\0\0\0\0\0"..., 65536, 0) = 10240
pread64(16</tmp/nia-publication-fault-4el264_7/case/store/objects/84/ff92691f909a05b224e1c56abb4864f01b4f8e3c854e4bb4c7baf1d3f6d652>, "", 55296, 10240) = 0
pread64(16</tmp/nia-publication-fault-4el264_7/case/store/objects/84/ff92691f909a05b224e1c56abb4864f01b4f8e3c854e4bb4c7baf1d3f6d652>, "", 65536, 10240) = 0
pread64(3</tmp/nia-publication-fault-4el264_7/case/store/objects/32/094e7c613fdb6dffb1f27d926b176f7fd8946b8c2cf3ca9e3b95cb91a1a8ca>, "\216\346\2104^\35\225\2\356\214\327'zE<0\277\267{\224r\1\276\2630\16\235\362\270\3122\35", 32, 176) = 32
pread64(16</tmp/nia-publication-fault-4el264_7/case/store/objects/8e/e688345e1d9502ee8cd7277a453c30bfb77b947201beb3300e9df2b8ca321d>, "\0\0\0\0\0\0\0\10NIACSEL1\273\343\341b6\331$M\267\345\300\262\251\302\306\27f\270\251!\330\260\227\374\323p\347\177\25.\3311\0\0\0\0\0\0\0\1\f\241y\346\276\376\267a\363a?\36\365|\250\222\353\303\246\242(\334\243/\23\t\360\254\6\247\336~J6\366\353|\33#j"..., 65536, 0) = 152
pread64(16</tmp/nia-publication-fault-4el264_7/case/store/objects/8e/e688345e1d9502ee8cd7277a453c30bfb77b947201beb3300e9df2b8ca321d>, "", 65384, 152) = 0
pread64(16</tmp/nia-publication-fault-4el264_7/case/store/objects/8e/e688345e1d9502ee8cd7277a453c30bfb77b947201beb3300e9df2b8ca321d>, "", 65536, 152) = 0
pread64(3</tmp/nia-publication-fault-4el264_7/case/store/objects/32/094e7c613fdb6dffb1f27d926b176f7fd8946b8c2cf3ca9e3b95cb91a1a8ca>, "\243\32\205oC\n\363\225\274\315~\262\361B\261\32\323\256\17\305\332\363\254\304\377\263A\304\212Z\2759", 32, 208) = 32
pread64(16</tmp/nia-publication-fault-4el264_7/case/store/objects/a3/1a856f430af395bccd7eb2f142b11ad3ae0fc5daf3acc4ffb341c48a5abd39>, "Package: empty-package\nVersion: 1\nArchitecture: all\nMaintainer: Fixture <fixture@example.invalid"..., 65536, 0) = 149
pread64(16</tmp/nia-publication-fault-4el264_7/case/store/objects/a3/1a856f430af395bccd7eb2f142b11ad3ae0fc5daf3acc4ffb341c48a5abd39>, "", 65387, 149) = 0
pread64(16</tmp/nia-publication-fault-4el264_7/case/store/objects/a3/1a856f430af395bccd7eb2f142b11ad3ae0fc5daf3acc4ffb341c48a5abd39>, "", 65536, 149) = 0
pread64(3</tmp/nia-publication-fault-4el264_7/case/store/objects/8e/e688345e1d9502ee8cd7277a453c30bfb77b947201beb3300e9df2b8ca321d>, "\0\0\0\0\0\0\0\10NIACSEL1\273\343\341b6\331$M\267\345\300\262\251\302\306\27f\270\251!\330\260\227\374\323p\347\177\25.\3311\0\0\0\0\0\0\0\1\f\241y\346\276\376\267a\363a?\36\365|\250\222\353\303\246\242(\334\243/\23\t\360\254\6\247\336~J6\366\353|\33#j"..., 65536, 0) = 152
pread64(3</tmp/nia-publication-fault-4el264_7/case/store/objects/8e/e688345e1d9502ee8cd7277a453c30bfb77b947201beb3300e9df2b8ca321d>, "", 65384, 152) = 0
pread64(3</tmp/nia-publication-fault-4el264_7/case/store/objects/8e/e688345e1d9502ee8cd7277a453c30bfb77b947201beb3300e9df2b8ca321d>, "", 65536, 152) = 0
pread64(3</tmp/nia-publication-fault-4el264_7/case/store/objects/8e/e688345e1d9502ee8cd7277a453c30bfb77b947201beb3300e9df2b8ca321d>, "\0\0\0\0\0\0\0\10NIACSEL1\273\343\341b6\331$M\267\345\300\262\251\302\306\27f\270\251!\330\260\227\374\323p\347\177\25.\3311\0\0\0\0\0\0\0\1\f\241y\346\276\376\267a\363a?\36\365|\250\222\353\303\246\242(\334\243/\23\t\360\254\6\247\336~J6\366\353|\33#j"..., 393272, 0) = 152
pread64(3</tmp/nia-publication-fault-4el264_7/case/store/objects/8e/e688345e1d9502ee8cd7277a453c30bfb77b947201beb3300e9df2b8ca321d>, "", 393120, 152) = 0
pread64(3</tmp/nia-publication-fault-4el264_7/case/store/objects/0c/a179e6befeb761f3613f1ef57ca892ebc3a6a228dca32f1309f0ac06a7de7e>, "!<arch>\ndebian-binary/  0           0     0     100644  4         `\n2.0\ncontrol.tar/    0       "..., 65536, 0) = 20672
pread64(3</tmp/nia-publication-fault-4el264_7/case/store/objects/0c/a179e6befeb761f3613f1ef57ca892ebc3a6a228dca32f1309f0ac06a7de7e>, "", 44864, 20672) = 0
pread64(3</tmp/nia-publication-fault-4el264_7/case/store/objects/0c/a179e6befeb761f3613f1ef57ca892ebc3a6a228dca32f1309f0ac06a7de7e>, "", 65536, 20672) = 0
pread64(3</tmp/nia-publication-fault-4el264_7/case/store/objects/0c/a179e6befeb761f3613f1ef57ca892ebc3a6a228dca32f1309f0ac06a7de7e>, "!<arch>\n", 8, 0) = 8
pread64(3</tmp/nia-publication-fault-4el264_7/case/store/objects/0c/a179e6befeb761f3613f1ef57ca892ebc3a6a228dca32f1309f0ac06a7de7e>, "debian-binary/  0           0     0     100644  4         `\n", 60, 8) = 60
pread64(3</tmp/nia-publication-fault-4el264_7/case/store/objects/0c/a179e6befeb761f3613f1ef57ca892ebc3a6a228dca32f1309f0ac06a7de7e>, "2.0\n", 4, 68) = 4
pread64(3</tmp/nia-publication-fault-4el264_7/case/store/objects/0c/a179e6befeb761f3613f1ef57ca892ebc3a6a228dca32f1309f0ac06a7de7e>, "2.0\n", 4, 68) = 4
pread64(3</tmp/nia-publication-fault-4el264_7/case/store/objects/0c/a179e6befeb761f3613f1ef57ca892ebc3a6a228dca32f1309f0ac06a7de7e>, "control.tar/    0           0     0     100644  10240     `\n", 60, 72) = 60
pread64(3</tmp/nia-publication-fault-4el264_7/case/store/objects/0c/a179e6befeb761f3613f1ef57ca892ebc3a6a228dca32f1309f0ac06a7de7e>, "./control\0\0\0\0\0\0\0\0\0\0\0\0\0\0\0\0\0\0\0\0\0\0\0\0\0\0\0\0\0\0\0\0\0\0\0\0\0\0\0\0\0\0\0\0\0\0\0\0\0\0\0\0\0\0\0\0\0\0\0\0\0\0\0\0\0\0\0\0\0\0\0\0\0\0\0\0\0\0\0\0\0\0\0\0\0\0\0"..., 10240, 132) = 10240
pread64(3</tmp/nia-publication-fault-4el264_7/case/store/objects/0c/a179e6befeb761f3613f1ef57ca892ebc3a6a228dca32f1309f0ac06a7de7e>, "data.tar/       0           0     0     100644  10240     `\n", 60, 10372) = 60
pread64(3</tmp/nia-publication-fault-4el264_7/case/store/objects/0c/a179e6befeb761f3613f1ef57ca892ebc3a6a228dca32f1309f0ac06a7de7e>, "\0\0\0\0\0\0\0\0\0\0\0\0\0\0\0\0\0\0\0\0\0\0\0\0\0\0\0\0\0\0\0\0\0\0\0\0\0\0\0\0\0\0\0\0\0\0\0\0\0\0\0\0\0\0\0\0\0\0\0\0\0\0\0\0\0\0\0\0\0\0\0\0\0\0\0\0\0\0\0\0\0\0\0\0\0\0\0\0\0\0\0\0\0\0\0\0"..., 10240, 10432) = 10240
pread64(3</tmp/nia-publication-fault-4el264_7/case/store/objects/0c/a179e6befeb761f3613f1ef57ca892ebc3a6a228dca32f1309f0ac06a7de7e>, "!<arch>\ndebian-binary/  0           0     0     100644  4         `\n2.0\ncontrol.tar/    0       "..., 65536, 0) = 20672
pread64(3</tmp/nia-publication-fault-4el264_7/case/store/objects/0c/a179e6befeb761f3613f1ef57ca892ebc3a6a228dca32f1309f0ac06a7de7e>, "", 44864, 20672) = 0
pread64(3</tmp/nia-publication-fault-4el264_7/case/store/objects/0c/a179e6befeb761f3613f1ef57ca892ebc3a6a228dca32f1309f0ac06a7de7e>, "", 65536, 20672) = 0
pread64(3</tmp/nia-publication-fault-4el264_7/case/store/objects/0c/a179e6befeb761f3613f1ef57ca892ebc3a6a228dca32f1309f0ac06a7de7e>, "!<arch>\n", 8, 0) = 8
pread64(3</tmp/nia-publication-fault-4el264_7/case/store/objects/0c/a179e6befeb761f3613f1ef57ca892ebc3a6a228dca32f1309f0ac06a7de7e>, "debian-binary/  0           0     0     100644  4         `\n", 60, 8) = 60
pread64(3</tmp/nia-publication-fault-4el264_7/case/store/objects/0c/a179e6befeb761f3613f1ef57ca892ebc3a6a228dca32f1309f0ac06a7de7e>, "2.0\n", 4, 68) = 4
pread64(3</tmp/nia-publication-fault-4el264_7/case/store/objects/0c/a179e6befeb761f3613f1ef57ca892ebc3a6a228dca32f1309f0ac06a7de7e>, "2.0\n", 4, 68) = 4
pread64(3</tmp/nia-publication-fault-4el264_7/case/store/objects/0c/a179e6befeb761f3613f1ef57ca892ebc3a6a228dca32f1309f0ac06a7de7e>, "control.tar/    0           0     0     100644  10240     `\n", 60, 72) = 60
pread64(3</tmp/nia-publication-fault-4el264_7/case/store/objects/0c/a179e6befeb761f3613f1ef57ca892ebc3a6a228dca32f1309f0ac06a7de7e>, "./control\0\0\0\0\0\0\0\0\0\0\0\0\0\0\0\0\0\0\0\0\0\0\0\0\0\0\0\0\0\0\0\0\0\0\0\0\0\0\0\0\0\0\0\0\0\0\0\0\0\0\0\0\0\0\0\0\0\0\0\0\0\0\0\0\0\0\0\0\0\0\0\0\0\0\0\0\0\0\0\0\0\0\0\0\0\0\0"..., 10240, 132) = 10240
pread64(3</tmp/nia-publication-fault-4el264_7/case/store/objects/0c/a179e6befeb761f3613f1ef57ca892ebc3a6a228dca32f1309f0ac06a7de7e>, "data.tar/       0           0     0     100644  10240     `\n", 60, 10372) = 60
pread64(3</tmp/nia-publication-fault-4el264_7/case/store/objects/0c/a179e6befeb761f3613f1ef57ca892ebc3a6a228dca32f1309f0ac06a7de7e>, "\0\0\0\0\0\0\0\0\0\0\0\0\0\0\0\0\0\0\0\0\0\0\0\0\0\0\0\0\0\0\0\0\0\0\0\0\0\0\0\0\0\0\0\0\0\0\0\0\0\0\0\0\0\0\0\0\0\0\0\0\0\0\0\0\0\0\0\0\0\0\0\0\0\0\0\0\0\0\0\0\0\0\0\0\0\0\0\0\0\0\0\0\0\0\0\0"..., 10240, 10432) = 10240
fsync(17</tmp/nia-publication-fault-4el264_7/case/store/incoming>) = 0
pread64(3</tmp/nia-publication-fault-4el264_7/case/store/objects/0c/a179e6befeb761f3613f1ef57ca892ebc3a6a228dca32f1309f0ac06a7de7e>, "\0\0\0\0\0\0\0\0\0\0\0\0\0\0\0\0\0\0\0\0\0\0\0\0\0\0\0\0\0\0\0\0\0\0\0\0\0\0\0\0\0\0\0\0\0\0\0\0\0\0\0\0\0\0\0\0\0\0\0\0\0\0\0\0\0\0\0\0\0\0\0\0\0\0\0\0\0\0\0\0\0\0\0\0\0\0\0\0\0\0\0\0\0\0\0\0"..., 10240, 10432) = 10240
write(16</tmp/nia-publication-fault-4el264_7/case/store/incoming/cc5195dcfb3e9f38d351007e23cd8e25>, "\0\0\0\0\0\0\0\0\0\0\0\0\0\0\0\0\0\0\0\0\0\0\0\0\0\0\0\0\0\0\0\0\0\0\0\0\0\0\0\0\0\0\0\0\0\0\0\0\0\0\0\0\0\0\0\0\0\0\0\0\0\0\0\0\0\0\0\0\0\0\0\0\0\0\0\0\0\0\0\0\0\0\0\0\0\0\0\0\0\0\0\0\0\0\0\0"..., 10240) = 10240
fsync(16</tmp/nia-publication-fault-4el264_7/case/store/incoming/cc5195dcfb3e9f38d351007e23cd8e25>) = 0
renameat2(17</tmp/nia-publication-fault-4el264_7/case/store/incoming>, "cc5195dcfb3e9f38d351007e23cd8e25", 16</tmp/nia-publication-fault-4el264_7/case/store/objects/84>, "ff92691f909a05b224e1c56abb4864f01b4f8e3c854e4bb4c7baf1d3f6d652", RENAME_NOREPLACE) = -1 EEXIST (File exists)
pread64(16</tmp/nia-publication-fault-4el264_7/case/store/objects/84/ff92691f909a05b224e1c56abb4864f01b4f8e3c854e4bb4c7baf1d3f6d652>, "\0\0\0\0\0\0\0\0\0\0\0\0\0\0\0\0\0\0\0\0\0\0\0\0\0\0\0\0\0\0\0\0\0\0\0\0\0\0\0\0\0\0\0\0\0\0\0\0\0\0\0\0\0\0\0\0\0\0\0\0\0\0\0\0\0\0\0\0\0\0\0\0\0\0\0\0\0\0\0\0\0\0\0\0\0\0\0\0\0\0\0\0\0\0\0\0"..., 65536, 0) = 10240
pread64(16</tmp/nia-publication-fault-4el264_7/case/store/objects/84/ff92691f909a05b224e1c56abb4864f01b4f8e3c854e4bb4c7baf1d3f6d652>, "", 55296, 10240) = 0
pread64(16</tmp/nia-publication-fault-4el264_7/case/store/objects/84/ff92691f909a05b224e1c56abb4864f01b4f8e3c854e4bb4c7baf1d3f6d652>, "", 65536, 10240) = 0
fsync(17</tmp/nia-publication-fault-4el264_7/case/store/incoming>) = 0
pread64(3</tmp/nia-publication-fault-4el264_7/case/store/objects/84/ff92691f909a05b224e1c56abb4864f01b4f8e3c854e4bb4c7baf1d3f6d652>, "\0\0\0\0\0\0\0\0\0\0\0\0\0\0\0\0\0\0\0\0\0\0\0\0\0\0\0\0\0\0\0\0\0\0\0\0\0\0\0\0\0\0\0\0\0\0\0\0\0\0\0\0\0\0\0\0\0\0\0\0\0\0\0\0\0\0\0\0\0\0\0\0\0\0\0\0\0\0\0\0\0\0\0\0\0\0\0\0\0\0\0\0\0\0\0\0"..., 65536, 0) = 10240
pread64(3</tmp/nia-publication-fault-4el264_7/case/store/objects/84/ff92691f909a05b224e1c56abb4864f01b4f8e3c854e4bb4c7baf1d3f6d652>, "", 55296, 10240) = 0
pread64(3</tmp/nia-publication-fault-4el264_7/case/store/objects/84/ff92691f909a05b224e1c56abb4864f01b4f8e3c854e4bb4c7baf1d3f6d652>, "", 65536, 10240) = 0
pread64(3</tmp/nia-publication-fault-4el264_7/case/store/objects/84/ff92691f909a05b224e1c56abb4864f01b4f8e3c854e4bb4c7baf1d3f6d652>, "\0\0\0\0\0\0\0\0\0\0\0\0\0\0\0\0\0\0\0\0\0\0\0\0\0\0\0\0\0\0\0\0\0\0\0\0\0\0\0\0\0\0\0\0\0\0\0\0\0\0\0\0\0\0\0\0\0\0\0\0\0\0\0\0\0\0\0\0\0\0\0\0\0\0\0\0\0\0\0\0\0\0\0\0\0\0\0\0\0\0\0\0\0\0\0\0"..., 10240, 0) = 10240
fsync(17</tmp/nia-publication-fault-4el264_7/case/store/incoming>) = 0
pread64(3</tmp/nia-publication-fault-4el264_7/case/store/objects/84/ff92691f909a05b224e1c56abb4864f01b4f8e3c854e4bb4c7baf1d3f6d652>, "\0\0\0\0\0\0\0\0\0\0\0\0\0\0\0\0\0\0\0\0\0\0\0\0\0\0\0\0\0\0\0\0\0\0\0\0\0\0\0\0\0\0\0\0\0\0\0\0\0\0\0\0\0\0\0\0\0\0\0\0\0\0\0\0\0\0\0\0\0\0\0\0\0\0\0\0\0\0\0\0\0\0\0\0\0\0\0\0\0\0\0\0\0\0\0\0"..., 10240, 0) = 10240
write(16</tmp/nia-publication-fault-4el264_7/case/store/incoming/f4b53a6e14667efa6d33d2e253edebd4>, "\0\0\0\0\0\0\0\0\0\0\0\0\0\0\0\0\0\0\0\0\0\0\0\0\0\0\0\0\0\0\0\0\0\0\0\0\0\0\0\0\0\0\0\0\0\0\0\0\0\0\0\0\0\0\0\0\0\0\0\0\0\0\0\0\0\0\0\0\0\0\0\0\0\0\0\0\0\0\0\0\0\0\0\0\0\0\0\0\0\0\0\0\0\0\0\0"..., 10240) = 10240
fsync(16</tmp/nia-publication-fault-4el264_7/case/store/incoming/f4b53a6e14667efa6d33d2e253edebd4>) = 0
renameat2(17</tmp/nia-publication-fault-4el264_7/case/store/incoming>, "f4b53a6e14667efa6d33d2e253edebd4", 16</tmp/nia-publication-fault-4el264_7/case/store/objects/84>, "ff92691f909a05b224e1c56abb4864f01b4f8e3c854e4bb4c7baf1d3f6d652", RENAME_NOREPLACE) = -1 EEXIST (File exists)
pread64(16</tmp/nia-publication-fault-4el264_7/case/store/objects/84/ff92691f909a05b224e1c56abb4864f01b4f8e3c854e4bb4c7baf1d3f6d652>, "\0\0\0\0\0\0\0\0\0\0\0\0\0\0\0\0\0\0\0\0\0\0\0\0\0\0\0\0\0\0\0\0\0\0\0\0\0\0\0\0\0\0\0\0\0\0\0\0\0\0\0\0\0\0\0\0\0\0\0\0\0\0\0\0\0\0\0\0\0\0\0\0\0\0\0\0\0\0\0\0\0\0\0\0\0\0\0\0\0\0\0\0\0\0\0\0"..., 65536, 0) = 10240
pread64(16</tmp/nia-publication-fault-4el264_7/case/store/objects/84/ff92691f909a05b224e1c56abb4864f01b4f8e3c854e4bb4c7baf1d3f6d652>, "", 55296, 10240) = 0
pread64(16</tmp/nia-publication-fault-4el264_7/case/store/objects/84/ff92691f909a05b224e1c56abb4864f01b4f8e3c854e4bb4c7baf1d3f6d652>, "", 65536, 10240) = 0
fsync(17</tmp/nia-publication-fault-4el264_7/case/store/incoming>) = 0
pread64(3</tmp/nia-publication-fault-4el264_7/case/store/objects/84/ff92691f909a05b224e1c56abb4864f01b4f8e3c854e4bb4c7baf1d3f6d652>, "\0\0\0\0\0\0\0\0\0\0\0\0\0\0\0\0\0\0\0\0\0\0\0\0\0\0\0\0\0\0\0\0\0\0\0\0\0\0\0\0\0\0\0\0\0\0\0\0\0\0\0\0\0\0\0\0\0\0\0\0\0\0\0\0\0\0\0\0\0\0\0\0\0\0\0\0\0\0\0\0\0\0\0\0\0\0\0\0\0\0\0\0\0\0\0\0"..., 65536, 0) = 10240
pread64(3</tmp/nia-publication-fault-4el264_7/case/store/objects/84/ff92691f909a05b224e1c56abb4864f01b4f8e3c854e4bb4c7baf1d3f6d652>, "", 55296, 10240) = 0
pread64(3</tmp/nia-publication-fault-4el264_7/case/store/objects/84/ff92691f909a05b224e1c56abb4864f01b4f8e3c854e4bb4c7baf1d3f6d652>, "", 65536, 10240) = 0
pread64(3</tmp/nia-publication-fault-4el264_7/case/store/objects/84/ff92691f909a05b224e1c56abb4864f01b4f8e3c854e4bb4c7baf1d3f6d652>, "\0\0\0\0\0\0\0\0\0\0\0\0\0\0\0\0\0\0\0\0\0\0\0\0\0\0\0\0\0\0\0\0\0\0\0\0\0\0\0\0\0\0\0\0\0\0\0\0\0\0\0\0\0\0\0\0\0\0\0\0\0\0\0\0\0\0\0\0\0\0\0\0\0\0\0\0\0\0\0\0\0\0\0\0\0\0\0\0\0\0\0\0\0\0\0\0"..., 512, 0) = 512
pread64(3</tmp/nia-publication-fault-4el264_7/case/store/objects/84/ff92691f909a05b224e1c56abb4864f01b4f8e3c854e4bb4c7baf1d3f6d652>, "\0\0\0\0\0\0\0\0\0\0\0\0\0\0\0\0\0\0\0\0\0\0\0\0\0\0\0\0\0\0\0\0\0\0\0\0\0\0\0\0\0\0\0\0\0\0\0\0\0\0\0\0\0\0\0\0\0\0\0\0\0\0\0\0\0\0\0\0\0\0\0\0\0\0\0\0\0\0\0\0\0\0\0\0\0\0\0\0\0\0\0\0\0\0\0\0"..., 9728, 512) = 9728
pread64(3</tmp/nia-publication-fault-4el264_7/case/store/objects/0c/a179e6befeb761f3613f1ef57ca892ebc3a6a228dca32f1309f0ac06a7de7e>, "!<arch>\ndebian-binary/  0           0     0     100644  4         `\n2.0\ncontrol.tar/    0       "..., 65536, 0) = 20672
pread64(3</tmp/nia-publication-fault-4el264_7/case/store/objects/0c/a179e6befeb761f3613f1ef57ca892ebc3a6a228dca32f1309f0ac06a7de7e>, "", 44864, 20672) = 0
pread64(3</tmp/nia-publication-fault-4el264_7/case/store/objects/0c/a179e6befeb761f3613f1ef57ca892ebc3a6a228dca32f1309f0ac06a7de7e>, "", 65536, 20672) = 0
pread64(3</tmp/nia-publication-fault-4el264_7/case/store/objects/0c/a179e6befeb761f3613f1ef57ca892ebc3a6a228dca32f1309f0ac06a7de7e>, "!<arch>\n", 8, 0) = 8
pread64(3</tmp/nia-publication-fault-4el264_7/case/store/objects/0c/a179e6befeb761f3613f1ef57ca892ebc3a6a228dca32f1309f0ac06a7de7e>, "debian-binary/  0           0     0     100644  4         `\n", 60, 8) = 60
pread64(3</tmp/nia-publication-fault-4el264_7/case/store/objects/0c/a179e6befeb761f3613f1ef57ca892ebc3a6a228dca32f1309f0ac06a7de7e>, "2.0\n", 4, 68) = 4
pread64(3</tmp/nia-publication-fault-4el264_7/case/store/objects/0c/a179e6befeb761f3613f1ef57ca892ebc3a6a228dca32f1309f0ac06a7de7e>, "2.0\n", 4, 68) = 4
pread64(3</tmp/nia-publication-fault-4el264_7/case/store/objects/0c/a179e6befeb761f3613f1ef57ca892ebc3a6a228dca32f1309f0ac06a7de7e>, "control.tar/    0           0     0     100644  10240     `\n", 60, 72) = 60
pread64(3</tmp/nia-publication-fault-4el264_7/case/store/objects/0c/a179e6befeb761f3613f1ef57ca892ebc3a6a228dca32f1309f0ac06a7de7e>, "./control\0\0\0\0\0\0\0\0\0\0\0\0\0\0\0\0\0\0\0\0\0\0\0\0\0\0\0\0\0\0\0\0\0\0\0\0\0\0\0\0\0\0\0\0\0\0\0\0\0\0\0\0\0\0\0\0\0\0\0\0\0\0\0\0\0\0\0\0\0\0\0\0\0\0\0\0\0\0\0\0\0\0\0\0\0\0\0"..., 10240, 132) = 10240
pread64(3</tmp/nia-publication-fault-4el264_7/case/store/objects/0c/a179e6befeb761f3613f1ef57ca892ebc3a6a228dca32f1309f0ac06a7de7e>, "data.tar/       0           0     0     100644  10240     `\n", 60, 10372) = 60
pread64(3</tmp/nia-publication-fault-4el264_7/case/store/objects/0c/a179e6befeb761f3613f1ef57ca892ebc3a6a228dca32f1309f0ac06a7de7e>, "\0\0\0\0\0\0\0\0\0\0\0\0\0\0\0\0\0\0\0\0\0\0\0\0\0\0\0\0\0\0\0\0\0\0\0\0\0\0\0\0\0\0\0\0\0\0\0\0\0\0\0\0\0\0\0\0\0\0\0\0\0\0\0\0\0\0\0\0\0\0\0\0\0\0\0\0\0\0\0\0\0\0\0\0\0\0\0\0\0\0\0\0\0\0\0\0"..., 10240, 10432) = 10240
pread64(3</tmp/nia-publication-fault-4el264_7/case/store/objects/0c/a179e6befeb761f3613f1ef57ca892ebc3a6a228dca32f1309f0ac06a7de7e>, "!<arch>\ndebian-binary/  0           0     0     100644  4         `\n2.0\ncontrol.tar/    0       "..., 65536, 0) = 20672
pread64(3</tmp/nia-publication-fault-4el264_7/case/store/objects/0c/a179e6befeb761f3613f1ef57ca892ebc3a6a228dca32f1309f0ac06a7de7e>, "", 44864, 20672) = 0
pread64(3</tmp/nia-publication-fault-4el264_7/case/store/objects/0c/a179e6befeb761f3613f1ef57ca892ebc3a6a228dca32f1309f0ac06a7de7e>, "", 65536, 20672) = 0
pread64(3</tmp/nia-publication-fault-4el264_7/case/store/objects/0c/a179e6befeb761f3613f1ef57ca892ebc3a6a228dca32f1309f0ac06a7de7e>, "!<arch>\n", 8, 0) = 8
pread64(3</tmp/nia-publication-fault-4el264_7/case/store/objects/0c/a179e6befeb761f3613f1ef57ca892ebc3a6a228dca32f1309f0ac06a7de7e>, "debian-binary/  0           0     0     100644  4         `\n", 60, 8) = 60
pread64(3</tmp/nia-publication-fault-4el264_7/case/store/objects/0c/a179e6befeb761f3613f1ef57ca892ebc3a6a228dca32f1309f0ac06a7de7e>, "2.0\n", 4, 68) = 4
pread64(3</tmp/nia-publication-fault-4el264_7/case/store/objects/0c/a179e6befeb761f3613f1ef57ca892ebc3a6a228dca32f1309f0ac06a7de7e>, "2.0\n", 4, 68) = 4
pread64(3</tmp/nia-publication-fault-4el264_7/case/store/objects/0c/a179e6befeb761f3613f1ef57ca892ebc3a6a228dca32f1309f0ac06a7de7e>, "control.tar/    0           0     0     100644  10240     `\n", 60, 72) = 60
pread64(3</tmp/nia-publication-fault-4el264_7/case/store/objects/0c/a179e6befeb761f3613f1ef57ca892ebc3a6a228dca32f1309f0ac06a7de7e>, "./control\0\0\0\0\0\0\0\0\0\0\0\0\0\0\0\0\0\0\0\0\0\0\0\0\0\0\0\0\0\0\0\0\0\0\0\0\0\0\0\0\0\0\0\0\0\0\0\0\0\0\0\0\0\0\0\0\0\0\0\0\0\0\0\0\0\0\0\0\0\0\0\0\0\0\0\0\0\0\0\0\0\0\0\0\0\0\0"..., 10240, 132) = 10240
pread64(3</tmp/nia-publication-fault-4el264_7/case/store/objects/0c/a179e6befeb761f3613f1ef57ca892ebc3a6a228dca32f1309f0ac06a7de7e>, "data.tar/       0           0     0     100644  10240     `\n", 60, 10372) = 60
pread64(3</tmp/nia-publication-fault-4el264_7/case/store/objects/0c/a179e6befeb761f3613f1ef57ca892ebc3a6a228dca32f1309f0ac06a7de7e>, "\0\0\0\0\0\0\0\0\0\0\0\0\0\0\0\0\0\0\0\0\0\0\0\0\0\0\0\0\0\0\0\0\0\0\0\0\0\0\0\0\0\0\0\0\0\0\0\0\0\0\0\0\0\0\0\0\0\0\0\0\0\0\0\0\0\0\0\0\0\0\0\0\0\0\0\0\0\0\0\0\0\0\0\0\0\0\0\0\0\0\0\0\0\0\0\0"..., 10240, 10432) = 10240
fsync(17</tmp/nia-publication-fault-4el264_7/case/store/incoming>) = 0
pread64(3</tmp/nia-publication-fault-4el264_7/case/store/objects/0c/a179e6befeb761f3613f1ef57ca892ebc3a6a228dca32f1309f0ac06a7de7e>, "./control\0\0\0\0\0\0\0\0\0\0\0\0\0\0\0\0\0\0\0\0\0\0\0\0\0\0\0\0\0\0\0\0\0\0\0\0\0\0\0\0\0\0\0\0\0\0\0\0\0\0\0\0\0\0\0\0\0\0\0\0\0\0\0\0\0\0\0\0\0\0\0\0\0\0\0\0\0\0\0\0\0\0\0\0\0\0\0"..., 10240, 132) = 10240
write(16</tmp/nia-publication-fault-4el264_7/case/store/incoming/b42695b15242d33a50bff3dc3d0dd4ac>, "./control\0\0\0\0\0\0\0\0\0\0\0\0\0\0\0\0\0\0\0\0\0\0\0\0\0\0\0\0\0\0\0\0\0\0\0\0\0\0\0\0\0\0\0\0\0\0\0\0\0\0\0\0\0\0\0\0\0\0\0\0\0\0\0\0\0\0\0\0\0\0\0\0\0\0\0\0\0\0\0\0\0\0\0\0\0\0\0"..., 10240) = 10240
fsync(16</tmp/nia-publication-fault-4el264_7/case/store/incoming/b42695b15242d33a50bff3dc3d0dd4ac>) = 0
renameat2(17</tmp/nia-publication-fault-4el264_7/case/store/incoming>, "b42695b15242d33a50bff3dc3d0dd4ac", 16</tmp/nia-publication-fault-4el264_7/case/store/objects/4a>, "36f6eb7c1b236ab6cb28ddb882919e888bf393dfc00d93008ad6730697f8f7", RENAME_NOREPLACE) = -1 EEXIST (File exists)
pread64(16</tmp/nia-publication-fault-4el264_7/case/store/objects/4a/36f6eb7c1b236ab6cb28ddb882919e888bf393dfc00d93008ad6730697f8f7>, "./control\0\0\0\0\0\0\0\0\0\0\0\0\0\0\0\0\0\0\0\0\0\0\0\0\0\0\0\0\0\0\0\0\0\0\0\0\0\0\0\0\0\0\0\0\0\0\0\0\0\0\0\0\0\0\0\0\0\0\0\0\0\0\0\0\0\0\0\0\0\0\0\0\0\0\0\0\0\0\0\0\0\0\0\0\0\0\0"..., 65536, 0) = 10240
pread64(16</tmp/nia-publication-fault-4el264_7/case/store/objects/4a/36f6eb7c1b236ab6cb28ddb882919e888bf393dfc00d93008ad6730697f8f7>, "", 55296, 10240) = 0
pread64(16</tmp/nia-publication-fault-4el264_7/case/store/objects/4a/36f6eb7c1b236ab6cb28ddb882919e888bf393dfc00d93008ad6730697f8f7>, "", 65536, 10240) = 0
fsync(17</tmp/nia-publication-fault-4el264_7/case/store/incoming>) = 0
pread64(3</tmp/nia-publication-fault-4el264_7/case/store/objects/4a/36f6eb7c1b236ab6cb28ddb882919e888bf393dfc00d93008ad6730697f8f7>, "./control\0\0\0\0\0\0\0\0\0\0\0\0\0\0\0\0\0\0\0\0\0\0\0\0\0\0\0\0\0\0\0\0\0\0\0\0\0\0\0\0\0\0\0\0\0\0\0\0\0\0\0\0\0\0\0\0\0\0\0\0\0\0\0\0\0\0\0\0\0\0\0\0\0\0\0\0\0\0\0\0\0\0\0\0\0\0\0"..., 65536, 0) = 10240
pread64(3</tmp/nia-publication-fault-4el264_7/case/store/objects/4a/36f6eb7c1b236ab6cb28ddb882919e888bf393dfc00d93008ad6730697f8f7>, "", 55296, 10240) = 0
pread64(3</tmp/nia-publication-fault-4el264_7/case/store/objects/4a/36f6eb7c1b236ab6cb28ddb882919e888bf393dfc00d93008ad6730697f8f7>, "", 65536, 10240) = 0
pread64(3</tmp/nia-publication-fault-4el264_7/case/store/objects/4a/36f6eb7c1b236ab6cb28ddb882919e888bf393dfc00d93008ad6730697f8f7>, "./control\0\0\0\0\0\0\0\0\0\0\0\0\0\0\0\0\0\0\0\0\0\0\0\0\0\0\0\0\0\0\0\0\0\0\0\0\0\0\0\0\0\0\0\0\0\0\0\0\0\0\0\0\0\0\0\0\0\0\0\0\0\0\0\0\0\0\0\0\0\0\0\0\0\0\0\0\0\0\0\0\0\0\0\0\0\0\0"..., 10240, 0) = 10240
fsync(17</tmp/nia-publication-fault-4el264_7/case/store/incoming>) = 0
write(16</tmp/nia-publication-fault-4el264_7/case/store/incoming/dc8b28a6a5a30b8e6b9dfb46a1616f30>, "Package: empty-package\nVersion: 1\nArchitecture: all\nMaintainer: Fixture <fixture@example.invalid"..., 149) = 149
fsync(16</tmp/nia-publication-fault-4el264_7/case/store/incoming/dc8b28a6a5a30b8e6b9dfb46a1616f30>) = 0
renameat2(17</tmp/nia-publication-fault-4el264_7/case/store/incoming>, "dc8b28a6a5a30b8e6b9dfb46a1616f30", 16</tmp/nia-publication-fault-4el264_7/case/store/objects/a3>, "1a856f430af395bccd7eb2f142b11ad3ae0fc5daf3acc4ffb341c48a5abd39", RENAME_NOREPLACE) = -1 EEXIST (File exists)
pread64(16</tmp/nia-publication-fault-4el264_7/case/store/objects/a3/1a856f430af395bccd7eb2f142b11ad3ae0fc5daf3acc4ffb341c48a5abd39>, "Package: empty-package\nVersion: 1\nArchitecture: all\nMaintainer: Fixture <fixture@example.invalid"..., 65536, 0) = 149
pread64(16</tmp/nia-publication-fault-4el264_7/case/store/objects/a3/1a856f430af395bccd7eb2f142b11ad3ae0fc5daf3acc4ffb341c48a5abd39>, "", 65387, 149) = 0
pread64(16</tmp/nia-publication-fault-4el264_7/case/store/objects/a3/1a856f430af395bccd7eb2f142b11ad3ae0fc5daf3acc4ffb341c48a5abd39>, "", 65536, 149) = 0
fsync(17</tmp/nia-publication-fault-4el264_7/case/store/incoming>) = 0
pread64(3</tmp/nia-publication-fault-4el264_7/case/store/objects/a3/1a856f430af395bccd7eb2f142b11ad3ae0fc5daf3acc4ffb341c48a5abd39>, "Package: empty-package\nVersion: 1\nArchitecture: all\nMaintainer: Fixture <fixture@example.invalid"..., 65536, 0) = 149
pread64(3</tmp/nia-publication-fault-4el264_7/case/store/objects/a3/1a856f430af395bccd7eb2f142b11ad3ae0fc5daf3acc4ffb341c48a5abd39>, "", 65387, 149) = 0
pread64(3</tmp/nia-publication-fault-4el264_7/case/store/objects/a3/1a856f430af395bccd7eb2f142b11ad3ae0fc5daf3acc4ffb341c48a5abd39>, "", 65536, 149) = 0
pread64(3</tmp/nia-publication-fault-4el264_7/case/store/objects/a3/1a856f430af395bccd7eb2f142b11ad3ae0fc5daf3acc4ffb341c48a5abd39>, "Package: empty-package\nVersion: 1\nArchitecture: all\nMaintainer: Fixture <fixture@example.invalid"..., 16777216, 0) = 149
pread64(3</tmp/nia-publication-fault-4el264_7/case/store/objects/a3/1a856f430af395bccd7eb2f142b11ad3ae0fc5daf3acc4ffb341c48a5abd39>, "", 16777067, 149) = 0
pread64(3</tmp/nia-publication-fault-4el264_7/case/store/objects/a3/1a856f430af395bccd7eb2f142b11ad3ae0fc5daf3acc4ffb341c48a5abd39>, "Package: empty-package\nVersion: 1\nArchitecture: all\nMaintainer: Fixture <fixture@example.invalid"..., 65536, 0) = 149
pread64(3</tmp/nia-publication-fault-4el264_7/case/store/objects/a3/1a856f430af395bccd7eb2f142b11ad3ae0fc5daf3acc4ffb341c48a5abd39>, "", 65387, 149) = 0
pread64(3</tmp/nia-publication-fault-4el264_7/case/store/objects/a3/1a856f430af395bccd7eb2f142b11ad3ae0fc5daf3acc4ffb341c48a5abd39>, "", 65536, 149) = 0
pread64(3</tmp/nia-publication-fault-4el264_7/case/store/objects/a3/1a856f430af395bccd7eb2f142b11ad3ae0fc5daf3acc4ffb341c48a5abd39>, "Package: empty-package\nVersion: 1\nArchitecture: all\nMaintainer: Fixture <fixture@example.invalid"..., 16777216, 0) = 149
pread64(3</tmp/nia-publication-fault-4el264_7/case/store/objects/a3/1a856f430af395bccd7eb2f142b11ad3ae0fc5daf3acc4ffb341c48a5abd39>, "", 16777067, 149) = 0
pread64(3</tmp/nia-publication-fault-4el264_7/case/store/objects/0c/a179e6befeb761f3613f1ef57ca892ebc3a6a228dca32f1309f0ac06a7de7e>, "!<arch>\ndebian-binary/  0           0     0     100644  4         `\n2.0\ncontrol.tar/    0       "..., 65536, 0) = 20672
pread64(3</tmp/nia-publication-fault-4el264_7/case/store/objects/0c/a179e6befeb761f3613f1ef57ca892ebc3a6a228dca32f1309f0ac06a7de7e>, "", 44864, 20672) = 0
pread64(3</tmp/nia-publication-fault-4el264_7/case/store/objects/0c/a179e6befeb761f3613f1ef57ca892ebc3a6a228dca32f1309f0ac06a7de7e>, "", 65536, 20672) = 0
pread64(3</tmp/nia-publication-fault-4el264_7/case/store/objects/0c/a179e6befeb761f3613f1ef57ca892ebc3a6a228dca32f1309f0ac06a7de7e>, "!<arch>\n", 8, 0) = 8
pread64(3</tmp/nia-publication-fault-4el264_7/case/store/objects/0c/a179e6befeb761f3613f1ef57ca892ebc3a6a228dca32f1309f0ac06a7de7e>, "debian-binary/  0           0     0     100644  4         `\n", 60, 8) = 60
pread64(3</tmp/nia-publication-fault-4el264_7/case/store/objects/0c/a179e6befeb761f3613f1ef57ca892ebc3a6a228dca32f1309f0ac06a7de7e>, "2.0\n", 4, 68) = 4
pread64(3</tmp/nia-publication-fault-4el264_7/case/store/objects/0c/a179e6befeb761f3613f1ef57ca892ebc3a6a228dca32f1309f0ac06a7de7e>, "2.0\n", 4, 68) = 4
pread64(3</tmp/nia-publication-fault-4el264_7/case/store/objects/0c/a179e6befeb761f3613f1ef57ca892ebc3a6a228dca32f1309f0ac06a7de7e>, "control.tar/    0           0     0     100644  10240     `\n", 60, 72) = 60
pread64(3</tmp/nia-publication-fault-4el264_7/case/store/objects/0c/a179e6befeb761f3613f1ef57ca892ebc3a6a228dca32f1309f0ac06a7de7e>, "./control\0\0\0\0\0\0\0\0\0\0\0\0\0\0\0\0\0\0\0\0\0\0\0\0\0\0\0\0\0\0\0\0\0\0\0\0\0\0\0\0\0\0\0\0\0\0\0\0\0\0\0\0\0\0\0\0\0\0\0\0\0\0\0\0\0\0\0\0\0\0\0\0\0\0\0\0\0\0\0\0\0\0\0\0\0\0\0"..., 10240, 132) = 10240
pread64(3</tmp/nia-publication-fault-4el264_7/case/store/objects/0c/a179e6befeb761f3613f1ef57ca892ebc3a6a228dca32f1309f0ac06a7de7e>, "data.tar/       0           0     0     100644  10240     `\n", 60, 10372) = 60
pread64(3</tmp/nia-publication-fault-4el264_7/case/store/objects/0c/a179e6befeb761f3613f1ef57ca892ebc3a6a228dca32f1309f0ac06a7de7e>, "\0\0\0\0\0\0\0\0\0\0\0\0\0\0\0\0\0\0\0\0\0\0\0\0\0\0\0\0\0\0\0\0\0\0\0\0\0\0\0\0\0\0\0\0\0\0\0\0\0\0\0\0\0\0\0\0\0\0\0\0\0\0\0\0\0\0\0\0\0\0\0\0\0\0\0\0\0\0\0\0\0\0\0\0\0\0\0\0\0\0\0\0\0\0\0\0"..., 10240, 10432) = 10240
pread64(3</tmp/nia-publication-fault-4el264_7/case/store/objects/0c/a179e6befeb761f3613f1ef57ca892ebc3a6a228dca32f1309f0ac06a7de7e>, "!<arch>\ndebian-binary/  0           0     0     100644  4         `\n2.0\ncontrol.tar/    0       "..., 65536, 0) = 20672
pread64(3</tmp/nia-publication-fault-4el264_7/case/store/objects/0c/a179e6befeb761f3613f1ef57ca892ebc3a6a228dca32f1309f0ac06a7de7e>, "", 44864, 20672) = 0
pread64(3</tmp/nia-publication-fault-4el264_7/case/store/objects/0c/a179e6befeb761f3613f1ef57ca892ebc3a6a228dca32f1309f0ac06a7de7e>, "", 65536, 20672) = 0
pread64(3</tmp/nia-publication-fault-4el264_7/case/store/objects/0c/a179e6befeb761f3613f1ef57ca892ebc3a6a228dca32f1309f0ac06a7de7e>, "!<arch>\n", 8, 0) = 8
pread64(3</tmp/nia-publication-fault-4el264_7/case/store/objects/0c/a179e6befeb761f3613f1ef57ca892ebc3a6a228dca32f1309f0ac06a7de7e>, "debian-binary/  0           0     0     100644  4         `\n", 60, 8) = 60
pread64(3</tmp/nia-publication-fault-4el264_7/case/store/objects/0c/a179e6befeb761f3613f1ef57ca892ebc3a6a228dca32f1309f0ac06a7de7e>, "2.0\n", 4, 68) = 4
pread64(3</tmp/nia-publication-fault-4el264_7/case/store/objects/0c/a179e6befeb761f3613f1ef57ca892ebc3a6a228dca32f1309f0ac06a7de7e>, "2.0\n", 4, 68) = 4
pread64(3</tmp/nia-publication-fault-4el264_7/case/store/objects/0c/a179e6befeb761f3613f1ef57ca892ebc3a6a228dca32f1309f0ac06a7de7e>, "control.tar/    0           0     0     100644  10240     `\n", 60, 72) = 60
pread64(3</tmp/nia-publication-fault-4el264_7/case/store/objects/0c/a179e6befeb761f3613f1ef57ca892ebc3a6a228dca32f1309f0ac06a7de7e>, "./control\0\0\0\0\0\0\0\0\0\0\0\0\0\0\0\0\0\0\0\0\0\0\0\0\0\0\0\0\0\0\0\0\0\0\0\0\0\0\0\0\0\0\0\0\0\0\0\0\0\0\0\0\0\0\0\0\0\0\0\0\0\0\0\0\0\0\0\0\0\0\0\0\0\0\0\0\0\0\0\0\0\0\0\0\0\0\0"..., 10240, 132) = 10240
pread64(3</tmp/nia-publication-fault-4el264_7/case/store/objects/0c/a179e6befeb761f3613f1ef57ca892ebc3a6a228dca32f1309f0ac06a7de7e>, "data.tar/       0           0     0     100644  10240     `\n", 60, 10372) = 60
pread64(3</tmp/nia-publication-fault-4el264_7/case/store/objects/0c/a179e6befeb761f3613f1ef57ca892ebc3a6a228dca32f1309f0ac06a7de7e>, "\0\0\0\0\0\0\0\0\0\0\0\0\0\0\0\0\0\0\0\0\0\0\0\0\0\0\0\0\0\0\0\0\0\0\0\0\0\0\0\0\0\0\0\0\0\0\0\0\0\0\0\0\0\0\0\0\0\0\0\0\0\0\0\0\0\0\0\0\0\0\0\0\0\0\0\0\0\0\0\0\0\0\0\0\0\0\0\0\0\0\0\0\0\0\0\0"..., 10240, 10432) = 10240
fsync(17</tmp/nia-publication-fault-4el264_7/case/store/incoming>) = 0
pread64(3</tmp/nia-publication-fault-4el264_7/case/store/objects/0c/a179e6befeb761f3613f1ef57ca892ebc3a6a228dca32f1309f0ac06a7de7e>, "./control\0\0\0\0\0\0\0\0\0\0\0\0\0\0\0\0\0\0\0\0\0\0\0\0\0\0\0\0\0\0\0\0\0\0\0\0\0\0\0\0\0\0\0\0\0\0\0\0\0\0\0\0\0\0\0\0\0\0\0\0\0\0\0\0\0\0\0\0\0\0\0\0\0\0\0\0\0\0\0\0\0\0\0\0\0\0\0"..., 10240, 132) = 10240
write(16</tmp/nia-publication-fault-4el264_7/case/store/incoming/9b798f05068859cb7a1a5c6bc49db756>, "./control\0\0\0\0\0\0\0\0\0\0\0\0\0\0\0\0\0\0\0\0\0\0\0\0\0\0\0\0\0\0\0\0\0\0\0\0\0\0\0\0\0\0\0\0\0\0\0\0\0\0\0\0\0\0\0\0\0\0\0\0\0\0\0\0\0\0\0\0\0\0\0\0\0\0\0\0\0\0\0\0\0\0\0\0\0\0\0"..., 10240) = 10240
fsync(16</tmp/nia-publication-fault-4el264_7/case/store/incoming/9b798f05068859cb7a1a5c6bc49db756>) = 0
renameat2(17</tmp/nia-publication-fault-4el264_7/case/store/incoming>, "9b798f05068859cb7a1a5c6bc49db756", 16</tmp/nia-publication-fault-4el264_7/case/store/objects/4a>, "36f6eb7c1b236ab6cb28ddb882919e888bf393dfc00d93008ad6730697f8f7", RENAME_NOREPLACE) = -1 EEXIST (File exists)
pread64(16</tmp/nia-publication-fault-4el264_7/case/store/objects/4a/36f6eb7c1b236ab6cb28ddb882919e888bf393dfc00d93008ad6730697f8f7>, "./control\0\0\0\0\0\0\0\0\0\0\0\0\0\0\0\0\0\0\0\0\0\0\0\0\0\0\0\0\0\0\0\0\0\0\0\0\0\0\0\0\0\0\0\0\0\0\0\0\0\0\0\0\0\0\0\0\0\0\0\0\0\0\0\0\0\0\0\0\0\0\0\0\0\0\0\0\0\0\0\0\0\0\0\0\0\0\0"..., 65536, 0) = 10240
pread64(16</tmp/nia-publication-fault-4el264_7/case/store/objects/4a/36f6eb7c1b236ab6cb28ddb882919e888bf393dfc00d93008ad6730697f8f7>, "", 55296, 10240) = 0
pread64(16</tmp/nia-publication-fault-4el264_7/case/store/objects/4a/36f6eb7c1b236ab6cb28ddb882919e888bf393dfc00d93008ad6730697f8f7>, "", 65536, 10240) = 0
fsync(17</tmp/nia-publication-fault-4el264_7/case/store/incoming>) = 0
pread64(3</tmp/nia-publication-fault-4el264_7/case/store/objects/4a/36f6eb7c1b236ab6cb28ddb882919e888bf393dfc00d93008ad6730697f8f7>, "./control\0\0\0\0\0\0\0\0\0\0\0\0\0\0\0\0\0\0\0\0\0\0\0\0\0\0\0\0\0\0\0\0\0\0\0\0\0\0\0\0\0\0\0\0\0\0\0\0\0\0\0\0\0\0\0\0\0\0\0\0\0\0\0\0\0\0\0\0\0\0\0\0\0\0\0\0\0\0\0\0\0\0\0\0\0\0\0"..., 65536, 0) = 10240
pread64(3</tmp/nia-publication-fault-4el264_7/case/store/objects/4a/36f6eb7c1b236ab6cb28ddb882919e888bf393dfc00d93008ad6730697f8f7>, "", 55296, 10240) = 0
pread64(3</tmp/nia-publication-fault-4el264_7/case/store/objects/4a/36f6eb7c1b236ab6cb28ddb882919e888bf393dfc00d93008ad6730697f8f7>, "", 65536, 10240) = 0
pread64(3</tmp/nia-publication-fault-4el264_7/case/store/objects/4a/36f6eb7c1b236ab6cb28ddb882919e888bf393dfc00d93008ad6730697f8f7>, "./control\0\0\0\0\0\0\0\0\0\0\0\0\0\0\0\0\0\0\0\0\0\0\0\0\0\0\0\0\0\0\0\0\0\0\0\0\0\0\0\0\0\0\0\0\0\0\0\0\0\0\0\0\0\0\0\0\0\0\0\0\0\0\0\0\0\0\0\0\0\0\0\0\0\0\0\0\0\0\0\0\0\0\0\0\0\0\0"..., 10240, 0) = 10240
fsync(17</tmp/nia-publication-fault-4el264_7/case/store/incoming>) = 0
write(16</tmp/nia-publication-fault-4el264_7/case/store/incoming/cac904d93770a3d7a7cd66e1fd880375>, "Package: empty-package\nVersion: 1\nArchitecture: all\nMaintainer: Fixture <fixture@example.invalid"..., 149) = 149
fsync(16</tmp/nia-publication-fault-4el264_7/case/store/incoming/cac904d93770a3d7a7cd66e1fd880375>) = 0
renameat2(17</tmp/nia-publication-fault-4el264_7/case/store/incoming>, "cac904d93770a3d7a7cd66e1fd880375", 16</tmp/nia-publication-fault-4el264_7/case/store/objects/a3>, "1a856f430af395bccd7eb2f142b11ad3ae0fc5daf3acc4ffb341c48a5abd39", RENAME_NOREPLACE) = -1 EEXIST (File exists)
pread64(16</tmp/nia-publication-fault-4el264_7/case/store/objects/a3/1a856f430af395bccd7eb2f142b11ad3ae0fc5daf3acc4ffb341c48a5abd39>, "Package: empty-package\nVersion: 1\nArchitecture: all\nMaintainer: Fixture <fixture@example.invalid"..., 65536, 0) = 149
pread64(16</tmp/nia-publication-fault-4el264_7/case/store/objects/a3/1a856f430af395bccd7eb2f142b11ad3ae0fc5daf3acc4ffb341c48a5abd39>, "", 65387, 149) = 0
pread64(16</tmp/nia-publication-fault-4el264_7/case/store/objects/a3/1a856f430af395bccd7eb2f142b11ad3ae0fc5daf3acc4ffb341c48a5abd39>, "", 65536, 149) = 0
fsync(17</tmp/nia-publication-fault-4el264_7/case/store/incoming>) = 0
pread64(3</tmp/nia-publication-fault-4el264_7/case/store/objects/0c/a179e6befeb761f3613f1ef57ca892ebc3a6a228dca32f1309f0ac06a7de7e>, "!<arch>\ndebian-binary/  0           0     0     100644  4         `\n2.0\ncontrol.tar/    0       "..., 65536, 0) = 20672
pread64(3</tmp/nia-publication-fault-4el264_7/case/store/objects/0c/a179e6befeb761f3613f1ef57ca892ebc3a6a228dca32f1309f0ac06a7de7e>, "", 44864, 20672) = 0
pread64(3</tmp/nia-publication-fault-4el264_7/case/store/objects/0c/a179e6befeb761f3613f1ef57ca892ebc3a6a228dca32f1309f0ac06a7de7e>, "", 65536, 20672) = 0
pread64(3</tmp/nia-publication-fault-4el264_7/case/store/objects/4a/36f6eb7c1b236ab6cb28ddb882919e888bf393dfc00d93008ad6730697f8f7>, "./control\0\0\0\0\0\0\0\0\0\0\0\0\0\0\0\0\0\0\0\0\0\0\0\0\0\0\0\0\0\0\0\0\0\0\0\0\0\0\0\0\0\0\0\0\0\0\0\0\0\0\0\0\0\0\0\0\0\0\0\0\0\0\0\0\0\0\0\0\0\0\0\0\0\0\0\0\0\0\0\0\0\0\0\0\0\0\0"..., 65536, 0) = 10240
pread64(3</tmp/nia-publication-fault-4el264_7/case/store/objects/4a/36f6eb7c1b236ab6cb28ddb882919e888bf393dfc00d93008ad6730697f8f7>, "", 55296, 10240) = 0
pread64(3</tmp/nia-publication-fault-4el264_7/case/store/objects/4a/36f6eb7c1b236ab6cb28ddb882919e888bf393dfc00d93008ad6730697f8f7>, "", 65536, 10240) = 0
pread64(3</tmp/nia-publication-fault-4el264_7/case/store/objects/84/ff92691f909a05b224e1c56abb4864f01b4f8e3c854e4bb4c7baf1d3f6d652>, "\0\0\0\0\0\0\0\0\0\0\0\0\0\0\0\0\0\0\0\0\0\0\0\0\0\0\0\0\0\0\0\0\0\0\0\0\0\0\0\0\0\0\0\0\0\0\0\0\0\0\0\0\0\0\0\0\0\0\0\0\0\0\0\0\0\0\0\0\0\0\0\0\0\0\0\0\0\0\0\0\0\0\0\0\0\0\0\0\0\0\0\0\0\0\0\0"..., 65536, 0) = 10240
pread64(3</tmp/nia-publication-fault-4el264_7/case/store/objects/84/ff92691f909a05b224e1c56abb4864f01b4f8e3c854e4bb4c7baf1d3f6d652>, "", 55296, 10240) = 0
pread64(3</tmp/nia-publication-fault-4el264_7/case/store/objects/84/ff92691f909a05b224e1c56abb4864f01b4f8e3c854e4bb4c7baf1d3f6d652>, "", 65536, 10240) = 0
pread64(3</tmp/nia-publication-fault-4el264_7/case/store/objects/8e/e688345e1d9502ee8cd7277a453c30bfb77b947201beb3300e9df2b8ca321d>, "\0\0\0\0\0\0\0\10NIACSEL1\273\343\341b6\331$M\267\345\300\262\251\302\306\27f\270\251!\330\260\227\374\323p\347\177\25.\3311\0\0\0\0\0\0\0\1\f\241y\346\276\376\267a\363a?\36\365|\250\222\353\303\246\242(\334\243/\23\t\360\254\6\247\336~J6\366\353|\33#j"..., 65536, 0) = 152
pread64(3</tmp/nia-publication-fault-4el264_7/case/store/objects/8e/e688345e1d9502ee8cd7277a453c30bfb77b947201beb3300e9df2b8ca321d>, "", 65384, 152) = 0
pread64(3</tmp/nia-publication-fault-4el264_7/case/store/objects/8e/e688345e1d9502ee8cd7277a453c30bfb77b947201beb3300e9df2b8ca321d>, "", 65536, 152) = 0
pread64(3</tmp/nia-publication-fault-4el264_7/case/store/objects/a3/1a856f430af395bccd7eb2f142b11ad3ae0fc5daf3acc4ffb341c48a5abd39>, "Package: empty-package\nVersion: 1\nArchitecture: all\nMaintainer: Fixture <fixture@example.invalid"..., 65536, 0) = 149
pread64(3</tmp/nia-publication-fault-4el264_7/case/store/objects/a3/1a856f430af395bccd7eb2f142b11ad3ae0fc5daf3acc4ffb341c48a5abd39>, "", 65387, 149) = 0
pread64(3</tmp/nia-publication-fault-4el264_7/case/store/objects/a3/1a856f430af395bccd7eb2f142b11ad3ae0fc5daf3acc4ffb341c48a5abd39>, "", 65536, 149) = 0
fsync(16</tmp/nia-publication-fault-4el264_7/case/store/incoming>) = 0
write(3</tmp/nia-publication-fault-4el264_7/case/store/incoming/88356c3b22f9f3988acb5f7b35b11e98>, "NIACLOS1\216\346\2104^\35\225\2\356\214\327'zE<0\277\267{\224r\1\276\2630\16\235\362\270\3122\35\273\343\341b6\331$M\267\345\300\262\251\302\306\27f\270\251!\330\260\227\374\323p\347\177\25.\3311\0\0\0\0\0\0\0\5", 80) = 80
write(3</tmp/nia-publication-fault-4el264_7/case/store/incoming/88356c3b22f9f3988acb5f7b35b11e98>, "\f\241y\346\276\376\267a\363a?\36\365|\250\222\353\303\246\242(\334\243/\23\t\360\254\6\247\336~", 32) = 32
write(3</tmp/nia-publication-fault-4el264_7/case/store/incoming/88356c3b22f9f3988acb5f7b35b11e98>, "J6\366\353|\33#j\266\313(\335\270\202\221\236\210\213\363\223\337\300\r\223\0\212\326s\6\227\370\367", 32) = 32
write(3</tmp/nia-publication-fault-4el264_7/case/store/incoming/88356c3b22f9f3988acb5f7b35b11e98>, "\204\377\222i\37\220\232\5\262$\341\305j\273Hd\360\33O\216<\205NK\264\307\272\361\323\366\326R", 32) = 32
write(3</tmp/nia-publication-fault-4el264_7/case/store/incoming/88356c3b22f9f3988acb5f7b35b11e98>, "\216\346\2104^\35\225\2\356\214\327'zE<0\277\267{\224r\1\276\2630\16\235\362\270\3122\35", 32) = 32
write(3</tmp/nia-publication-fault-4el264_7/case/store/incoming/88356c3b22f9f3988acb5f7b35b11e98>, "\243\32\205oC\n\363\225\274\315~\262\361B\261\32\323\256\17\305\332\363\254\304\377\263A\304\212Z\2759", 32) = 32
fsync(3</tmp/nia-publication-fault-4el264_7/case/store/incoming/88356c3b22f9f3988acb5f7b35b11e98>) = 0
renameat2(16</tmp/nia-publication-fault-4el264_7/case/store/incoming>, "88356c3b22f9f3988acb5f7b35b11e98", 3</tmp/nia-publication-fault-4el264_7/case/store/objects/32>, "094e7c613fdb6dffb1f27d926b176f7fd8946b8c2cf3ca9e3b95cb91a1a8ca", RENAME_NOREPLACE) = -1 EEXIST (File exists)
pread64(3</tmp/nia-publication-fault-4el264_7/case/store/objects/32/094e7c613fdb6dffb1f27d926b176f7fd8946b8c2cf3ca9e3b95cb91a1a8ca>, "NIACLOS1\216\346\2104^\35\225\2\356\214\327'zE<0\277\267{\224r\1\276\2630\16\235\362\270\3122\35\273\343\341b6\331$M\267\345\300\262\251\302\306\27f\270\251!\330\260\227\374\323p\347\177\25.\3311\0\0\0\0\0\0\0\5\f\241y\346\276\376\267a\363a?\36\365|\250\222"..., 65536, 0) = 240
pread64(3</tmp/nia-publication-fault-4el264_7/case/store/objects/32/094e7c613fdb6dffb1f27d926b176f7fd8946b8c2cf3ca9e3b95cb91a1a8ca>, "", 65296, 240) = 0
pread64(3</tmp/nia-publication-fault-4el264_7/case/store/objects/32/094e7c613fdb6dffb1f27d926b176f7fd8946b8c2cf3ca9e3b95cb91a1a8ca>, "", 65536, 240) = 0
fsync(16</tmp/nia-publication-fault-4el264_7/case/store/incoming>) = 0
pread64(3</tmp/nia-publication-fault-4el264_7/case/store/objects/8e/e688345e1d9502ee8cd7277a453c30bfb77b947201beb3300e9df2b8ca321d>, "\0\0\0\0\0\0\0\10NIACSEL1\273\343\341b6\331$M\267\345\300\262\251\302\306\27f\270\251!\330\260\227\374\323p\347\177\25.\3311\0\0\0\0\0\0\0\1\f\241y\346\276\376\267a\363a?\36\365|\250\222\353\303\246\242(\334\243/\23\t\360\254\6\247\336~J6\366\353|\33#j"..., 65536, 0) = 152
pread64(3</tmp/nia-publication-fault-4el264_7/case/store/objects/8e/e688345e1d9502ee8cd7277a453c30bfb77b947201beb3300e9df2b8ca321d>, "", 65384, 152) = 0
pread64(3</tmp/nia-publication-fault-4el264_7/case/store/objects/8e/e688345e1d9502ee8cd7277a453c30bfb77b947201beb3300e9df2b8ca321d>, "", 65536, 152) = 0
pread64(3</tmp/nia-publication-fault-4el264_7/case/store/objects/8e/e688345e1d9502ee8cd7277a453c30bfb77b947201beb3300e9df2b8ca321d>, "\0\0\0\0\0\0\0\10NIACSEL1\273\343\341b6\331$M\267\345\300\262\251\302\306\27f\270\251!\330\260\227\374\323p\347\177\25.\3311\0\0\0\0\0\0\0\1\f\241y\346\276\376\267a\363a?\36\365|\250\222\353\303\246\242(\334\243/\23\t\360\254\6\247\336~J6\366\353|\33#j"..., 393272, 0) = 152
pread64(3</tmp/nia-publication-fault-4el264_7/case/store/objects/8e/e688345e1d9502ee8cd7277a453c30bfb77b947201beb3300e9df2b8ca321d>, "", 393120, 152) = 0
pread64(3</tmp/nia-publication-fault-4el264_7/case/store/objects/0c/a179e6befeb761f3613f1ef57ca892ebc3a6a228dca32f1309f0ac06a7de7e>, "!<arch>\ndebian-binary/  0           0     0     100644  4         `\n2.0\ncontrol.tar/    0       "..., 65536, 0) = 20672
pread64(3</tmp/nia-publication-fault-4el264_7/case/store/objects/0c/a179e6befeb761f3613f1ef57ca892ebc3a6a228dca32f1309f0ac06a7de7e>, "", 44864, 20672) = 0
pread64(3</tmp/nia-publication-fault-4el264_7/case/store/objects/0c/a179e6befeb761f3613f1ef57ca892ebc3a6a228dca32f1309f0ac06a7de7e>, "", 65536, 20672) = 0
pread64(3</tmp/nia-publication-fault-4el264_7/case/store/objects/0c/a179e6befeb761f3613f1ef57ca892ebc3a6a228dca32f1309f0ac06a7de7e>, "!<arch>\n", 8, 0) = 8
pread64(3</tmp/nia-publication-fault-4el264_7/case/store/objects/0c/a179e6befeb761f3613f1ef57ca892ebc3a6a228dca32f1309f0ac06a7de7e>, "debian-binary/  0           0     0     100644  4         `\n", 60, 8) = 60
pread64(3</tmp/nia-publication-fault-4el264_7/case/store/objects/0c/a179e6befeb761f3613f1ef57ca892ebc3a6a228dca32f1309f0ac06a7de7e>, "2.0\n", 4, 68) = 4
pread64(3</tmp/nia-publication-fault-4el264_7/case/store/objects/0c/a179e6befeb761f3613f1ef57ca892ebc3a6a228dca32f1309f0ac06a7de7e>, "2.0\n", 4, 68) = 4
pread64(3</tmp/nia-publication-fault-4el264_7/case/store/objects/0c/a179e6befeb761f3613f1ef57ca892ebc3a6a228dca32f1309f0ac06a7de7e>, "control.tar/    0           0     0     100644  10240     `\n", 60, 72) = 60
pread64(3</tmp/nia-publication-fault-4el264_7/case/store/objects/0c/a179e6befeb761f3613f1ef57ca892ebc3a6a228dca32f1309f0ac06a7de7e>, "./control\0\0\0\0\0\0\0\0\0\0\0\0\0\0\0\0\0\0\0\0\0\0\0\0\0\0\0\0\0\0\0\0\0\0\0\0\0\0\0\0\0\0\0\0\0\0\0\0\0\0\0\0\0\0\0\0\0\0\0\0\0\0\0\0\0\0\0\0\0\0\0\0\0\0\0\0\0\0\0\0\0\0\0\0\0\0\0"..., 10240, 132) = 10240
pread64(3</tmp/nia-publication-fault-4el264_7/case/store/objects/0c/a179e6befeb761f3613f1ef57ca892ebc3a6a228dca32f1309f0ac06a7de7e>, "data.tar/       0           0     0     100644  10240     `\n", 60, 10372) = 60
pread64(3</tmp/nia-publication-fault-4el264_7/case/store/objects/0c/a179e6befeb761f3613f1ef57ca892ebc3a6a228dca32f1309f0ac06a7de7e>, "\0\0\0\0\0\0\0\0\0\0\0\0\0\0\0\0\0\0\0\0\0\0\0\0\0\0\0\0\0\0\0\0\0\0\0\0\0\0\0\0\0\0\0\0\0\0\0\0\0\0\0\0\0\0\0\0\0\0\0\0\0\0\0\0\0\0\0\0\0\0\0\0\0\0\0\0\0\0\0\0\0\0\0\0\0\0\0\0\0\0\0\0\0\0\0\0"..., 10240, 10432) = 10240
pread64(3</tmp/nia-publication-fault-4el264_7/case/store/objects/0c/a179e6befeb761f3613f1ef57ca892ebc3a6a228dca32f1309f0ac06a7de7e>, "!<arch>\ndebian-binary/  0           0     0     100644  4         `\n2.0\ncontrol.tar/    0       "..., 65536, 0) = 20672
pread64(3</tmp/nia-publication-fault-4el264_7/case/store/objects/0c/a179e6befeb761f3613f1ef57ca892ebc3a6a228dca32f1309f0ac06a7de7e>, "", 44864, 20672) = 0
pread64(3</tmp/nia-publication-fault-4el264_7/case/store/objects/0c/a179e6befeb761f3613f1ef57ca892ebc3a6a228dca32f1309f0ac06a7de7e>, "", 65536, 20672) = 0
pread64(3</tmp/nia-publication-fault-4el264_7/case/store/objects/0c/a179e6befeb761f3613f1ef57ca892ebc3a6a228dca32f1309f0ac06a7de7e>, "!<arch>\n", 8, 0) = 8
pread64(3</tmp/nia-publication-fault-4el264_7/case/store/objects/0c/a179e6befeb761f3613f1ef57ca892ebc3a6a228dca32f1309f0ac06a7de7e>, "debian-binary/  0           0     0     100644  4         `\n", 60, 8) = 60
pread64(3</tmp/nia-publication-fault-4el264_7/case/store/objects/0c/a179e6befeb761f3613f1ef57ca892ebc3a6a228dca32f1309f0ac06a7de7e>, "2.0\n", 4, 68) = 4
pread64(3</tmp/nia-publication-fault-4el264_7/case/store/objects/0c/a179e6befeb761f3613f1ef57ca892ebc3a6a228dca32f1309f0ac06a7de7e>, "2.0\n", 4, 68) = 4
pread64(3</tmp/nia-publication-fault-4el264_7/case/store/objects/0c/a179e6befeb761f3613f1ef57ca892ebc3a6a228dca32f1309f0ac06a7de7e>, "control.tar/    0           0     0     100644  10240     `\n", 60, 72) = 60
pread64(3</tmp/nia-publication-fault-4el264_7/case/store/objects/0c/a179e6befeb761f3613f1ef57ca892ebc3a6a228dca32f1309f0ac06a7de7e>, "./control\0\0\0\0\0\0\0\0\0\0\0\0\0\0\0\0\0\0\0\0\0\0\0\0\0\0\0\0\0\0\0\0\0\0\0\0\0\0\0\0\0\0\0\0\0\0\0\0\0\0\0\0\0\0\0\0\0\0\0\0\0\0\0\0\0\0\0\0\0\0\0\0\0\0\0\0\0\0\0\0\0\0\0\0\0\0\0"..., 10240, 132) = 10240
pread64(3</tmp/nia-publication-fault-4el264_7/case/store/objects/0c/a179e6befeb761f3613f1ef57ca892ebc3a6a228dca32f1309f0ac06a7de7e>, "data.tar/       0           0     0     100644  10240     `\n", 60, 10372) = 60
pread64(3</tmp/nia-publication-fault-4el264_7/case/store/objects/0c/a179e6befeb761f3613f1ef57ca892ebc3a6a228dca32f1309f0ac06a7de7e>, "\0\0\0\0\0\0\0\0\0\0\0\0\0\0\0\0\0\0\0\0\0\0\0\0\0\0\0\0\0\0\0\0\0\0\0\0\0\0\0\0\0\0\0\0\0\0\0\0\0\0\0\0\0\0\0\0\0\0\0\0\0\0\0\0\0\0\0\0\0\0\0\0\0\0\0\0\0\0\0\0\0\0\0\0\0\0\0\0\0\0\0\0\0\0\0\0"..., 10240, 10432) = 10240
fsync(17</tmp/nia-publication-fault-4el264_7/case/store/incoming>) = 0
pread64(3</tmp/nia-publication-fault-4el264_7/case/store/objects/0c/a179e6befeb761f3613f1ef57ca892ebc3a6a228dca32f1309f0ac06a7de7e>, "\0\0\0\0\0\0\0\0\0\0\0\0\0\0\0\0\0\0\0\0\0\0\0\0\0\0\0\0\0\0\0\0\0\0\0\0\0\0\0\0\0\0\0\0\0\0\0\0\0\0\0\0\0\0\0\0\0\0\0\0\0\0\0\0\0\0\0\0\0\0\0\0\0\0\0\0\0\0\0\0\0\0\0\0\0\0\0\0\0\0\0\0\0\0\0\0"..., 10240, 10432) = 10240
write(16</tmp/nia-publication-fault-4el264_7/case/store/incoming/80a08154c0092eef7c140976c03be3bb>, "\0\0\0\0\0\0\0\0\0\0\0\0\0\0\0\0\0\0\0\0\0\0\0\0\0\0\0\0\0\0\0\0\0\0\0\0\0\0\0\0\0\0\0\0\0\0\0\0\0\0\0\0\0\0\0\0\0\0\0\0\0\0\0\0\0\0\0\0\0\0\0\0\0\0\0\0\0\0\0\0\0\0\0\0\0\0\0\0\0\0\0\0\0\0\0\0"..., 10240) = 10240
fsync(16</tmp/nia-publication-fault-4el264_7/case/store/incoming/80a08154c0092eef7c140976c03be3bb>) = 0
renameat2(17</tmp/nia-publication-fault-4el264_7/case/store/incoming>, "80a08154c0092eef7c140976c03be3bb", 16</tmp/nia-publication-fault-4el264_7/case/store/objects/84>, "ff92691f909a05b224e1c56abb4864f01b4f8e3c854e4bb4c7baf1d3f6d652", RENAME_NOREPLACE) = -1 EEXIST (File exists)
pread64(16</tmp/nia-publication-fault-4el264_7/case/store/objects/84/ff92691f909a05b224e1c56abb4864f01b4f8e3c854e4bb4c7baf1d3f6d652>, "\0\0\0\0\0\0\0\0\0\0\0\0\0\0\0\0\0\0\0\0\0\0\0\0\0\0\0\0\0\0\0\0\0\0\0\0\0\0\0\0\0\0\0\0\0\0\0\0\0\0\0\0\0\0\0\0\0\0\0\0\0\0\0\0\0\0\0\0\0\0\0\0\0\0\0\0\0\0\0\0\0\0\0\0\0\0\0\0\0\0\0\0\0\0\0\0"..., 65536, 0) = 10240
pread64(16</tmp/nia-publication-fault-4el264_7/case/store/objects/84/ff92691f909a05b224e1c56abb4864f01b4f8e3c854e4bb4c7baf1d3f6d652>, "", 55296, 10240) = 0
pread64(16</tmp/nia-publication-fault-4el264_7/case/store/objects/84/ff92691f909a05b224e1c56abb4864f01b4f8e3c854e4bb4c7baf1d3f6d652>, "", 65536, 10240) = 0
fsync(17</tmp/nia-publication-fault-4el264_7/case/store/incoming>) = 0
pread64(3</tmp/nia-publication-fault-4el264_7/case/store/objects/84/ff92691f909a05b224e1c56abb4864f01b4f8e3c854e4bb4c7baf1d3f6d652>, "\0\0\0\0\0\0\0\0\0\0\0\0\0\0\0\0\0\0\0\0\0\0\0\0\0\0\0\0\0\0\0\0\0\0\0\0\0\0\0\0\0\0\0\0\0\0\0\0\0\0\0\0\0\0\0\0\0\0\0\0\0\0\0\0\0\0\0\0\0\0\0\0\0\0\0\0\0\0\0\0\0\0\0\0\0\0\0\0\0\0\0\0\0\0\0\0"..., 65536, 0) = 10240
pread64(3</tmp/nia-publication-fault-4el264_7/case/store/objects/84/ff92691f909a05b224e1c56abb4864f01b4f8e3c854e4bb4c7baf1d3f6d652>, "", 55296, 10240) = 0
pread64(3</tmp/nia-publication-fault-4el264_7/case/store/objects/84/ff92691f909a05b224e1c56abb4864f01b4f8e3c854e4bb4c7baf1d3f6d652>, "", 65536, 10240) = 0
pread64(3</tmp/nia-publication-fault-4el264_7/case/store/objects/84/ff92691f909a05b224e1c56abb4864f01b4f8e3c854e4bb4c7baf1d3f6d652>, "\0\0\0\0\0\0\0\0\0\0\0\0\0\0\0\0\0\0\0\0\0\0\0\0\0\0\0\0\0\0\0\0\0\0\0\0\0\0\0\0\0\0\0\0\0\0\0\0\0\0\0\0\0\0\0\0\0\0\0\0\0\0\0\0\0\0\0\0\0\0\0\0\0\0\0\0\0\0\0\0\0\0\0\0\0\0\0\0\0\0\0\0\0\0\0\0"..., 10240, 0) = 10240
fsync(17</tmp/nia-publication-fault-4el264_7/case/store/incoming>) = 0
pread64(3</tmp/nia-publication-fault-4el264_7/case/store/objects/84/ff92691f909a05b224e1c56abb4864f01b4f8e3c854e4bb4c7baf1d3f6d652>, "\0\0\0\0\0\0\0\0\0\0\0\0\0\0\0\0\0\0\0\0\0\0\0\0\0\0\0\0\0\0\0\0\0\0\0\0\0\0\0\0\0\0\0\0\0\0\0\0\0\0\0\0\0\0\0\0\0\0\0\0\0\0\0\0\0\0\0\0\0\0\0\0\0\0\0\0\0\0\0\0\0\0\0\0\0\0\0\0\0\0\0\0\0\0\0\0"..., 10240, 0) = 10240
write(16</tmp/nia-publication-fault-4el264_7/case/store/incoming/cc93c52542c6b1b3391772ee321dd5e8>, "\0\0\0\0\0\0\0\0\0\0\0\0\0\0\0\0\0\0\0\0\0\0\0\0\0\0\0\0\0\0\0\0\0\0\0\0\0\0\0\0\0\0\0\0\0\0\0\0\0\0\0\0\0\0\0\0\0\0\0\0\0\0\0\0\0\0\0\0\0\0\0\0\0\0\0\0\0\0\0\0\0\0\0\0\0\0\0\0\0\0\0\0\0\0\0\0"..., 10240) = 10240
fsync(16</tmp/nia-publication-fault-4el264_7/case/store/incoming/cc93c52542c6b1b3391772ee321dd5e8>) = 0
renameat2(17</tmp/nia-publication-fault-4el264_7/case/store/incoming>, "cc93c52542c6b1b3391772ee321dd5e8", 16</tmp/nia-publication-fault-4el264_7/case/store/objects/84>, "ff92691f909a05b224e1c56abb4864f01b4f8e3c854e4bb4c7baf1d3f6d652", RENAME_NOREPLACE) = -1 EEXIST (File exists)
pread64(16</tmp/nia-publication-fault-4el264_7/case/store/objects/84/ff92691f909a05b224e1c56abb4864f01b4f8e3c854e4bb4c7baf1d3f6d652>, "\0\0\0\0\0\0\0\0\0\0\0\0\0\0\0\0\0\0\0\0\0\0\0\0\0\0\0\0\0\0\0\0\0\0\0\0\0\0\0\0\0\0\0\0\0\0\0\0\0\0\0\0\0\0\0\0\0\0\0\0\0\0\0\0\0\0\0\0\0\0\0\0\0\0\0\0\0\0\0\0\0\0\0\0\0\0\0\0\0\0\0\0\0\0\0\0"..., 65536, 0) = 10240
pread64(16</tmp/nia-publication-fault-4el264_7/case/store/objects/84/ff92691f909a05b224e1c56abb4864f01b4f8e3c854e4bb4c7baf1d3f6d652>, "", 55296, 10240) = 0
pread64(16</tmp/nia-publication-fault-4el264_7/case/store/objects/84/ff92691f909a05b224e1c56abb4864f01b4f8e3c854e4bb4c7baf1d3f6d652>, "", 65536, 10240) = 0
fsync(17</tmp/nia-publication-fault-4el264_7/case/store/incoming>) = 0
pread64(3</tmp/nia-publication-fault-4el264_7/case/store/objects/84/ff92691f909a05b224e1c56abb4864f01b4f8e3c854e4bb4c7baf1d3f6d652>, "\0\0\0\0\0\0\0\0\0\0\0\0\0\0\0\0\0\0\0\0\0\0\0\0\0\0\0\0\0\0\0\0\0\0\0\0\0\0\0\0\0\0\0\0\0\0\0\0\0\0\0\0\0\0\0\0\0\0\0\0\0\0\0\0\0\0\0\0\0\0\0\0\0\0\0\0\0\0\0\0\0\0\0\0\0\0\0\0\0\0\0\0\0\0\0\0"..., 65536, 0) = 10240
pread64(3</tmp/nia-publication-fault-4el264_7/case/store/objects/84/ff92691f909a05b224e1c56abb4864f01b4f8e3c854e4bb4c7baf1d3f6d652>, "", 55296, 10240) = 0
pread64(3</tmp/nia-publication-fault-4el264_7/case/store/objects/84/ff92691f909a05b224e1c56abb4864f01b4f8e3c854e4bb4c7baf1d3f6d652>, "", 65536, 10240) = 0
pread64(3</tmp/nia-publication-fault-4el264_7/case/store/objects/84/ff92691f909a05b224e1c56abb4864f01b4f8e3c854e4bb4c7baf1d3f6d652>, "\0\0\0\0\0\0\0\0\0\0\0\0\0\0\0\0\0\0\0\0\0\0\0\0\0\0\0\0\0\0\0\0\0\0\0\0\0\0\0\0\0\0\0\0\0\0\0\0\0\0\0\0\0\0\0\0\0\0\0\0\0\0\0\0\0\0\0\0\0\0\0\0\0\0\0\0\0\0\0\0\0\0\0\0\0\0\0\0\0\0\0\0\0\0\0\0"..., 512, 0) = 512
pread64(3</tmp/nia-publication-fault-4el264_7/case/store/objects/84/ff92691f909a05b224e1c56abb4864f01b4f8e3c854e4bb4c7baf1d3f6d652>, "\0\0\0\0\0\0\0\0\0\0\0\0\0\0\0\0\0\0\0\0\0\0\0\0\0\0\0\0\0\0\0\0\0\0\0\0\0\0\0\0\0\0\0\0\0\0\0\0\0\0\0\0\0\0\0\0\0\0\0\0\0\0\0\0\0\0\0\0\0\0\0\0\0\0\0\0\0\0\0\0\0\0\0\0\0\0\0\0\0\0\0\0\0\0\0\0"..., 9728, 512) = 9728
pread64(3</tmp/nia-publication-fault-4el264_7/case/store/objects/0c/a179e6befeb761f3613f1ef57ca892ebc3a6a228dca32f1309f0ac06a7de7e>, "!<arch>\ndebian-binary/  0           0     0     100644  4         `\n2.0\ncontrol.tar/    0       "..., 65536, 0) = 20672
pread64(3</tmp/nia-publication-fault-4el264_7/case/store/objects/0c/a179e6befeb761f3613f1ef57ca892ebc3a6a228dca32f1309f0ac06a7de7e>, "", 44864, 20672) = 0
pread64(3</tmp/nia-publication-fault-4el264_7/case/store/objects/0c/a179e6befeb761f3613f1ef57ca892ebc3a6a228dca32f1309f0ac06a7de7e>, "", 65536, 20672) = 0
pread64(3</tmp/nia-publication-fault-4el264_7/case/store/objects/0c/a179e6befeb761f3613f1ef57ca892ebc3a6a228dca32f1309f0ac06a7de7e>, "!<arch>\n", 8, 0) = 8
pread64(3</tmp/nia-publication-fault-4el264_7/case/store/objects/0c/a179e6befeb761f3613f1ef57ca892ebc3a6a228dca32f1309f0ac06a7de7e>, "debian-binary/  0           0     0     100644  4         `\n", 60, 8) = 60
pread64(3</tmp/nia-publication-fault-4el264_7/case/store/objects/0c/a179e6befeb761f3613f1ef57ca892ebc3a6a228dca32f1309f0ac06a7de7e>, "2.0\n", 4, 68) = 4
pread64(3</tmp/nia-publication-fault-4el264_7/case/store/objects/0c/a179e6befeb761f3613f1ef57ca892ebc3a6a228dca32f1309f0ac06a7de7e>, "2.0\n", 4, 68) = 4
pread64(3</tmp/nia-publication-fault-4el264_7/case/store/objects/0c/a179e6befeb761f3613f1ef57ca892ebc3a6a228dca32f1309f0ac06a7de7e>, "control.tar/    0           0     0     100644  10240     `\n", 60, 72) = 60
pread64(3</tmp/nia-publication-fault-4el264_7/case/store/objects/0c/a179e6befeb761f3613f1ef57ca892ebc3a6a228dca32f1309f0ac06a7de7e>, "./control\0\0\0\0\0\0\0\0\0\0\0\0\0\0\0\0\0\0\0\0\0\0\0\0\0\0\0\0\0\0\0\0\0\0\0\0\0\0\0\0\0\0\0\0\0\0\0\0\0\0\0\0\0\0\0\0\0\0\0\0\0\0\0\0\0\0\0\0\0\0\0\0\0\0\0\0\0\0\0\0\0\0\0\0\0\0\0"..., 10240, 132) = 10240
pread64(3</tmp/nia-publication-fault-4el264_7/case/store/objects/0c/a179e6befeb761f3613f1ef57ca892ebc3a6a228dca32f1309f0ac06a7de7e>, "data.tar/       0           0     0     100644  10240     `\n", 60, 10372) = 60
pread64(3</tmp/nia-publication-fault-4el264_7/case/store/objects/0c/a179e6befeb761f3613f1ef57ca892ebc3a6a228dca32f1309f0ac06a7de7e>, "\0\0\0\0\0\0\0\0\0\0\0\0\0\0\0\0\0\0\0\0\0\0\0\0\0\0\0\0\0\0\0\0\0\0\0\0\0\0\0\0\0\0\0\0\0\0\0\0\0\0\0\0\0\0\0\0\0\0\0\0\0\0\0\0\0\0\0\0\0\0\0\0\0\0\0\0\0\0\0\0\0\0\0\0\0\0\0\0\0\0\0\0\0\0\0\0"..., 10240, 10432) = 10240
pread64(3</tmp/nia-publication-fault-4el264_7/case/store/objects/0c/a179e6befeb761f3613f1ef57ca892ebc3a6a228dca32f1309f0ac06a7de7e>, "!<arch>\ndebian-binary/  0           0     0     100644  4         `\n2.0\ncontrol.tar/    0       "..., 65536, 0) = 20672
pread64(3</tmp/nia-publication-fault-4el264_7/case/store/objects/0c/a179e6befeb761f3613f1ef57ca892ebc3a6a228dca32f1309f0ac06a7de7e>, "", 44864, 20672) = 0
pread64(3</tmp/nia-publication-fault-4el264_7/case/store/objects/0c/a179e6befeb761f3613f1ef57ca892ebc3a6a228dca32f1309f0ac06a7de7e>, "", 65536, 20672) = 0
pread64(3</tmp/nia-publication-fault-4el264_7/case/store/objects/0c/a179e6befeb761f3613f1ef57ca892ebc3a6a228dca32f1309f0ac06a7de7e>, "!<arch>\n", 8, 0) = 8
pread64(3</tmp/nia-publication-fault-4el264_7/case/store/objects/0c/a179e6befeb761f3613f1ef57ca892ebc3a6a228dca32f1309f0ac06a7de7e>, "debian-binary/  0           0     0     100644  4         `\n", 60, 8) = 60
pread64(3</tmp/nia-publication-fault-4el264_7/case/store/objects/0c/a179e6befeb761f3613f1ef57ca892ebc3a6a228dca32f1309f0ac06a7de7e>, "2.0\n", 4, 68) = 4
pread64(3</tmp/nia-publication-fault-4el264_7/case/store/objects/0c/a179e6befeb761f3613f1ef57ca892ebc3a6a228dca32f1309f0ac06a7de7e>, "2.0\n", 4, 68) = 4
pread64(3</tmp/nia-publication-fault-4el264_7/case/store/objects/0c/a179e6befeb761f3613f1ef57ca892ebc3a6a228dca32f1309f0ac06a7de7e>, "control.tar/    0           0     0     100644  10240     `\n", 60, 72) = 60
pread64(3</tmp/nia-publication-fault-4el264_7/case/store/objects/0c/a179e6befeb761f3613f1ef57ca892ebc3a6a228dca32f1309f0ac06a7de7e>, "./control\0\0\0\0\0\0\0\0\0\0\0\0\0\0\0\0\0\0\0\0\0\0\0\0\0\0\0\0\0\0\0\0\0\0\0\0\0\0\0\0\0\0\0\0\0\0\0\0\0\0\0\0\0\0\0\0\0\0\0\0\0\0\0\0\0\0\0\0\0\0\0\0\0\0\0\0\0\0\0\0\0\0\0\0\0\0\0"..., 10240, 132) = 10240
pread64(3</tmp/nia-publication-fault-4el264_7/case/store/objects/0c/a179e6befeb761f3613f1ef57ca892ebc3a6a228dca32f1309f0ac06a7de7e>, "data.tar/       0           0     0     100644  10240     `\n", 60, 10372) = 60
pread64(3</tmp/nia-publication-fault-4el264_7/case/store/objects/0c/a179e6befeb761f3613f1ef57ca892ebc3a6a228dca32f1309f0ac06a7de7e>, "\0\0\0\0\0\0\0\0\0\0\0\0\0\0\0\0\0\0\0\0\0\0\0\0\0\0\0\0\0\0\0\0\0\0\0\0\0\0\0\0\0\0\0\0\0\0\0\0\0\0\0\0\0\0\0\0\0\0\0\0\0\0\0\0\0\0\0\0\0\0\0\0\0\0\0\0\0\0\0\0\0\0\0\0\0\0\0\0\0\0\0\0\0\0\0\0"..., 10240, 10432) = 10240
fsync(17</tmp/nia-publication-fault-4el264_7/case/store/incoming>) = 0
pread64(3</tmp/nia-publication-fault-4el264_7/case/store/objects/0c/a179e6befeb761f3613f1ef57ca892ebc3a6a228dca32f1309f0ac06a7de7e>, "./control\0\0\0\0\0\0\0\0\0\0\0\0\0\0\0\0\0\0\0\0\0\0\0\0\0\0\0\0\0\0\0\0\0\0\0\0\0\0\0\0\0\0\0\0\0\0\0\0\0\0\0\0\0\0\0\0\0\0\0\0\0\0\0\0\0\0\0\0\0\0\0\0\0\0\0\0\0\0\0\0\0\0\0\0\0\0\0"..., 10240, 132) = 10240
write(16</tmp/nia-publication-fault-4el264_7/case/store/incoming/7f5675990d750d16b7e94dc66a6ba78d>, "./control\0\0\0\0\0\0\0\0\0\0\0\0\0\0\0\0\0\0\0\0\0\0\0\0\0\0\0\0\0\0\0\0\0\0\0\0\0\0\0\0\0\0\0\0\0\0\0\0\0\0\0\0\0\0\0\0\0\0\0\0\0\0\0\0\0\0\0\0\0\0\0\0\0\0\0\0\0\0\0\0\0\0\0\0\0\0\0"..., 10240) = 10240
fsync(16</tmp/nia-publication-fault-4el264_7/case/store/incoming/7f5675990d750d16b7e94dc66a6ba78d>) = 0
renameat2(17</tmp/nia-publication-fault-4el264_7/case/store/incoming>, "7f5675990d750d16b7e94dc66a6ba78d", 16</tmp/nia-publication-fault-4el264_7/case/store/objects/4a>, "36f6eb7c1b236ab6cb28ddb882919e888bf393dfc00d93008ad6730697f8f7", RENAME_NOREPLACE) = -1 EEXIST (File exists)
pread64(16</tmp/nia-publication-fault-4el264_7/case/store/objects/4a/36f6eb7c1b236ab6cb28ddb882919e888bf393dfc00d93008ad6730697f8f7>, "./control\0\0\0\0\0\0\0\0\0\0\0\0\0\0\0\0\0\0\0\0\0\0\0\0\0\0\0\0\0\0\0\0\0\0\0\0\0\0\0\0\0\0\0\0\0\0\0\0\0\0\0\0\0\0\0\0\0\0\0\0\0\0\0\0\0\0\0\0\0\0\0\0\0\0\0\0\0\0\0\0\0\0\0\0\0\0\0"..., 65536, 0) = 10240
pread64(16</tmp/nia-publication-fault-4el264_7/case/store/objects/4a/36f6eb7c1b236ab6cb28ddb882919e888bf393dfc00d93008ad6730697f8f7>, "", 55296, 10240) = 0
pread64(16</tmp/nia-publication-fault-4el264_7/case/store/objects/4a/36f6eb7c1b236ab6cb28ddb882919e888bf393dfc00d93008ad6730697f8f7>, "", 65536, 10240) = 0
fsync(17</tmp/nia-publication-fault-4el264_7/case/store/incoming>) = 0
pread64(3</tmp/nia-publication-fault-4el264_7/case/store/objects/4a/36f6eb7c1b236ab6cb28ddb882919e888bf393dfc00d93008ad6730697f8f7>, "./control\0\0\0\0\0\0\0\0\0\0\0\0\0\0\0\0\0\0\0\0\0\0\0\0\0\0\0\0\0\0\0\0\0\0\0\0\0\0\0\0\0\0\0\0\0\0\0\0\0\0\0\0\0\0\0\0\0\0\0\0\0\0\0\0\0\0\0\0\0\0\0\0\0\0\0\0\0\0\0\0\0\0\0\0\0\0\0"..., 65536, 0) = 10240
pread64(3</tmp/nia-publication-fault-4el264_7/case/store/objects/4a/36f6eb7c1b236ab6cb28ddb882919e888bf393dfc00d93008ad6730697f8f7>, "", 55296, 10240) = 0
pread64(3</tmp/nia-publication-fault-4el264_7/case/store/objects/4a/36f6eb7c1b236ab6cb28ddb882919e888bf393dfc00d93008ad6730697f8f7>, "", 65536, 10240) = 0
pread64(3</tmp/nia-publication-fault-4el264_7/case/store/objects/4a/36f6eb7c1b236ab6cb28ddb882919e888bf393dfc00d93008ad6730697f8f7>, "./control\0\0\0\0\0\0\0\0\0\0\0\0\0\0\0\0\0\0\0\0\0\0\0\0\0\0\0\0\0\0\0\0\0\0\0\0\0\0\0\0\0\0\0\0\0\0\0\0\0\0\0\0\0\0\0\0\0\0\0\0\0\0\0\0\0\0\0\0\0\0\0\0\0\0\0\0\0\0\0\0\0\0\0\0\0\0\0"..., 10240, 0) = 10240
fsync(17</tmp/nia-publication-fault-4el264_7/case/store/incoming>) = 0
write(16</tmp/nia-publication-fault-4el264_7/case/store/incoming/74268cf2bba8d43510a92314394d32f6>, "Package: empty-package\nVersion: 1\nArchitecture: all\nMaintainer: Fixture <fixture@example.invalid"..., 149) = 149
fsync(16</tmp/nia-publication-fault-4el264_7/case/store/incoming/74268cf2bba8d43510a92314394d32f6>) = 0
renameat2(17</tmp/nia-publication-fault-4el264_7/case/store/incoming>, "74268cf2bba8d43510a92314394d32f6", 16</tmp/nia-publication-fault-4el264_7/case/store/objects/a3>, "1a856f430af395bccd7eb2f142b11ad3ae0fc5daf3acc4ffb341c48a5abd39", RENAME_NOREPLACE) = -1 EEXIST (File exists)
pread64(16</tmp/nia-publication-fault-4el264_7/case/store/objects/a3/1a856f430af395bccd7eb2f142b11ad3ae0fc5daf3acc4ffb341c48a5abd39>, "Package: empty-package\nVersion: 1\nArchitecture: all\nMaintainer: Fixture <fixture@example.invalid"..., 65536, 0) = 149
pread64(16</tmp/nia-publication-fault-4el264_7/case/store/objects/a3/1a856f430af395bccd7eb2f142b11ad3ae0fc5daf3acc4ffb341c48a5abd39>, "", 65387, 149) = 0
pread64(16</tmp/nia-publication-fault-4el264_7/case/store/objects/a3/1a856f430af395bccd7eb2f142b11ad3ae0fc5daf3acc4ffb341c48a5abd39>, "", 65536, 149) = 0
fsync(17</tmp/nia-publication-fault-4el264_7/case/store/incoming>) = 0
pread64(3</tmp/nia-publication-fault-4el264_7/case/store/objects/a3/1a856f430af395bccd7eb2f142b11ad3ae0fc5daf3acc4ffb341c48a5abd39>, "Package: empty-package\nVersion: 1\nArchitecture: all\nMaintainer: Fixture <fixture@example.invalid"..., 65536, 0) = 149
pread64(3</tmp/nia-publication-fault-4el264_7/case/store/objects/a3/1a856f430af395bccd7eb2f142b11ad3ae0fc5daf3acc4ffb341c48a5abd39>, "", 65387, 149) = 0
pread64(3</tmp/nia-publication-fault-4el264_7/case/store/objects/a3/1a856f430af395bccd7eb2f142b11ad3ae0fc5daf3acc4ffb341c48a5abd39>, "", 65536, 149) = 0
pread64(3</tmp/nia-publication-fault-4el264_7/case/store/objects/a3/1a856f430af395bccd7eb2f142b11ad3ae0fc5daf3acc4ffb341c48a5abd39>, "Package: empty-package\nVersion: 1\nArchitecture: all\nMaintainer: Fixture <fixture@example.invalid"..., 16777216, 0) = 149
pread64(3</tmp/nia-publication-fault-4el264_7/case/store/objects/a3/1a856f430af395bccd7eb2f142b11ad3ae0fc5daf3acc4ffb341c48a5abd39>, "", 16777067, 149) = 0
pread64(3</tmp/nia-publication-fault-4el264_7/case/store/objects/a3/1a856f430af395bccd7eb2f142b11ad3ae0fc5daf3acc4ffb341c48a5abd39>, "Package: empty-package\nVersion: 1\nArchitecture: all\nMaintainer: Fixture <fixture@example.invalid"..., 65536, 0) = 149
pread64(3</tmp/nia-publication-fault-4el264_7/case/store/objects/a3/1a856f430af395bccd7eb2f142b11ad3ae0fc5daf3acc4ffb341c48a5abd39>, "", 65387, 149) = 0
pread64(3</tmp/nia-publication-fault-4el264_7/case/store/objects/a3/1a856f430af395bccd7eb2f142b11ad3ae0fc5daf3acc4ffb341c48a5abd39>, "", 65536, 149) = 0
pread64(3</tmp/nia-publication-fault-4el264_7/case/store/objects/a3/1a856f430af395bccd7eb2f142b11ad3ae0fc5daf3acc4ffb341c48a5abd39>, "Package: empty-package\nVersion: 1\nArchitecture: all\nMaintainer: Fixture <fixture@example.invalid"..., 16777216, 0) = 149
pread64(3</tmp/nia-publication-fault-4el264_7/case/store/objects/a3/1a856f430af395bccd7eb2f142b11ad3ae0fc5daf3acc4ffb341c48a5abd39>, "", 16777067, 149) = 0
pread64(3</tmp/nia-publication-fault-4el264_7/case/store/objects/7c/28b05decc8f6bb33b6cf0f646c5af5aa8055e00a4cf6da1a746bd63b1d1ef2>, "MCPLAN02\37\37\37\37\37\37\37\37\37\37\37\37\37\37\37\37================\0\0\0\0\0\0\0\0\0\0\0\0\0\0\0\1\0\0\0\0\0\0\0\1\0\0\0\0\0\0\0\2\216\346\2104^\35\225\2\356\214\327'zE<0\277\267{\224r\1\276\263"..., 65536, 0) = 467
pread64(3</tmp/nia-publication-fault-4el264_7/case/store/objects/7c/28b05decc8f6bb33b6cf0f646c5af5aa8055e00a4cf6da1a746bd63b1d1ef2>, "", 65069, 467) = 0
pread64(3</tmp/nia-publication-fault-4el264_7/case/store/objects/7c/28b05decc8f6bb33b6cf0f646c5af5aa8055e00a4cf6da1a746bd63b1d1ef2>, "", 65536, 467) = 0
pread64(3</tmp/nia-publication-fault-4el264_7/case/store/objects/7c/28b05decc8f6bb33b6cf0f646c5af5aa8055e00a4cf6da1a746bd63b1d1ef2>, "MCPLAN02\37\37\37\37\37\37\37\37\37\37\37\37\37\37\37\37================\0\0\0\0\0\0\0\0\0\0\0\0\0\0\0\1\0\0\0\0\0\0\0\1\0\0\0\0\0\0\0\2\216\346\2104^\35\225\2\356\214\327'zE<0\277\267{\224r\1\276\263"..., 4500000, 0) = 467
pread64(3</tmp/nia-publication-fault-4el264_7/case/store/objects/7c/28b05decc8f6bb33b6cf0f646c5af5aa8055e00a4cf6da1a746bd63b1d1ef2>, "", 4499533, 467) = 0
pread64(3</tmp/nia-publication-fault-4el264_7/case/store/pins/3d3d3d3d3d3d3d3d3d3d3d3d3d3d3d3d>, "|(\260]\354\310\366\2733\266\317\17dlZ\365\252\200U\340\nL\366\332\32tk\326;\35\36\362", 33, 0) = 32
pread64(3</tmp/nia-publication-fault-4el264_7/case/store/pins/3d3d3d3d3d3d3d3d3d3d3d3d3d3d3d3d>, "", 1, 32) = 0
fsync(3</tmp/nia-publication-fault-4el264_7/case/state>) = 0
pread64(16</tmp/nia-publication-fault-4el264_7/case/state/tx-3d3d3d3d3d3d3d3d3d3d3d3d3d3d3d3d.log>, "MCLOG002\0\0\0\0\0\0\0\1\0\1\0\0\0\0\0\0\37\37\37\37\37\37\37\37\37\37\37\37\37\37\37\37================\0\0\0\0\0\0\0\1\0\0\0\0\0\0\0\2\0\0\0\0\0\0\0\0\0\0\0\0\0\0\0\1|(\260]\354\310\366\273"..., 256, 0) = 256
pread64(16</tmp/nia-publication-fault-4el264_7/case/state/tx-3d3d3d3d3d3d3d3d3d3d3d3d3d3d3d3d.log>, "MCLOG002\0\0\0\0\0\0\0\2\0\2\0\0\0\0\0\0\37\37\37\37\37\37\37\37\37\37\37\37\37\37\37\37================\0\0\0\0\0\0\0\1\0\0\0\0\0\0\0\2\0\0\0\0\0\0\0\1\0\0\0\0\0\0\0\1|(\260]\354\310\366\273"..., 256, 256) = 256
pread64(16</tmp/nia-publication-fault-4el264_7/case/state/tx-3d3d3d3d3d3d3d3d3d3d3d3d3d3d3d3d.log>, "MCLOG002\0\0\0\0\0\0\0\3\0\3\0\0\0\0\0\0\37\37\37\37\37\37\37\37\37\37\37\37\37\37\37\37================\0\0\0\0\0\0\0\1\0\0\0\0\0\0\0\2\0\0\0\0\0\0\0\1\0\0\0\0\0\0\0\1|(\260]\354\310\366\273"..., 256, 512) = 256
pread64(16</tmp/nia-publication-fault-4el264_7/case/state/tx-3d3d3d3d3d3d3d3d3d3d3d3d3d3d3d3d.log>, "MCLOG002\0\0\0\0\0\0\0\4\0\4\0\0\0\0\0\0\37\37\37\37\37\37\37\37\37\37\37\37\37\37\37\37================\0\0\0\0\0\0\0\1\0\0\0\0\0\0\0\2\0\0\0\0\0\0\0\0\0\0\0\0\0\0\0\1|(\260]\354\310\366\273"..., 256, 768) = 256
pread64(16</tmp/nia-publication-fault-4el264_7/case/state/tx-3d3d3d3d3d3d3d3d3d3d3d3d3d3d3d3d.log>, "MCLOG002\0\0\0\0\0\0\0\1\0\1\0\0\0\0\0\0\37\37\37\37\37\37\37\37\37\37\37\37\37\37\37\37================\0\0\0\0\0\0\0\1\0\0\0\0\0\0\0\2\0\0\0\0\0\0\0\0\0\0\0\0\0\0\0\1|(\260]\354\310\366\273"..., 256, 0) = 256
pread64(16</tmp/nia-publication-fault-4el264_7/case/state/tx-3d3d3d3d3d3d3d3d3d3d3d3d3d3d3d3d.log>, "MCLOG002\0\0\0\0\0\0\0\2\0\2\0\0\0\0\0\0\37\37\37\37\37\37\37\37\37\37\37\37\37\37\37\37================\0\0\0\0\0\0\0\1\0\0\0\0\0\0\0\2\0\0\0\0\0\0\0\1\0\0\0\0\0\0\0\1|(\260]\354\310\366\273"..., 256, 256) = 256
pread64(16</tmp/nia-publication-fault-4el264_7/case/state/tx-3d3d3d3d3d3d3d3d3d3d3d3d3d3d3d3d.log>, "MCLOG002\0\0\0\0\0\0\0\3\0\3\0\0\0\0\0\0\37\37\37\37\37\37\37\37\37\37\37\37\37\37\37\37================\0\0\0\0\0\0\0\1\0\0\0\0\0\0\0\2\0\0\0\0\0\0\0\1\0\0\0\0\0\0\0\1|(\260]\354\310\366\273"..., 256, 512) = 256
pread64(16</tmp/nia-publication-fault-4el264_7/case/state/tx-3d3d3d3d3d3d3d3d3d3d3d3d3d3d3d3d.log>, "MCLOG002\0\0\0\0\0\0\0\4\0\4\0\0\0\0\0\0\37\37\37\37\37\37\37\37\37\37\37\37\37\37\37\37================\0\0\0\0\0\0\0\1\0\0\0\0\0\0\0\2\0\0\0\0\0\0\0\0\0\0\0\0\0\0\0\1|(\260]\354\310\366\273"..., 256, 768) = 256
pread64(3</tmp/nia-publication-fault-4el264_7/case/state/root.state>, "MCROOT02\37\37\37\37\37\37\37\37\37\37\37\37\37\37\37\37\0\0\0\0\0\0\0\0================|(\260]\354\310\366\2733\266\317\17dlZ\365\252\200U\340\nL\366\332\32tk\326;\35\36\362\0\0\0\0\0\0\0\0\0\0\0\0\0\0\0\0"..., 192, 0) = 192
pread64(3</tmp/nia-publication-fault-4el264_7/case/store/objects/7c/28b05decc8f6bb33b6cf0f646c5af5aa8055e00a4cf6da1a746bd63b1d1ef2>, "MCPLAN02\37\37\37\37\37\37\37\37\37\37\37\37\37\37\37\37================\0\0\0\0\0\0\0\0\0\0\0\0\0\0\0\1\0\0\0\0\0\0\0\1\0\0\0\0\0\0\0\2\216\346\2104^\35\225\2\356\214\327'zE<0\277\267{\224r\1\276\263"..., 4500000, 0) = 467
pread64(3</tmp/nia-publication-fault-4el264_7/case/store/objects/7c/28b05decc8f6bb33b6cf0f646c5af5aa8055e00a4cf6da1a746bd63b1d1ef2>, "", 4499533, 467) = 0
pread64(3</tmp/nia-publication-fault-4el264_7/case/store/pins/3d3d3d3d3d3d3d3d3d3d3d3d3d3d3d3d>, "|(\260]\354\310\366\2733\266\317\17dlZ\365\252\200U\340\nL\366\332\32tk\326;\35\36\362", 33, 0) = 32
pread64(3</tmp/nia-publication-fault-4el264_7/case/store/pins/3d3d3d3d3d3d3d3d3d3d3d3d3d3d3d3d>, "", 1, 32) = 0
pread64(3</tmp/nia-publication-fault-4el264_7/case/state/tx-3d3d3d3d3d3d3d3d3d3d3d3d3d3d3d3d.log>, "MCLOG002\0\0\0\0\0\0\0\1\0\1\0\0\0\0\0\0\37\37\37\37\37\37\37\37\37\37\37\37\37\37\37\37================\0\0\0\0\0\0\0\1\0\0\0\0\0\0\0\2\0\0\0\0\0\0\0\0\0\0\0\0\0\0\0\1|(\260]\354\310\366\273"..., 256, 0) = 256
pread64(3</tmp/nia-publication-fault-4el264_7/case/state/tx-3d3d3d3d3d3d3d3d3d3d3d3d3d3d3d3d.log>, "MCLOG002\0\0\0\0\0\0\0\2\0\2\0\0\0\0\0\0\37\37\37\37\37\37\37\37\37\37\37\37\37\37\37\37================\0\0\0\0\0\0\0\1\0\0\0\0\0\0\0\2\0\0\0\0\0\0\0\1\0\0\0\0\0\0\0\1|(\260]\354\310\366\273"..., 256, 256) = 256
pread64(3</tmp/nia-publication-fault-4el264_7/case/state/tx-3d3d3d3d3d3d3d3d3d3d3d3d3d3d3d3d.log>, "MCLOG002\0\0\0\0\0\0\0\3\0\3\0\0\0\0\0\0\37\37\37\37\37\37\37\37\37\37\37\37\37\37\37\37================\0\0\0\0\0\0\0\1\0\0\0\0\0\0\0\2\0\0\0\0\0\0\0\1\0\0\0\0\0\0\0\1|(\260]\354\310\366\273"..., 256, 512) = 256
pread64(3</tmp/nia-publication-fault-4el264_7/case/state/tx-3d3d3d3d3d3d3d3d3d3d3d3d3d3d3d3d.log>, "MCLOG002\0\0\0\0\0\0\0\4\0\4\0\0\0\0\0\0\37\37\37\37\37\37\37\37\37\37\37\37\37\37\37\37================\0\0\0\0\0\0\0\1\0\0\0\0\0\0\0\2\0\0\0\0\0\0\0\0\0\0\0\0\0\0\0\1|(\260]\354\310\366\273"..., 256, 768) = 256
pread64(19</tmp/nia-publication-fault-4el264_7/case/state/root.state>, "MCROOT02\37\37\37\37\37\37\37\37\37\37\37\37\37\37\37\37\0\0\0\0\0\0\0\0================|(\260]\354\310\366\2733\266\317\17dlZ\365\252\200U\340\nL\366\332\32tk\326;\35\36\362\0\0\0\0\0\0\0\0\0\0\0\0\0\0\0\0"..., 192, 0) = 192
pread64(16</tmp/nia-publication-fault-4el264_7/case/state/tx-3d3d3d3d3d3d3d3d3d3d3d3d3d3d3d3d.log>, "MCLOG002\0\0\0\0\0\0\0\1\0\1\0\0\0\0\0\0\37\37\37\37\37\37\37\37\37\37\37\37\37\37\37\37================\0\0\0\0\0\0\0\1\0\0\0\0\0\0\0\2\0\0\0\0\0\0\0\0\0\0\0\0\0\0\0\1|(\260]\354\310\366\273"..., 256, 0) = 256
pread64(16</tmp/nia-publication-fault-4el264_7/case/state/tx-3d3d3d3d3d3d3d3d3d3d3d3d3d3d3d3d.log>, "MCLOG002\0\0\0\0\0\0\0\2\0\2\0\0\0\0\0\0\37\37\37\37\37\37\37\37\37\37\37\37\37\37\37\37================\0\0\0\0\0\0\0\1\0\0\0\0\0\0\0\2\0\0\0\0\0\0\0\1\0\0\0\0\0\0\0\1|(\260]\354\310\366\273"..., 256, 256) = 256
pread64(16</tmp/nia-publication-fault-4el264_7/case/state/tx-3d3d3d3d3d3d3d3d3d3d3d3d3d3d3d3d.log>, "MCLOG002\0\0\0\0\0\0\0\3\0\3\0\0\0\0\0\0\37\37\37\37\37\37\37\37\37\37\37\37\37\37\37\37================\0\0\0\0\0\0\0\1\0\0\0\0\0\0\0\2\0\0\0\0\0\0\0\1\0\0\0\0\0\0\0\1|(\260]\354\310\366\273"..., 256, 512) = 256
pread64(16</tmp/nia-publication-fault-4el264_7/case/state/tx-3d3d3d3d3d3d3d3d3d3d3d3d3d3d3d3d.log>, "MCLOG002\0\0\0\0\0\0\0\4\0\4\0\0\0\0\0\0\37\37\37\37\37\37\37\37\37\37\37\37\37\37\37\37================\0\0\0\0\0\0\0\1\0\0\0\0\0\0\0\2\0\0\0\0\0\0\0\0\0\0\0\0\0\0\0\1|(\260]\354\310\366\273"..., 256, 768) = 256
pread64(16</tmp/nia-publication-fault-4el264_7/case/state/tx-3d3d3d3d3d3d3d3d3d3d3d3d3d3d3d3d.log>, "MCLOG002\0\0\0\0\0\0\0\1\0\1\0\0\0\0\0\0\37\37\37\37\37\37\37\37\37\37\37\37\37\37\37\37================\0\0\0\0\0\0\0\1\0\0\0\0\0\0\0\2\0\0\0\0\0\0\0\0\0\0\0\0\0\0\0\1|(\260]\354\310\366\273"..., 256, 0) = 256
pread64(16</tmp/nia-publication-fault-4el264_7/case/state/tx-3d3d3d3d3d3d3d3d3d3d3d3d3d3d3d3d.log>, "MCLOG002\0\0\0\0\0\0\0\2\0\2\0\0\0\0\0\0\37\37\37\37\37\37\37\37\37\37\37\37\37\37\37\37================\0\0\0\0\0\0\0\1\0\0\0\0\0\0\0\2\0\0\0\0\0\0\0\1\0\0\0\0\0\0\0\1|(\260]\354\310\366\273"..., 256, 256) = 256
pread64(16</tmp/nia-publication-fault-4el264_7/case/state/tx-3d3d3d3d3d3d3d3d3d3d3d3d3d3d3d3d.log>, "MCLOG002\0\0\0\0\0\0\0\3\0\3\0\0\0\0\0\0\37\37\37\37\37\37\37\37\37\37\37\37\37\37\37\37================\0\0\0\0\0\0\0\1\0\0\0\0\0\0\0\2\0\0\0\0\0\0\0\1\0\0\0\0\0\0\0\1|(\260]\354\310\366\273"..., 256, 512) = 256
pread64(16</tmp/nia-publication-fault-4el264_7/case/state/tx-3d3d3d3d3d3d3d3d3d3d3d3d3d3d3d3d.log>, "MCLOG002\0\0\0\0\0\0\0\4\0\4\0\0\0\0\0\0\37\37\37\37\37\37\37\37\37\37\37\37\37\37\37\37================\0\0\0\0\0\0\0\1\0\0\0\0\0\0\0\2\0\0\0\0\0\0\0\0\0\0\0\0\0\0\0\1|(\260]\354\310\366\273"..., 256, 768) = 256
pread64(3</tmp/nia-publication-fault-4el264_7/case/root/generation.next>, "NIAPUB01\37\37\37\37\37\37\37\37\37\37\37\37\37\37\37\37))))))))))))))))EN\16:\276\304-E\373\22\204\265\26:\214\305\301\1\4\312\17\2\177.%\237)jJ\374\31\270\216\346\2104^\35\225\2\356\214\327'zE<0\277\267{\224r\1\276\263"..., 65536, 0) = 192
pread64(3</tmp/nia-publication-fault-4el264_7/case/root/generation.next>, "", 65344, 192) = 0
pread64(3</tmp/nia-publication-fault-4el264_7/case/root/generation.next>, "", 65536, 192) = 0
pread64(16</tmp/nia-publication-fault-4el264_7/case/state/tx-3d3d3d3d3d3d3d3d3d3d3d3d3d3d3d3d.log>, "MCLOG002\0\0\0\0\0\0\0\1\0\1\0\0\0\0\0\0\37\37\37\37\37\37\37\37\37\37\37\37\37\37\37\37================\0\0\0\0\0\0\0\1\0\0\0\0\0\0\0\2\0\0\0\0\0\0\0\0\0\0\0\0\0\0\0\1|(\260]\354\310\366\273"..., 256, 0) = 256
pread64(16</tmp/nia-publication-fault-4el264_7/case/state/tx-3d3d3d3d3d3d3d3d3d3d3d3d3d3d3d3d.log>, "MCLOG002\0\0\0\0\0\0\0\2\0\2\0\0\0\0\0\0\37\37\37\37\37\37\37\37\37\37\37\37\37\37\37\37================\0\0\0\0\0\0\0\1\0\0\0\0\0\0\0\2\0\0\0\0\0\0\0\1\0\0\0\0\0\0\0\1|(\260]\354\310\366\273"..., 256, 256) = 256
pread64(16</tmp/nia-publication-fault-4el264_7/case/state/tx-3d3d3d3d3d3d3d3d3d3d3d3d3d3d3d3d.log>, "MCLOG002\0\0\0\0\0\0\0\3\0\3\0\0\0\0\0\0\37\37\37\37\37\37\37\37\37\37\37\37\37\37\37\37================\0\0\0\0\0\0\0\1\0\0\0\0\0\0\0\2\0\0\0\0\0\0\0\1\0\0\0\0\0\0\0\1|(\260]\354\310\366\273"..., 256, 512) = 256
pread64(16</tmp/nia-publication-fault-4el264_7/case/state/tx-3d3d3d3d3d3d3d3d3d3d3d3d3d3d3d3d.log>, "MCLOG002\0\0\0\0\0\0\0\4\0\4\0\0\0\0\0\0\37\37\37\37\37\37\37\37\37\37\37\37\37\37\37\37================\0\0\0\0\0\0\0\1\0\0\0\0\0\0\0\2\0\0\0\0\0\0\0\0\0\0\0\0\0\0\0\1|(\260]\354\310\366\273"..., 256, 768) = 256
pread64(3</tmp/nia-publication-fault-4el264_7/case/store/objects/66/a6757151f8ee55db127716c7e3dce0be8074b64e20eda542e5c1e46ca9c41e>, "\7\10\t", 65536, 0) = 3
pread64(3</tmp/nia-publication-fault-4el264_7/case/store/objects/66/a6757151f8ee55db127716c7e3dce0be8074b64e20eda542e5c1e46ca9c41e>, "", 65533, 3) = 0
pread64(3</tmp/nia-publication-fault-4el264_7/case/store/objects/66/a6757151f8ee55db127716c7e3dce0be8074b64e20eda542e5c1e46ca9c41e>, "", 65536, 3) = 0
pread64(16</tmp/nia-publication-fault-4el264_7/case/state/tx-3d3d3d3d3d3d3d3d3d3d3d3d3d3d3d3d.log>, "MCLOG002\0\0\0\0\0\0\0\1\0\1\0\0\0\0\0\0\37\37\37\37\37\37\37\37\37\37\37\37\37\37\37\37================\0\0\0\0\0\0\0\1\0\0\0\0\0\0\0\2\0\0\0\0\0\0\0\0\0\0\0\0\0\0\0\1|(\260]\354\310\366\273"..., 256, 0) = 256
pread64(16</tmp/nia-publication-fault-4el264_7/case/state/tx-3d3d3d3d3d3d3d3d3d3d3d3d3d3d3d3d.log>, "MCLOG002\0\0\0\0\0\0\0\2\0\2\0\0\0\0\0\0\37\37\37\37\37\37\37\37\37\37\37\37\37\37\37\37================\0\0\0\0\0\0\0\1\0\0\0\0\0\0\0\2\0\0\0\0\0\0\0\1\0\0\0\0\0\0\0\1|(\260]\354\310\366\273"..., 256, 256) = 256
pread64(16</tmp/nia-publication-fault-4el264_7/case/state/tx-3d3d3d3d3d3d3d3d3d3d3d3d3d3d3d3d.log>, "MCLOG002\0\0\0\0\0\0\0\3\0\3\0\0\0\0\0\0\37\37\37\37\37\37\37\37\37\37\37\37\37\37\37\37================\0\0\0\0\0\0\0\1\0\0\0\0\0\0\0\2\0\0\0\0\0\0\0\1\0\0\0\0\0\0\0\1|(\260]\354\310\366\273"..., 256, 512) = 256
pread64(16</tmp/nia-publication-fault-4el264_7/case/state/tx-3d3d3d3d3d3d3d3d3d3d3d3d3d3d3d3d.log>, "MCLOG002\0\0\0\0\0\0\0\4\0\4\0\0\0\0\0\0\37\37\37\37\37\37\37\37\37\37\37\37\37\37\37\37================\0\0\0\0\0\0\0\1\0\0\0\0\0\0\0\2\0\0\0\0\0\0\0\0\0\0\0\0\0\0\0\1|(\260]\354\310\366\273"..., 256, 768) = 256
pread64(3</tmp/nia-publication-fault-4el264_7/case/root/generation.next>, "NIAPUB01\37\37\37\37\37\37\37\37\37\37\37\37\37\37\37\37))))))))))))))))EN\16:\276\304-E\373\22\204\265\26:\214\305\301\1\4\312\17\2\177.%\237)jJ\374\31\270\216\346\2104^\35\225\2\356\214\327'zE<0\277\267{\224r\1\276\263"..., 65536, 0) = 192
pread64(3</tmp/nia-publication-fault-4el264_7/case/root/generation.next>, "", 65344, 192) = 0
pread64(3</tmp/nia-publication-fault-4el264_7/case/root/generation.next>, "", 65536, 192) = 0
write(16</tmp/nia-publication-fault-4el264_7/case/state/tx-3d3d3d3d3d3d3d3d3d3d3d3d3d3d3d3d.log>, "MCLOG002\0\0\0\0\0\0\0\5\0\5\0\0\0\0\0\0\37\37\37\37\37\37\37\37\37\37\37\37\37\37\37\37================\0\0\0\0\0\0\0\1\0\0\0\0\0\0\0\2\0\0\0\0\0\0\0\0\0\0\0\0\0\0\0\1f\246uqQ\370\356U"..., 256) = 256
fsync(16</tmp/nia-publication-fault-4el264_7/case/state/tx-3d3d3d3d3d3d3d3d3d3d3d3d3d3d3d3d.log>) = 0
fsync(3</tmp/nia-publication-fault-4el264_7/case/state>) = 0
write(17</tmp/nia-publication-fault-4el264_7/case/state/.mc-tmp-1823743da88a9bc128f3ba8e00dde185>, "MCROOT02\37\37\37\37\37\37\37\37\37\37\37\37\37\37\37\37\0\0\0\0\0\0\0\1================|(\260]\354\310\366\2733\266\317\17dlZ\365\252\200U\340\nL\366\332\32tk\326;\35\36\362|(\260]\354\310\366\2733\266\317\17dlZ\365"..., 192) = 192
fsync(17</tmp/nia-publication-fault-4el264_7/case/state/.mc-tmp-1823743da88a9bc128f3ba8e00dde185>) = 0
renameat(3</tmp/nia-publication-fault-4el264_7/case/state>, ".mc-tmp-1823743da88a9bc128f3ba8e00dde185", 17</tmp/nia-publication-fault-4el264_7/case/state>, "root.state") = 0
fsync(3</tmp/nia-publication-fault-4el264_7/case/state>) = 0
fsync(17</tmp/nia-publication-fault-4el264_7/case/state>) = ?
+++ killed by SIGKILL +++
