pread64(3</usr/lib/x86_64-linux-gnu/libc.so.6>, "\6\0\0\0\4\0\0\0@\0\0\0\0\0\0\0@\0\0\0\0\0\0\0@\0\0\0\0\0\0\0H\3\0\0\0\0\0\0H\3\0\0\0\0\0\0\10\0\0\0\0\0\0\0\3\0\0\0\4\0\0\0\240\1\36\0\0\0\0\0\240\1\36\0\0\0\0\0\240\1\36\0\0\0\0\0\34\0\0\0\0\0\0\0"..., 840, 64) = 840
pread64(3</usr/lib/x86_64-linux-gnu/libc.so.6>, "\6\0\0\0\4\0\0\0@\0\0\0\0\0\0\0@\0\0\0\0\0\0\0@\0\0\0\0\0\0\0H\3\0\0\0\0\0\0H\3\0\0\0\0\0\0\10\0\0\0\0\0\0\0\3\0\0\0\4\0\0\0\240\1\36\0\0\0\0\0\240\1\36\0\0\0\0\0\240\1\36\0\0\0\0\0\34\0\0\0\0\0\0\0"..., 840, 64) = 840
fsync(3</tmp/nia-publication-fault-4wgmnp5s/case/store>) = 0
pread64(3</tmp/nia-publication-fault-4wgmnp5s/case/store/objects/7c/28b05decc8f6bb33b6cf0f646c5af5aa8055e00a4cf6da1a746bd63b1d1ef2>, "MCPLAN02\37\37\37\37\37\37\37\37\37\37\37\37\37\37\37\37================\0\0\0\0\0\0\0\0\0\0\0\0\0\0\0\1\0\0\0\0\0\0\0\1\0\0\0\0\0\0\0\2\216\346\2104^\35\225\2\356\214\327'zE<0\277\267{\224r\1\276\263"..., 65536, 0) = 467
pread64(3</tmp/nia-publication-fault-4wgmnp5s/case/store/objects/7c/28b05decc8f6bb33b6cf0f646c5af5aa8055e00a4cf6da1a746bd63b1d1ef2>, "", 65069, 467) = 0
pread64(3</tmp/nia-publication-fault-4wgmnp5s/case/store/objects/7c/28b05decc8f6bb33b6cf0f646c5af5aa8055e00a4cf6da1a746bd63b1d1ef2>, "", 65536, 467) = 0
pread64(3</tmp/nia-publication-fault-4wgmnp5s/case/store/objects/7c/28b05decc8f6bb33b6cf0f646c5af5aa8055e00a4cf6da1a746bd63b1d1ef2>, "MCPLAN02\37\37\37\37\37\37\37\37\37\37\37\37\37\37\37\37================\0\0\0\0\0\0\0\0\0\0\0\0\0\0\0\1\0\0\0\0\0\0\0\1\0\0\0\0\0\0\0\2\216\346\2104^\35\225\2\356\214\327'zE<0\277\267{\224r\1\276\263"..., 4500000, 0) = 467
pread64(3</tmp/nia-publication-fault-4wgmnp5s/case/store/objects/7c/28b05decc8f6bb33b6cf0f646c5af5aa8055e00a4cf6da1a746bd63b1d1ef2>, "", 4499533, 467) = 0
pread64(3</tmp/nia-publication-fault-4wgmnp5s/case/store/objects/21/944ec3a07bc2c4968e56fb8293ef4e32f02aecead46768799ef9a6a96e2705>, "NIAPUB01\37\37\37\37\37\37\37\37\37\37\37\37\37\37\37\37))))))))))))))))EN\16:\276\304-E\373\22\204\265\26:\214\305\301\1\4\312\17\2\177.%\237)jJ\374\31\270\216\346\2104^\35\225\2\356\214\327'zE<0\277\267{\224r\1\276\263"..., 65536, 0) = 192
pread64(3</tmp/nia-publication-fault-4wgmnp5s/case/store/objects/21/944ec3a07bc2c4968e56fb8293ef4e32f02aecead46768799ef9a6a96e2705>, "", 65344, 192) = 0
pread64(3</tmp/nia-publication-fault-4wgmnp5s/case/store/objects/21/944ec3a07bc2c4968e56fb8293ef4e32f02aecead46768799ef9a6a96e2705>, "", 65536, 192) = 0
pread64(3</tmp/nia-publication-fault-4wgmnp5s/case/store/objects/21/944ec3a07bc2c4968e56fb8293ef4e32f02aecead46768799ef9a6a96e2705>, "NIAPUB01\37\37\37\37\37\37\37\37\37\37\37\37\37\37\37\37))))))))))))))))EN\16:\276\304-E\373\22\204\265\26:\214\305\301\1\4\312\17\2\177.%\237)jJ\374\31\270\216\346\2104^\35\225\2\356\214\327'zE<0\277\267{\224r\1\276\263"..., 193, 0) = 192
pread64(3</tmp/nia-publication-fault-4wgmnp5s/case/store/objects/21/944ec3a07bc2c4968e56fb8293ef4e32f02aecead46768799ef9a6a96e2705>, "", 1, 192) = 0
pread64(3</tmp/nia-publication-fault-4wgmnp5s/case/store/objects/45/4e0e3abec42d45fb1284b5163a8cc5c10104ca0f027f2e259f296a4afc19b8>, "NIAGEN04))))))))))))))))3333333333333333\0\0\0\0\0\0\0\1\0\0\0\0\0\0\0\2\216\346\2104^\35\225\2\356\214\327'zE<0\277\267{\224r\1\276\2630\16\235\362\270\3122\35\"\"\"\"\"\"\"\""..., 65536, 0) = 288
pread64(3</tmp/nia-publication-fault-4wgmnp5s/case/store/objects/45/4e0e3abec42d45fb1284b5163a8cc5c10104ca0f027f2e259f296a4afc19b8>, "", 65248, 288) = 0
pread64(3</tmp/nia-publication-fault-4wgmnp5s/case/store/objects/45/4e0e3abec42d45fb1284b5163a8cc5c10104ca0f027f2e259f296a4afc19b8>, "", 65536, 288) = 0
pread64(3</tmp/nia-publication-fault-4wgmnp5s/case/store/objects/45/4e0e3abec42d45fb1284b5163a8cc5c10104ca0f027f2e259f296a4afc19b8>, "NIAGEN04))))))))))))))))3333333333333333\0\0\0\0\0\0\0\1\0\0\0\0\0\0\0\2\216\346\2104^\35\225\2\356\214\327'zE<0\277\267{\224r\1\276\2630\16\235\362\270\3122\35\"\"\"\"\"\"\"\""..., 32992, 0) = 288
pread64(3</tmp/nia-publication-fault-4wgmnp5s/case/store/objects/45/4e0e3abec42d45fb1284b5163a8cc5c10104ca0f027f2e259f296a4afc19b8>, "", 32704, 288) = 0
pread64(3</tmp/nia-publication-fault-4wgmnp5s/case/store/objects/b2/d93d1647239d0ba4daeaa2a008547e866b63fe552b7835bb1cf81afd008832>, "NIASPOL1~R\322\ng\4\374Nt{\300\301\330\36\340\226\257\27\360\206\320\344f\21\354\217~\254\226\320\232\"\0\0\0\0\0\0\3\350\0\0\0\0\0\0\0\1GGGGGGGGGGGGGGGGGGGGGGGGGGGGGGGG\212\210\343\335t\t\361\225"..., 65536, 0) = 136
pread64(3</tmp/nia-publication-fault-4wgmnp5s/case/store/objects/b2/d93d1647239d0ba4daeaa2a008547e866b63fe552b7835bb1cf81afd008832>, "", 65400, 136) = 0
pread64(3</tmp/nia-publication-fault-4wgmnp5s/case/store/objects/b2/d93d1647239d0ba4daeaa2a008547e866b63fe552b7835bb1cf81afd008832>, "", 65536, 136) = 0
pread64(3</tmp/nia-publication-fault-4wgmnp5s/case/store/objects/b2/d93d1647239d0ba4daeaa2a008547e866b63fe552b7835bb1cf81afd008832>, "NIASPOL1~R\322\ng\4\374Nt{\300\301\330\36\340\226\257\27\360\206\320\344f\21\354\217~\254\226\320\232\"\0\0\0\0\0\0\3\350\0\0\0\0\0\0\0\1GGGGGGGGGGGGGGGGGGGGGGGGGGGGGGGG\212\210\343\335t\t\361\225"..., 20536, 0) = 136
pread64(3</tmp/nia-publication-fault-4wgmnp5s/case/store/objects/b2/d93d1647239d0ba4daeaa2a008547e866b63fe552b7835bb1cf81afd008832>, "", 20400, 136) = 0
fsync(3</tmp/nia-publication-fault-4wgmnp5s/case/state>) = 0
fsync(3</tmp/nia-publication-fault-4wgmnp5s/case/state>) = 0
fsync(3</tmp/nia-publication-fault-4wgmnp5s/case/store>) = 0
pread64(3</tmp/nia-publication-fault-4wgmnp5s/case/store/objects/7c/28b05decc8f6bb33b6cf0f646c5af5aa8055e00a4cf6da1a746bd63b1d1ef2>, "MCPLAN02\37\37\37\37\37\37\37\37\37\37\37\37\37\37\37\37================\0\0\0\0\0\0\0\0\0\0\0\0\0\0\0\1\0\0\0\0\0\0\0\1\0\0\0\0\0\0\0\2\216\346\2104^\35\225\2\356\214\327'zE<0\277\267{\224r\1\276\263"..., 65536, 0) = 467
pread64(3</tmp/nia-publication-fault-4wgmnp5s/case/store/objects/7c/28b05decc8f6bb33b6cf0f646c5af5aa8055e00a4cf6da1a746bd63b1d1ef2>, "", 65069, 467) = 0
pread64(3</tmp/nia-publication-fault-4wgmnp5s/case/store/objects/7c/28b05decc8f6bb33b6cf0f646c5af5aa8055e00a4cf6da1a746bd63b1d1ef2>, "", 65536, 467) = 0
pread64(3</tmp/nia-publication-fault-4wgmnp5s/case/store/objects/7c/28b05decc8f6bb33b6cf0f646c5af5aa8055e00a4cf6da1a746bd63b1d1ef2>, "MCPLAN02\37\37\37\37\37\37\37\37\37\37\37\37\37\37\37\37================\0\0\0\0\0\0\0\0\0\0\0\0\0\0\0\1\0\0\0\0\0\0\0\1\0\0\0\0\0\0\0\2\216\346\2104^\35\225\2\356\214\327'zE<0\277\267{\224r\1\276\263"..., 4500000, 0) = 467
pread64(3</tmp/nia-publication-fault-4wgmnp5s/case/store/objects/7c/28b05decc8f6bb33b6cf0f646c5af5aa8055e00a4cf6da1a746bd63b1d1ef2>, "", 4499533, 467) = 0
pread64(3</tmp/nia-publication-fault-4wgmnp5s/case/store/objects/21/944ec3a07bc2c4968e56fb8293ef4e32f02aecead46768799ef9a6a96e2705>, "NIAPUB01\37\37\37\37\37\37\37\37\37\37\37\37\37\37\37\37))))))))))))))))EN\16:\276\304-E\373\22\204\265\26:\214\305\301\1\4\312\17\2\177.%\237)jJ\374\31\270\216\346\2104^\35\225\2\356\214\327'zE<0\277\267{\224r\1\276\263"..., 65536, 0) = 192
pread64(3</tmp/nia-publication-fault-4wgmnp5s/case/store/objects/21/944ec3a07bc2c4968e56fb8293ef4e32f02aecead46768799ef9a6a96e2705>, "", 65344, 192) = 0
pread64(3</tmp/nia-publication-fault-4wgmnp5s/case/store/objects/21/944ec3a07bc2c4968e56fb8293ef4e32f02aecead46768799ef9a6a96e2705>, "", 65536, 192) = 0
pread64(3</tmp/nia-publication-fault-4wgmnp5s/case/store/objects/21/944ec3a07bc2c4968e56fb8293ef4e32f02aecead46768799ef9a6a96e2705>, "NIAPUB01\37\37\37\37\37\37\37\37\37\37\37\37\37\37\37\37))))))))))))))))EN\16:\276\304-E\373\22\204\265\26:\214\305\301\1\4\312\17\2\177.%\237)jJ\374\31\270\216\346\2104^\35\225\2\356\214\327'zE<0\277\267{\224r\1\276\263"..., 193, 0) = 192
pread64(3</tmp/nia-publication-fault-4wgmnp5s/case/store/objects/21/944ec3a07bc2c4968e56fb8293ef4e32f02aecead46768799ef9a6a96e2705>, "", 1, 192) = 0
pread64(3</tmp/nia-publication-fault-4wgmnp5s/case/store/objects/45/4e0e3abec42d45fb1284b5163a8cc5c10104ca0f027f2e259f296a4afc19b8>, "NIAGEN04))))))))))))))))3333333333333333\0\0\0\0\0\0\0\1\0\0\0\0\0\0\0\2\216\346\2104^\35\225\2\356\214\327'zE<0\277\267{\224r\1\276\2630\16\235\362\270\3122\35\"\"\"\"\"\"\"\""..., 65536, 0) = 288
pread64(3</tmp/nia-publication-fault-4wgmnp5s/case/store/objects/45/4e0e3abec42d45fb1284b5163a8cc5c10104ca0f027f2e259f296a4afc19b8>, "", 65248, 288) = 0
pread64(3</tmp/nia-publication-fault-4wgmnp5s/case/store/objects/45/4e0e3abec42d45fb1284b5163a8cc5c10104ca0f027f2e259f296a4afc19b8>, "", 65536, 288) = 0
pread64(3</tmp/nia-publication-fault-4wgmnp5s/case/store/objects/45/4e0e3abec42d45fb1284b5163a8cc5c10104ca0f027f2e259f296a4afc19b8>, "NIAGEN04))))))))))))))))3333333333333333\0\0\0\0\0\0\0\1\0\0\0\0\0\0\0\2\216\346\2104^\35\225\2\356\214\327'zE<0\277\267{\224r\1\276\2630\16\235\362\270\3122\35\"\"\"\"\"\"\"\""..., 32992, 0) = 288
pread64(3</tmp/nia-publication-fault-4wgmnp5s/case/store/objects/45/4e0e3abec42d45fb1284b5163a8cc5c10104ca0f027f2e259f296a4afc19b8>, "", 32704, 288) = 0
pread64(3</tmp/nia-publication-fault-4wgmnp5s/case/store/pins/33333333333333333333333333333333>, "EN\16:\276\304-E\373\22\204\265\26:\214\305\301\1\4\312\17\2\177.%\237)jJ\374\31\270", 33, 0) = 32
pread64(3</tmp/nia-publication-fault-4wgmnp5s/case/store/pins/33333333333333333333333333333333>, "", 1, 32) = 0
pread64(3</tmp/nia-publication-fault-4wgmnp5s/case/store/objects/b2/d93d1647239d0ba4daeaa2a008547e866b63fe552b7835bb1cf81afd008832>, "NIASPOL1~R\322\ng\4\374Nt{\300\301\330\36\340\226\257\27\360\206\320\344f\21\354\217~\254\226\320\232\"\0\0\0\0\0\0\3\350\0\0\0\0\0\0\0\1GGGGGGGGGGGGGGGGGGGGGGGGGGGGGGGG\212\210\343\335t\t\361\225"..., 65536, 0) = 136
pread64(3</tmp/nia-publication-fault-4wgmnp5s/case/store/objects/b2/d93d1647239d0ba4daeaa2a008547e866b63fe552b7835bb1cf81afd008832>, "", 65400, 136) = 0
pread64(3</tmp/nia-publication-fault-4wgmnp5s/case/store/objects/b2/d93d1647239d0ba4daeaa2a008547e866b63fe552b7835bb1cf81afd008832>, "", 65536, 136) = 0
pread64(3</tmp/nia-publication-fault-4wgmnp5s/case/store/objects/b2/d93d1647239d0ba4daeaa2a008547e866b63fe552b7835bb1cf81afd008832>, "NIASPOL1~R\322\ng\4\374Nt{\300\301\330\36\340\226\257\27\360\206\320\344f\21\354\217~\254\226\320\232\"\0\0\0\0\0\0\3\350\0\0\0\0\0\0\0\1GGGGGGGGGGGGGGGGGGGGGGGGGGGGGGGG\212\210\343\335t\t\361\225"..., 20536, 0) = 136
pread64(3</tmp/nia-publication-fault-4wgmnp5s/case/store/objects/b2/d93d1647239d0ba4daeaa2a008547e866b63fe552b7835bb1cf81afd008832>, "", 20400, 136) = 0
pread64(3</tmp/nia-publication-fault-4wgmnp5s/case/store/objects/7e/52d20a6704fc4e747bc0c1d81ee096af17f086d0e46611ec8f7eac96d09a22>, "NIASMAP1\37\37\37\37\37\37\37\37\37\37\37\37\37\37\37\37\0\0\0\0\0\0\0\0\0\0\0\0\0\0\0\0\0\0\0\0\0\0\0\0\0\0\0\0\0\0\0\0\0\0\0\0\0\0\0\0\0\0\0\0\0\0\0\0\0\0\0\0\0\0\0\0\0\0\0\0\0\0\0\0\216\346\2104^\35\225\2"..., 65536, 0) = 256
pread64(3</tmp/nia-publication-fault-4wgmnp5s/case/store/objects/7e/52d20a6704fc4e747bc0c1d81ee096af17f086d0e46611ec8f7eac96d09a22>, "", 65280, 256) = 0
pread64(3</tmp/nia-publication-fault-4wgmnp5s/case/store/objects/7e/52d20a6704fc4e747bc0c1d81ee096af17f086d0e46611ec8f7eac96d09a22>, "", 65536, 256) = 0
pread64(3</tmp/nia-publication-fault-4wgmnp5s/case/store/objects/7e/52d20a6704fc4e747bc0c1d81ee096af17f086d0e46611ec8f7eac96d09a22>, "NIASMAP1\37\37\37\37\37\37\37\37\37\37\37\37\37\37\37\37\0\0\0\0\0\0\0\0\0\0\0\0\0\0\0\0\0\0\0\0\0\0\0\0\0\0\0\0\0\0\0\0\0\0\0\0\0\0\0\0\0\0\0\0\0\0\0\0\0\0\0\0\0\0\0\0\0\0\0\0\0\0\0\0\216\346\2104^\35\225\2"..., 393376, 0) = 256
pread64(3</tmp/nia-publication-fault-4wgmnp5s/case/store/objects/7e/52d20a6704fc4e747bc0c1d81ee096af17f086d0e46611ec8f7eac96d09a22>, "", 393120, 256) = 0
pread64(3</tmp/nia-publication-fault-4wgmnp5s/case/store/objects/8e/e688345e1d9502ee8cd7277a453c30bfb77b947201beb3300e9df2b8ca321d>, "\0\0\0\0\0\0\0\10NIACSEL1\273\343\341b6\331$M\267\345\300\262\251\302\306\27f\270\251!\330\260\227\374\323p\347\177\25.\3311\0\0\0\0\0\0\0\1\f\241y\346\276\376\267a\363a?\36\365|\250\222\353\303\246\242(\334\243/\23\t\360\254\6\247\336~J6\366\353|\33#j"..., 65536, 0) = 152
pread64(3</tmp/nia-publication-fault-4wgmnp5s/case/store/objects/8e/e688345e1d9502ee8cd7277a453c30bfb77b947201beb3300e9df2b8ca321d>, "", 65384, 152) = 0
pread64(3</tmp/nia-publication-fault-4wgmnp5s/case/store/objects/8e/e688345e1d9502ee8cd7277a453c30bfb77b947201beb3300e9df2b8ca321d>, "", 65536, 152) = 0
pread64(3</tmp/nia-publication-fault-4wgmnp5s/case/store/objects/32/094e7c613fdb6dffb1f27d926b176f7fd8946b8c2cf3ca9e3b95cb91a1a8ca>, "NIACLOS1\216\346\2104^\35\225\2\356\214\327'zE<0\277\267{\224r\1\276\2630\16\235\362\270\3122\35\273\343\341b6\331$M\267\345\300\262\251\302\306\27f\270\251!\330\260\227\374\323p\347\177\25.\3311\0\0\0\0\0\0\0\5\f\241y\346\276\376\267a\363a?\36\365|\250\222"..., 65536, 0) = 240
pread64(3</tmp/nia-publication-fault-4wgmnp5s/case/store/objects/32/094e7c613fdb6dffb1f27d926b176f7fd8946b8c2cf3ca9e3b95cb91a1a8ca>, "", 65296, 240) = 0
pread64(3</tmp/nia-publication-fault-4wgmnp5s/case/store/objects/32/094e7c613fdb6dffb1f27d926b176f7fd8946b8c2cf3ca9e3b95cb91a1a8ca>, "", 65536, 240) = 0
pread64(3</tmp/nia-publication-fault-4wgmnp5s/case/store/objects/be/79019cd624c1b58af3cac32a235b467dac74ebfc6ee94e6390a198650449a5>, "NIASUP01GGGGGGGGGGGGGGGGGGGGGGGGGGGGGGGGf\246uqQ\370\356U\333\22w\26\307\343\334\340\276\200t\266N \355\245B\345\301\344l\251\304\36\f\241y\346\276\376\267a\363a?\36\365|\250\222\353\303\246\242(\334\243/"..., 65536, 0) = 320
pread64(3</tmp/nia-publication-fault-4wgmnp5s/case/store/objects/be/79019cd624c1b58af3cac32a235b467dac74ebfc6ee94e6390a198650449a5>, "", 65216, 320) = 0
pread64(3</tmp/nia-publication-fault-4wgmnp5s/case/store/objects/be/79019cd624c1b58af3cac32a235b467dac74ebfc6ee94e6390a198650449a5>, "", 65536, 320) = 0
pread64(3</tmp/nia-publication-fault-4wgmnp5s/case/store/objects/be/79019cd624c1b58af3cac32a235b467dac74ebfc6ee94e6390a198650449a5>, "NIASUP01GGGGGGGGGGGGGGGGGGGGGGGGGGGGGGGGf\246uqQ\370\356U\333\22w\26\307\343\334\340\276\200t\266N \355\245B\345\301\344l\251\304\36\f\241y\346\276\376\267a\363a?\36\365|\250\222\353\303\246\242(\334\243/"..., 320, 0) = 320
pread64(3</tmp/nia-publication-fault-4wgmnp5s/case/store/objects/66/a6757151f8ee55db127716c7e3dce0be8074b64e20eda542e5c1e46ca9c41e>, "\7\10\t", 65536, 0) = 3
pread64(3</tmp/nia-publication-fault-4wgmnp5s/case/store/objects/66/a6757151f8ee55db127716c7e3dce0be8074b64e20eda542e5c1e46ca9c41e>, "", 65533, 3) = 0
pread64(3</tmp/nia-publication-fault-4wgmnp5s/case/store/objects/66/a6757151f8ee55db127716c7e3dce0be8074b64e20eda542e5c1e46ca9c41e>, "", 65536, 3) = 0
pread64(3</tmp/nia-publication-fault-4wgmnp5s/case/store/objects/0c/a179e6befeb761f3613f1ef57ca892ebc3a6a228dca32f1309f0ac06a7de7e>, "!<arch>\ndebian-binary/  0           0     0     100644  4         `\n2.0\ncontrol.tar/    0       "..., 65536, 0) = 20672
pread64(3</tmp/nia-publication-fault-4wgmnp5s/case/store/objects/0c/a179e6befeb761f3613f1ef57ca892ebc3a6a228dca32f1309f0ac06a7de7e>, "", 44864, 20672) = 0
pread64(3</tmp/nia-publication-fault-4wgmnp5s/case/store/objects/0c/a179e6befeb761f3613f1ef57ca892ebc3a6a228dca32f1309f0ac06a7de7e>, "", 65536, 20672) = 0
pread64(3</tmp/nia-publication-fault-4wgmnp5s/case/store/objects/a3/1a856f430af395bccd7eb2f142b11ad3ae0fc5daf3acc4ffb341c48a5abd39>, "Package: empty-package\nVersion: 1\nArchitecture: all\nMaintainer: Fixture <fixture@example.invalid"..., 65536, 0) = 149
pread64(3</tmp/nia-publication-fault-4wgmnp5s/case/store/objects/a3/1a856f430af395bccd7eb2f142b11ad3ae0fc5daf3acc4ffb341c48a5abd39>, "", 65387, 149) = 0
pread64(3</tmp/nia-publication-fault-4wgmnp5s/case/store/objects/a3/1a856f430af395bccd7eb2f142b11ad3ae0fc5daf3acc4ffb341c48a5abd39>, "", 65536, 149) = 0
pread64(3</tmp/nia-publication-fault-4wgmnp5s/case/store/objects/66/a6757151f8ee55db127716c7e3dce0be8074b64e20eda542e5c1e46ca9c41e>, "\7\10\t", 65536, 0) = 3
pread64(3</tmp/nia-publication-fault-4wgmnp5s/case/store/objects/66/a6757151f8ee55db127716c7e3dce0be8074b64e20eda542e5c1e46ca9c41e>, "", 65533, 3) = 0
pread64(3</tmp/nia-publication-fault-4wgmnp5s/case/store/objects/66/a6757151f8ee55db127716c7e3dce0be8074b64e20eda542e5c1e46ca9c41e>, "", 65536, 3) = 0
pread64(3</tmp/nia-publication-fault-4wgmnp5s/case/store/objects/66/a6757151f8ee55db127716c7e3dce0be8074b64e20eda542e5c1e46ca9c41e>, "\7\10\t", 65536, 0) = 3
pread64(3</tmp/nia-publication-fault-4wgmnp5s/case/store/objects/66/a6757151f8ee55db127716c7e3dce0be8074b64e20eda542e5c1e46ca9c41e>, "", 65533, 3) = 0
pread64(3</tmp/nia-publication-fault-4wgmnp5s/case/store/objects/66/a6757151f8ee55db127716c7e3dce0be8074b64e20eda542e5c1e46ca9c41e>, "", 65536, 3) = 0
pread64(3</tmp/nia-publication-fault-4wgmnp5s/case/store/objects/66/a6757151f8ee55db127716c7e3dce0be8074b64e20eda542e5c1e46ca9c41e>, "\7\10\t", 65536, 0) = 3
pread64(3</tmp/nia-publication-fault-4wgmnp5s/case/store/objects/66/a6757151f8ee55db127716c7e3dce0be8074b64e20eda542e5c1e46ca9c41e>, "", 65533, 3) = 0
pread64(3</tmp/nia-publication-fault-4wgmnp5s/case/store/objects/66/a6757151f8ee55db127716c7e3dce0be8074b64e20eda542e5c1e46ca9c41e>, "", 65536, 3) = 0
pread64(3</tmp/nia-publication-fault-4wgmnp5s/case/store/objects/38/c0e841345eeb0948445869eb5553bb39ebf66c24fe6fa00123868f32600451>, "NIAGINT1\37\37\37\37\37\37\37\37\37\37\37\37\37\37\37\37\0\0\0\0\0\0\0\0\0\0\0\0\0\0\0\0\0\0\0\0\0\0\0\0\0\0\0\0\0\0\0\0\216\346\2104^\35\225\2\356\214\327'zE<0\277\267{\224r\1\276\2630\16\235\362\270\3122\0352\tN|a?\333m"..., 65536, 0) = 206
pread64(3</tmp/nia-publication-fault-4wgmnp5s/case/store/objects/38/c0e841345eeb0948445869eb5553bb39ebf66c24fe6fa00123868f32600451>, "", 65330, 206) = 0
pread64(3</tmp/nia-publication-fault-4wgmnp5s/case/store/objects/38/c0e841345eeb0948445869eb5553bb39ebf66c24fe6fa00123868f32600451>, "", 65536, 206) = 0
pread64(3</tmp/nia-publication-fault-4wgmnp5s/case/store/objects/38/c0e841345eeb0948445869eb5553bb39ebf66c24fe6fa00123868f32600451>, "NIAGINT1\37\37\37\37\37\37\37\37\37\37\37\37\37\37\37\37\0\0\0\0\0\0\0\0\0\0\0\0\0\0\0\0\0\0\0\0\0\0\0\0\0\0\0\0\0\0\0\0\216\346\2104^\35\225\2\356\214\327'zE<0\277\267{\224r\1\276\2630\16\235\362\270\3122\0352\tN|a?\333m"..., 1053888, 0) = 206
pread64(3</tmp/nia-publication-fault-4wgmnp5s/case/store/objects/38/c0e841345eeb0948445869eb5553bb39ebf66c24fe6fa00123868f32600451>, "", 1053682, 206) = 0
pread64(3</tmp/nia-publication-fault-4wgmnp5s/case/store/objects/32/094e7c613fdb6dffb1f27d926b176f7fd8946b8c2cf3ca9e3b95cb91a1a8ca>, "NIACLOS1\216\346\2104^\35\225\2\356\214\327'zE<0\277\267{\224r\1\276\2630\16\235\362\270\3122\35\273\343\341b6\331$M\267\345\300\262\251\302\306\27f\270\251!\330\260\227\374\323p\347\177\25.\3311\0\0\0\0\0\0\0\5\f\241y\346\276\376\267a\363a?\36\365|\250\222"..., 65536, 0) = 240
pread64(3</tmp/nia-publication-fault-4wgmnp5s/case/store/objects/32/094e7c613fdb6dffb1f27d926b176f7fd8946b8c2cf3ca9e3b95cb91a1a8ca>, "", 65296, 240) = 0
pread64(3</tmp/nia-publication-fault-4wgmnp5s/case/store/objects/32/094e7c613fdb6dffb1f27d926b176f7fd8946b8c2cf3ca9e3b95cb91a1a8ca>, "", 65536, 240) = 0
pread64(3</tmp/nia-publication-fault-4wgmnp5s/case/store/objects/32/094e7c613fdb6dffb1f27d926b176f7fd8946b8c2cf3ca9e3b95cb91a1a8ca>, "NIACLOS1\216\346\2104^\35\225\2\356\214\327'zE<0\277\267{\224r\1\276\2630\16\235\362\270\3122\35\273\343\341b6\331$M\267\345\300\262\251\302\306\27f\270\251!\330\260\227\374\323p\347\177\25.\3311\0\0\0\0\0\0\0\5", 80, 0) = 80
pread64(3</tmp/nia-publication-fault-4wgmnp5s/case/store/objects/32/094e7c613fdb6dffb1f27d926b176f7fd8946b8c2cf3ca9e3b95cb91a1a8ca>, "\f\241y\346\276\376\267a\363a?\36\365|\250\222\353\303\246\242(\334\243/\23\t\360\254\6\247\336~", 32, 80) = 32
pread64(10</tmp/nia-publication-fault-4wgmnp5s/case/store/objects/0c/a179e6befeb761f3613f1ef57ca892ebc3a6a228dca32f1309f0ac06a7de7e>, "!<arch>\ndebian-binary/  0           0     0     100644  4         `\n2.0\ncontrol.tar/    0       "..., 65536, 0) = 20672
pread64(10</tmp/nia-publication-fault-4wgmnp5s/case/store/objects/0c/a179e6befeb761f3613f1ef57ca892ebc3a6a228dca32f1309f0ac06a7de7e>, "", 44864, 20672) = 0
pread64(10</tmp/nia-publication-fault-4wgmnp5s/case/store/objects/0c/a179e6befeb761f3613f1ef57ca892ebc3a6a228dca32f1309f0ac06a7de7e>, "", 65536, 20672) = 0
pread64(3</tmp/nia-publication-fault-4wgmnp5s/case/store/objects/32/094e7c613fdb6dffb1f27d926b176f7fd8946b8c2cf3ca9e3b95cb91a1a8ca>, "J6\366\353|\33#j\266\313(\335\270\202\221\236\210\213\363\223\337\300\r\223\0\212\326s\6\227\370\367", 32, 112) = 32
pread64(10</tmp/nia-publication-fault-4wgmnp5s/case/store/objects/4a/36f6eb7c1b236ab6cb28ddb882919e888bf393dfc00d93008ad6730697f8f7>, "./control\0\0\0\0\0\0\0\0\0\0\0\0\0\0\0\0\0\0\0\0\0\0\0\0\0\0\0\0\0\0\0\0\0\0\0\0\0\0\0\0\0\0\0\0\0\0\0\0\0\0\0\0\0\0\0\0\0\0\0\0\0\0\0\0\0\0\0\0\0\0\0\0\0\0\0\0\0\0\0\0\0\0\0\0\0\0\0"..., 65536, 0) = 10240
pread64(10</tmp/nia-publication-fault-4wgmnp5s/case/store/objects/4a/36f6eb7c1b236ab6cb28ddb882919e888bf393dfc00d93008ad6730697f8f7>, "", 55296, 10240) = 0
pread64(10</tmp/nia-publication-fault-4wgmnp5s/case/store/objects/4a/36f6eb7c1b236ab6cb28ddb882919e888bf393dfc00d93008ad6730697f8f7>, "", 65536, 10240) = 0
pread64(3</tmp/nia-publication-fault-4wgmnp5s/case/store/objects/32/094e7c613fdb6dffb1f27d926b176f7fd8946b8c2cf3ca9e3b95cb91a1a8ca>, "\204\377\222i\37\220\232\5\262$\341\305j\273Hd\360\33O\216<\205NK\264\307\272\361\323\366\326R", 32, 144) = 32
pread64(10</tmp/nia-publication-fault-4wgmnp5s/case/store/objects/84/ff92691f909a05b224e1c56abb4864f01b4f8e3c854e4bb4c7baf1d3f6d652>, "\0\0\0\0\0\0\0\0\0\0\0\0\0\0\0\0\0\0\0\0\0\0\0\0\0\0\0\0\0\0\0\0\0\0\0\0\0\0\0\0\0\0\0\0\0\0\0\0\0\0\0\0\0\0\0\0\0\0\0\0\0\0\0\0\0\0\0\0\0\0\0\0\0\0\0\0\0\0\0\0\0\0\0\0\0\0\0\0\0\0\0\0\0\0\0\0"..., 65536, 0) = 10240
pread64(10</tmp/nia-publication-fault-4wgmnp5s/case/store/objects/84/ff92691f909a05b224e1c56abb4864f01b4f8e3c854e4bb4c7baf1d3f6d652>, "", 55296, 10240) = 0
pread64(10</tmp/nia-publication-fault-4wgmnp5s/case/store/objects/84/ff92691f909a05b224e1c56abb4864f01b4f8e3c854e4bb4c7baf1d3f6d652>, "", 65536, 10240) = 0
pread64(3</tmp/nia-publication-fault-4wgmnp5s/case/store/objects/32/094e7c613fdb6dffb1f27d926b176f7fd8946b8c2cf3ca9e3b95cb91a1a8ca>, "\216\346\2104^\35\225\2\356\214\327'zE<0\277\267{\224r\1\276\2630\16\235\362\270\3122\35", 32, 176) = 32
pread64(10</tmp/nia-publication-fault-4wgmnp5s/case/store/objects/8e/e688345e1d9502ee8cd7277a453c30bfb77b947201beb3300e9df2b8ca321d>, "\0\0\0\0\0\0\0\10NIACSEL1\273\343\341b6\331$M\267\345\300\262\251\302\306\27f\270\251!\330\260\227\374\323p\347\177\25.\3311\0\0\0\0\0\0\0\1\f\241y\346\276\376\267a\363a?\36\365|\250\222\353\303\246\242(\334\243/\23\t\360\254\6\247\336~J6\366\353|\33#j"..., 65536, 0) = 152
pread64(10</tmp/nia-publication-fault-4wgmnp5s/case/store/objects/8e/e688345e1d9502ee8cd7277a453c30bfb77b947201beb3300e9df2b8ca321d>, "", 65384, 152) = 0
pread64(10</tmp/nia-publication-fault-4wgmnp5s/case/store/objects/8e/e688345e1d9502ee8cd7277a453c30bfb77b947201beb3300e9df2b8ca321d>, "", 65536, 152) = 0
pread64(3</tmp/nia-publication-fault-4wgmnp5s/case/store/objects/32/094e7c613fdb6dffb1f27d926b176f7fd8946b8c2cf3ca9e3b95cb91a1a8ca>, "\243\32\205oC\n\363\225\274\315~\262\361B\261\32\323\256\17\305\332\363\254\304\377\263A\304\212Z\2759", 32, 208) = 32
pread64(10</tmp/nia-publication-fault-4wgmnp5s/case/store/objects/a3/1a856f430af395bccd7eb2f142b11ad3ae0fc5daf3acc4ffb341c48a5abd39>, "Package: empty-package\nVersion: 1\nArchitecture: all\nMaintainer: Fixture <fixture@example.invalid"..., 65536, 0) = 149
pread64(10</tmp/nia-publication-fault-4wgmnp5s/case/store/objects/a3/1a856f430af395bccd7eb2f142b11ad3ae0fc5daf3acc4ffb341c48a5abd39>, "", 65387, 149) = 0
pread64(10</tmp/nia-publication-fault-4wgmnp5s/case/store/objects/a3/1a856f430af395bccd7eb2f142b11ad3ae0fc5daf3acc4ffb341c48a5abd39>, "", 65536, 149) = 0
pread64(3</tmp/nia-publication-fault-4wgmnp5s/case/store/objects/8e/e688345e1d9502ee8cd7277a453c30bfb77b947201beb3300e9df2b8ca321d>, "\0\0\0\0\0\0\0\10NIACSEL1\273\343\341b6\331$M\267\345\300\262\251\302\306\27f\270\251!\330\260\227\374\323p\347\177\25.\3311\0\0\0\0\0\0\0\1\f\241y\346\276\376\267a\363a?\36\365|\250\222\353\303\246\242(\334\243/\23\t\360\254\6\247\336~J6\366\353|\33#j"..., 65536, 0) = 152
pread64(3</tmp/nia-publication-fault-4wgmnp5s/case/store/objects/8e/e688345e1d9502ee8cd7277a453c30bfb77b947201beb3300e9df2b8ca321d>, "", 65384, 152) = 0
pread64(3</tmp/nia-publication-fault-4wgmnp5s/case/store/objects/8e/e688345e1d9502ee8cd7277a453c30bfb77b947201beb3300e9df2b8ca321d>, "", 65536, 152) = 0
pread64(3</tmp/nia-publication-fault-4wgmnp5s/case/store/objects/8e/e688345e1d9502ee8cd7277a453c30bfb77b947201beb3300e9df2b8ca321d>, "\0\0\0\0\0\0\0\10NIACSEL1\273\343\341b6\331$M\267\345\300\262\251\302\306\27f\270\251!\330\260\227\374\323p\347\177\25.\3311\0\0\0\0\0\0\0\1\f\241y\346\276\376\267a\363a?\36\365|\250\222\353\303\246\242(\334\243/\23\t\360\254\6\247\336~J6\366\353|\33#j"..., 393272, 0) = 152
pread64(3</tmp/nia-publication-fault-4wgmnp5s/case/store/objects/8e/e688345e1d9502ee8cd7277a453c30bfb77b947201beb3300e9df2b8ca321d>, "", 393120, 152) = 0
pread64(3</tmp/nia-publication-fault-4wgmnp5s/case/store/objects/0c/a179e6befeb761f3613f1ef57ca892ebc3a6a228dca32f1309f0ac06a7de7e>, "!<arch>\ndebian-binary/  0           0     0     100644  4         `\n2.0\ncontrol.tar/    0       "..., 65536, 0) = 20672
pread64(3</tmp/nia-publication-fault-4wgmnp5s/case/store/objects/0c/a179e6befeb761f3613f1ef57ca892ebc3a6a228dca32f1309f0ac06a7de7e>, "", 44864, 20672) = 0
pread64(3</tmp/nia-publication-fault-4wgmnp5s/case/store/objects/0c/a179e6befeb761f3613f1ef57ca892ebc3a6a228dca32f1309f0ac06a7de7e>, "", 65536, 20672) = 0
pread64(3</tmp/nia-publication-fault-4wgmnp5s/case/store/objects/0c/a179e6befeb761f3613f1ef57ca892ebc3a6a228dca32f1309f0ac06a7de7e>, "!<arch>\n", 8, 0) = 8
pread64(3</tmp/nia-publication-fault-4wgmnp5s/case/store/objects/0c/a179e6befeb761f3613f1ef57ca892ebc3a6a228dca32f1309f0ac06a7de7e>, "debian-binary/  0           0     0     100644  4         `\n", 60, 8) = 60
pread64(3</tmp/nia-publication-fault-4wgmnp5s/case/store/objects/0c/a179e6befeb761f3613f1ef57ca892ebc3a6a228dca32f1309f0ac06a7de7e>, "2.0\n", 4, 68) = 4
pread64(3</tmp/nia-publication-fault-4wgmnp5s/case/store/objects/0c/a179e6befeb761f3613f1ef57ca892ebc3a6a228dca32f1309f0ac06a7de7e>, "2.0\n", 4, 68) = 4
pread64(3</tmp/nia-publication-fault-4wgmnp5s/case/store/objects/0c/a179e6befeb761f3613f1ef57ca892ebc3a6a228dca32f1309f0ac06a7de7e>, "control.tar/    0           0     0     100644  10240     `\n", 60, 72) = 60
pread64(3</tmp/nia-publication-fault-4wgmnp5s/case/store/objects/0c/a179e6befeb761f3613f1ef57ca892ebc3a6a228dca32f1309f0ac06a7de7e>, "./control\0\0\0\0\0\0\0\0\0\0\0\0\0\0\0\0\0\0\0\0\0\0\0\0\0\0\0\0\0\0\0\0\0\0\0\0\0\0\0\0\0\0\0\0\0\0\0\0\0\0\0\0\0\0\0\0\0\0\0\0\0\0\0\0\0\0\0\0\0\0\0\0\0\0\0\0\0\0\0\0\0\0\0\0\0\0\0"..., 10240, 132) = 10240
pread64(3</tmp/nia-publication-fault-4wgmnp5s/case/store/objects/0c/a179e6befeb761f3613f1ef57ca892ebc3a6a228dca32f1309f0ac06a7de7e>, "data.tar/       0           0     0     100644  10240     `\n", 60, 10372) = 60
pread64(3</tmp/nia-publication-fault-4wgmnp5s/case/store/objects/0c/a179e6befeb761f3613f1ef57ca892ebc3a6a228dca32f1309f0ac06a7de7e>, "\0\0\0\0\0\0\0\0\0\0\0\0\0\0\0\0\0\0\0\0\0\0\0\0\0\0\0\0\0\0\0\0\0\0\0\0\0\0\0\0\0\0\0\0\0\0\0\0\0\0\0\0\0\0\0\0\0\0\0\0\0\0\0\0\0\0\0\0\0\0\0\0\0\0\0\0\0\0\0\0\0\0\0\0\0\0\0\0\0\0\0\0\0\0\0\0"..., 10240, 10432) = 10240
pread64(3</tmp/nia-publication-fault-4wgmnp5s/case/store/objects/0c/a179e6befeb761f3613f1ef57ca892ebc3a6a228dca32f1309f0ac06a7de7e>, "!<arch>\ndebian-binary/  0           0     0     100644  4         `\n2.0\ncontrol.tar/    0       "..., 65536, 0) = 20672
pread64(3</tmp/nia-publication-fault-4wgmnp5s/case/store/objects/0c/a179e6befeb761f3613f1ef57ca892ebc3a6a228dca32f1309f0ac06a7de7e>, "", 44864, 20672) = 0
pread64(3</tmp/nia-publication-fault-4wgmnp5s/case/store/objects/0c/a179e6befeb761f3613f1ef57ca892ebc3a6a228dca32f1309f0ac06a7de7e>, "", 65536, 20672) = 0
pread64(3</tmp/nia-publication-fault-4wgmnp5s/case/store/objects/0c/a179e6befeb761f3613f1ef57ca892ebc3a6a228dca32f1309f0ac06a7de7e>, "!<arch>\n", 8, 0) = 8
pread64(3</tmp/nia-publication-fault-4wgmnp5s/case/store/objects/0c/a179e6befeb761f3613f1ef57ca892ebc3a6a228dca32f1309f0ac06a7de7e>, "debian-binary/  0           0     0     100644  4         `\n", 60, 8) = 60
pread64(3</tmp/nia-publication-fault-4wgmnp5s/case/store/objects/0c/a179e6befeb761f3613f1ef57ca892ebc3a6a228dca32f1309f0ac06a7de7e>, "2.0\n", 4, 68) = 4
pread64(3</tmp/nia-publication-fault-4wgmnp5s/case/store/objects/0c/a179e6befeb761f3613f1ef57ca892ebc3a6a228dca32f1309f0ac06a7de7e>, "2.0\n", 4, 68) = 4
pread64(3</tmp/nia-publication-fault-4wgmnp5s/case/store/objects/0c/a179e6befeb761f3613f1ef57ca892ebc3a6a228dca32f1309f0ac06a7de7e>, "control.tar/    0           0     0     100644  10240     `\n", 60, 72) = 60
pread64(3</tmp/nia-publication-fault-4wgmnp5s/case/store/objects/0c/a179e6befeb761f3613f1ef57ca892ebc3a6a228dca32f1309f0ac06a7de7e>, "./control\0\0\0\0\0\0\0\0\0\0\0\0\0\0\0\0\0\0\0\0\0\0\0\0\0\0\0\0\0\0\0\0\0\0\0\0\0\0\0\0\0\0\0\0\0\0\0\0\0\0\0\0\0\0\0\0\0\0\0\0\0\0\0\0\0\0\0\0\0\0\0\0\0\0\0\0\0\0\0\0\0\0\0\0\0\0\0"..., 10240, 132) = 10240
pread64(3</tmp/nia-publication-fault-4wgmnp5s/case/store/objects/0c/a179e6befeb761f3613f1ef57ca892ebc3a6a228dca32f1309f0ac06a7de7e>, "data.tar/       0           0     0     100644  10240     `\n", 60, 10372) = 60
pread64(3</tmp/nia-publication-fault-4wgmnp5s/case/store/objects/0c/a179e6befeb761f3613f1ef57ca892ebc3a6a228dca32f1309f0ac06a7de7e>, "\0\0\0\0\0\0\0\0\0\0\0\0\0\0\0\0\0\0\0\0\0\0\0\0\0\0\0\0\0\0\0\0\0\0\0\0\0\0\0\0\0\0\0\0\0\0\0\0\0\0\0\0\0\0\0\0\0\0\0\0\0\0\0\0\0\0\0\0\0\0\0\0\0\0\0\0\0\0\0\0\0\0\0\0\0\0\0\0\0\0\0\0\0\0\0\0"..., 10240, 10432) = 10240
fsync(11</tmp/nia-publication-fault-4wgmnp5s/case/store/incoming>) = 0
pread64(3</tmp/nia-publication-fault-4wgmnp5s/case/store/objects/0c/a179e6befeb761f3613f1ef57ca892ebc3a6a228dca32f1309f0ac06a7de7e>, "\0\0\0\0\0\0\0\0\0\0\0\0\0\0\0\0\0\0\0\0\0\0\0\0\0\0\0\0\0\0\0\0\0\0\0\0\0\0\0\0\0\0\0\0\0\0\0\0\0\0\0\0\0\0\0\0\0\0\0\0\0\0\0\0\0\0\0\0\0\0\0\0\0\0\0\0\0\0\0\0\0\0\0\0\0\0\0\0\0\0\0\0\0\0\0\0"..., 10240, 10432) = 10240
write(10</tmp/nia-publication-fault-4wgmnp5s/case/store/incoming/2c369805ccafa5e7ee667117495a64cf>, "\0\0\0\0\0\0\0\0\0\0\0\0\0\0\0\0\0\0\0\0\0\0\0\0\0\0\0\0\0\0\0\0\0\0\0\0\0\0\0\0\0\0\0\0\0\0\0\0\0\0\0\0\0\0\0\0\0\0\0\0\0\0\0\0\0\0\0\0\0\0\0\0\0\0\0\0\0\0\0\0\0\0\0\0\0\0\0\0\0\0\0\0\0\0\0\0"..., 10240) = 10240
fsync(10</tmp/nia-publication-fault-4wgmnp5s/case/store/incoming/2c369805ccafa5e7ee667117495a64cf>) = 0
renameat2(11</tmp/nia-publication-fault-4wgmnp5s/case/store/incoming>, "2c369805ccafa5e7ee667117495a64cf", 10</tmp/nia-publication-fault-4wgmnp5s/case/store/objects/84>, "ff92691f909a05b224e1c56abb4864f01b4f8e3c854e4bb4c7baf1d3f6d652", RENAME_NOREPLACE) = -1 EEXIST (File exists)
pread64(10</tmp/nia-publication-fault-4wgmnp5s/case/store/objects/84/ff92691f909a05b224e1c56abb4864f01b4f8e3c854e4bb4c7baf1d3f6d652>, "\0\0\0\0\0\0\0\0\0\0\0\0\0\0\0\0\0\0\0\0\0\0\0\0\0\0\0\0\0\0\0\0\0\0\0\0\0\0\0\0\0\0\0\0\0\0\0\0\0\0\0\0\0\0\0\0\0\0\0\0\0\0\0\0\0\0\0\0\0\0\0\0\0\0\0\0\0\0\0\0\0\0\0\0\0\0\0\0\0\0\0\0\0\0\0\0"..., 65536, 0) = 10240
pread64(10</tmp/nia-publication-fault-4wgmnp5s/case/store/objects/84/ff92691f909a05b224e1c56abb4864f01b4f8e3c854e4bb4c7baf1d3f6d652>, "", 55296, 10240) = 0
pread64(10</tmp/nia-publication-fault-4wgmnp5s/case/store/objects/84/ff92691f909a05b224e1c56abb4864f01b4f8e3c854e4bb4c7baf1d3f6d652>, "", 65536, 10240) = 0
fsync(11</tmp/nia-publication-fault-4wgmnp5s/case/store/incoming>) = 0
pread64(3</tmp/nia-publication-fault-4wgmnp5s/case/store/objects/84/ff92691f909a05b224e1c56abb4864f01b4f8e3c854e4bb4c7baf1d3f6d652>, "\0\0\0\0\0\0\0\0\0\0\0\0\0\0\0\0\0\0\0\0\0\0\0\0\0\0\0\0\0\0\0\0\0\0\0\0\0\0\0\0\0\0\0\0\0\0\0\0\0\0\0\0\0\0\0\0\0\0\0\0\0\0\0\0\0\0\0\0\0\0\0\0\0\0\0\0\0\0\0\0\0\0\0\0\0\0\0\0\0\0\0\0\0\0\0\0"..., 65536, 0) = 10240
pread64(3</tmp/nia-publication-fault-4wgmnp5s/case/store/objects/84/ff92691f909a05b224e1c56abb4864f01b4f8e3c854e4bb4c7baf1d3f6d652>, "", 55296, 10240) = 0
pread64(3</tmp/nia-publication-fault-4wgmnp5s/case/store/objects/84/ff92691f909a05b224e1c56abb4864f01b4f8e3c854e4bb4c7baf1d3f6d652>, "", 65536, 10240) = 0
pread64(3</tmp/nia-publication-fault-4wgmnp5s/case/store/objects/84/ff92691f909a05b224e1c56abb4864f01b4f8e3c854e4bb4c7baf1d3f6d652>, "\0\0\0\0\0\0\0\0\0\0\0\0\0\0\0\0\0\0\0\0\0\0\0\0\0\0\0\0\0\0\0\0\0\0\0\0\0\0\0\0\0\0\0\0\0\0\0\0\0\0\0\0\0\0\0\0\0\0\0\0\0\0\0\0\0\0\0\0\0\0\0\0\0\0\0\0\0\0\0\0\0\0\0\0\0\0\0\0\0\0\0\0\0\0\0\0"..., 10240, 0) = 10240
fsync(11</tmp/nia-publication-fault-4wgmnp5s/case/store/incoming>) = 0
pread64(3</tmp/nia-publication-fault-4wgmnp5s/case/store/objects/84/ff92691f909a05b224e1c56abb4864f01b4f8e3c854e4bb4c7baf1d3f6d652>, "\0\0\0\0\0\0\0\0\0\0\0\0\0\0\0\0\0\0\0\0\0\0\0\0\0\0\0\0\0\0\0\0\0\0\0\0\0\0\0\0\0\0\0\0\0\0\0\0\0\0\0\0\0\0\0\0\0\0\0\0\0\0\0\0\0\0\0\0\0\0\0\0\0\0\0\0\0\0\0\0\0\0\0\0\0\0\0\0\0\0\0\0\0\0\0\0"..., 10240, 0) = 10240
write(10</tmp/nia-publication-fault-4wgmnp5s/case/store/incoming/3cfdd55b3f2d0d09488b533bba6989d9>, "\0\0\0\0\0\0\0\0\0\0\0\0\0\0\0\0\0\0\0\0\0\0\0\0\0\0\0\0\0\0\0\0\0\0\0\0\0\0\0\0\0\0\0\0\0\0\0\0\0\0\0\0\0\0\0\0\0\0\0\0\0\0\0\0\0\0\0\0\0\0\0\0\0\0\0\0\0\0\0\0\0\0\0\0\0\0\0\0\0\0\0\0\0\0\0\0"..., 10240) = 10240
fsync(10</tmp/nia-publication-fault-4wgmnp5s/case/store/incoming/3cfdd55b3f2d0d09488b533bba6989d9>) = 0
renameat2(11</tmp/nia-publication-fault-4wgmnp5s/case/store/incoming>, "3cfdd55b3f2d0d09488b533bba6989d9", 10</tmp/nia-publication-fault-4wgmnp5s/case/store/objects/84>, "ff92691f909a05b224e1c56abb4864f01b4f8e3c854e4bb4c7baf1d3f6d652", RENAME_NOREPLACE) = -1 EEXIST (File exists)
pread64(10</tmp/nia-publication-fault-4wgmnp5s/case/store/objects/84/ff92691f909a05b224e1c56abb4864f01b4f8e3c854e4bb4c7baf1d3f6d652>, "\0\0\0\0\0\0\0\0\0\0\0\0\0\0\0\0\0\0\0\0\0\0\0\0\0\0\0\0\0\0\0\0\0\0\0\0\0\0\0\0\0\0\0\0\0\0\0\0\0\0\0\0\0\0\0\0\0\0\0\0\0\0\0\0\0\0\0\0\0\0\0\0\0\0\0\0\0\0\0\0\0\0\0\0\0\0\0\0\0\0\0\0\0\0\0\0"..., 65536, 0) = 10240
pread64(10</tmp/nia-publication-fault-4wgmnp5s/case/store/objects/84/ff92691f909a05b224e1c56abb4864f01b4f8e3c854e4bb4c7baf1d3f6d652>, "", 55296, 10240) = 0
pread64(10</tmp/nia-publication-fault-4wgmnp5s/case/store/objects/84/ff92691f909a05b224e1c56abb4864f01b4f8e3c854e4bb4c7baf1d3f6d652>, "", 65536, 10240) = 0
fsync(11</tmp/nia-publication-fault-4wgmnp5s/case/store/incoming>) = 0
pread64(3</tmp/nia-publication-fault-4wgmnp5s/case/store/objects/84/ff92691f909a05b224e1c56abb4864f01b4f8e3c854e4bb4c7baf1d3f6d652>, "\0\0\0\0\0\0\0\0\0\0\0\0\0\0\0\0\0\0\0\0\0\0\0\0\0\0\0\0\0\0\0\0\0\0\0\0\0\0\0\0\0\0\0\0\0\0\0\0\0\0\0\0\0\0\0\0\0\0\0\0\0\0\0\0\0\0\0\0\0\0\0\0\0\0\0\0\0\0\0\0\0\0\0\0\0\0\0\0\0\0\0\0\0\0\0\0"..., 65536, 0) = 10240
pread64(3</tmp/nia-publication-fault-4wgmnp5s/case/store/objects/84/ff92691f909a05b224e1c56abb4864f01b4f8e3c854e4bb4c7baf1d3f6d652>, "", 55296, 10240) = 0
pread64(3</tmp/nia-publication-fault-4wgmnp5s/case/store/objects/84/ff92691f909a05b224e1c56abb4864f01b4f8e3c854e4bb4c7baf1d3f6d652>, "", 65536, 10240) = 0
pread64(3</tmp/nia-publication-fault-4wgmnp5s/case/store/objects/84/ff92691f909a05b224e1c56abb4864f01b4f8e3c854e4bb4c7baf1d3f6d652>, "\0\0\0\0\0\0\0\0\0\0\0\0\0\0\0\0\0\0\0\0\0\0\0\0\0\0\0\0\0\0\0\0\0\0\0\0\0\0\0\0\0\0\0\0\0\0\0\0\0\0\0\0\0\0\0\0\0\0\0\0\0\0\0\0\0\0\0\0\0\0\0\0\0\0\0\0\0\0\0\0\0\0\0\0\0\0\0\0\0\0\0\0\0\0\0\0"..., 512, 0) = 512
pread64(3</tmp/nia-publication-fault-4wgmnp5s/case/store/objects/84/ff92691f909a05b224e1c56abb4864f01b4f8e3c854e4bb4c7baf1d3f6d652>, "\0\0\0\0\0\0\0\0\0\0\0\0\0\0\0\0\0\0\0\0\0\0\0\0\0\0\0\0\0\0\0\0\0\0\0\0\0\0\0\0\0\0\0\0\0\0\0\0\0\0\0\0\0\0\0\0\0\0\0\0\0\0\0\0\0\0\0\0\0\0\0\0\0\0\0\0\0\0\0\0\0\0\0\0\0\0\0\0\0\0\0\0\0\0\0\0"..., 9728, 512) = 9728
pread64(3</tmp/nia-publication-fault-4wgmnp5s/case/store/objects/0c/a179e6befeb761f3613f1ef57ca892ebc3a6a228dca32f1309f0ac06a7de7e>, "!<arch>\ndebian-binary/  0           0     0     100644  4         `\n2.0\ncontrol.tar/    0       "..., 65536, 0) = 20672
pread64(3</tmp/nia-publication-fault-4wgmnp5s/case/store/objects/0c/a179e6befeb761f3613f1ef57ca892ebc3a6a228dca32f1309f0ac06a7de7e>, "", 44864, 20672) = 0
pread64(3</tmp/nia-publication-fault-4wgmnp5s/case/store/objects/0c/a179e6befeb761f3613f1ef57ca892ebc3a6a228dca32f1309f0ac06a7de7e>, "", 65536, 20672) = 0
pread64(3</tmp/nia-publication-fault-4wgmnp5s/case/store/objects/0c/a179e6befeb761f3613f1ef57ca892ebc3a6a228dca32f1309f0ac06a7de7e>, "!<arch>\n", 8, 0) = 8
pread64(3</tmp/nia-publication-fault-4wgmnp5s/case/store/objects/0c/a179e6befeb761f3613f1ef57ca892ebc3a6a228dca32f1309f0ac06a7de7e>, "debian-binary/  0           0     0     100644  4         `\n", 60, 8) = 60
pread64(3</tmp/nia-publication-fault-4wgmnp5s/case/store/objects/0c/a179e6befeb761f3613f1ef57ca892ebc3a6a228dca32f1309f0ac06a7de7e>, "2.0\n", 4, 68) = 4
pread64(3</tmp/nia-publication-fault-4wgmnp5s/case/store/objects/0c/a179e6befeb761f3613f1ef57ca892ebc3a6a228dca32f1309f0ac06a7de7e>, "2.0\n", 4, 68) = 4
pread64(3</tmp/nia-publication-fault-4wgmnp5s/case/store/objects/0c/a179e6befeb761f3613f1ef57ca892ebc3a6a228dca32f1309f0ac06a7de7e>, "control.tar/    0           0     0     100644  10240     `\n", 60, 72) = 60
pread64(3</tmp/nia-publication-fault-4wgmnp5s/case/store/objects/0c/a179e6befeb761f3613f1ef57ca892ebc3a6a228dca32f1309f0ac06a7de7e>, "./control\0\0\0\0\0\0\0\0\0\0\0\0\0\0\0\0\0\0\0\0\0\0\0\0\0\0\0\0\0\0\0\0\0\0\0\0\0\0\0\0\0\0\0\0\0\0\0\0\0\0\0\0\0\0\0\0\0\0\0\0\0\0\0\0\0\0\0\0\0\0\0\0\0\0\0\0\0\0\0\0\0\0\0\0\0\0\0"..., 10240, 132) = 10240
pread64(3</tmp/nia-publication-fault-4wgmnp5s/case/store/objects/0c/a179e6befeb761f3613f1ef57ca892ebc3a6a228dca32f1309f0ac06a7de7e>, "data.tar/       0           0     0     100644  10240     `\n", 60, 10372) = 60
pread64(3</tmp/nia-publication-fault-4wgmnp5s/case/store/objects/0c/a179e6befeb761f3613f1ef57ca892ebc3a6a228dca32f1309f0ac06a7de7e>, "\0\0\0\0\0\0\0\0\0\0\0\0\0\0\0\0\0\0\0\0\0\0\0\0\0\0\0\0\0\0\0\0\0\0\0\0\0\0\0\0\0\0\0\0\0\0\0\0\0\0\0\0\0\0\0\0\0\0\0\0\0\0\0\0\0\0\0\0\0\0\0\0\0\0\0\0\0\0\0\0\0\0\0\0\0\0\0\0\0\0\0\0\0\0\0\0"..., 10240, 10432) = 10240
pread64(3</tmp/nia-publication-fault-4wgmnp5s/case/store/objects/0c/a179e6befeb761f3613f1ef57ca892ebc3a6a228dca32f1309f0ac06a7de7e>, "!<arch>\ndebian-binary/  0           0     0     100644  4         `\n2.0\ncontrol.tar/    0       "..., 65536, 0) = 20672
pread64(3</tmp/nia-publication-fault-4wgmnp5s/case/store/objects/0c/a179e6befeb761f3613f1ef57ca892ebc3a6a228dca32f1309f0ac06a7de7e>, "", 44864, 20672) = 0
pread64(3</tmp/nia-publication-fault-4wgmnp5s/case/store/objects/0c/a179e6befeb761f3613f1ef57ca892ebc3a6a228dca32f1309f0ac06a7de7e>, "", 65536, 20672) = 0
pread64(3</tmp/nia-publication-fault-4wgmnp5s/case/store/objects/0c/a179e6befeb761f3613f1ef57ca892ebc3a6a228dca32f1309f0ac06a7de7e>, "!<arch>\n", 8, 0) = 8
pread64(3</tmp/nia-publication-fault-4wgmnp5s/case/store/objects/0c/a179e6befeb761f3613f1ef57ca892ebc3a6a228dca32f1309f0ac06a7de7e>, "debian-binary/  0           0     0     100644  4         `\n", 60, 8) = 60
pread64(3</tmp/nia-publication-fault-4wgmnp5s/case/store/objects/0c/a179e6befeb761f3613f1ef57ca892ebc3a6a228dca32f1309f0ac06a7de7e>, "2.0\n", 4, 68) = 4
pread64(3</tmp/nia-publication-fault-4wgmnp5s/case/store/objects/0c/a179e6befeb761f3613f1ef57ca892ebc3a6a228dca32f1309f0ac06a7de7e>, "2.0\n", 4, 68) = 4
pread64(3</tmp/nia-publication-fault-4wgmnp5s/case/store/objects/0c/a179e6befeb761f3613f1ef57ca892ebc3a6a228dca32f1309f0ac06a7de7e>, "control.tar/    0           0     0     100644  10240     `\n", 60, 72) = 60
pread64(3</tmp/nia-publication-fault-4wgmnp5s/case/store/objects/0c/a179e6befeb761f3613f1ef57ca892ebc3a6a228dca32f1309f0ac06a7de7e>, "./control\0\0\0\0\0\0\0\0\0\0\0\0\0\0\0\0\0\0\0\0\0\0\0\0\0\0\0\0\0\0\0\0\0\0\0\0\0\0\0\0\0\0\0\0\0\0\0\0\0\0\0\0\0\0\0\0\0\0\0\0\0\0\0\0\0\0\0\0\0\0\0\0\0\0\0\0\0\0\0\0\0\0\0\0\0\0\0"..., 10240, 132) = 10240
pread64(3</tmp/nia-publication-fault-4wgmnp5s/case/store/objects/0c/a179e6befeb761f3613f1ef57ca892ebc3a6a228dca32f1309f0ac06a7de7e>, "data.tar/       0           0     0     100644  10240     `\n", 60, 10372) = 60
pread64(3</tmp/nia-publication-fault-4wgmnp5s/case/store/objects/0c/a179e6befeb761f3613f1ef57ca892ebc3a6a228dca32f1309f0ac06a7de7e>, "\0\0\0\0\0\0\0\0\0\0\0\0\0\0\0\0\0\0\0\0\0\0\0\0\0\0\0\0\0\0\0\0\0\0\0\0\0\0\0\0\0\0\0\0\0\0\0\0\0\0\0\0\0\0\0\0\0\0\0\0\0\0\0\0\0\0\0\0\0\0\0\0\0\0\0\0\0\0\0\0\0\0\0\0\0\0\0\0\0\0\0\0\0\0\0\0"..., 10240, 10432) = 10240
fsync(11</tmp/nia-publication-fault-4wgmnp5s/case/store/incoming>) = 0
pread64(3</tmp/nia-publication-fault-4wgmnp5s/case/store/objects/0c/a179e6befeb761f3613f1ef57ca892ebc3a6a228dca32f1309f0ac06a7de7e>, "./control\0\0\0\0\0\0\0\0\0\0\0\0\0\0\0\0\0\0\0\0\0\0\0\0\0\0\0\0\0\0\0\0\0\0\0\0\0\0\0\0\0\0\0\0\0\0\0\0\0\0\0\0\0\0\0\0\0\0\0\0\0\0\0\0\0\0\0\0\0\0\0\0\0\0\0\0\0\0\0\0\0\0\0\0\0\0\0"..., 10240, 132) = 10240
write(10</tmp/nia-publication-fault-4wgmnp5s/case/store/incoming/b8b98a9e80095b08a276453e2a2528b5>, "./control\0\0\0\0\0\0\0\0\0\0\0\0\0\0\0\0\0\0\0\0\0\0\0\0\0\0\0\0\0\0\0\0\0\0\0\0\0\0\0\0\0\0\0\0\0\0\0\0\0\0\0\0\0\0\0\0\0\0\0\0\0\0\0\0\0\0\0\0\0\0\0\0\0\0\0\0\0\0\0\0\0\0\0\0\0\0\0"..., 10240) = 10240
fsync(10</tmp/nia-publication-fault-4wgmnp5s/case/store/incoming/b8b98a9e80095b08a276453e2a2528b5>) = 0
renameat2(11</tmp/nia-publication-fault-4wgmnp5s/case/store/incoming>, "b8b98a9e80095b08a276453e2a2528b5", 10</tmp/nia-publication-fault-4wgmnp5s/case/store/objects/4a>, "36f6eb7c1b236ab6cb28ddb882919e888bf393dfc00d93008ad6730697f8f7", RENAME_NOREPLACE) = -1 EEXIST (File exists)
pread64(10</tmp/nia-publication-fault-4wgmnp5s/case/store/objects/4a/36f6eb7c1b236ab6cb28ddb882919e888bf393dfc00d93008ad6730697f8f7>, "./control\0\0\0\0\0\0\0\0\0\0\0\0\0\0\0\0\0\0\0\0\0\0\0\0\0\0\0\0\0\0\0\0\0\0\0\0\0\0\0\0\0\0\0\0\0\0\0\0\0\0\0\0\0\0\0\0\0\0\0\0\0\0\0\0\0\0\0\0\0\0\0\0\0\0\0\0\0\0\0\0\0\0\0\0\0\0\0"..., 65536, 0) = 10240
pread64(10</tmp/nia-publication-fault-4wgmnp5s/case/store/objects/4a/36f6eb7c1b236ab6cb28ddb882919e888bf393dfc00d93008ad6730697f8f7>, "", 55296, 10240) = 0
pread64(10</tmp/nia-publication-fault-4wgmnp5s/case/store/objects/4a/36f6eb7c1b236ab6cb28ddb882919e888bf393dfc00d93008ad6730697f8f7>, "", 65536, 10240) = 0
fsync(11</tmp/nia-publication-fault-4wgmnp5s/case/store/incoming>) = 0
pread64(3</tmp/nia-publication-fault-4wgmnp5s/case/store/objects/4a/36f6eb7c1b236ab6cb28ddb882919e888bf393dfc00d93008ad6730697f8f7>, "./control\0\0\0\0\0\0\0\0\0\0\0\0\0\0\0\0\0\0\0\0\0\0\0\0\0\0\0\0\0\0\0\0\0\0\0\0\0\0\0\0\0\0\0\0\0\0\0\0\0\0\0\0\0\0\0\0\0\0\0\0\0\0\0\0\0\0\0\0\0\0\0\0\0\0\0\0\0\0\0\0\0\0\0\0\0\0\0"..., 65536, 0) = 10240
pread64(3</tmp/nia-publication-fault-4wgmnp5s/case/store/objects/4a/36f6eb7c1b236ab6cb28ddb882919e888bf393dfc00d93008ad6730697f8f7>, "", 55296, 10240) = 0
pread64(3</tmp/nia-publication-fault-4wgmnp5s/case/store/objects/4a/36f6eb7c1b236ab6cb28ddb882919e888bf393dfc00d93008ad6730697f8f7>, "", 65536, 10240) = 0
pread64(3</tmp/nia-publication-fault-4wgmnp5s/case/store/objects/4a/36f6eb7c1b236ab6cb28ddb882919e888bf393dfc00d93008ad6730697f8f7>, "./control\0\0\0\0\0\0\0\0\0\0\0\0\0\0\0\0\0\0\0\0\0\0\0\0\0\0\0\0\0\0\0\0\0\0\0\0\0\0\0\0\0\0\0\0\0\0\0\0\0\0\0\0\0\0\0\0\0\0\0\0\0\0\0\0\0\0\0\0\0\0\0\0\0\0\0\0\0\0\0\0\0\0\0\0\0\0\0"..., 10240, 0) = 10240
fsync(11</tmp/nia-publication-fault-4wgmnp5s/case/store/incoming>) = 0
write(10</tmp/nia-publication-fault-4wgmnp5s/case/store/incoming/bc41a2506ee11fa30f2434fbd079c5f3>, "Package: empty-package\nVersion: 1\nArchitecture: all\nMaintainer: Fixture <fixture@example.invalid"..., 149) = 149
fsync(10</tmp/nia-publication-fault-4wgmnp5s/case/store/incoming/bc41a2506ee11fa30f2434fbd079c5f3>) = 0
renameat2(11</tmp/nia-publication-fault-4wgmnp5s/case/store/incoming>, "bc41a2506ee11fa30f2434fbd079c5f3", 10</tmp/nia-publication-fault-4wgmnp5s/case/store/objects/a3>, "1a856f430af395bccd7eb2f142b11ad3ae0fc5daf3acc4ffb341c48a5abd39", RENAME_NOREPLACE) = -1 EEXIST (File exists)
pread64(10</tmp/nia-publication-fault-4wgmnp5s/case/store/objects/a3/1a856f430af395bccd7eb2f142b11ad3ae0fc5daf3acc4ffb341c48a5abd39>, "Package: empty-package\nVersion: 1\nArchitecture: all\nMaintainer: Fixture <fixture@example.invalid"..., 65536, 0) = 149
pread64(10</tmp/nia-publication-fault-4wgmnp5s/case/store/objects/a3/1a856f430af395bccd7eb2f142b11ad3ae0fc5daf3acc4ffb341c48a5abd39>, "", 65387, 149) = 0
pread64(10</tmp/nia-publication-fault-4wgmnp5s/case/store/objects/a3/1a856f430af395bccd7eb2f142b11ad3ae0fc5daf3acc4ffb341c48a5abd39>, "", 65536, 149) = 0
fsync(11</tmp/nia-publication-fault-4wgmnp5s/case/store/incoming>) = 0
pread64(3</tmp/nia-publication-fault-4wgmnp5s/case/store/objects/a3/1a856f430af395bccd7eb2f142b11ad3ae0fc5daf3acc4ffb341c48a5abd39>, "Package: empty-package\nVersion: 1\nArchitecture: all\nMaintainer: Fixture <fixture@example.invalid"..., 65536, 0) = 149
pread64(3</tmp/nia-publication-fault-4wgmnp5s/case/store/objects/a3/1a856f430af395bccd7eb2f142b11ad3ae0fc5daf3acc4ffb341c48a5abd39>, "", 65387, 149) = 0
pread64(3</tmp/nia-publication-fault-4wgmnp5s/case/store/objects/a3/1a856f430af395bccd7eb2f142b11ad3ae0fc5daf3acc4ffb341c48a5abd39>, "", 65536, 149) = 0
pread64(3</tmp/nia-publication-fault-4wgmnp5s/case/store/objects/a3/1a856f430af395bccd7eb2f142b11ad3ae0fc5daf3acc4ffb341c48a5abd39>, "Package: empty-package\nVersion: 1\nArchitecture: all\nMaintainer: Fixture <fixture@example.invalid"..., 16777216, 0) = 149
pread64(3</tmp/nia-publication-fault-4wgmnp5s/case/store/objects/a3/1a856f430af395bccd7eb2f142b11ad3ae0fc5daf3acc4ffb341c48a5abd39>, "", 16777067, 149) = 0
pread64(3</tmp/nia-publication-fault-4wgmnp5s/case/store/objects/a3/1a856f430af395bccd7eb2f142b11ad3ae0fc5daf3acc4ffb341c48a5abd39>, "Package: empty-package\nVersion: 1\nArchitecture: all\nMaintainer: Fixture <fixture@example.invalid"..., 65536, 0) = 149
pread64(3</tmp/nia-publication-fault-4wgmnp5s/case/store/objects/a3/1a856f430af395bccd7eb2f142b11ad3ae0fc5daf3acc4ffb341c48a5abd39>, "", 65387, 149) = 0
pread64(3</tmp/nia-publication-fault-4wgmnp5s/case/store/objects/a3/1a856f430af395bccd7eb2f142b11ad3ae0fc5daf3acc4ffb341c48a5abd39>, "", 65536, 149) = 0
pread64(3</tmp/nia-publication-fault-4wgmnp5s/case/store/objects/a3/1a856f430af395bccd7eb2f142b11ad3ae0fc5daf3acc4ffb341c48a5abd39>, "Package: empty-package\nVersion: 1\nArchitecture: all\nMaintainer: Fixture <fixture@example.invalid"..., 16777216, 0) = 149
pread64(3</tmp/nia-publication-fault-4wgmnp5s/case/store/objects/a3/1a856f430af395bccd7eb2f142b11ad3ae0fc5daf3acc4ffb341c48a5abd39>, "", 16777067, 149) = 0
pread64(3</tmp/nia-publication-fault-4wgmnp5s/case/store/objects/0c/a179e6befeb761f3613f1ef57ca892ebc3a6a228dca32f1309f0ac06a7de7e>, "!<arch>\ndebian-binary/  0           0     0     100644  4         `\n2.0\ncontrol.tar/    0       "..., 65536, 0) = 20672
pread64(3</tmp/nia-publication-fault-4wgmnp5s/case/store/objects/0c/a179e6befeb761f3613f1ef57ca892ebc3a6a228dca32f1309f0ac06a7de7e>, "", 44864, 20672) = 0
pread64(3</tmp/nia-publication-fault-4wgmnp5s/case/store/objects/0c/a179e6befeb761f3613f1ef57ca892ebc3a6a228dca32f1309f0ac06a7de7e>, "", 65536, 20672) = 0
pread64(3</tmp/nia-publication-fault-4wgmnp5s/case/store/objects/0c/a179e6befeb761f3613f1ef57ca892ebc3a6a228dca32f1309f0ac06a7de7e>, "!<arch>\n", 8, 0) = 8
pread64(3</tmp/nia-publication-fault-4wgmnp5s/case/store/objects/0c/a179e6befeb761f3613f1ef57ca892ebc3a6a228dca32f1309f0ac06a7de7e>, "debian-binary/  0           0     0     100644  4         `\n", 60, 8) = 60
pread64(3</tmp/nia-publication-fault-4wgmnp5s/case/store/objects/0c/a179e6befeb761f3613f1ef57ca892ebc3a6a228dca32f1309f0ac06a7de7e>, "2.0\n", 4, 68) = 4
pread64(3</tmp/nia-publication-fault-4wgmnp5s/case/store/objects/0c/a179e6befeb761f3613f1ef57ca892ebc3a6a228dca32f1309f0ac06a7de7e>, "2.0\n", 4, 68) = 4
pread64(3</tmp/nia-publication-fault-4wgmnp5s/case/store/objects/0c/a179e6befeb761f3613f1ef57ca892ebc3a6a228dca32f1309f0ac06a7de7e>, "control.tar/    0           0     0     100644  10240     `\n", 60, 72) = 60
pread64(3</tmp/nia-publication-fault-4wgmnp5s/case/store/objects/0c/a179e6befeb761f3613f1ef57ca892ebc3a6a228dca32f1309f0ac06a7de7e>, "./control\0\0\0\0\0\0\0\0\0\0\0\0\0\0\0\0\0\0\0\0\0\0\0\0\0\0\0\0\0\0\0\0\0\0\0\0\0\0\0\0\0\0\0\0\0\0\0\0\0\0\0\0\0\0\0\0\0\0\0\0\0\0\0\0\0\0\0\0\0\0\0\0\0\0\0\0\0\0\0\0\0\0\0\0\0\0\0"..., 10240, 132) = 10240
pread64(3</tmp/nia-publication-fault-4wgmnp5s/case/store/objects/0c/a179e6befeb761f3613f1ef57ca892ebc3a6a228dca32f1309f0ac06a7de7e>, "data.tar/       0           0     0     100644  10240     `\n", 60, 10372) = 60
pread64(3</tmp/nia-publication-fault-4wgmnp5s/case/store/objects/0c/a179e6befeb761f3613f1ef57ca892ebc3a6a228dca32f1309f0ac06a7de7e>, "\0\0\0\0\0\0\0\0\0\0\0\0\0\0\0\0\0\0\0\0\0\0\0\0\0\0\0\0\0\0\0\0\0\0\0\0\0\0\0\0\0\0\0\0\0\0\0\0\0\0\0\0\0\0\0\0\0\0\0\0\0\0\0\0\0\0\0\0\0\0\0\0\0\0\0\0\0\0\0\0\0\0\0\0\0\0\0\0\0\0\0\0\0\0\0\0"..., 10240, 10432) = 10240
pread64(3</tmp/nia-publication-fault-4wgmnp5s/case/store/objects/0c/a179e6befeb761f3613f1ef57ca892ebc3a6a228dca32f1309f0ac06a7de7e>, "!<arch>\ndebian-binary/  0           0     0     100644  4         `\n2.0\ncontrol.tar/    0       "..., 65536, 0) = 20672
pread64(3</tmp/nia-publication-fault-4wgmnp5s/case/store/objects/0c/a179e6befeb761f3613f1ef57ca892ebc3a6a228dca32f1309f0ac06a7de7e>, "", 44864, 20672) = 0
pread64(3</tmp/nia-publication-fault-4wgmnp5s/case/store/objects/0c/a179e6befeb761f3613f1ef57ca892ebc3a6a228dca32f1309f0ac06a7de7e>, "", 65536, 20672) = 0
pread64(3</tmp/nia-publication-fault-4wgmnp5s/case/store/objects/0c/a179e6befeb761f3613f1ef57ca892ebc3a6a228dca32f1309f0ac06a7de7e>, "!<arch>\n", 8, 0) = 8
pread64(3</tmp/nia-publication-fault-4wgmnp5s/case/store/objects/0c/a179e6befeb761f3613f1ef57ca892ebc3a6a228dca32f1309f0ac06a7de7e>, "debian-binary/  0           0     0     100644  4         `\n", 60, 8) = 60
pread64(3</tmp/nia-publication-fault-4wgmnp5s/case/store/objects/0c/a179e6befeb761f3613f1ef57ca892ebc3a6a228dca32f1309f0ac06a7de7e>, "2.0\n", 4, 68) = 4
pread64(3</tmp/nia-publication-fault-4wgmnp5s/case/store/objects/0c/a179e6befeb761f3613f1ef57ca892ebc3a6a228dca32f1309f0ac06a7de7e>, "2.0\n", 4, 68) = 4
pread64(3</tmp/nia-publication-fault-4wgmnp5s/case/store/objects/0c/a179e6befeb761f3613f1ef57ca892ebc3a6a228dca32f1309f0ac06a7de7e>, "control.tar/    0           0     0     100644  10240     `\n", 60, 72) = 60
pread64(3</tmp/nia-publication-fault-4wgmnp5s/case/store/objects/0c/a179e6befeb761f3613f1ef57ca892ebc3a6a228dca32f1309f0ac06a7de7e>, "./control\0\0\0\0\0\0\0\0\0\0\0\0\0\0\0\0\0\0\0\0\0\0\0\0\0\0\0\0\0\0\0\0\0\0\0\0\0\0\0\0\0\0\0\0\0\0\0\0\0\0\0\0\0\0\0\0\0\0\0\0\0\0\0\0\0\0\0\0\0\0\0\0\0\0\0\0\0\0\0\0\0\0\0\0\0\0\0"..., 10240, 132) = 10240
pread64(3</tmp/nia-publication-fault-4wgmnp5s/case/store/objects/0c/a179e6befeb761f3613f1ef57ca892ebc3a6a228dca32f1309f0ac06a7de7e>, "data.tar/       0           0     0     100644  10240     `\n", 60, 10372) = 60
pread64(3</tmp/nia-publication-fault-4wgmnp5s/case/store/objects/0c/a179e6befeb761f3613f1ef57ca892ebc3a6a228dca32f1309f0ac06a7de7e>, "\0\0\0\0\0\0\0\0\0\0\0\0\0\0\0\0\0\0\0\0\0\0\0\0\0\0\0\0\0\0\0\0\0\0\0\0\0\0\0\0\0\0\0\0\0\0\0\0\0\0\0\0\0\0\0\0\0\0\0\0\0\0\0\0\0\0\0\0\0\0\0\0\0\0\0\0\0\0\0\0\0\0\0\0\0\0\0\0\0\0\0\0\0\0\0\0"..., 10240, 10432) = 10240
fsync(11</tmp/nia-publication-fault-4wgmnp5s/case/store/incoming>) = 0
pread64(3</tmp/nia-publication-fault-4wgmnp5s/case/store/objects/0c/a179e6befeb761f3613f1ef57ca892ebc3a6a228dca32f1309f0ac06a7de7e>, "./control\0\0\0\0\0\0\0\0\0\0\0\0\0\0\0\0\0\0\0\0\0\0\0\0\0\0\0\0\0\0\0\0\0\0\0\0\0\0\0\0\0\0\0\0\0\0\0\0\0\0\0\0\0\0\0\0\0\0\0\0\0\0\0\0\0\0\0\0\0\0\0\0\0\0\0\0\0\0\0\0\0\0\0\0\0\0\0"..., 10240, 132) = 10240
write(10</tmp/nia-publication-fault-4wgmnp5s/case/store/incoming/9d741ce97eb558ff410e74b3ce4d221a>, "./control\0\0\0\0\0\0\0\0\0\0\0\0\0\0\0\0\0\0\0\0\0\0\0\0\0\0\0\0\0\0\0\0\0\0\0\0\0\0\0\0\0\0\0\0\0\0\0\0\0\0\0\0\0\0\0\0\0\0\0\0\0\0\0\0\0\0\0\0\0\0\0\0\0\0\0\0\0\0\0\0\0\0\0\0\0\0\0"..., 10240) = 10240
fsync(10</tmp/nia-publication-fault-4wgmnp5s/case/store/incoming/9d741ce97eb558ff410e74b3ce4d221a>) = 0
renameat2(11</tmp/nia-publication-fault-4wgmnp5s/case/store/incoming>, "9d741ce97eb558ff410e74b3ce4d221a", 10</tmp/nia-publication-fault-4wgmnp5s/case/store/objects/4a>, "36f6eb7c1b236ab6cb28ddb882919e888bf393dfc00d93008ad6730697f8f7", RENAME_NOREPLACE) = -1 EEXIST (File exists)
pread64(10</tmp/nia-publication-fault-4wgmnp5s/case/store/objects/4a/36f6eb7c1b236ab6cb28ddb882919e888bf393dfc00d93008ad6730697f8f7>, "./control\0\0\0\0\0\0\0\0\0\0\0\0\0\0\0\0\0\0\0\0\0\0\0\0\0\0\0\0\0\0\0\0\0\0\0\0\0\0\0\0\0\0\0\0\0\0\0\0\0\0\0\0\0\0\0\0\0\0\0\0\0\0\0\0\0\0\0\0\0\0\0\0\0\0\0\0\0\0\0\0\0\0\0\0\0\0\0"..., 65536, 0) = 10240
pread64(10</tmp/nia-publication-fault-4wgmnp5s/case/store/objects/4a/36f6eb7c1b236ab6cb28ddb882919e888bf393dfc00d93008ad6730697f8f7>, "", 55296, 10240) = 0
pread64(10</tmp/nia-publication-fault-4wgmnp5s/case/store/objects/4a/36f6eb7c1b236ab6cb28ddb882919e888bf393dfc00d93008ad6730697f8f7>, "", 65536, 10240) = 0
fsync(11</tmp/nia-publication-fault-4wgmnp5s/case/store/incoming>) = 0
pread64(3</tmp/nia-publication-fault-4wgmnp5s/case/store/objects/4a/36f6eb7c1b236ab6cb28ddb882919e888bf393dfc00d93008ad6730697f8f7>, "./control\0\0\0\0\0\0\0\0\0\0\0\0\0\0\0\0\0\0\0\0\0\0\0\0\0\0\0\0\0\0\0\0\0\0\0\0\0\0\0\0\0\0\0\0\0\0\0\0\0\0\0\0\0\0\0\0\0\0\0\0\0\0\0\0\0\0\0\0\0\0\0\0\0\0\0\0\0\0\0\0\0\0\0\0\0\0\0"..., 65536, 0) = 10240
pread64(3</tmp/nia-publication-fault-4wgmnp5s/case/store/objects/4a/36f6eb7c1b236ab6cb28ddb882919e888bf393dfc00d93008ad6730697f8f7>, "", 55296, 10240) = 0
pread64(3</tmp/nia-publication-fault-4wgmnp5s/case/store/objects/4a/36f6eb7c1b236ab6cb28ddb882919e888bf393dfc00d93008ad6730697f8f7>, "", 65536, 10240) = 0
pread64(3</tmp/nia-publication-fault-4wgmnp5s/case/store/objects/4a/36f6eb7c1b236ab6cb28ddb882919e888bf393dfc00d93008ad6730697f8f7>, "./control\0\0\0\0\0\0\0\0\0\0\0\0\0\0\0\0\0\0\0\0\0\0\0\0\0\0\0\0\0\0\0\0\0\0\0\0\0\0\0\0\0\0\0\0\0\0\0\0\0\0\0\0\0\0\0\0\0\0\0\0\0\0\0\0\0\0\0\0\0\0\0\0\0\0\0\0\0\0\0\0\0\0\0\0\0\0\0"..., 10240, 0) = 10240
fsync(11</tmp/nia-publication-fault-4wgmnp5s/case/store/incoming>) = 0
write(10</tmp/nia-publication-fault-4wgmnp5s/case/store/incoming/418fe35950a2a8141cccd0e7bb408d16>, "Package: empty-package\nVersion: 1\nArchitecture: all\nMaintainer: Fixture <fixture@example.invalid"..., 149) = 149
fsync(10</tmp/nia-publication-fault-4wgmnp5s/case/store/incoming/418fe35950a2a8141cccd0e7bb408d16>) = 0
renameat2(11</tmp/nia-publication-fault-4wgmnp5s/case/store/incoming>, "418fe35950a2a8141cccd0e7bb408d16", 10</tmp/nia-publication-fault-4wgmnp5s/case/store/objects/a3>, "1a856f430af395bccd7eb2f142b11ad3ae0fc5daf3acc4ffb341c48a5abd39", RENAME_NOREPLACE) = -1 EEXIST (File exists)
pread64(10</tmp/nia-publication-fault-4wgmnp5s/case/store/objects/a3/1a856f430af395bccd7eb2f142b11ad3ae0fc5daf3acc4ffb341c48a5abd39>, "Package: empty-package\nVersion: 1\nArchitecture: all\nMaintainer: Fixture <fixture@example.invalid"..., 65536, 0) = 149
pread64(10</tmp/nia-publication-fault-4wgmnp5s/case/store/objects/a3/1a856f430af395bccd7eb2f142b11ad3ae0fc5daf3acc4ffb341c48a5abd39>, "", 65387, 149) = 0
pread64(10</tmp/nia-publication-fault-4wgmnp5s/case/store/objects/a3/1a856f430af395bccd7eb2f142b11ad3ae0fc5daf3acc4ffb341c48a5abd39>, "", 65536, 149) = 0
fsync(11</tmp/nia-publication-fault-4wgmnp5s/case/store/incoming>) = 0
pread64(3</tmp/nia-publication-fault-4wgmnp5s/case/store/objects/0c/a179e6befeb761f3613f1ef57ca892ebc3a6a228dca32f1309f0ac06a7de7e>, "!<arch>\ndebian-binary/  0           0     0     100644  4         `\n2.0\ncontrol.tar/    0       "..., 65536, 0) = 20672
pread64(3</tmp/nia-publication-fault-4wgmnp5s/case/store/objects/0c/a179e6befeb761f3613f1ef57ca892ebc3a6a228dca32f1309f0ac06a7de7e>, "", 44864, 20672) = 0
pread64(3</tmp/nia-publication-fault-4wgmnp5s/case/store/objects/0c/a179e6befeb761f3613f1ef57ca892ebc3a6a228dca32f1309f0ac06a7de7e>, "", 65536, 20672) = 0
pread64(3</tmp/nia-publication-fault-4wgmnp5s/case/store/objects/4a/36f6eb7c1b236ab6cb28ddb882919e888bf393dfc00d93008ad6730697f8f7>, "./control\0\0\0\0\0\0\0\0\0\0\0\0\0\0\0\0\0\0\0\0\0\0\0\0\0\0\0\0\0\0\0\0\0\0\0\0\0\0\0\0\0\0\0\0\0\0\0\0\0\0\0\0\0\0\0\0\0\0\0\0\0\0\0\0\0\0\0\0\0\0\0\0\0\0\0\0\0\0\0\0\0\0\0\0\0\0\0"..., 65536, 0) = 10240
pread64(3</tmp/nia-publication-fault-4wgmnp5s/case/store/objects/4a/36f6eb7c1b236ab6cb28ddb882919e888bf393dfc00d93008ad6730697f8f7>, "", 55296, 10240) = 0
pread64(3</tmp/nia-publication-fault-4wgmnp5s/case/store/objects/4a/36f6eb7c1b236ab6cb28ddb882919e888bf393dfc00d93008ad6730697f8f7>, "", 65536, 10240) = 0
pread64(3</tmp/nia-publication-fault-4wgmnp5s/case/store/objects/84/ff92691f909a05b224e1c56abb4864f01b4f8e3c854e4bb4c7baf1d3f6d652>, "\0\0\0\0\0\0\0\0\0\0\0\0\0\0\0\0\0\0\0\0\0\0\0\0\0\0\0\0\0\0\0\0\0\0\0\0\0\0\0\0\0\0\0\0\0\0\0\0\0\0\0\0\0\0\0\0\0\0\0\0\0\0\0\0\0\0\0\0\0\0\0\0\0\0\0\0\0\0\0\0\0\0\0\0\0\0\0\0\0\0\0\0\0\0\0\0"..., 65536, 0) = 10240
pread64(3</tmp/nia-publication-fault-4wgmnp5s/case/store/objects/84/ff92691f909a05b224e1c56abb4864f01b4f8e3c854e4bb4c7baf1d3f6d652>, "", 55296, 10240) = 0
pread64(3</tmp/nia-publication-fault-4wgmnp5s/case/store/objects/84/ff92691f909a05b224e1c56abb4864f01b4f8e3c854e4bb4c7baf1d3f6d652>, "", 65536, 10240) = 0
pread64(3</tmp/nia-publication-fault-4wgmnp5s/case/store/objects/8e/e688345e1d9502ee8cd7277a453c30bfb77b947201beb3300e9df2b8ca321d>, "\0\0\0\0\0\0\0\10NIACSEL1\273\343\341b6\331$M\267\345\300\262\251\302\306\27f\270\251!\330\260\227\374\323p\347\177\25.\3311\0\0\0\0\0\0\0\1\f\241y\346\276\376\267a\363a?\36\365|\250\222\353\303\246\242(\334\243/\23\t\360\254\6\247\336~J6\366\353|\33#j"..., 65536, 0) = 152
pread64(3</tmp/nia-publication-fault-4wgmnp5s/case/store/objects/8e/e688345e1d9502ee8cd7277a453c30bfb77b947201beb3300e9df2b8ca321d>, "", 65384, 152) = 0
pread64(3</tmp/nia-publication-fault-4wgmnp5s/case/store/objects/8e/e688345e1d9502ee8cd7277a453c30bfb77b947201beb3300e9df2b8ca321d>, "", 65536, 152) = 0
pread64(3</tmp/nia-publication-fault-4wgmnp5s/case/store/objects/a3/1a856f430af395bccd7eb2f142b11ad3ae0fc5daf3acc4ffb341c48a5abd39>, "Package: empty-package\nVersion: 1\nArchitecture: all\nMaintainer: Fixture <fixture@example.invalid"..., 65536, 0) = 149
pread64(3</tmp/nia-publication-fault-4wgmnp5s/case/store/objects/a3/1a856f430af395bccd7eb2f142b11ad3ae0fc5daf3acc4ffb341c48a5abd39>, "", 65387, 149) = 0
pread64(3</tmp/nia-publication-fault-4wgmnp5s/case/store/objects/a3/1a856f430af395bccd7eb2f142b11ad3ae0fc5daf3acc4ffb341c48a5abd39>, "", 65536, 149) = 0
fsync(10</tmp/nia-publication-fault-4wgmnp5s/case/store/incoming>) = 0
write(3</tmp/nia-publication-fault-4wgmnp5s/case/store/incoming/14b49821792ed4513a58f04fdb88b6f1>, "NIACLOS1\216\346\2104^\35\225\2\356\214\327'zE<0\277\267{\224r\1\276\2630\16\235\362\270\3122\35\273\343\341b6\331$M\267\345\300\262\251\302\306\27f\270\251!\330\260\227\374\323p\347\177\25.\3311\0\0\0\0\0\0\0\5", 80) = 80
write(3</tmp/nia-publication-fault-4wgmnp5s/case/store/incoming/14b49821792ed4513a58f04fdb88b6f1>, "\f\241y\346\276\376\267a\363a?\36\365|\250\222\353\303\246\242(\334\243/\23\t\360\254\6\247\336~", 32) = 32
write(3</tmp/nia-publication-fault-4wgmnp5s/case/store/incoming/14b49821792ed4513a58f04fdb88b6f1>, "J6\366\353|\33#j\266\313(\335\270\202\221\236\210\213\363\223\337\300\r\223\0\212\326s\6\227\370\367", 32) = 32
write(3</tmp/nia-publication-fault-4wgmnp5s/case/store/incoming/14b49821792ed4513a58f04fdb88b6f1>, "\204\377\222i\37\220\232\5\262$\341\305j\273Hd\360\33O\216<\205NK\264\307\272\361\323\366\326R", 32) = 32
write(3</tmp/nia-publication-fault-4wgmnp5s/case/store/incoming/14b49821792ed4513a58f04fdb88b6f1>, "\216\346\2104^\35\225\2\356\214\327'zE<0\277\267{\224r\1\276\2630\16\235\362\270\3122\35", 32) = 32
write(3</tmp/nia-publication-fault-4wgmnp5s/case/store/incoming/14b49821792ed4513a58f04fdb88b6f1>, "\243\32\205oC\n\363\225\274\315~\262\361B\261\32\323\256\17\305\332\363\254\304\377\263A\304\212Z\2759", 32) = 32
fsync(3</tmp/nia-publication-fault-4wgmnp5s/case/store/incoming/14b49821792ed4513a58f04fdb88b6f1>) = 0
renameat2(10</tmp/nia-publication-fault-4wgmnp5s/case/store/incoming>, "14b49821792ed4513a58f04fdb88b6f1", 3</tmp/nia-publication-fault-4wgmnp5s/case/store/objects/32>, "094e7c613fdb6dffb1f27d926b176f7fd8946b8c2cf3ca9e3b95cb91a1a8ca", RENAME_NOREPLACE) = -1 EEXIST (File exists)
pread64(3</tmp/nia-publication-fault-4wgmnp5s/case/store/objects/32/094e7c613fdb6dffb1f27d926b176f7fd8946b8c2cf3ca9e3b95cb91a1a8ca>, "NIACLOS1\216\346\2104^\35\225\2\356\214\327'zE<0\277\267{\224r\1\276\2630\16\235\362\270\3122\35\273\343\341b6\331$M\267\345\300\262\251\302\306\27f\270\251!\330\260\227\374\323p\347\177\25.\3311\0\0\0\0\0\0\0\5\f\241y\346\276\376\267a\363a?\36\365|\250\222"..., 65536, 0) = 240
pread64(3</tmp/nia-publication-fault-4wgmnp5s/case/store/objects/32/094e7c613fdb6dffb1f27d926b176f7fd8946b8c2cf3ca9e3b95cb91a1a8ca>, "", 65296, 240) = 0
pread64(3</tmp/nia-publication-fault-4wgmnp5s/case/store/objects/32/094e7c613fdb6dffb1f27d926b176f7fd8946b8c2cf3ca9e3b95cb91a1a8ca>, "", 65536, 240) = 0
fsync(10</tmp/nia-publication-fault-4wgmnp5s/case/store/incoming>) = 0
pread64(3</tmp/nia-publication-fault-4wgmnp5s/case/root/.mission/root.id>, "\37\37\37\37\37\37\37\37\37\37\37\37\37\37\37\37", 16, 0) = 16
pread64(3</tmp/nia-publication-fault-4wgmnp5s/case/state/root.state>, "MCROOT02\37\37\37\37\37\37\37\37\37\37\37\37\37\37\37\37\0\0\0\0\0\0\0\0================|(\260]\354\310\366\2733\266\317\17dlZ\365\252\200U\340\nL\366\332\32tk\326;\35\36\362\0\0\0\0\0\0\0\0\0\0\0\0\0\0\0\0"..., 192, 0) = 192
fsync(3</tmp/nia-publication-fault-4wgmnp5s/case/bank/29292929292929292929292929292929/state>) = 0
pread64(3</tmp/nia-publication-fault-4wgmnp5s/case/bank/29292929292929292929292929292929/state/generation.manifest>, "NIAGEN04))))))))))))))))3333333333333333\0\0\0\0\0\0\0\1\0\0\0\0\0\0\0\2\216\346\2104^\35\225\2\356\214\327'zE<0\277\267{\224r\1\276\2630\16\235\362\270\3122\35\"\"\"\"\"\"\"\""..., 32992, 0) = 288
pread64(3</tmp/nia-publication-fault-4wgmnp5s/case/bank/29292929292929292929292929292929/state/generation.manifest>, "", 32704, 288) = 0
fsync(3</tmp/nia-publication-fault-4wgmnp5s/case/bank/29292929292929292929292929292929/state>) = 0
pread64(3</tmp/nia-publication-fault-4wgmnp5s/case/bank/29292929292929292929292929292929/root/.mission/root.id>, "))))))))))))))))", 16, 0) = 16
pread64(3</tmp/nia-publication-fault-4wgmnp5s/case/bank/29292929292929292929292929292929/state/root.state>, "MCROOT02))))))))))))))))\0\0\0\0\0\0\0\1\0\0\0\0\0\0\0\0\0\0\0\0\0\0\0\0\0\0\0\0\0\0\0\0\0\0\0\0\0\0\0\0\0\0\0\0\0\0\0\0\0\0\0\0\0\0\0\0\6>\23t\214\2765\223Zh\362\244\350\23\343\4"..., 192, 0) = 192
fsync(3</tmp/nia-publication-fault-4wgmnp5s/case/store>) = 0
pread64(3</tmp/nia-publication-fault-4wgmnp5s/case/store/pins/33333333333333333333333333333333>, "EN\16:\276\304-E\373\22\204\265\26:\214\305\301\1\4\312\17\2\177.%\237)jJ\374\31\270", 33, 0) = 32
pread64(3</tmp/nia-publication-fault-4wgmnp5s/case/store/pins/33333333333333333333333333333333>, "", 1, 32) = 0
pread64(3</tmp/nia-publication-fault-4wgmnp5s/case/store/objects/8e/e688345e1d9502ee8cd7277a453c30bfb77b947201beb3300e9df2b8ca321d>, "\0\0\0\0\0\0\0\10NIACSEL1\273\343\341b6\331$M\267\345\300\262\251\302\306\27f\270\251!\330\260\227\374\323p\347\177\25.\3311\0\0\0\0\0\0\0\1\f\241y\346\276\376\267a\363a?\36\365|\250\222\353\303\246\242(\334\243/\23\t\360\254\6\247\336~J6\366\353|\33#j"..., 65536, 0) = 152
pread64(3</tmp/nia-publication-fault-4wgmnp5s/case/store/objects/8e/e688345e1d9502ee8cd7277a453c30bfb77b947201beb3300e9df2b8ca321d>, "", 65384, 152) = 0
pread64(3</tmp/nia-publication-fault-4wgmnp5s/case/store/objects/8e/e688345e1d9502ee8cd7277a453c30bfb77b947201beb3300e9df2b8ca321d>, "", 65536, 152) = 0
pread64(3</tmp/nia-publication-fault-4wgmnp5s/case/store/objects/06/3e13748cbe35935a68f2a4e813e304a840ad6be46e05313190b7df3df64069>, "MCPLAN02))))))))))))))))J\221\251af\2333\363\322\2457\334\20\314\305\221\0\0\0\0\0\0\0\0\0\0\0\0\0\0\0\1\0\0\0\0\0\0\0\1\0\0\0\0\0\0\0\2\216\346\2104^\35\225\2\356\214\327'zE<0\277\267{\224r\1\276\263"..., 65536, 0) = 995
pread64(3</tmp/nia-publication-fault-4wgmnp5s/case/store/objects/06/3e13748cbe35935a68f2a4e813e304a840ad6be46e05313190b7df3df64069>, "", 64541, 995) = 0
pread64(3</tmp/nia-publication-fault-4wgmnp5s/case/store/objects/06/3e13748cbe35935a68f2a4e813e304a840ad6be46e05313190b7df3df64069>, "", 65536, 995) = 0
pread64(3</tmp/nia-publication-fault-4wgmnp5s/case/store/objects/06/3e13748cbe35935a68f2a4e813e304a840ad6be46e05313190b7df3df64069>, "MCPLAN02))))))))))))))))J\221\251af\2333\363\322\2457\334\20\314\305\221\0\0\0\0\0\0\0\0\0\0\0\0\0\0\0\1\0\0\0\0\0\0\0\1\0\0\0\0\0\0\0\2\216\346\2104^\35\225\2\356\214\327'zE<0\277\267{\224r\1\276\263"..., 4500000, 0) = 995
pread64(3</tmp/nia-publication-fault-4wgmnp5s/case/store/objects/06/3e13748cbe35935a68f2a4e813e304a840ad6be46e05313190b7df3df64069>, "", 4499005, 995) = 0
pread64(3</tmp/nia-publication-fault-4wgmnp5s/case/store/objects/66/a6757151f8ee55db127716c7e3dce0be8074b64e20eda542e5c1e46ca9c41e>, "\7\10\t", 65536, 0) = 3
pread64(3</tmp/nia-publication-fault-4wgmnp5s/case/store/objects/66/a6757151f8ee55db127716c7e3dce0be8074b64e20eda542e5c1e46ca9c41e>, "", 65533, 3) = 0
pread64(3</tmp/nia-publication-fault-4wgmnp5s/case/store/objects/66/a6757151f8ee55db127716c7e3dce0be8074b64e20eda542e5c1e46ca9c41e>, "", 65536, 3) = 0
pread64(3</tmp/nia-publication-fault-4wgmnp5s/case/store/objects/96/a296d224f285c67bee93c30f8a309157f0daa35dc5b87e410b78630a09cfc7>, "\0\0", 65536, 0) = 2
pread64(3</tmp/nia-publication-fault-4wgmnp5s/case/store/objects/96/a296d224f285c67bee93c30f8a309157f0daa35dc5b87e410b78630a09cfc7>, "", 65534, 2) = 0
pread64(3</tmp/nia-publication-fault-4wgmnp5s/case/store/objects/96/a296d224f285c67bee93c30f8a309157f0daa35dc5b87e410b78630a09cfc7>, "", 65536, 2) = 0
pread64(3</tmp/nia-publication-fault-4wgmnp5s/case/store/objects/8e/e688345e1d9502ee8cd7277a453c30bfb77b947201beb3300e9df2b8ca321d>, "\0\0\0\0\0\0\0\10NIACSEL1\273\343\341b6\331$M\267\345\300\262\251\302\306\27f\270\251!\330\260\227\374\323p\347\177\25.\3311\0\0\0\0\0\0\0\1\f\241y\346\276\376\267a\363a?\36\365|\250\222\353\303\246\242(\334\243/\23\t\360\254\6\247\336~J6\366\353|\33#j"..., 65536, 0) = 152
pread64(3</tmp/nia-publication-fault-4wgmnp5s/case/store/objects/8e/e688345e1d9502ee8cd7277a453c30bfb77b947201beb3300e9df2b8ca321d>, "", 65384, 152) = 0
pread64(3</tmp/nia-publication-fault-4wgmnp5s/case/store/objects/8e/e688345e1d9502ee8cd7277a453c30bfb77b947201beb3300e9df2b8ca321d>, "", 65536, 152) = 0
pread64(3</tmp/nia-publication-fault-4wgmnp5s/case/store/objects/96/a296d224f285c67bee93c30f8a309157f0daa35dc5b87e410b78630a09cfc7>, "\0\0", 65536, 0) = 2
pread64(3</tmp/nia-publication-fault-4wgmnp5s/case/store/objects/96/a296d224f285c67bee93c30f8a309157f0daa35dc5b87e410b78630a09cfc7>, "", 65534, 2) = 0
pread64(3</tmp/nia-publication-fault-4wgmnp5s/case/store/objects/96/a296d224f285c67bee93c30f8a309157f0daa35dc5b87e410b78630a09cfc7>, "", 65536, 2) = 0
pread64(3</tmp/nia-publication-fault-4wgmnp5s/case/store/objects/96/a296d224f285c67bee93c30f8a309157f0daa35dc5b87e410b78630a09cfc7>, "\0\0", 65536, 0) = 2
pread64(3</tmp/nia-publication-fault-4wgmnp5s/case/store/objects/96/a296d224f285c67bee93c30f8a309157f0daa35dc5b87e410b78630a09cfc7>, "", 65534, 2) = 0
pread64(3</tmp/nia-publication-fault-4wgmnp5s/case/store/objects/96/a296d224f285c67bee93c30f8a309157f0daa35dc5b87e410b78630a09cfc7>, "", 65536, 2) = 0
pread64(3</tmp/nia-publication-fault-4wgmnp5s/case/store/objects/8e/e688345e1d9502ee8cd7277a453c30bfb77b947201beb3300e9df2b8ca321d>, "\0\0\0\0\0\0\0\10NIACSEL1\273\343\341b6\331$M\267\345\300\262\251\302\306\27f\270\251!\330\260\227\374\323p\347\177\25.\3311\0\0\0\0\0\0\0\1\f\241y\346\276\376\267a\363a?\36\365|\250\222\353\303\246\242(\334\243/\23\t\360\254\6\247\336~J6\366\353|\33#j"..., 65536, 0) = 152
pread64(3</tmp/nia-publication-fault-4wgmnp5s/case/store/objects/8e/e688345e1d9502ee8cd7277a453c30bfb77b947201beb3300e9df2b8ca321d>, "", 65384, 152) = 0
pread64(3</tmp/nia-publication-fault-4wgmnp5s/case/store/objects/8e/e688345e1d9502ee8cd7277a453c30bfb77b947201beb3300e9df2b8ca321d>, "", 65536, 152) = 0
pread64(3</tmp/nia-publication-fault-4wgmnp5s/case/store/objects/b2/d93d1647239d0ba4daeaa2a008547e866b63fe552b7835bb1cf81afd008832>, "NIASPOL1~R\322\ng\4\374Nt{\300\301\330\36\340\226\257\27\360\206\320\344f\21\354\217~\254\226\320\232\"\0\0\0\0\0\0\3\350\0\0\0\0\0\0\0\1GGGGGGGGGGGGGGGGGGGGGGGGGGGGGGGG\212\210\343\335t\t\361\225"..., 65536, 0) = 136
pread64(3</tmp/nia-publication-fault-4wgmnp5s/case/store/objects/b2/d93d1647239d0ba4daeaa2a008547e866b63fe552b7835bb1cf81afd008832>, "", 65400, 136) = 0
pread64(3</tmp/nia-publication-fault-4wgmnp5s/case/store/objects/b2/d93d1647239d0ba4daeaa2a008547e866b63fe552b7835bb1cf81afd008832>, "", 65536, 136) = 0
pread64(3</tmp/nia-publication-fault-4wgmnp5s/case/store/objects/b2/d93d1647239d0ba4daeaa2a008547e866b63fe552b7835bb1cf81afd008832>, "NIASPOL1~R\322\ng\4\374Nt{\300\301\330\36\340\226\257\27\360\206\320\344f\21\354\217~\254\226\320\232\"\0\0\0\0\0\0\3\350\0\0\0\0\0\0\0\1GGGGGGGGGGGGGGGGGGGGGGGGGGGGGGGG\212\210\343\335t\t\361\225"..., 20536, 0) = 136
pread64(3</tmp/nia-publication-fault-4wgmnp5s/case/store/objects/b2/d93d1647239d0ba4daeaa2a008547e866b63fe552b7835bb1cf81afd008832>, "", 20400, 136) = 0
pread64(3</tmp/nia-publication-fault-4wgmnp5s/case/store/objects/7e/52d20a6704fc4e747bc0c1d81ee096af17f086d0e46611ec8f7eac96d09a22>, "NIASMAP1\37\37\37\37\37\37\37\37\37\37\37\37\37\37\37\37\0\0\0\0\0\0\0\0\0\0\0\0\0\0\0\0\0\0\0\0\0\0\0\0\0\0\0\0\0\0\0\0\0\0\0\0\0\0\0\0\0\0\0\0\0\0\0\0\0\0\0\0\0\0\0\0\0\0\0\0\0\0\0\0\216\346\2104^\35\225\2"..., 65536, 0) = 256
pread64(3</tmp/nia-publication-fault-4wgmnp5s/case/store/objects/7e/52d20a6704fc4e747bc0c1d81ee096af17f086d0e46611ec8f7eac96d09a22>, "", 65280, 256) = 0
pread64(3</tmp/nia-publication-fault-4wgmnp5s/case/store/objects/7e/52d20a6704fc4e747bc0c1d81ee096af17f086d0e46611ec8f7eac96d09a22>, "", 65536, 256) = 0
pread64(3</tmp/nia-publication-fault-4wgmnp5s/case/store/objects/7e/52d20a6704fc4e747bc0c1d81ee096af17f086d0e46611ec8f7eac96d09a22>, "NIASMAP1\37\37\37\37\37\37\37\37\37\37\37\37\37\37\37\37\0\0\0\0\0\0\0\0\0\0\0\0\0\0\0\0\0\0\0\0\0\0\0\0\0\0\0\0\0\0\0\0\0\0\0\0\0\0\0\0\0\0\0\0\0\0\0\0\0\0\0\0\0\0\0\0\0\0\0\0\0\0\0\0\216\346\2104^\35\225\2"..., 393376, 0) = 256
pread64(3</tmp/nia-publication-fault-4wgmnp5s/case/store/objects/7e/52d20a6704fc4e747bc0c1d81ee096af17f086d0e46611ec8f7eac96d09a22>, "", 393120, 256) = 0
pread64(3</tmp/nia-publication-fault-4wgmnp5s/case/store/objects/8e/e688345e1d9502ee8cd7277a453c30bfb77b947201beb3300e9df2b8ca321d>, "\0\0\0\0\0\0\0\10NIACSEL1\273\343\341b6\331$M\267\345\300\262\251\302\306\27f\270\251!\330\260\227\374\323p\347\177\25.\3311\0\0\0\0\0\0\0\1\f\241y\346\276\376\267a\363a?\36\365|\250\222\353\303\246\242(\334\243/\23\t\360\254\6\247\336~J6\366\353|\33#j"..., 65536, 0) = 152
pread64(3</tmp/nia-publication-fault-4wgmnp5s/case/store/objects/8e/e688345e1d9502ee8cd7277a453c30bfb77b947201beb3300e9df2b8ca321d>, "", 65384, 152) = 0
pread64(3</tmp/nia-publication-fault-4wgmnp5s/case/store/objects/8e/e688345e1d9502ee8cd7277a453c30bfb77b947201beb3300e9df2b8ca321d>, "", 65536, 152) = 0
pread64(3</tmp/nia-publication-fault-4wgmnp5s/case/store/objects/32/094e7c613fdb6dffb1f27d926b176f7fd8946b8c2cf3ca9e3b95cb91a1a8ca>, "NIACLOS1\216\346\2104^\35\225\2\356\214\327'zE<0\277\267{\224r\1\276\2630\16\235\362\270\3122\35\273\343\341b6\331$M\267\345\300\262\251\302\306\27f\270\251!\330\260\227\374\323p\347\177\25.\3311\0\0\0\0\0\0\0\5\f\241y\346\276\376\267a\363a?\36\365|\250\222"..., 65536, 0) = 240
pread64(3</tmp/nia-publication-fault-4wgmnp5s/case/store/objects/32/094e7c613fdb6dffb1f27d926b176f7fd8946b8c2cf3ca9e3b95cb91a1a8ca>, "", 65296, 240) = 0
pread64(3</tmp/nia-publication-fault-4wgmnp5s/case/store/objects/32/094e7c613fdb6dffb1f27d926b176f7fd8946b8c2cf3ca9e3b95cb91a1a8ca>, "", 65536, 240) = 0
pread64(3</tmp/nia-publication-fault-4wgmnp5s/case/store/objects/be/79019cd624c1b58af3cac32a235b467dac74ebfc6ee94e6390a198650449a5>, "NIASUP01GGGGGGGGGGGGGGGGGGGGGGGGGGGGGGGGf\246uqQ\370\356U\333\22w\26\307\343\334\340\276\200t\266N \355\245B\345\301\344l\251\304\36\f\241y\346\276\376\267a\363a?\36\365|\250\222\353\303\246\242(\334\243/"..., 65536, 0) = 320
pread64(3</tmp/nia-publication-fault-4wgmnp5s/case/store/objects/be/79019cd624c1b58af3cac32a235b467dac74ebfc6ee94e6390a198650449a5>, "", 65216, 320) = 0
pread64(3</tmp/nia-publication-fault-4wgmnp5s/case/store/objects/be/79019cd624c1b58af3cac32a235b467dac74ebfc6ee94e6390a198650449a5>, "", 65536, 320) = 0
pread64(3</tmp/nia-publication-fault-4wgmnp5s/case/store/objects/be/79019cd624c1b58af3cac32a235b467dac74ebfc6ee94e6390a198650449a5>, "NIASUP01GGGGGGGGGGGGGGGGGGGGGGGGGGGGGGGGf\246uqQ\370\356U\333\22w\26\307\343\334\340\276\200t\266N \355\245B\345\301\344l\251\304\36\f\241y\346\276\376\267a\363a?\36\365|\250\222\353\303\246\242(\334\243/"..., 320, 0) = 320
pread64(3</tmp/nia-publication-fault-4wgmnp5s/case/store/objects/66/a6757151f8ee55db127716c7e3dce0be8074b64e20eda542e5c1e46ca9c41e>, "\7\10\t", 65536, 0) = 3
pread64(3</tmp/nia-publication-fault-4wgmnp5s/case/store/objects/66/a6757151f8ee55db127716c7e3dce0be8074b64e20eda542e5c1e46ca9c41e>, "", 65533, 3) = 0
pread64(3</tmp/nia-publication-fault-4wgmnp5s/case/store/objects/66/a6757151f8ee55db127716c7e3dce0be8074b64e20eda542e5c1e46ca9c41e>, "", 65536, 3) = 0
pread64(3</tmp/nia-publication-fault-4wgmnp5s/case/store/objects/0c/a179e6befeb761f3613f1ef57ca892ebc3a6a228dca32f1309f0ac06a7de7e>, "!<arch>\ndebian-binary/  0           0     0     100644  4         `\n2.0\ncontrol.tar/    0       "..., 65536, 0) = 20672
pread64(3</tmp/nia-publication-fault-4wgmnp5s/case/store/objects/0c/a179e6befeb761f3613f1ef57ca892ebc3a6a228dca32f1309f0ac06a7de7e>, "", 44864, 20672) = 0
pread64(3</tmp/nia-publication-fault-4wgmnp5s/case/store/objects/0c/a179e6befeb761f3613f1ef57ca892ebc3a6a228dca32f1309f0ac06a7de7e>, "", 65536, 20672) = 0
pread64(3</tmp/nia-publication-fault-4wgmnp5s/case/store/objects/a3/1a856f430af395bccd7eb2f142b11ad3ae0fc5daf3acc4ffb341c48a5abd39>, "Package: empty-package\nVersion: 1\nArchitecture: all\nMaintainer: Fixture <fixture@example.invalid"..., 65536, 0) = 149
pread64(3</tmp/nia-publication-fault-4wgmnp5s/case/store/objects/a3/1a856f430af395bccd7eb2f142b11ad3ae0fc5daf3acc4ffb341c48a5abd39>, "", 65387, 149) = 0
pread64(3</tmp/nia-publication-fault-4wgmnp5s/case/store/objects/a3/1a856f430af395bccd7eb2f142b11ad3ae0fc5daf3acc4ffb341c48a5abd39>, "", 65536, 149) = 0
pread64(3</tmp/nia-publication-fault-4wgmnp5s/case/store/objects/66/a6757151f8ee55db127716c7e3dce0be8074b64e20eda542e5c1e46ca9c41e>, "\7\10\t", 65536, 0) = 3
pread64(3</tmp/nia-publication-fault-4wgmnp5s/case/store/objects/66/a6757151f8ee55db127716c7e3dce0be8074b64e20eda542e5c1e46ca9c41e>, "", 65533, 3) = 0
pread64(3</tmp/nia-publication-fault-4wgmnp5s/case/store/objects/66/a6757151f8ee55db127716c7e3dce0be8074b64e20eda542e5c1e46ca9c41e>, "", 65536, 3) = 0
pread64(3</tmp/nia-publication-fault-4wgmnp5s/case/store/objects/66/a6757151f8ee55db127716c7e3dce0be8074b64e20eda542e5c1e46ca9c41e>, "\7\10\t", 65536, 0) = 3
pread64(3</tmp/nia-publication-fault-4wgmnp5s/case/store/objects/66/a6757151f8ee55db127716c7e3dce0be8074b64e20eda542e5c1e46ca9c41e>, "", 65533, 3) = 0
pread64(3</tmp/nia-publication-fault-4wgmnp5s/case/store/objects/66/a6757151f8ee55db127716c7e3dce0be8074b64e20eda542e5c1e46ca9c41e>, "", 65536, 3) = 0
pread64(3</tmp/nia-publication-fault-4wgmnp5s/case/store/objects/66/a6757151f8ee55db127716c7e3dce0be8074b64e20eda542e5c1e46ca9c41e>, "\7\10\t", 65536, 0) = 3
pread64(3</tmp/nia-publication-fault-4wgmnp5s/case/store/objects/66/a6757151f8ee55db127716c7e3dce0be8074b64e20eda542e5c1e46ca9c41e>, "", 65533, 3) = 0
pread64(3</tmp/nia-publication-fault-4wgmnp5s/case/store/objects/66/a6757151f8ee55db127716c7e3dce0be8074b64e20eda542e5c1e46ca9c41e>, "", 65536, 3) = 0
pread64(3</tmp/nia-publication-fault-4wgmnp5s/case/store/objects/38/c0e841345eeb0948445869eb5553bb39ebf66c24fe6fa00123868f32600451>, "NIAGINT1\37\37\37\37\37\37\37\37\37\37\37\37\37\37\37\37\0\0\0\0\0\0\0\0\0\0\0\0\0\0\0\0\0\0\0\0\0\0\0\0\0\0\0\0\0\0\0\0\216\346\2104^\35\225\2\356\214\327'zE<0\277\267{\224r\1\276\2630\16\235\362\270\3122\0352\tN|a?\333m"..., 65536, 0) = 206
pread64(3</tmp/nia-publication-fault-4wgmnp5s/case/store/objects/38/c0e841345eeb0948445869eb5553bb39ebf66c24fe6fa00123868f32600451>, "", 65330, 206) = 0
pread64(3</tmp/nia-publication-fault-4wgmnp5s/case/store/objects/38/c0e841345eeb0948445869eb5553bb39ebf66c24fe6fa00123868f32600451>, "", 65536, 206) = 0
pread64(3</tmp/nia-publication-fault-4wgmnp5s/case/store/objects/38/c0e841345eeb0948445869eb5553bb39ebf66c24fe6fa00123868f32600451>, "NIAGINT1\37\37\37\37\37\37\37\37\37\37\37\37\37\37\37\37\0\0\0\0\0\0\0\0\0\0\0\0\0\0\0\0\0\0\0\0\0\0\0\0\0\0\0\0\0\0\0\0\216\346\2104^\35\225\2\356\214\327'zE<0\277\267{\224r\1\276\2630\16\235\362\270\3122\0352\tN|a?\333m"..., 1053888, 0) = 206
pread64(3</tmp/nia-publication-fault-4wgmnp5s/case/store/objects/38/c0e841345eeb0948445869eb5553bb39ebf66c24fe6fa00123868f32600451>, "", 1053682, 206) = 0
pread64(3</tmp/nia-publication-fault-4wgmnp5s/case/store/objects/32/094e7c613fdb6dffb1f27d926b176f7fd8946b8c2cf3ca9e3b95cb91a1a8ca>, "NIACLOS1\216\346\2104^\35\225\2\356\214\327'zE<0\277\267{\224r\1\276\2630\16\235\362\270\3122\35\273\343\341b6\331$M\267\345\300\262\251\302\306\27f\270\251!\330\260\227\374\323p\347\177\25.\3311\0\0\0\0\0\0\0\5\f\241y\346\276\376\267a\363a?\36\365|\250\222"..., 65536, 0) = 240
pread64(3</tmp/nia-publication-fault-4wgmnp5s/case/store/objects/32/094e7c613fdb6dffb1f27d926b176f7fd8946b8c2cf3ca9e3b95cb91a1a8ca>, "", 65296, 240) = 0
pread64(3</tmp/nia-publication-fault-4wgmnp5s/case/store/objects/32/094e7c613fdb6dffb1f27d926b176f7fd8946b8c2cf3ca9e3b95cb91a1a8ca>, "", 65536, 240) = 0
pread64(3</tmp/nia-publication-fault-4wgmnp5s/case/store/objects/32/094e7c613fdb6dffb1f27d926b176f7fd8946b8c2cf3ca9e3b95cb91a1a8ca>, "NIACLOS1\216\346\2104^\35\225\2\356\214\327'zE<0\277\267{\224r\1\276\2630\16\235\362\270\3122\35\273\343\341b6\331$M\267\345\300\262\251\302\306\27f\270\251!\330\260\227\374\323p\347\177\25.\3311\0\0\0\0\0\0\0\5", 80, 0) = 80
pread64(3</tmp/nia-publication-fault-4wgmnp5s/case/store/objects/32/094e7c613fdb6dffb1f27d926b176f7fd8946b8c2cf3ca9e3b95cb91a1a8ca>, "\f\241y\346\276\376\267a\363a?\36\365|\250\222\353\303\246\242(\334\243/\23\t\360\254\6\247\336~", 32, 80) = 32
pread64(13</tmp/nia-publication-fault-4wgmnp5s/case/store/objects/0c/a179e6befeb761f3613f1ef57ca892ebc3a6a228dca32f1309f0ac06a7de7e>, "!<arch>\ndebian-binary/  0           0     0     100644  4         `\n2.0\ncontrol.tar/    0       "..., 65536, 0) = 20672
pread64(13</tmp/nia-publication-fault-4wgmnp5s/case/store/objects/0c/a179e6befeb761f3613f1ef57ca892ebc3a6a228dca32f1309f0ac06a7de7e>, "", 44864, 20672) = 0
pread64(13</tmp/nia-publication-fault-4wgmnp5s/case/store/objects/0c/a179e6befeb761f3613f1ef57ca892ebc3a6a228dca32f1309f0ac06a7de7e>, "", 65536, 20672) = 0
pread64(3</tmp/nia-publication-fault-4wgmnp5s/case/store/objects/32/094e7c613fdb6dffb1f27d926b176f7fd8946b8c2cf3ca9e3b95cb91a1a8ca>, "J6\366\353|\33#j\266\313(\335\270\202\221\236\210\213\363\223\337\300\r\223\0\212\326s\6\227\370\367", 32, 112) = 32
pread64(13</tmp/nia-publication-fault-4wgmnp5s/case/store/objects/4a/36f6eb7c1b236ab6cb28ddb882919e888bf393dfc00d93008ad6730697f8f7>, "./control\0\0\0\0\0\0\0\0\0\0\0\0\0\0\0\0\0\0\0\0\0\0\0\0\0\0\0\0\0\0\0\0\0\0\0\0\0\0\0\0\0\0\0\0\0\0\0\0\0\0\0\0\0\0\0\0\0\0\0\0\0\0\0\0\0\0\0\0\0\0\0\0\0\0\0\0\0\0\0\0\0\0\0\0\0\0\0"..., 65536, 0) = 10240
pread64(13</tmp/nia-publication-fault-4wgmnp5s/case/store/objects/4a/36f6eb7c1b236ab6cb28ddb882919e888bf393dfc00d93008ad6730697f8f7>, "", 55296, 10240) = 0
pread64(13</tmp/nia-publication-fault-4wgmnp5s/case/store/objects/4a/36f6eb7c1b236ab6cb28ddb882919e888bf393dfc00d93008ad6730697f8f7>, "", 65536, 10240) = 0
pread64(3</tmp/nia-publication-fault-4wgmnp5s/case/store/objects/32/094e7c613fdb6dffb1f27d926b176f7fd8946b8c2cf3ca9e3b95cb91a1a8ca>, "\204\377\222i\37\220\232\5\262$\341\305j\273Hd\360\33O\216<\205NK\264\307\272\361\323\366\326R", 32, 144) = 32
pread64(13</tmp/nia-publication-fault-4wgmnp5s/case/store/objects/84/ff92691f909a05b224e1c56abb4864f01b4f8e3c854e4bb4c7baf1d3f6d652>, "\0\0\0\0\0\0\0\0\0\0\0\0\0\0\0\0\0\0\0\0\0\0\0\0\0\0\0\0\0\0\0\0\0\0\0\0\0\0\0\0\0\0\0\0\0\0\0\0\0\0\0\0\0\0\0\0\0\0\0\0\0\0\0\0\0\0\0\0\0\0\0\0\0\0\0\0\0\0\0\0\0\0\0\0\0\0\0\0\0\0\0\0\0\0\0\0"..., 65536, 0) = 10240
pread64(13</tmp/nia-publication-fault-4wgmnp5s/case/store/objects/84/ff92691f909a05b224e1c56abb4864f01b4f8e3c854e4bb4c7baf1d3f6d652>, "", 55296, 10240) = 0
pread64(13</tmp/nia-publication-fault-4wgmnp5s/case/store/objects/84/ff92691f909a05b224e1c56abb4864f01b4f8e3c854e4bb4c7baf1d3f6d652>, "", 65536, 10240) = 0
pread64(3</tmp/nia-publication-fault-4wgmnp5s/case/store/objects/32/094e7c613fdb6dffb1f27d926b176f7fd8946b8c2cf3ca9e3b95cb91a1a8ca>, "\216\346\2104^\35\225\2\356\214\327'zE<0\277\267{\224r\1\276\2630\16\235\362\270\3122\35", 32, 176) = 32
pread64(13</tmp/nia-publication-fault-4wgmnp5s/case/store/objects/8e/e688345e1d9502ee8cd7277a453c30bfb77b947201beb3300e9df2b8ca321d>, "\0\0\0\0\0\0\0\10NIACSEL1\273\343\341b6\331$M\267\345\300\262\251\302\306\27f\270\251!\330\260\227\374\323p\347\177\25.\3311\0\0\0\0\0\0\0\1\f\241y\346\276\376\267a\363a?\36\365|\250\222\353\303\246\242(\334\243/\23\t\360\254\6\247\336~J6\366\353|\33#j"..., 65536, 0) = 152
pread64(13</tmp/nia-publication-fault-4wgmnp5s/case/store/objects/8e/e688345e1d9502ee8cd7277a453c30bfb77b947201beb3300e9df2b8ca321d>, "", 65384, 152) = 0
pread64(13</tmp/nia-publication-fault-4wgmnp5s/case/store/objects/8e/e688345e1d9502ee8cd7277a453c30bfb77b947201beb3300e9df2b8ca321d>, "", 65536, 152) = 0
pread64(3</tmp/nia-publication-fault-4wgmnp5s/case/store/objects/32/094e7c613fdb6dffb1f27d926b176f7fd8946b8c2cf3ca9e3b95cb91a1a8ca>, "\243\32\205oC\n\363\225\274\315~\262\361B\261\32\323\256\17\305\332\363\254\304\377\263A\304\212Z\2759", 32, 208) = 32
pread64(13</tmp/nia-publication-fault-4wgmnp5s/case/store/objects/a3/1a856f430af395bccd7eb2f142b11ad3ae0fc5daf3acc4ffb341c48a5abd39>, "Package: empty-package\nVersion: 1\nArchitecture: all\nMaintainer: Fixture <fixture@example.invalid"..., 65536, 0) = 149
pread64(13</tmp/nia-publication-fault-4wgmnp5s/case/store/objects/a3/1a856f430af395bccd7eb2f142b11ad3ae0fc5daf3acc4ffb341c48a5abd39>, "", 65387, 149) = 0
pread64(13</tmp/nia-publication-fault-4wgmnp5s/case/store/objects/a3/1a856f430af395bccd7eb2f142b11ad3ae0fc5daf3acc4ffb341c48a5abd39>, "", 65536, 149) = 0
pread64(3</tmp/nia-publication-fault-4wgmnp5s/case/store/objects/8e/e688345e1d9502ee8cd7277a453c30bfb77b947201beb3300e9df2b8ca321d>, "\0\0\0\0\0\0\0\10NIACSEL1\273\343\341b6\331$M\267\345\300\262\251\302\306\27f\270\251!\330\260\227\374\323p\347\177\25.\3311\0\0\0\0\0\0\0\1\f\241y\346\276\376\267a\363a?\36\365|\250\222\353\303\246\242(\334\243/\23\t\360\254\6\247\336~J6\366\353|\33#j"..., 65536, 0) = 152
pread64(3</tmp/nia-publication-fault-4wgmnp5s/case/store/objects/8e/e688345e1d9502ee8cd7277a453c30bfb77b947201beb3300e9df2b8ca321d>, "", 65384, 152) = 0
pread64(3</tmp/nia-publication-fault-4wgmnp5s/case/store/objects/8e/e688345e1d9502ee8cd7277a453c30bfb77b947201beb3300e9df2b8ca321d>, "", 65536, 152) = 0
pread64(3</tmp/nia-publication-fault-4wgmnp5s/case/store/objects/8e/e688345e1d9502ee8cd7277a453c30bfb77b947201beb3300e9df2b8ca321d>, "\0\0\0\0\0\0\0\10NIACSEL1\273\343\341b6\331$M\267\345\300\262\251\302\306\27f\270\251!\330\260\227\374\323p\347\177\25.\3311\0\0\0\0\0\0\0\1\f\241y\346\276\376\267a\363a?\36\365|\250\222\353\303\246\242(\334\243/\23\t\360\254\6\247\336~J6\366\353|\33#j"..., 393272, 0) = 152
pread64(3</tmp/nia-publication-fault-4wgmnp5s/case/store/objects/8e/e688345e1d9502ee8cd7277a453c30bfb77b947201beb3300e9df2b8ca321d>, "", 393120, 152) = 0
pread64(3</tmp/nia-publication-fault-4wgmnp5s/case/store/objects/0c/a179e6befeb761f3613f1ef57ca892ebc3a6a228dca32f1309f0ac06a7de7e>, "!<arch>\ndebian-binary/  0           0     0     100644  4         `\n2.0\ncontrol.tar/    0       "..., 65536, 0) = 20672
pread64(3</tmp/nia-publication-fault-4wgmnp5s/case/store/objects/0c/a179e6befeb761f3613f1ef57ca892ebc3a6a228dca32f1309f0ac06a7de7e>, "", 44864, 20672) = 0
pread64(3</tmp/nia-publication-fault-4wgmnp5s/case/store/objects/0c/a179e6befeb761f3613f1ef57ca892ebc3a6a228dca32f1309f0ac06a7de7e>, "", 65536, 20672) = 0
pread64(3</tmp/nia-publication-fault-4wgmnp5s/case/store/objects/0c/a179e6befeb761f3613f1ef57ca892ebc3a6a228dca32f1309f0ac06a7de7e>, "!<arch>\n", 8, 0) = 8
pread64(3</tmp/nia-publication-fault-4wgmnp5s/case/store/objects/0c/a179e6befeb761f3613f1ef57ca892ebc3a6a228dca32f1309f0ac06a7de7e>, "debian-binary/  0           0     0     100644  4         `\n", 60, 8) = 60
pread64(3</tmp/nia-publication-fault-4wgmnp5s/case/store/objects/0c/a179e6befeb761f3613f1ef57ca892ebc3a6a228dca32f1309f0ac06a7de7e>, "2.0\n", 4, 68) = 4
pread64(3</tmp/nia-publication-fault-4wgmnp5s/case/store/objects/0c/a179e6befeb761f3613f1ef57ca892ebc3a6a228dca32f1309f0ac06a7de7e>, "2.0\n", 4, 68) = 4
pread64(3</tmp/nia-publication-fault-4wgmnp5s/case/store/objects/0c/a179e6befeb761f3613f1ef57ca892ebc3a6a228dca32f1309f0ac06a7de7e>, "control.tar/    0           0     0     100644  10240     `\n", 60, 72) = 60
pread64(3</tmp/nia-publication-fault-4wgmnp5s/case/store/objects/0c/a179e6befeb761f3613f1ef57ca892ebc3a6a228dca32f1309f0ac06a7de7e>, "./control\0\0\0\0\0\0\0\0\0\0\0\0\0\0\0\0\0\0\0\0\0\0\0\0\0\0\0\0\0\0\0\0\0\0\0\0\0\0\0\0\0\0\0\0\0\0\0\0\0\0\0\0\0\0\0\0\0\0\0\0\0\0\0\0\0\0\0\0\0\0\0\0\0\0\0\0\0\0\0\0\0\0\0\0\0\0\0"..., 10240, 132) = 10240
pread64(3</tmp/nia-publication-fault-4wgmnp5s/case/store/objects/0c/a179e6befeb761f3613f1ef57ca892ebc3a6a228dca32f1309f0ac06a7de7e>, "data.tar/       0           0     0     100644  10240     `\n", 60, 10372) = 60
pread64(3</tmp/nia-publication-fault-4wgmnp5s/case/store/objects/0c/a179e6befeb761f3613f1ef57ca892ebc3a6a228dca32f1309f0ac06a7de7e>, "\0\0\0\0\0\0\0\0\0\0\0\0\0\0\0\0\0\0\0\0\0\0\0\0\0\0\0\0\0\0\0\0\0\0\0\0\0\0\0\0\0\0\0\0\0\0\0\0\0\0\0\0\0\0\0\0\0\0\0\0\0\0\0\0\0\0\0\0\0\0\0\0\0\0\0\0\0\0\0\0\0\0\0\0\0\0\0\0\0\0\0\0\0\0\0\0"..., 10240, 10432) = 10240
pread64(3</tmp/nia-publication-fault-4wgmnp5s/case/store/objects/0c/a179e6befeb761f3613f1ef57ca892ebc3a6a228dca32f1309f0ac06a7de7e>, "!<arch>\ndebian-binary/  0           0     0     100644  4         `\n2.0\ncontrol.tar/    0       "..., 65536, 0) = 20672
pread64(3</tmp/nia-publication-fault-4wgmnp5s/case/store/objects/0c/a179e6befeb761f3613f1ef57ca892ebc3a6a228dca32f1309f0ac06a7de7e>, "", 44864, 20672) = 0
pread64(3</tmp/nia-publication-fault-4wgmnp5s/case/store/objects/0c/a179e6befeb761f3613f1ef57ca892ebc3a6a228dca32f1309f0ac06a7de7e>, "", 65536, 20672) = 0
pread64(3</tmp/nia-publication-fault-4wgmnp5s/case/store/objects/0c/a179e6befeb761f3613f1ef57ca892ebc3a6a228dca32f1309f0ac06a7de7e>, "!<arch>\n", 8, 0) = 8
pread64(3</tmp/nia-publication-fault-4wgmnp5s/case/store/objects/0c/a179e6befeb761f3613f1ef57ca892ebc3a6a228dca32f1309f0ac06a7de7e>, "debian-binary/  0           0     0     100644  4         `\n", 60, 8) = 60
pread64(3</tmp/nia-publication-fault-4wgmnp5s/case/store/objects/0c/a179e6befeb761f3613f1ef57ca892ebc3a6a228dca32f1309f0ac06a7de7e>, "2.0\n", 4, 68) = 4
pread64(3</tmp/nia-publication-fault-4wgmnp5s/case/store/objects/0c/a179e6befeb761f3613f1ef57ca892ebc3a6a228dca32f1309f0ac06a7de7e>, "2.0\n", 4, 68) = 4
pread64(3</tmp/nia-publication-fault-4wgmnp5s/case/store/objects/0c/a179e6befeb761f3613f1ef57ca892ebc3a6a228dca32f1309f0ac06a7de7e>, "control.tar/    0           0     0     100644  10240     `\n", 60, 72) = 60
pread64(3</tmp/nia-publication-fault-4wgmnp5s/case/store/objects/0c/a179e6befeb761f3613f1ef57ca892ebc3a6a228dca32f1309f0ac06a7de7e>, "./control\0\0\0\0\0\0\0\0\0\0\0\0\0\0\0\0\0\0\0\0\0\0\0\0\0\0\0\0\0\0\0\0\0\0\0\0\0\0\0\0\0\0\0\0\0\0\0\0\0\0\0\0\0\0\0\0\0\0\0\0\0\0\0\0\0\0\0\0\0\0\0\0\0\0\0\0\0\0\0\0\0\0\0\0\0\0\0"..., 10240, 132) = 10240
pread64(3</tmp/nia-publication-fault-4wgmnp5s/case/store/objects/0c/a179e6befeb761f3613f1ef57ca892ebc3a6a228dca32f1309f0ac06a7de7e>, "data.tar/       0           0     0     100644  10240     `\n", 60, 10372) = 60
pread64(3</tmp/nia-publication-fault-4wgmnp5s/case/store/objects/0c/a179e6befeb761f3613f1ef57ca892ebc3a6a228dca32f1309f0ac06a7de7e>, "\0\0\0\0\0\0\0\0\0\0\0\0\0\0\0\0\0\0\0\0\0\0\0\0\0\0\0\0\0\0\0\0\0\0\0\0\0\0\0\0\0\0\0\0\0\0\0\0\0\0\0\0\0\0\0\0\0\0\0\0\0\0\0\0\0\0\0\0\0\0\0\0\0\0\0\0\0\0\0\0\0\0\0\0\0\0\0\0\0\0\0\0\0\0\0\0"..., 10240, 10432) = 10240
fsync(14</tmp/nia-publication-fault-4wgmnp5s/case/store/incoming>) = 0
pread64(3</tmp/nia-publication-fault-4wgmnp5s/case/store/objects/0c/a179e6befeb761f3613f1ef57ca892ebc3a6a228dca32f1309f0ac06a7de7e>, "\0\0\0\0\0\0\0\0\0\0\0\0\0\0\0\0\0\0\0\0\0\0\0\0\0\0\0\0\0\0\0\0\0\0\0\0\0\0\0\0\0\0\0\0\0\0\0\0\0\0\0\0\0\0\0\0\0\0\0\0\0\0\0\0\0\0\0\0\0\0\0\0\0\0\0\0\0\0\0\0\0\0\0\0\0\0\0\0\0\0\0\0\0\0\0\0"..., 10240, 10432) = 10240
write(13</tmp/nia-publication-fault-4wgmnp5s/case/store/incoming/438dd3a2d590e032bcd49804c08d0e06>, "\0\0\0\0\0\0\0\0\0\0\0\0\0\0\0\0\0\0\0\0\0\0\0\0\0\0\0\0\0\0\0\0\0\0\0\0\0\0\0\0\0\0\0\0\0\0\0\0\0\0\0\0\0\0\0\0\0\0\0\0\0\0\0\0\0\0\0\0\0\0\0\0\0\0\0\0\0\0\0\0\0\0\0\0\0\0\0\0\0\0\0\0\0\0\0\0"..., 10240) = 10240
fsync(13</tmp/nia-publication-fault-4wgmnp5s/case/store/incoming/438dd3a2d590e032bcd49804c08d0e06>) = 0
renameat2(14</tmp/nia-publication-fault-4wgmnp5s/case/store/incoming>, "438dd3a2d590e032bcd49804c08d0e06", 13</tmp/nia-publication-fault-4wgmnp5s/case/store/objects/84>, "ff92691f909a05b224e1c56abb4864f01b4f8e3c854e4bb4c7baf1d3f6d652", RENAME_NOREPLACE) = -1 EEXIST (File exists)
pread64(13</tmp/nia-publication-fault-4wgmnp5s/case/store/objects/84/ff92691f909a05b224e1c56abb4864f01b4f8e3c854e4bb4c7baf1d3f6d652>, "\0\0\0\0\0\0\0\0\0\0\0\0\0\0\0\0\0\0\0\0\0\0\0\0\0\0\0\0\0\0\0\0\0\0\0\0\0\0\0\0\0\0\0\0\0\0\0\0\0\0\0\0\0\0\0\0\0\0\0\0\0\0\0\0\0\0\0\0\0\0\0\0\0\0\0\0\0\0\0\0\0\0\0\0\0\0\0\0\0\0\0\0\0\0\0\0"..., 65536, 0) = 10240
pread64(13</tmp/nia-publication-fault-4wgmnp5s/case/store/objects/84/ff92691f909a05b224e1c56abb4864f01b4f8e3c854e4bb4c7baf1d3f6d652>, "", 55296, 10240) = 0
pread64(13</tmp/nia-publication-fault-4wgmnp5s/case/store/objects/84/ff92691f909a05b224e1c56abb4864f01b4f8e3c854e4bb4c7baf1d3f6d652>, "", 65536, 10240) = 0
fsync(14</tmp/nia-publication-fault-4wgmnp5s/case/store/incoming>) = 0
pread64(3</tmp/nia-publication-fault-4wgmnp5s/case/store/objects/84/ff92691f909a05b224e1c56abb4864f01b4f8e3c854e4bb4c7baf1d3f6d652>, "\0\0\0\0\0\0\0\0\0\0\0\0\0\0\0\0\0\0\0\0\0\0\0\0\0\0\0\0\0\0\0\0\0\0\0\0\0\0\0\0\0\0\0\0\0\0\0\0\0\0\0\0\0\0\0\0\0\0\0\0\0\0\0\0\0\0\0\0\0\0\0\0\0\0\0\0\0\0\0\0\0\0\0\0\0\0\0\0\0\0\0\0\0\0\0\0"..., 65536, 0) = 10240
pread64(3</tmp/nia-publication-fault-4wgmnp5s/case/store/objects/84/ff92691f909a05b224e1c56abb4864f01b4f8e3c854e4bb4c7baf1d3f6d652>, "", 55296, 10240) = 0
pread64(3</tmp/nia-publication-fault-4wgmnp5s/case/store/objects/84/ff92691f909a05b224e1c56abb4864f01b4f8e3c854e4bb4c7baf1d3f6d652>, "", 65536, 10240) = 0
pread64(3</tmp/nia-publication-fault-4wgmnp5s/case/store/objects/84/ff92691f909a05b224e1c56abb4864f01b4f8e3c854e4bb4c7baf1d3f6d652>, "\0\0\0\0\0\0\0\0\0\0\0\0\0\0\0\0\0\0\0\0\0\0\0\0\0\0\0\0\0\0\0\0\0\0\0\0\0\0\0\0\0\0\0\0\0\0\0\0\0\0\0\0\0\0\0\0\0\0\0\0\0\0\0\0\0\0\0\0\0\0\0\0\0\0\0\0\0\0\0\0\0\0\0\0\0\0\0\0\0\0\0\0\0\0\0\0"..., 10240, 0) = 10240
fsync(14</tmp/nia-publication-fault-4wgmnp5s/case/store/incoming>) = 0
pread64(3</tmp/nia-publication-fault-4wgmnp5s/case/store/objects/84/ff92691f909a05b224e1c56abb4864f01b4f8e3c854e4bb4c7baf1d3f6d652>, "\0\0\0\0\0\0\0\0\0\0\0\0\0\0\0\0\0\0\0\0\0\0\0\0\0\0\0\0\0\0\0\0\0\0\0\0\0\0\0\0\0\0\0\0\0\0\0\0\0\0\0\0\0\0\0\0\0\0\0\0\0\0\0\0\0\0\0\0\0\0\0\0\0\0\0\0\0\0\0\0\0\0\0\0\0\0\0\0\0\0\0\0\0\0\0\0"..., 10240, 0) = 10240
write(13</tmp/nia-publication-fault-4wgmnp5s/case/store/incoming/b0f9b13aaa2fd544110c3a0331de4967>, "\0\0\0\0\0\0\0\0\0\0\0\0\0\0\0\0\0\0\0\0\0\0\0\0\0\0\0\0\0\0\0\0\0\0\0\0\0\0\0\0\0\0\0\0\0\0\0\0\0\0\0\0\0\0\0\0\0\0\0\0\0\0\0\0\0\0\0\0\0\0\0\0\0\0\0\0\0\0\0\0\0\0\0\0\0\0\0\0\0\0\0\0\0\0\0\0"..., 10240) = 10240
fsync(13</tmp/nia-publication-fault-4wgmnp5s/case/store/incoming/b0f9b13aaa2fd544110c3a0331de4967>) = 0
renameat2(14</tmp/nia-publication-fault-4wgmnp5s/case/store/incoming>, "b0f9b13aaa2fd544110c3a0331de4967", 13</tmp/nia-publication-fault-4wgmnp5s/case/store/objects/84>, "ff92691f909a05b224e1c56abb4864f01b4f8e3c854e4bb4c7baf1d3f6d652", RENAME_NOREPLACE) = -1 EEXIST (File exists)
pread64(13</tmp/nia-publication-fault-4wgmnp5s/case/store/objects/84/ff92691f909a05b224e1c56abb4864f01b4f8e3c854e4bb4c7baf1d3f6d652>, "\0\0\0\0\0\0\0\0\0\0\0\0\0\0\0\0\0\0\0\0\0\0\0\0\0\0\0\0\0\0\0\0\0\0\0\0\0\0\0\0\0\0\0\0\0\0\0\0\0\0\0\0\0\0\0\0\0\0\0\0\0\0\0\0\0\0\0\0\0\0\0\0\0\0\0\0\0\0\0\0\0\0\0\0\0\0\0\0\0\0\0\0\0\0\0\0"..., 65536, 0) = 10240
pread64(13</tmp/nia-publication-fault-4wgmnp5s/case/store/objects/84/ff92691f909a05b224e1c56abb4864f01b4f8e3c854e4bb4c7baf1d3f6d652>, "", 55296, 10240) = 0
pread64(13</tmp/nia-publication-fault-4wgmnp5s/case/store/objects/84/ff92691f909a05b224e1c56abb4864f01b4f8e3c854e4bb4c7baf1d3f6d652>, "", 65536, 10240) = 0
fsync(14</tmp/nia-publication-fault-4wgmnp5s/case/store/incoming>) = 0
pread64(3</tmp/nia-publication-fault-4wgmnp5s/case/store/objects/84/ff92691f909a05b224e1c56abb4864f01b4f8e3c854e4bb4c7baf1d3f6d652>, "\0\0\0\0\0\0\0\0\0\0\0\0\0\0\0\0\0\0\0\0\0\0\0\0\0\0\0\0\0\0\0\0\0\0\0\0\0\0\0\0\0\0\0\0\0\0\0\0\0\0\0\0\0\0\0\0\0\0\0\0\0\0\0\0\0\0\0\0\0\0\0\0\0\0\0\0\0\0\0\0\0\0\0\0\0\0\0\0\0\0\0\0\0\0\0\0"..., 65536, 0) = 10240
pread64(3</tmp/nia-publication-fault-4wgmnp5s/case/store/objects/84/ff92691f909a05b224e1c56abb4864f01b4f8e3c854e4bb4c7baf1d3f6d652>, "", 55296, 10240) = 0
pread64(3</tmp/nia-publication-fault-4wgmnp5s/case/store/objects/84/ff92691f909a05b224e1c56abb4864f01b4f8e3c854e4bb4c7baf1d3f6d652>, "", 65536, 10240) = 0
pread64(3</tmp/nia-publication-fault-4wgmnp5s/case/store/objects/84/ff92691f909a05b224e1c56abb4864f01b4f8e3c854e4bb4c7baf1d3f6d652>, "\0\0\0\0\0\0\0\0\0\0\0\0\0\0\0\0\0\0\0\0\0\0\0\0\0\0\0\0\0\0\0\0\0\0\0\0\0\0\0\0\0\0\0\0\0\0\0\0\0\0\0\0\0\0\0\0\0\0\0\0\0\0\0\0\0\0\0\0\0\0\0\0\0\0\0\0\0\0\0\0\0\0\0\0\0\0\0\0\0\0\0\0\0\0\0\0"..., 512, 0) = 512
pread64(3</tmp/nia-publication-fault-4wgmnp5s/case/store/objects/84/ff92691f909a05b224e1c56abb4864f01b4f8e3c854e4bb4c7baf1d3f6d652>, "\0\0\0\0\0\0\0\0\0\0\0\0\0\0\0\0\0\0\0\0\0\0\0\0\0\0\0\0\0\0\0\0\0\0\0\0\0\0\0\0\0\0\0\0\0\0\0\0\0\0\0\0\0\0\0\0\0\0\0\0\0\0\0\0\0\0\0\0\0\0\0\0\0\0\0\0\0\0\0\0\0\0\0\0\0\0\0\0\0\0\0\0\0\0\0\0"..., 9728, 512) = 9728
pread64(3</tmp/nia-publication-fault-4wgmnp5s/case/store/objects/0c/a179e6befeb761f3613f1ef57ca892ebc3a6a228dca32f1309f0ac06a7de7e>, "!<arch>\ndebian-binary/  0           0     0     100644  4         `\n2.0\ncontrol.tar/    0       "..., 65536, 0) = 20672
pread64(3</tmp/nia-publication-fault-4wgmnp5s/case/store/objects/0c/a179e6befeb761f3613f1ef57ca892ebc3a6a228dca32f1309f0ac06a7de7e>, "", 44864, 20672) = 0
pread64(3</tmp/nia-publication-fault-4wgmnp5s/case/store/objects/0c/a179e6befeb761f3613f1ef57ca892ebc3a6a228dca32f1309f0ac06a7de7e>, "", 65536, 20672) = 0
pread64(3</tmp/nia-publication-fault-4wgmnp5s/case/store/objects/0c/a179e6befeb761f3613f1ef57ca892ebc3a6a228dca32f1309f0ac06a7de7e>, "!<arch>\n", 8, 0) = 8
pread64(3</tmp/nia-publication-fault-4wgmnp5s/case/store/objects/0c/a179e6befeb761f3613f1ef57ca892ebc3a6a228dca32f1309f0ac06a7de7e>, "debian-binary/  0           0     0     100644  4         `\n", 60, 8) = 60
pread64(3</tmp/nia-publication-fault-4wgmnp5s/case/store/objects/0c/a179e6befeb761f3613f1ef57ca892ebc3a6a228dca32f1309f0ac06a7de7e>, "2.0\n", 4, 68) = 4
pread64(3</tmp/nia-publication-fault-4wgmnp5s/case/store/objects/0c/a179e6befeb761f3613f1ef57ca892ebc3a6a228dca32f1309f0ac06a7de7e>, "2.0\n", 4, 68) = 4
pread64(3</tmp/nia-publication-fault-4wgmnp5s/case/store/objects/0c/a179e6befeb761f3613f1ef57ca892ebc3a6a228dca32f1309f0ac06a7de7e>, "control.tar/    0           0     0     100644  10240     `\n", 60, 72) = 60
pread64(3</tmp/nia-publication-fault-4wgmnp5s/case/store/objects/0c/a179e6befeb761f3613f1ef57ca892ebc3a6a228dca32f1309f0ac06a7de7e>, "./control\0\0\0\0\0\0\0\0\0\0\0\0\0\0\0\0\0\0\0\0\0\0\0\0\0\0\0\0\0\0\0\0\0\0\0\0\0\0\0\0\0\0\0\0\0\0\0\0\0\0\0\0\0\0\0\0\0\0\0\0\0\0\0\0\0\0\0\0\0\0\0\0\0\0\0\0\0\0\0\0\0\0\0\0\0\0\0"..., 10240, 132) = 10240
pread64(3</tmp/nia-publication-fault-4wgmnp5s/case/store/objects/0c/a179e6befeb761f3613f1ef57ca892ebc3a6a228dca32f1309f0ac06a7de7e>, "data.tar/       0           0     0     100644  10240     `\n", 60, 10372) = 60
pread64(3</tmp/nia-publication-fault-4wgmnp5s/case/store/objects/0c/a179e6befeb761f3613f1ef57ca892ebc3a6a228dca32f1309f0ac06a7de7e>, "\0\0\0\0\0\0\0\0\0\0\0\0\0\0\0\0\0\0\0\0\0\0\0\0\0\0\0\0\0\0\0\0\0\0\0\0\0\0\0\0\0\0\0\0\0\0\0\0\0\0\0\0\0\0\0\0\0\0\0\0\0\0\0\0\0\0\0\0\0\0\0\0\0\0\0\0\0\0\0\0\0\0\0\0\0\0\0\0\0\0\0\0\0\0\0\0"..., 10240, 10432) = 10240
pread64(3</tmp/nia-publication-fault-4wgmnp5s/case/store/objects/0c/a179e6befeb761f3613f1ef57ca892ebc3a6a228dca32f1309f0ac06a7de7e>, "!<arch>\ndebian-binary/  0           0     0     100644  4         `\n2.0\ncontrol.tar/    0       "..., 65536, 0) = 20672
pread64(3</tmp/nia-publication-fault-4wgmnp5s/case/store/objects/0c/a179e6befeb761f3613f1ef57ca892ebc3a6a228dca32f1309f0ac06a7de7e>, "", 44864, 20672) = 0
pread64(3</tmp/nia-publication-fault-4wgmnp5s/case/store/objects/0c/a179e6befeb761f3613f1ef57ca892ebc3a6a228dca32f1309f0ac06a7de7e>, "", 65536, 20672) = 0
pread64(3</tmp/nia-publication-fault-4wgmnp5s/case/store/objects/0c/a179e6befeb761f3613f1ef57ca892ebc3a6a228dca32f1309f0ac06a7de7e>, "!<arch>\n", 8, 0) = 8
pread64(3</tmp/nia-publication-fault-4wgmnp5s/case/store/objects/0c/a179e6befeb761f3613f1ef57ca892ebc3a6a228dca32f1309f0ac06a7de7e>, "debian-binary/  0           0     0     100644  4         `\n", 60, 8) = 60
pread64(3</tmp/nia-publication-fault-4wgmnp5s/case/store/objects/0c/a179e6befeb761f3613f1ef57ca892ebc3a6a228dca32f1309f0ac06a7de7e>, "2.0\n", 4, 68) = 4
pread64(3</tmp/nia-publication-fault-4wgmnp5s/case/store/objects/0c/a179e6befeb761f3613f1ef57ca892ebc3a6a228dca32f1309f0ac06a7de7e>, "2.0\n", 4, 68) = 4
pread64(3</tmp/nia-publication-fault-4wgmnp5s/case/store/objects/0c/a179e6befeb761f3613f1ef57ca892ebc3a6a228dca32f1309f0ac06a7de7e>, "control.tar/    0           0     0     100644  10240     `\n", 60, 72) = 60
pread64(3</tmp/nia-publication-fault-4wgmnp5s/case/store/objects/0c/a179e6befeb761f3613f1ef57ca892ebc3a6a228dca32f1309f0ac06a7de7e>, "./control\0\0\0\0\0\0\0\0\0\0\0\0\0\0\0\0\0\0\0\0\0\0\0\0\0\0\0\0\0\0\0\0\0\0\0\0\0\0\0\0\0\0\0\0\0\0\0\0\0\0\0\0\0\0\0\0\0\0\0\0\0\0\0\0\0\0\0\0\0\0\0\0\0\0\0\0\0\0\0\0\0\0\0\0\0\0\0"..., 10240, 132) = 10240
pread64(3</tmp/nia-publication-fault-4wgmnp5s/case/store/objects/0c/a179e6befeb761f3613f1ef57ca892ebc3a6a228dca32f1309f0ac06a7de7e>, "data.tar/       0           0     0     100644  10240     `\n", 60, 10372) = 60
pread64(3</tmp/nia-publication-fault-4wgmnp5s/case/store/objects/0c/a179e6befeb761f3613f1ef57ca892ebc3a6a228dca32f1309f0ac06a7de7e>, "\0\0\0\0\0\0\0\0\0\0\0\0\0\0\0\0\0\0\0\0\0\0\0\0\0\0\0\0\0\0\0\0\0\0\0\0\0\0\0\0\0\0\0\0\0\0\0\0\0\0\0\0\0\0\0\0\0\0\0\0\0\0\0\0\0\0\0\0\0\0\0\0\0\0\0\0\0\0\0\0\0\0\0\0\0\0\0\0\0\0\0\0\0\0\0\0"..., 10240, 10432) = 10240
fsync(14</tmp/nia-publication-fault-4wgmnp5s/case/store/incoming>) = 0
pread64(3</tmp/nia-publication-fault-4wgmnp5s/case/store/objects/0c/a179e6befeb761f3613f1ef57ca892ebc3a6a228dca32f1309f0ac06a7de7e>, "./control\0\0\0\0\0\0\0\0\0\0\0\0\0\0\0\0\0\0\0\0\0\0\0\0\0\0\0\0\0\0\0\0\0\0\0\0\0\0\0\0\0\0\0\0\0\0\0\0\0\0\0\0\0\0\0\0\0\0\0\0\0\0\0\0\0\0\0\0\0\0\0\0\0\0\0\0\0\0\0\0\0\0\0\0\0\0\0"..., 10240, 132) = 10240
write(13</tmp/nia-publication-fault-4wgmnp5s/case/store/incoming/de339a580737183c01936eeba470a482>, "./control\0\0\0\0\0\0\0\0\0\0\0\0\0\0\0\0\0\0\0\0\0\0\0\0\0\0\0\0\0\0\0\0\0\0\0\0\0\0\0\0\0\0\0\0\0\0\0\0\0\0\0\0\0\0\0\0\0\0\0\0\0\0\0\0\0\0\0\0\0\0\0\0\0\0\0\0\0\0\0\0\0\0\0\0\0\0\0"..., 10240) = 10240
fsync(13</tmp/nia-publication-fault-4wgmnp5s/case/store/incoming/de339a580737183c01936eeba470a482>) = 0
renameat2(14</tmp/nia-publication-fault-4wgmnp5s/case/store/incoming>, "de339a580737183c01936eeba470a482", 13</tmp/nia-publication-fault-4wgmnp5s/case/store/objects/4a>, "36f6eb7c1b236ab6cb28ddb882919e888bf393dfc00d93008ad6730697f8f7", RENAME_NOREPLACE) = -1 EEXIST (File exists)
pread64(13</tmp/nia-publication-fault-4wgmnp5s/case/store/objects/4a/36f6eb7c1b236ab6cb28ddb882919e888bf393dfc00d93008ad6730697f8f7>, "./control\0\0\0\0\0\0\0\0\0\0\0\0\0\0\0\0\0\0\0\0\0\0\0\0\0\0\0\0\0\0\0\0\0\0\0\0\0\0\0\0\0\0\0\0\0\0\0\0\0\0\0\0\0\0\0\0\0\0\0\0\0\0\0\0\0\0\0\0\0\0\0\0\0\0\0\0\0\0\0\0\0\0\0\0\0\0\0"..., 65536, 0) = 10240
pread64(13</tmp/nia-publication-fault-4wgmnp5s/case/store/objects/4a/36f6eb7c1b236ab6cb28ddb882919e888bf393dfc00d93008ad6730697f8f7>, "", 55296, 10240) = 0
pread64(13</tmp/nia-publication-fault-4wgmnp5s/case/store/objects/4a/36f6eb7c1b236ab6cb28ddb882919e888bf393dfc00d93008ad6730697f8f7>, "", 65536, 10240) = 0
fsync(14</tmp/nia-publication-fault-4wgmnp5s/case/store/incoming>) = 0
pread64(3</tmp/nia-publication-fault-4wgmnp5s/case/store/objects/4a/36f6eb7c1b236ab6cb28ddb882919e888bf393dfc00d93008ad6730697f8f7>, "./control\0\0\0\0\0\0\0\0\0\0\0\0\0\0\0\0\0\0\0\0\0\0\0\0\0\0\0\0\0\0\0\0\0\0\0\0\0\0\0\0\0\0\0\0\0\0\0\0\0\0\0\0\0\0\0\0\0\0\0\0\0\0\0\0\0\0\0\0\0\0\0\0\0\0\0\0\0\0\0\0\0\0\0\0\0\0\0"..., 65536, 0) = 10240
pread64(3</tmp/nia-publication-fault-4wgmnp5s/case/store/objects/4a/36f6eb7c1b236ab6cb28ddb882919e888bf393dfc00d93008ad6730697f8f7>, "", 55296, 10240) = 0
pread64(3</tmp/nia-publication-fault-4wgmnp5s/case/store/objects/4a/36f6eb7c1b236ab6cb28ddb882919e888bf393dfc00d93008ad6730697f8f7>, "", 65536, 10240) = 0
pread64(3</tmp/nia-publication-fault-4wgmnp5s/case/store/objects/4a/36f6eb7c1b236ab6cb28ddb882919e888bf393dfc00d93008ad6730697f8f7>, "./control\0\0\0\0\0\0\0\0\0\0\0\0\0\0\0\0\0\0\0\0\0\0\0\0\0\0\0\0\0\0\0\0\0\0\0\0\0\0\0\0\0\0\0\0\0\0\0\0\0\0\0\0\0\0\0\0\0\0\0\0\0\0\0\0\0\0\0\0\0\0\0\0\0\0\0\0\0\0\0\0\0\0\0\0\0\0\0"..., 10240, 0) = 10240
fsync(14</tmp/nia-publication-fault-4wgmnp5s/case/store/incoming>) = 0
write(13</tmp/nia-publication-fault-4wgmnp5s/case/store/incoming/465ff2dc30ee75931262f2c926bfaba4>, "Package: empty-package\nVersion: 1\nArchitecture: all\nMaintainer: Fixture <fixture@example.invalid"..., 149) = 149
fsync(13</tmp/nia-publication-fault-4wgmnp5s/case/store/incoming/465ff2dc30ee75931262f2c926bfaba4>) = 0
renameat2(14</tmp/nia-publication-fault-4wgmnp5s/case/store/incoming>, "465ff2dc30ee75931262f2c926bfaba4", 13</tmp/nia-publication-fault-4wgmnp5s/case/store/objects/a3>, "1a856f430af395bccd7eb2f142b11ad3ae0fc5daf3acc4ffb341c48a5abd39", RENAME_NOREPLACE) = -1 EEXIST (File exists)
pread64(13</tmp/nia-publication-fault-4wgmnp5s/case/store/objects/a3/1a856f430af395bccd7eb2f142b11ad3ae0fc5daf3acc4ffb341c48a5abd39>, "Package: empty-package\nVersion: 1\nArchitecture: all\nMaintainer: Fixture <fixture@example.invalid"..., 65536, 0) = 149
pread64(13</tmp/nia-publication-fault-4wgmnp5s/case/store/objects/a3/1a856f430af395bccd7eb2f142b11ad3ae0fc5daf3acc4ffb341c48a5abd39>, "", 65387, 149) = 0
pread64(13</tmp/nia-publication-fault-4wgmnp5s/case/store/objects/a3/1a856f430af395bccd7eb2f142b11ad3ae0fc5daf3acc4ffb341c48a5abd39>, "", 65536, 149) = 0
fsync(14</tmp/nia-publication-fault-4wgmnp5s/case/store/incoming>) = 0
pread64(3</tmp/nia-publication-fault-4wgmnp5s/case/store/objects/a3/1a856f430af395bccd7eb2f142b11ad3ae0fc5daf3acc4ffb341c48a5abd39>, "Package: empty-package\nVersion: 1\nArchitecture: all\nMaintainer: Fixture <fixture@example.invalid"..., 65536, 0) = 149
pread64(3</tmp/nia-publication-fault-4wgmnp5s/case/store/objects/a3/1a856f430af395bccd7eb2f142b11ad3ae0fc5daf3acc4ffb341c48a5abd39>, "", 65387, 149) = 0
pread64(3</tmp/nia-publication-fault-4wgmnp5s/case/store/objects/a3/1a856f430af395bccd7eb2f142b11ad3ae0fc5daf3acc4ffb341c48a5abd39>, "", 65536, 149) = 0
pread64(3</tmp/nia-publication-fault-4wgmnp5s/case/store/objects/a3/1a856f430af395bccd7eb2f142b11ad3ae0fc5daf3acc4ffb341c48a5abd39>, "Package: empty-package\nVersion: 1\nArchitecture: all\nMaintainer: Fixture <fixture@example.invalid"..., 16777216, 0) = 149
pread64(3</tmp/nia-publication-fault-4wgmnp5s/case/store/objects/a3/1a856f430af395bccd7eb2f142b11ad3ae0fc5daf3acc4ffb341c48a5abd39>, "", 16777067, 149) = 0
pread64(3</tmp/nia-publication-fault-4wgmnp5s/case/store/objects/a3/1a856f430af395bccd7eb2f142b11ad3ae0fc5daf3acc4ffb341c48a5abd39>, "Package: empty-package\nVersion: 1\nArchitecture: all\nMaintainer: Fixture <fixture@example.invalid"..., 65536, 0) = 149
pread64(3</tmp/nia-publication-fault-4wgmnp5s/case/store/objects/a3/1a856f430af395bccd7eb2f142b11ad3ae0fc5daf3acc4ffb341c48a5abd39>, "", 65387, 149) = 0
pread64(3</tmp/nia-publication-fault-4wgmnp5s/case/store/objects/a3/1a856f430af395bccd7eb2f142b11ad3ae0fc5daf3acc4ffb341c48a5abd39>, "", 65536, 149) = 0
pread64(3</tmp/nia-publication-fault-4wgmnp5s/case/store/objects/a3/1a856f430af395bccd7eb2f142b11ad3ae0fc5daf3acc4ffb341c48a5abd39>, "Package: empty-package\nVersion: 1\nArchitecture: all\nMaintainer: Fixture <fixture@example.invalid"..., 16777216, 0) = 149
pread64(3</tmp/nia-publication-fault-4wgmnp5s/case/store/objects/a3/1a856f430af395bccd7eb2f142b11ad3ae0fc5daf3acc4ffb341c48a5abd39>, "", 16777067, 149) = 0
pread64(3</tmp/nia-publication-fault-4wgmnp5s/case/store/objects/0c/a179e6befeb761f3613f1ef57ca892ebc3a6a228dca32f1309f0ac06a7de7e>, "!<arch>\ndebian-binary/  0           0     0     100644  4         `\n2.0\ncontrol.tar/    0       "..., 65536, 0) = 20672
pread64(3</tmp/nia-publication-fault-4wgmnp5s/case/store/objects/0c/a179e6befeb761f3613f1ef57ca892ebc3a6a228dca32f1309f0ac06a7de7e>, "", 44864, 20672) = 0
pread64(3</tmp/nia-publication-fault-4wgmnp5s/case/store/objects/0c/a179e6befeb761f3613f1ef57ca892ebc3a6a228dca32f1309f0ac06a7de7e>, "", 65536, 20672) = 0
pread64(3</tmp/nia-publication-fault-4wgmnp5s/case/store/objects/0c/a179e6befeb761f3613f1ef57ca892ebc3a6a228dca32f1309f0ac06a7de7e>, "!<arch>\n", 8, 0) = 8
pread64(3</tmp/nia-publication-fault-4wgmnp5s/case/store/objects/0c/a179e6befeb761f3613f1ef57ca892ebc3a6a228dca32f1309f0ac06a7de7e>, "debian-binary/  0           0     0     100644  4         `\n", 60, 8) = 60
pread64(3</tmp/nia-publication-fault-4wgmnp5s/case/store/objects/0c/a179e6befeb761f3613f1ef57ca892ebc3a6a228dca32f1309f0ac06a7de7e>, "2.0\n", 4, 68) = 4
pread64(3</tmp/nia-publication-fault-4wgmnp5s/case/store/objects/0c/a179e6befeb761f3613f1ef57ca892ebc3a6a228dca32f1309f0ac06a7de7e>, "2.0\n", 4, 68) = 4
pread64(3</tmp/nia-publication-fault-4wgmnp5s/case/store/objects/0c/a179e6befeb761f3613f1ef57ca892ebc3a6a228dca32f1309f0ac06a7de7e>, "control.tar/    0           0     0     100644  10240     `\n", 60, 72) = 60
pread64(3</tmp/nia-publication-fault-4wgmnp5s/case/store/objects/0c/a179e6befeb761f3613f1ef57ca892ebc3a6a228dca32f1309f0ac06a7de7e>, "./control\0\0\0\0\0\0\0\0\0\0\0\0\0\0\0\0\0\0\0\0\0\0\0\0\0\0\0\0\0\0\0\0\0\0\0\0\0\0\0\0\0\0\0\0\0\0\0\0\0\0\0\0\0\0\0\0\0\0\0\0\0\0\0\0\0\0\0\0\0\0\0\0\0\0\0\0\0\0\0\0\0\0\0\0\0\0\0"..., 10240, 132) = 10240
pread64(3</tmp/nia-publication-fault-4wgmnp5s/case/store/objects/0c/a179e6befeb761f3613f1ef57ca892ebc3a6a228dca32f1309f0ac06a7de7e>, "data.tar/       0           0     0     100644  10240     `\n", 60, 10372) = 60
pread64(3</tmp/nia-publication-fault-4wgmnp5s/case/store/objects/0c/a179e6befeb761f3613f1ef57ca892ebc3a6a228dca32f1309f0ac06a7de7e>, "\0\0\0\0\0\0\0\0\0\0\0\0\0\0\0\0\0\0\0\0\0\0\0\0\0\0\0\0\0\0\0\0\0\0\0\0\0\0\0\0\0\0\0\0\0\0\0\0\0\0\0\0\0\0\0\0\0\0\0\0\0\0\0\0\0\0\0\0\0\0\0\0\0\0\0\0\0\0\0\0\0\0\0\0\0\0\0\0\0\0\0\0\0\0\0\0"..., 10240, 10432) = 10240
pread64(3</tmp/nia-publication-fault-4wgmnp5s/case/store/objects/0c/a179e6befeb761f3613f1ef57ca892ebc3a6a228dca32f1309f0ac06a7de7e>, "!<arch>\ndebian-binary/  0           0     0     100644  4         `\n2.0\ncontrol.tar/    0       "..., 65536, 0) = 20672
pread64(3</tmp/nia-publication-fault-4wgmnp5s/case/store/objects/0c/a179e6befeb761f3613f1ef57ca892ebc3a6a228dca32f1309f0ac06a7de7e>, "", 44864, 20672) = 0
pread64(3</tmp/nia-publication-fault-4wgmnp5s/case/store/objects/0c/a179e6befeb761f3613f1ef57ca892ebc3a6a228dca32f1309f0ac06a7de7e>, "", 65536, 20672) = 0
pread64(3</tmp/nia-publication-fault-4wgmnp5s/case/store/objects/0c/a179e6befeb761f3613f1ef57ca892ebc3a6a228dca32f1309f0ac06a7de7e>, "!<arch>\n", 8, 0) = 8
pread64(3</tmp/nia-publication-fault-4wgmnp5s/case/store/objects/0c/a179e6befeb761f3613f1ef57ca892ebc3a6a228dca32f1309f0ac06a7de7e>, "debian-binary/  0           0     0     100644  4         `\n", 60, 8) = 60
pread64(3</tmp/nia-publication-fault-4wgmnp5s/case/store/objects/0c/a179e6befeb761f3613f1ef57ca892ebc3a6a228dca32f1309f0ac06a7de7e>, "2.0\n", 4, 68) = 4
pread64(3</tmp/nia-publication-fault-4wgmnp5s/case/store/objects/0c/a179e6befeb761f3613f1ef57ca892ebc3a6a228dca32f1309f0ac06a7de7e>, "2.0\n", 4, 68) = 4
pread64(3</tmp/nia-publication-fault-4wgmnp5s/case/store/objects/0c/a179e6befeb761f3613f1ef57ca892ebc3a6a228dca32f1309f0ac06a7de7e>, "control.tar/    0           0     0     100644  10240     `\n", 60, 72) = 60
pread64(3</tmp/nia-publication-fault-4wgmnp5s/case/store/objects/0c/a179e6befeb761f3613f1ef57ca892ebc3a6a228dca32f1309f0ac06a7de7e>, "./control\0\0\0\0\0\0\0\0\0\0\0\0\0\0\0\0\0\0\0\0\0\0\0\0\0\0\0\0\0\0\0\0\0\0\0\0\0\0\0\0\0\0\0\0\0\0\0\0\0\0\0\0\0\0\0\0\0\0\0\0\0\0\0\0\0\0\0\0\0\0\0\0\0\0\0\0\0\0\0\0\0\0\0\0\0\0\0"..., 10240, 132) = 10240
pread64(3</tmp/nia-publication-fault-4wgmnp5s/case/store/objects/0c/a179e6befeb761f3613f1ef57ca892ebc3a6a228dca32f1309f0ac06a7de7e>, "data.tar/       0           0     0     100644  10240     `\n", 60, 10372) = 60
pread64(3</tmp/nia-publication-fault-4wgmnp5s/case/store/objects/0c/a179e6befeb761f3613f1ef57ca892ebc3a6a228dca32f1309f0ac06a7de7e>, "\0\0\0\0\0\0\0\0\0\0\0\0\0\0\0\0\0\0\0\0\0\0\0\0\0\0\0\0\0\0\0\0\0\0\0\0\0\0\0\0\0\0\0\0\0\0\0\0\0\0\0\0\0\0\0\0\0\0\0\0\0\0\0\0\0\0\0\0\0\0\0\0\0\0\0\0\0\0\0\0\0\0\0\0\0\0\0\0\0\0\0\0\0\0\0\0"..., 10240, 10432) = 10240
fsync(14</tmp/nia-publication-fault-4wgmnp5s/case/store/incoming>) = 0
pread64(3</tmp/nia-publication-fault-4wgmnp5s/case/store/objects/0c/a179e6befeb761f3613f1ef57ca892ebc3a6a228dca32f1309f0ac06a7de7e>, "./control\0\0\0\0\0\0\0\0\0\0\0\0\0\0\0\0\0\0\0\0\0\0\0\0\0\0\0\0\0\0\0\0\0\0\0\0\0\0\0\0\0\0\0\0\0\0\0\0\0\0\0\0\0\0\0\0\0\0\0\0\0\0\0\0\0\0\0\0\0\0\0\0\0\0\0\0\0\0\0\0\0\0\0\0\0\0\0"..., 10240, 132) = 10240
write(13</tmp/nia-publication-fault-4wgmnp5s/case/store/incoming/1083bc5bdeeff6646a6cb4071e46699d>, "./control\0\0\0\0\0\0\0\0\0\0\0\0\0\0\0\0\0\0\0\0\0\0\0\0\0\0\0\0\0\0\0\0\0\0\0\0\0\0\0\0\0\0\0\0\0\0\0\0\0\0\0\0\0\0\0\0\0\0\0\0\0\0\0\0\0\0\0\0\0\0\0\0\0\0\0\0\0\0\0\0\0\0\0\0\0\0\0"..., 10240) = 10240
fsync(13</tmp/nia-publication-fault-4wgmnp5s/case/store/incoming/1083bc5bdeeff6646a6cb4071e46699d>) = 0
renameat2(14</tmp/nia-publication-fault-4wgmnp5s/case/store/incoming>, "1083bc5bdeeff6646a6cb4071e46699d", 13</tmp/nia-publication-fault-4wgmnp5s/case/store/objects/4a>, "36f6eb7c1b236ab6cb28ddb882919e888bf393dfc00d93008ad6730697f8f7", RENAME_NOREPLACE) = -1 EEXIST (File exists)
pread64(13</tmp/nia-publication-fault-4wgmnp5s/case/store/objects/4a/36f6eb7c1b236ab6cb28ddb882919e888bf393dfc00d93008ad6730697f8f7>, "./control\0\0\0\0\0\0\0\0\0\0\0\0\0\0\0\0\0\0\0\0\0\0\0\0\0\0\0\0\0\0\0\0\0\0\0\0\0\0\0\0\0\0\0\0\0\0\0\0\0\0\0\0\0\0\0\0\0\0\0\0\0\0\0\0\0\0\0\0\0\0\0\0\0\0\0\0\0\0\0\0\0\0\0\0\0\0\0"..., 65536, 0) = 10240
pread64(13</tmp/nia-publication-fault-4wgmnp5s/case/store/objects/4a/36f6eb7c1b236ab6cb28ddb882919e888bf393dfc00d93008ad6730697f8f7>, "", 55296, 10240) = 0
pread64(13</tmp/nia-publication-fault-4wgmnp5s/case/store/objects/4a/36f6eb7c1b236ab6cb28ddb882919e888bf393dfc00d93008ad6730697f8f7>, "", 65536, 10240) = 0
fsync(14</tmp/nia-publication-fault-4wgmnp5s/case/store/incoming>) = 0
pread64(3</tmp/nia-publication-fault-4wgmnp5s/case/store/objects/4a/36f6eb7c1b236ab6cb28ddb882919e888bf393dfc00d93008ad6730697f8f7>, "./control\0\0\0\0\0\0\0\0\0\0\0\0\0\0\0\0\0\0\0\0\0\0\0\0\0\0\0\0\0\0\0\0\0\0\0\0\0\0\0\0\0\0\0\0\0\0\0\0\0\0\0\0\0\0\0\0\0\0\0\0\0\0\0\0\0\0\0\0\0\0\0\0\0\0\0\0\0\0\0\0\0\0\0\0\0\0\0"..., 65536, 0) = 10240
pread64(3</tmp/nia-publication-fault-4wgmnp5s/case/store/objects/4a/36f6eb7c1b236ab6cb28ddb882919e888bf393dfc00d93008ad6730697f8f7>, "", 55296, 10240) = 0
pread64(3</tmp/nia-publication-fault-4wgmnp5s/case/store/objects/4a/36f6eb7c1b236ab6cb28ddb882919e888bf393dfc00d93008ad6730697f8f7>, "", 65536, 10240) = 0
pread64(3</tmp/nia-publication-fault-4wgmnp5s/case/store/objects/4a/36f6eb7c1b236ab6cb28ddb882919e888bf393dfc00d93008ad6730697f8f7>, "./control\0\0\0\0\0\0\0\0\0\0\0\0\0\0\0\0\0\0\0\0\0\0\0\0\0\0\0\0\0\0\0\0\0\0\0\0\0\0\0\0\0\0\0\0\0\0\0\0\0\0\0\0\0\0\0\0\0\0\0\0\0\0\0\0\0\0\0\0\0\0\0\0\0\0\0\0\0\0\0\0\0\0\0\0\0\0\0"..., 10240, 0) = 10240
fsync(14</tmp/nia-publication-fault-4wgmnp5s/case/store/incoming>) = 0
write(13</tmp/nia-publication-fault-4wgmnp5s/case/store/incoming/3e22d2f750a34c61dd2ce82ab1a3d394>, "Package: empty-package\nVersion: 1\nArchitecture: all\nMaintainer: Fixture <fixture@example.invalid"..., 149) = 149
fsync(13</tmp/nia-publication-fault-4wgmnp5s/case/store/incoming/3e22d2f750a34c61dd2ce82ab1a3d394>) = 0
renameat2(14</tmp/nia-publication-fault-4wgmnp5s/case/store/incoming>, "3e22d2f750a34c61dd2ce82ab1a3d394", 13</tmp/nia-publication-fault-4wgmnp5s/case/store/objects/a3>, "1a856f430af395bccd7eb2f142b11ad3ae0fc5daf3acc4ffb341c48a5abd39", RENAME_NOREPLACE) = -1 EEXIST (File exists)
pread64(13</tmp/nia-publication-fault-4wgmnp5s/case/store/objects/a3/1a856f430af395bccd7eb2f142b11ad3ae0fc5daf3acc4ffb341c48a5abd39>, "Package: empty-package\nVersion: 1\nArchitecture: all\nMaintainer: Fixture <fixture@example.invalid"..., 65536, 0) = 149
pread64(13</tmp/nia-publication-fault-4wgmnp5s/case/store/objects/a3/1a856f430af395bccd7eb2f142b11ad3ae0fc5daf3acc4ffb341c48a5abd39>, "", 65387, 149) = 0
pread64(13</tmp/nia-publication-fault-4wgmnp5s/case/store/objects/a3/1a856f430af395bccd7eb2f142b11ad3ae0fc5daf3acc4ffb341c48a5abd39>, "", 65536, 149) = 0
fsync(14</tmp/nia-publication-fault-4wgmnp5s/case/store/incoming>) = 0
pread64(3</tmp/nia-publication-fault-4wgmnp5s/case/store/objects/0c/a179e6befeb761f3613f1ef57ca892ebc3a6a228dca32f1309f0ac06a7de7e>, "!<arch>\ndebian-binary/  0           0     0     100644  4         `\n2.0\ncontrol.tar/    0       "..., 65536, 0) = 20672
pread64(3</tmp/nia-publication-fault-4wgmnp5s/case/store/objects/0c/a179e6befeb761f3613f1ef57ca892ebc3a6a228dca32f1309f0ac06a7de7e>, "", 44864, 20672) = 0
pread64(3</tmp/nia-publication-fault-4wgmnp5s/case/store/objects/0c/a179e6befeb761f3613f1ef57ca892ebc3a6a228dca32f1309f0ac06a7de7e>, "", 65536, 20672) = 0
pread64(3</tmp/nia-publication-fault-4wgmnp5s/case/store/objects/4a/36f6eb7c1b236ab6cb28ddb882919e888bf393dfc00d93008ad6730697f8f7>, "./control\0\0\0\0\0\0\0\0\0\0\0\0\0\0\0\0\0\0\0\0\0\0\0\0\0\0\0\0\0\0\0\0\0\0\0\0\0\0\0\0\0\0\0\0\0\0\0\0\0\0\0\0\0\0\0\0\0\0\0\0\0\0\0\0\0\0\0\0\0\0\0\0\0\0\0\0\0\0\0\0\0\0\0\0\0\0\0"..., 65536, 0) = 10240
pread64(3</tmp/nia-publication-fault-4wgmnp5s/case/store/objects/4a/36f6eb7c1b236ab6cb28ddb882919e888bf393dfc00d93008ad6730697f8f7>, "", 55296, 10240) = 0
pread64(3</tmp/nia-publication-fault-4wgmnp5s/case/store/objects/4a/36f6eb7c1b236ab6cb28ddb882919e888bf393dfc00d93008ad6730697f8f7>, "", 65536, 10240) = 0
pread64(3</tmp/nia-publication-fault-4wgmnp5s/case/store/objects/84/ff92691f909a05b224e1c56abb4864f01b4f8e3c854e4bb4c7baf1d3f6d652>, "\0\0\0\0\0\0\0\0\0\0\0\0\0\0\0\0\0\0\0\0\0\0\0\0\0\0\0\0\0\0\0\0\0\0\0\0\0\0\0\0\0\0\0\0\0\0\0\0\0\0\0\0\0\0\0\0\0\0\0\0\0\0\0\0\0\0\0\0\0\0\0\0\0\0\0\0\0\0\0\0\0\0\0\0\0\0\0\0\0\0\0\0\0\0\0\0"..., 65536, 0) = 10240
pread64(3</tmp/nia-publication-fault-4wgmnp5s/case/store/objects/84/ff92691f909a05b224e1c56abb4864f01b4f8e3c854e4bb4c7baf1d3f6d652>, "", 55296, 10240) = 0
pread64(3</tmp/nia-publication-fault-4wgmnp5s/case/store/objects/84/ff92691f909a05b224e1c56abb4864f01b4f8e3c854e4bb4c7baf1d3f6d652>, "", 65536, 10240) = 0
pread64(3</tmp/nia-publication-fault-4wgmnp5s/case/store/objects/8e/e688345e1d9502ee8cd7277a453c30bfb77b947201beb3300e9df2b8ca321d>, "\0\0\0\0\0\0\0\10NIACSEL1\273\343\341b6\331$M\267\345\300\262\251\302\306\27f\270\251!\330\260\227\374\323p\347\177\25.\3311\0\0\0\0\0\0\0\1\f\241y\346\276\376\267a\363a?\36\365|\250\222\353\303\246\242(\334\243/\23\t\360\254\6\247\336~J6\366\353|\33#j"..., 65536, 0) = 152
pread64(3</tmp/nia-publication-fault-4wgmnp5s/case/store/objects/8e/e688345e1d9502ee8cd7277a453c30bfb77b947201beb3300e9df2b8ca321d>, "", 65384, 152) = 0
pread64(3</tmp/nia-publication-fault-4wgmnp5s/case/store/objects/8e/e688345e1d9502ee8cd7277a453c30bfb77b947201beb3300e9df2b8ca321d>, "", 65536, 152) = 0
pread64(3</tmp/nia-publication-fault-4wgmnp5s/case/store/objects/a3/1a856f430af395bccd7eb2f142b11ad3ae0fc5daf3acc4ffb341c48a5abd39>, "Package: empty-package\nVersion: 1\nArchitecture: all\nMaintainer: Fixture <fixture@example.invalid"..., 65536, 0) = 149
pread64(3</tmp/nia-publication-fault-4wgmnp5s/case/store/objects/a3/1a856f430af395bccd7eb2f142b11ad3ae0fc5daf3acc4ffb341c48a5abd39>, "", 65387, 149) = 0
pread64(3</tmp/nia-publication-fault-4wgmnp5s/case/store/objects/a3/1a856f430af395bccd7eb2f142b11ad3ae0fc5daf3acc4ffb341c48a5abd39>, "", 65536, 149) = 0
fsync(13</tmp/nia-publication-fault-4wgmnp5s/case/store/incoming>) = 0
write(3</tmp/nia-publication-fault-4wgmnp5s/case/store/incoming/69594d383369871ae42b7e8da9a023c8>, "NIACLOS1\216\346\2104^\35\225\2\356\214\327'zE<0\277\267{\224r\1\276\2630\16\235\362\270\3122\35\273\343\341b6\331$M\267\345\300\262\251\302\306\27f\270\251!\330\260\227\374\323p\347\177\25.\3311\0\0\0\0\0\0\0\5", 80) = 80
write(3</tmp/nia-publication-fault-4wgmnp5s/case/store/incoming/69594d383369871ae42b7e8da9a023c8>, "\f\241y\346\276\376\267a\363a?\36\365|\250\222\353\303\246\242(\334\243/\23\t\360\254\6\247\336~", 32) = 32
write(3</tmp/nia-publication-fault-4wgmnp5s/case/store/incoming/69594d383369871ae42b7e8da9a023c8>, "J6\366\353|\33#j\266\313(\335\270\202\221\236\210\213\363\223\337\300\r\223\0\212\326s\6\227\370\367", 32) = 32
write(3</tmp/nia-publication-fault-4wgmnp5s/case/store/incoming/69594d383369871ae42b7e8da9a023c8>, "\204\377\222i\37\220\232\5\262$\341\305j\273Hd\360\33O\216<\205NK\264\307\272\361\323\366\326R", 32) = 32
write(3</tmp/nia-publication-fault-4wgmnp5s/case/store/incoming/69594d383369871ae42b7e8da9a023c8>, "\216\346\2104^\35\225\2\356\214\327'zE<0\277\267{\224r\1\276\2630\16\235\362\270\3122\35", 32) = 32
write(3</tmp/nia-publication-fault-4wgmnp5s/case/store/incoming/69594d383369871ae42b7e8da9a023c8>, "\243\32\205oC\n\363\225\274\315~\262\361B\261\32\323\256\17\305\332\363\254\304\377\263A\304\212Z\2759", 32) = 32
fsync(3</tmp/nia-publication-fault-4wgmnp5s/case/store/incoming/69594d383369871ae42b7e8da9a023c8>) = 0
renameat2(13</tmp/nia-publication-fault-4wgmnp5s/case/store/incoming>, "69594d383369871ae42b7e8da9a023c8", 3</tmp/nia-publication-fault-4wgmnp5s/case/store/objects/32>, "094e7c613fdb6dffb1f27d926b176f7fd8946b8c2cf3ca9e3b95cb91a1a8ca", RENAME_NOREPLACE) = -1 EEXIST (File exists)
pread64(3</tmp/nia-publication-fault-4wgmnp5s/case/store/objects/32/094e7c613fdb6dffb1f27d926b176f7fd8946b8c2cf3ca9e3b95cb91a1a8ca>, "NIACLOS1\216\346\2104^\35\225\2\356\214\327'zE<0\277\267{\224r\1\276\2630\16\235\362\270\3122\35\273\343\341b6\331$M\267\345\300\262\251\302\306\27f\270\251!\330\260\227\374\323p\347\177\25.\3311\0\0\0\0\0\0\0\5\f\241y\346\276\376\267a\363a?\36\365|\250\222"..., 65536, 0) = 240
pread64(3</tmp/nia-publication-fault-4wgmnp5s/case/store/objects/32/094e7c613fdb6dffb1f27d926b176f7fd8946b8c2cf3ca9e3b95cb91a1a8ca>, "", 65296, 240) = 0
pread64(3</tmp/nia-publication-fault-4wgmnp5s/case/store/objects/32/094e7c613fdb6dffb1f27d926b176f7fd8946b8c2cf3ca9e3b95cb91a1a8ca>, "", 65536, 240) = 0
fsync(13</tmp/nia-publication-fault-4wgmnp5s/case/store/incoming>) = 0
pread64(3</tmp/nia-publication-fault-4wgmnp5s/case/store/objects/06/3e13748cbe35935a68f2a4e813e304a840ad6be46e05313190b7df3df64069>, "MCPLAN02))))))))))))))))J\221\251af\2333\363\322\2457\334\20\314\305\221\0\0\0\0\0\0\0\0\0\0\0\0\0\0\0\1\0\0\0\0\0\0\0\1\0\0\0\0\0\0\0\2\216\346\2104^\35\225\2\356\214\327'zE<0\277\267{\224r\1\276\263"..., 65536, 0) = 995
pread64(3</tmp/nia-publication-fault-4wgmnp5s/case/store/objects/06/3e13748cbe35935a68f2a4e813e304a840ad6be46e05313190b7df3df64069>, "", 64541, 995) = 0
pread64(3</tmp/nia-publication-fault-4wgmnp5s/case/store/objects/06/3e13748cbe35935a68f2a4e813e304a840ad6be46e05313190b7df3df64069>, "", 65536, 995) = 0
pread64(3</tmp/nia-publication-fault-4wgmnp5s/case/store/objects/06/3e13748cbe35935a68f2a4e813e304a840ad6be46e05313190b7df3df64069>, "MCPLAN02))))))))))))))))J\221\251af\2333\363\322\2457\334\20\314\305\221\0\0\0\0\0\0\0\0\0\0\0\0\0\0\0\1\0\0\0\0\0\0\0\1\0\0\0\0\0\0\0\2\216\346\2104^\35\225\2\356\214\327'zE<0\277\267{\224r\1\276\263"..., 4500000, 0) = 995
pread64(3</tmp/nia-publication-fault-4wgmnp5s/case/store/objects/06/3e13748cbe35935a68f2a4e813e304a840ad6be46e05313190b7df3df64069>, "", 4499005, 995) = 0
pread64(3</tmp/nia-publication-fault-4wgmnp5s/case/store/pins/4a91a961669b33f3d2a537dc10ccc591>, "\6>\23t\214\2765\223Zh\362\244\350\23\343\4\250@\255k\344n\00511\220\267\337=\366@i", 33, 0) = 32
pread64(3</tmp/nia-publication-fault-4wgmnp5s/case/store/pins/4a91a961669b33f3d2a537dc10ccc591>, "", 1, 32) = 0
fsync(3</tmp/nia-publication-fault-4wgmnp5s/case/bank/29292929292929292929292929292929/state>) = 0
pread64(13</tmp/nia-publication-fault-4wgmnp5s/case/bank/29292929292929292929292929292929/state/tx-4a91a961669b33f3d2a537dc10ccc591.log>, "MCLOG002\0\0\0\0\0\0\0\1\0\1\0\0\0\0\0\0))))))))))))))))J\221\251af\2333\363\322\2457\334\20\314\305\221\0\0\0\0\0\0\0\1\0\0\0\0\0\0\0\2\0\0\0\0\0\0\0\0\0\0\0\0\0\0\0\1\6>\23t\214\2765\223"..., 256, 0) = 256
pread64(13</tmp/nia-publication-fault-4wgmnp5s/case/bank/29292929292929292929292929292929/state/tx-4a91a961669b33f3d2a537dc10ccc591.log>, "MCLOG002\0\0\0\0\0\0\0\2\0\2\0\0\0\0\0\0))))))))))))))))J\221\251af\2333\363\322\2457\334\20\314\305\221\0\0\0\0\0\0\0\1\0\0\0\0\0\0\0\2\0\0\0\0\0\0\0\1\0\0\0\0\0\0\0\1\6>\23t\214\2765\223"..., 256, 256) = 256
pread64(13</tmp/nia-publication-fault-4wgmnp5s/case/bank/29292929292929292929292929292929/state/tx-4a91a961669b33f3d2a537dc10ccc591.log>, "MCLOG002\0\0\0\0\0\0\0\3\0\3\0\0\0\0\0\0))))))))))))))))J\221\251af\2333\363\322\2457\334\20\314\305\221\0\0\0\0\0\0\0\1\0\0\0\0\0\0\0\2\0\0\0\0\0\0\0\1\0\0\0\0\0\0\0\1\6>\23t\214\2765\223"..., 256, 512) = 256
pread64(13</tmp/nia-publication-fault-4wgmnp5s/case/bank/29292929292929292929292929292929/state/tx-4a91a961669b33f3d2a537dc10ccc591.log>, "MCLOG002\0\0\0\0\0\0\0\4\0\2\0\0\0\0\0\0))))))))))))))))J\221\251af\2333\363\322\2457\334\20\314\305\221\0\0\0\0\0\0\0\1\0\0\0\0\0\0\0\2\0\0\0\0\0\0\0\2\0\0\0\0\0\0\0\1\6>\23t\214\2765\223"..., 256, 768) = 256
pread64(13</tmp/nia-publication-fault-4wgmnp5s/case/bank/29292929292929292929292929292929/state/tx-4a91a961669b33f3d2a537dc10ccc591.log>, "MCLOG002\0\0\0\0\0\0\0\5\0\3\0\0\0\0\0\0))))))))))))))))J\221\251af\2333\363\322\2457\334\20\314\305\221\0\0\0\0\0\0\0\1\0\0\0\0\0\0\0\2\0\0\0\0\0\0\0\2\0\0\0\0\0\0\0\1\6>\23t\214\2765\223"..., 256, 1024) = 256
pread64(13</tmp/nia-publication-fault-4wgmnp5s/case/bank/29292929292929292929292929292929/state/tx-4a91a961669b33f3d2a537dc10ccc591.log>, "MCLOG002\0\0\0\0\0\0\0\6\0\2\0\0\0\0\0\0))))))))))))))))J\221\251af\2333\363\322\2457\334\20\314\305\221\0\0\0\0\0\0\0\1\0\0\0\0\0\0\0\2\0\0\0\0\0\0\0\3\0\0\0\0\0\0\0\1\6>\23t\214\2765\223"..., 256, 1280) = 256
pread64(13</tmp/nia-publication-fault-4wgmnp5s/case/bank/29292929292929292929292929292929/state/tx-4a91a961669b33f3d2a537dc10ccc591.log>, "MCLOG002\0\0\0\0\0\0\0\7\0\3\0\0\0\0\0\0))))))))))))))))J\221\251af\2333\363\322\2457\334\20\314\305\221\0\0\0\0\0\0\0\1\0\0\0\0\0\0\0\2\0\0\0\0\0\0\0\3\0\0\0\0\0\0\0\1\6>\23t\214\2765\223"..., 256, 1536) = 256
pread64(13</tmp/nia-publication-fault-4wgmnp5s/case/bank/29292929292929292929292929292929/state/tx-4a91a961669b33f3d2a537dc10ccc591.log>, "MCLOG002\0\0\0\0\0\0\0\10\0\4\0\0\0\0\0\0))))))))))))))))J\221\251af\2333\363\322\2457\334\20\314\305\221\0\0\0\0\0\0\0\1\0\0\0\0\0\0\0\2\0\0\0\0\0\0\0\0\0\0\0\0\0\0\0\1\6>\23t\214\2765\223"..., 256, 1792) = 256
pread64(13</tmp/nia-publication-fault-4wgmnp5s/case/bank/29292929292929292929292929292929/state/tx-4a91a961669b33f3d2a537dc10ccc591.log>, "MCLOG002\0\0\0\0\0\0\0\t\0\5\0\0\0\0\0\0))))))))))))))))J\221\251af\2333\363\322\2457\334\20\314\305\221\0\0\0\0\0\0\0\1\0\0\0\0\0\0\0\2\0\0\0\0\0\0\0\0\0\0\0\0\0\0\0\1f\246uqQ\370\356U"..., 256, 2048) = 256
pread64(13</tmp/nia-publication-fault-4wgmnp5s/case/bank/29292929292929292929292929292929/state/tx-4a91a961669b33f3d2a537dc10ccc591.log>, "MCLOG002\0\0\0\0\0\0\0\n\0\6\0\0\0\0\0\0))))))))))))))))J\221\251af\2333\363\322\2457\334\20\314\305\221\0\0\0\0\0\0\0\1\0\0\0\0\0\0\0\2\0\0\0\0\0\0\0\0\0\0\0\0\0\0\0\1f\246uqQ\370\356U"..., 256, 2304) = 256
pread64(13</tmp/nia-publication-fault-4wgmnp5s/case/bank/29292929292929292929292929292929/state/tx-4a91a961669b33f3d2a537dc10ccc591.log>, "MCLOG002\0\0\0\0\0\0\0\1\0\1\0\0\0\0\0\0))))))))))))))))J\221\251af\2333\363\322\2457\334\20\314\305\221\0\0\0\0\0\0\0\1\0\0\0\0\0\0\0\2\0\0\0\0\0\0\0\0\0\0\0\0\0\0\0\1\6>\23t\214\2765\223"..., 256, 0) = 256
pread64(13</tmp/nia-publication-fault-4wgmnp5s/case/bank/29292929292929292929292929292929/state/tx-4a91a961669b33f3d2a537dc10ccc591.log>, "MCLOG002\0\0\0\0\0\0\0\2\0\2\0\0\0\0\0\0))))))))))))))))J\221\251af\2333\363\322\2457\334\20\314\305\221\0\0\0\0\0\0\0\1\0\0\0\0\0\0\0\2\0\0\0\0\0\0\0\1\0\0\0\0\0\0\0\1\6>\23t\214\2765\223"..., 256, 256) = 256
pread64(13</tmp/nia-publication-fault-4wgmnp5s/case/bank/29292929292929292929292929292929/state/tx-4a91a961669b33f3d2a537dc10ccc591.log>, "MCLOG002\0\0\0\0\0\0\0\3\0\3\0\0\0\0\0\0))))))))))))))))J\221\251af\2333\363\322\2457\334\20\314\305\221\0\0\0\0\0\0\0\1\0\0\0\0\0\0\0\2\0\0\0\0\0\0\0\1\0\0\0\0\0\0\0\1\6>\23t\214\2765\223"..., 256, 512) = 256
pread64(13</tmp/nia-publication-fault-4wgmnp5s/case/bank/29292929292929292929292929292929/state/tx-4a91a961669b33f3d2a537dc10ccc591.log>, "MCLOG002\0\0\0\0\0\0\0\4\0\2\0\0\0\0\0\0))))))))))))))))J\221\251af\2333\363\322\2457\334\20\314\305\221\0\0\0\0\0\0\0\1\0\0\0\0\0\0\0\2\0\0\0\0\0\0\0\2\0\0\0\0\0\0\0\1\6>\23t\214\2765\223"..., 256, 768) = 256
pread64(13</tmp/nia-publication-fault-4wgmnp5s/case/bank/29292929292929292929292929292929/state/tx-4a91a961669b33f3d2a537dc10ccc591.log>, "MCLOG002\0\0\0\0\0\0\0\5\0\3\0\0\0\0\0\0))))))))))))))))J\221\251af\2333\363\322\2457\334\20\314\305\221\0\0\0\0\0\0\0\1\0\0\0\0\0\0\0\2\0\0\0\0\0\0\0\2\0\0\0\0\0\0\0\1\6>\23t\214\2765\223"..., 256, 1024) = 256
pread64(13</tmp/nia-publication-fault-4wgmnp5s/case/bank/29292929292929292929292929292929/state/tx-4a91a961669b33f3d2a537dc10ccc591.log>, "MCLOG002\0\0\0\0\0\0\0\6\0\2\0\0\0\0\0\0))))))))))))))))J\221\251af\2333\363\322\2457\334\20\314\305\221\0\0\0\0\0\0\0\1\0\0\0\0\0\0\0\2\0\0\0\0\0\0\0\3\0\0\0\0\0\0\0\1\6>\23t\214\2765\223"..., 256, 1280) = 256
pread64(13</tmp/nia-publication-fault-4wgmnp5s/case/bank/29292929292929292929292929292929/state/tx-4a91a961669b33f3d2a537dc10ccc591.log>, "MCLOG002\0\0\0\0\0\0\0\7\0\3\0\0\0\0\0\0))))))))))))))))J\221\251af\2333\363\322\2457\334\20\314\305\221\0\0\0\0\0\0\0\1\0\0\0\0\0\0\0\2\0\0\0\0\0\0\0\3\0\0\0\0\0\0\0\1\6>\23t\214\2765\223"..., 256, 1536) = 256
pread64(13</tmp/nia-publication-fault-4wgmnp5s/case/bank/29292929292929292929292929292929/state/tx-4a91a961669b33f3d2a537dc10ccc591.log>, "MCLOG002\0\0\0\0\0\0\0\10\0\4\0\0\0\0\0\0))))))))))))))))J\221\251af\2333\363\322\2457\334\20\314\305\221\0\0\0\0\0\0\0\1\0\0\0\0\0\0\0\2\0\0\0\0\0\0\0\0\0\0\0\0\0\0\0\1\6>\23t\214\2765\223"..., 256, 1792) = 256
pread64(13</tmp/nia-publication-fault-4wgmnp5s/case/bank/29292929292929292929292929292929/state/tx-4a91a961669b33f3d2a537dc10ccc591.log>, "MCLOG002\0\0\0\0\0\0\0\t\0\5\0\0\0\0\0\0))))))))))))))))J\221\251af\2333\363\322\2457\334\20\314\305\221\0\0\0\0\0\0\0\1\0\0\0\0\0\0\0\2\0\0\0\0\0\0\0\0\0\0\0\0\0\0\0\1f\246uqQ\370\356U"..., 256, 2048) = 256
pread64(13</tmp/nia-publication-fault-4wgmnp5s/case/bank/29292929292929292929292929292929/state/tx-4a91a961669b33f3d2a537dc10ccc591.log>, "MCLOG002\0\0\0\0\0\0\0\n\0\6\0\0\0\0\0\0))))))))))))))))J\221\251af\2333\363\322\2457\334\20\314\305\221\0\0\0\0\0\0\0\1\0\0\0\0\0\0\0\2\0\0\0\0\0\0\0\0\0\0\0\0\0\0\0\1f\246uqQ\370\356U"..., 256, 2304) = 256
pread64(3</tmp/nia-publication-fault-4wgmnp5s/case/bank/29292929292929292929292929292929/root/catalog>, "\0\0\0\0\0\0\0\10NIACSEL1\273\343\341b6\331$M\267\345\300\262\251\302\306\27f\270\251!\330\260\227\374\323p\347\177\25.\3311\0\0\0\0\0\0\0\1\f\241y\346\276\376\267a\363a?\36\365|\250\222\353\303\246\242(\334\243/\23\t\360\254\6\247\336~J6\366\353|\33#j"..., 65536, 0) = 152
pread64(3</tmp/nia-publication-fault-4wgmnp5s/case/bank/29292929292929292929292929292929/root/catalog>, "", 65384, 152) = 0
pread64(3</tmp/nia-publication-fault-4wgmnp5s/case/bank/29292929292929292929292929292929/root/catalog>, "", 65536, 152) = 0
pread64(3</tmp/nia-publication-fault-4wgmnp5s/case/bank/29292929292929292929292929292929/root/tree/version>, "\0\0\0\0\0\0\0\10NIACSEL1\273\343\341b6\331$M\267\345\300\262\251\302\306\27f\270\251!\330\260\227\374\323p\347\177\25.\3311\0\0\0\0\0\0\0\1\f\241y\346\276\376\267a\363a?\36\365|\250\222\353\303\246\242(\334\243/\23\t\360\254\6\247\336~J6\366\353|\33#j"..., 65536, 0) = 152
pread64(3</tmp/nia-publication-fault-4wgmnp5s/case/bank/29292929292929292929292929292929/root/tree/version>, "", 65384, 152) = 0
pread64(3</tmp/nia-publication-fault-4wgmnp5s/case/bank/29292929292929292929292929292929/root/tree/version>, "", 65536, 152) = 0
fsync(3</tmp/nia-publication-fault-4wgmnp5s/case/state>) = 0
pread64(3</tmp/nia-publication-fault-4wgmnp5s/case/root/.mission/root.id>, "\37\37\37\37\37\37\37\37\37\37\37\37\37\37\37\37", 16, 0) = 16
pread64(3</tmp/nia-publication-fault-4wgmnp5s/case/state/root.state>, "MCROOT02\37\37\37\37\37\37\37\37\37\37\37\37\37\37\37\37\0\0\0\0\0\0\0\0================|(\260]\354\310\366\2733\266\317\17dlZ\365\252\200U\340\nL\366\332\32tk\326;\35\36\362\0\0\0\0\0\0\0\0\0\0\0\0\0\0\0\0"..., 192, 0) = 192
fsync(3</tmp/nia-publication-fault-4wgmnp5s/case/store>) = 0
pread64(3</tmp/nia-publication-fault-4wgmnp5s/case/root/.mission/root.id>, "\37\37\37\37\37\37\37\37\37\37\37\37\37\37\37\37", 16, 0) = 16
pread64(3</tmp/nia-publication-fault-4wgmnp5s/case/state/root.state>, "MCROOT02\37\37\37\37\37\37\37\37\37\37\37\37\37\37\37\37\0\0\0\0\0\0\0\0================|(\260]\354\310\366\2733\266\317\17dlZ\365\252\200U\340\nL\366\332\32tk\326;\35\36\362\0\0\0\0\0\0\0\0\0\0\0\0\0\0\0\0"..., 192, 0) = 192
pread64(3</tmp/nia-publication-fault-4wgmnp5s/case/store/objects/21/944ec3a07bc2c4968e56fb8293ef4e32f02aecead46768799ef9a6a96e2705>, "NIAPUB01\37\37\37\37\37\37\37\37\37\37\37\37\37\37\37\37))))))))))))))))EN\16:\276\304-E\373\22\204\265\26:\214\305\301\1\4\312\17\2\177.%\237)jJ\374\31\270\216\346\2104^\35\225\2\356\214\327'zE<0\277\267{\224r\1\276\263"..., 65536, 0) = 192
pread64(3</tmp/nia-publication-fault-4wgmnp5s/case/store/objects/21/944ec3a07bc2c4968e56fb8293ef4e32f02aecead46768799ef9a6a96e2705>, "", 65344, 192) = 0
pread64(3</tmp/nia-publication-fault-4wgmnp5s/case/store/objects/21/944ec3a07bc2c4968e56fb8293ef4e32f02aecead46768799ef9a6a96e2705>, "", 65536, 192) = 0
pread64(3</tmp/nia-publication-fault-4wgmnp5s/case/store/objects/21/944ec3a07bc2c4968e56fb8293ef4e32f02aecead46768799ef9a6a96e2705>, "NIAPUB01\37\37\37\37\37\37\37\37\37\37\37\37\37\37\37\37))))))))))))))))EN\16:\276\304-E\373\22\204\265\26:\214\305\301\1\4\312\17\2\177.%\237)jJ\374\31\270\216\346\2104^\35\225\2\356\214\327'zE<0\277\267{\224r\1\276\263"..., 193, 0) = 192
pread64(3</tmp/nia-publication-fault-4wgmnp5s/case/store/objects/21/944ec3a07bc2c4968e56fb8293ef4e32f02aecead46768799ef9a6a96e2705>, "", 1, 192) = 0
pread64(3</tmp/nia-publication-fault-4wgmnp5s/case/store/objects/45/4e0e3abec42d45fb1284b5163a8cc5c10104ca0f027f2e259f296a4afc19b8>, "NIAGEN04))))))))))))))))3333333333333333\0\0\0\0\0\0\0\1\0\0\0\0\0\0\0\2\216\346\2104^\35\225\2\356\214\327'zE<0\277\267{\224r\1\276\2630\16\235\362\270\3122\35\"\"\"\"\"\"\"\""..., 65536, 0) = 288
pread64(3</tmp/nia-publication-fault-4wgmnp5s/case/store/objects/45/4e0e3abec42d45fb1284b5163a8cc5c10104ca0f027f2e259f296a4afc19b8>, "", 65248, 288) = 0
pread64(3</tmp/nia-publication-fault-4wgmnp5s/case/store/objects/45/4e0e3abec42d45fb1284b5163a8cc5c10104ca0f027f2e259f296a4afc19b8>, "", 65536, 288) = 0
pread64(3</tmp/nia-publication-fault-4wgmnp5s/case/store/objects/45/4e0e3abec42d45fb1284b5163a8cc5c10104ca0f027f2e259f296a4afc19b8>, "NIAGEN04))))))))))))))))3333333333333333\0\0\0\0\0\0\0\1\0\0\0\0\0\0\0\2\216\346\2104^\35\225\2\356\214\327'zE<0\277\267{\224r\1\276\2630\16\235\362\270\3122\35\"\"\"\"\"\"\"\""..., 32992, 0) = 288
pread64(3</tmp/nia-publication-fault-4wgmnp5s/case/store/objects/45/4e0e3abec42d45fb1284b5163a8cc5c10104ca0f027f2e259f296a4afc19b8>, "", 32704, 288) = 0
pread64(3</tmp/nia-publication-fault-4wgmnp5s/case/store/pins/33333333333333333333333333333333>, "EN\16:\276\304-E\373\22\204\265\26:\214\305\301\1\4\312\17\2\177.%\237)jJ\374\31\270", 33, 0) = 32
pread64(3</tmp/nia-publication-fault-4wgmnp5s/case/store/pins/33333333333333333333333333333333>, "", 1, 32) = 0
pread64(3</tmp/nia-publication-fault-4wgmnp5s/case/store/objects/b2/d93d1647239d0ba4daeaa2a008547e866b63fe552b7835bb1cf81afd008832>, "NIASPOL1~R\322\ng\4\374Nt{\300\301\330\36\340\226\257\27\360\206\320\344f\21\354\217~\254\226\320\232\"\0\0\0\0\0\0\3\350\0\0\0\0\0\0\0\1GGGGGGGGGGGGGGGGGGGGGGGGGGGGGGGG\212\210\343\335t\t\361\225"..., 65536, 0) = 136
pread64(3</tmp/nia-publication-fault-4wgmnp5s/case/store/objects/b2/d93d1647239d0ba4daeaa2a008547e866b63fe552b7835bb1cf81afd008832>, "", 65400, 136) = 0
pread64(3</tmp/nia-publication-fault-4wgmnp5s/case/store/objects/b2/d93d1647239d0ba4daeaa2a008547e866b63fe552b7835bb1cf81afd008832>, "", 65536, 136) = 0
pread64(3</tmp/nia-publication-fault-4wgmnp5s/case/store/objects/b2/d93d1647239d0ba4daeaa2a008547e866b63fe552b7835bb1cf81afd008832>, "NIASPOL1~R\322\ng\4\374Nt{\300\301\330\36\340\226\257\27\360\206\320\344f\21\354\217~\254\226\320\232\"\0\0\0\0\0\0\3\350\0\0\0\0\0\0\0\1GGGGGGGGGGGGGGGGGGGGGGGGGGGGGGGG\212\210\343\335t\t\361\225"..., 20536, 0) = 136
pread64(3</tmp/nia-publication-fault-4wgmnp5s/case/store/objects/b2/d93d1647239d0ba4daeaa2a008547e866b63fe552b7835bb1cf81afd008832>, "", 20400, 136) = 0
pread64(3</tmp/nia-publication-fault-4wgmnp5s/case/store/objects/7e/52d20a6704fc4e747bc0c1d81ee096af17f086d0e46611ec8f7eac96d09a22>, "NIASMAP1\37\37\37\37\37\37\37\37\37\37\37\37\37\37\37\37\0\0\0\0\0\0\0\0\0\0\0\0\0\0\0\0\0\0\0\0\0\0\0\0\0\0\0\0\0\0\0\0\0\0\0\0\0\0\0\0\0\0\0\0\0\0\0\0\0\0\0\0\0\0\0\0\0\0\0\0\0\0\0\0\216\346\2104^\35\225\2"..., 65536, 0) = 256
pread64(3</tmp/nia-publication-fault-4wgmnp5s/case/store/objects/7e/52d20a6704fc4e747bc0c1d81ee096af17f086d0e46611ec8f7eac96d09a22>, "", 65280, 256) = 0
pread64(3</tmp/nia-publication-fault-4wgmnp5s/case/store/objects/7e/52d20a6704fc4e747bc0c1d81ee096af17f086d0e46611ec8f7eac96d09a22>, "", 65536, 256) = 0
pread64(3</tmp/nia-publication-fault-4wgmnp5s/case/store/objects/7e/52d20a6704fc4e747bc0c1d81ee096af17f086d0e46611ec8f7eac96d09a22>, "NIASMAP1\37\37\37\37\37\37\37\37\37\37\37\37\37\37\37\37\0\0\0\0\0\0\0\0\0\0\0\0\0\0\0\0\0\0\0\0\0\0\0\0\0\0\0\0\0\0\0\0\0\0\0\0\0\0\0\0\0\0\0\0\0\0\0\0\0\0\0\0\0\0\0\0\0\0\0\0\0\0\0\0\216\346\2104^\35\225\2"..., 393376, 0) = 256
pread64(3</tmp/nia-publication-fault-4wgmnp5s/case/store/objects/7e/52d20a6704fc4e747bc0c1d81ee096af17f086d0e46611ec8f7eac96d09a22>, "", 393120, 256) = 0
pread64(3</tmp/nia-publication-fault-4wgmnp5s/case/store/objects/8e/e688345e1d9502ee8cd7277a453c30bfb77b947201beb3300e9df2b8ca321d>, "\0\0\0\0\0\0\0\10NIACSEL1\273\343\341b6\331$M\267\345\300\262\251\302\306\27f\270\251!\330\260\227\374\323p\347\177\25.\3311\0\0\0\0\0\0\0\1\f\241y\346\276\376\267a\363a?\36\365|\250\222\353\303\246\242(\334\243/\23\t\360\254\6\247\336~J6\366\353|\33#j"..., 65536, 0) = 152
pread64(3</tmp/nia-publication-fault-4wgmnp5s/case/store/objects/8e/e688345e1d9502ee8cd7277a453c30bfb77b947201beb3300e9df2b8ca321d>, "", 65384, 152) = 0
pread64(3</tmp/nia-publication-fault-4wgmnp5s/case/store/objects/8e/e688345e1d9502ee8cd7277a453c30bfb77b947201beb3300e9df2b8ca321d>, "", 65536, 152) = 0
pread64(3</tmp/nia-publication-fault-4wgmnp5s/case/store/objects/32/094e7c613fdb6dffb1f27d926b176f7fd8946b8c2cf3ca9e3b95cb91a1a8ca>, "NIACLOS1\216\346\2104^\35\225\2\356\214\327'zE<0\277\267{\224r\1\276\2630\16\235\362\270\3122\35\273\343\341b6\331$M\267\345\300\262\251\302\306\27f\270\251!\330\260\227\374\323p\347\177\25.\3311\0\0\0\0\0\0\0\5\f\241y\346\276\376\267a\363a?\36\365|\250\222"..., 65536, 0) = 240
pread64(3</tmp/nia-publication-fault-4wgmnp5s/case/store/objects/32/094e7c613fdb6dffb1f27d926b176f7fd8946b8c2cf3ca9e3b95cb91a1a8ca>, "", 65296, 240) = 0
pread64(3</tmp/nia-publication-fault-4wgmnp5s/case/store/objects/32/094e7c613fdb6dffb1f27d926b176f7fd8946b8c2cf3ca9e3b95cb91a1a8ca>, "", 65536, 240) = 0
pread64(3</tmp/nia-publication-fault-4wgmnp5s/case/store/objects/be/79019cd624c1b58af3cac32a235b467dac74ebfc6ee94e6390a198650449a5>, "NIASUP01GGGGGGGGGGGGGGGGGGGGGGGGGGGGGGGGf\246uqQ\370\356U\333\22w\26\307\343\334\340\276\200t\266N \355\245B\345\301\344l\251\304\36\f\241y\346\276\376\267a\363a?\36\365|\250\222\353\303\246\242(\334\243/"..., 65536, 0) = 320
pread64(3</tmp/nia-publication-fault-4wgmnp5s/case/store/objects/be/79019cd624c1b58af3cac32a235b467dac74ebfc6ee94e6390a198650449a5>, "", 65216, 320) = 0
pread64(3</tmp/nia-publication-fault-4wgmnp5s/case/store/objects/be/79019cd624c1b58af3cac32a235b467dac74ebfc6ee94e6390a198650449a5>, "", 65536, 320) = 0
pread64(3</tmp/nia-publication-fault-4wgmnp5s/case/store/objects/be/79019cd624c1b58af3cac32a235b467dac74ebfc6ee94e6390a198650449a5>, "NIASUP01GGGGGGGGGGGGGGGGGGGGGGGGGGGGGGGGf\246uqQ\370\356U\333\22w\26\307\343\334\340\276\200t\266N \355\245B\345\301\344l\251\304\36\f\241y\346\276\376\267a\363a?\36\365|\250\222\353\303\246\242(\334\243/"..., 320, 0) = 320
pread64(3</tmp/nia-publication-fault-4wgmnp5s/case/store/objects/66/a6757151f8ee55db127716c7e3dce0be8074b64e20eda542e5c1e46ca9c41e>, "\7\10\t", 65536, 0) = 3
pread64(3</tmp/nia-publication-fault-4wgmnp5s/case/store/objects/66/a6757151f8ee55db127716c7e3dce0be8074b64e20eda542e5c1e46ca9c41e>, "", 65533, 3) = 0
pread64(3</tmp/nia-publication-fault-4wgmnp5s/case/store/objects/66/a6757151f8ee55db127716c7e3dce0be8074b64e20eda542e5c1e46ca9c41e>, "", 65536, 3) = 0
pread64(3</tmp/nia-publication-fault-4wgmnp5s/case/store/objects/0c/a179e6befeb761f3613f1ef57ca892ebc3a6a228dca32f1309f0ac06a7de7e>, "!<arch>\ndebian-binary/  0           0     0     100644  4         `\n2.0\ncontrol.tar/    0       "..., 65536, 0) = 20672
pread64(3</tmp/nia-publication-fault-4wgmnp5s/case/store/objects/0c/a179e6befeb761f3613f1ef57ca892ebc3a6a228dca32f1309f0ac06a7de7e>, "", 44864, 20672) = 0
pread64(3</tmp/nia-publication-fault-4wgmnp5s/case/store/objects/0c/a179e6befeb761f3613f1ef57ca892ebc3a6a228dca32f1309f0ac06a7de7e>, "", 65536, 20672) = 0
pread64(3</tmp/nia-publication-fault-4wgmnp5s/case/store/objects/a3/1a856f430af395bccd7eb2f142b11ad3ae0fc5daf3acc4ffb341c48a5abd39>, "Package: empty-package\nVersion: 1\nArchitecture: all\nMaintainer: Fixture <fixture@example.invalid"..., 65536, 0) = 149
pread64(3</tmp/nia-publication-fault-4wgmnp5s/case/store/objects/a3/1a856f430af395bccd7eb2f142b11ad3ae0fc5daf3acc4ffb341c48a5abd39>, "", 65387, 149) = 0
pread64(3</tmp/nia-publication-fault-4wgmnp5s/case/store/objects/a3/1a856f430af395bccd7eb2f142b11ad3ae0fc5daf3acc4ffb341c48a5abd39>, "", 65536, 149) = 0
pread64(3</tmp/nia-publication-fault-4wgmnp5s/case/store/objects/66/a6757151f8ee55db127716c7e3dce0be8074b64e20eda542e5c1e46ca9c41e>, "\7\10\t", 65536, 0) = 3
pread64(3</tmp/nia-publication-fault-4wgmnp5s/case/store/objects/66/a6757151f8ee55db127716c7e3dce0be8074b64e20eda542e5c1e46ca9c41e>, "", 65533, 3) = 0
pread64(3</tmp/nia-publication-fault-4wgmnp5s/case/store/objects/66/a6757151f8ee55db127716c7e3dce0be8074b64e20eda542e5c1e46ca9c41e>, "", 65536, 3) = 0
pread64(3</tmp/nia-publication-fault-4wgmnp5s/case/store/objects/66/a6757151f8ee55db127716c7e3dce0be8074b64e20eda542e5c1e46ca9c41e>, "\7\10\t", 65536, 0) = 3
pread64(3</tmp/nia-publication-fault-4wgmnp5s/case/store/objects/66/a6757151f8ee55db127716c7e3dce0be8074b64e20eda542e5c1e46ca9c41e>, "", 65533, 3) = 0
pread64(3</tmp/nia-publication-fault-4wgmnp5s/case/store/objects/66/a6757151f8ee55db127716c7e3dce0be8074b64e20eda542e5c1e46ca9c41e>, "", 65536, 3) = 0
pread64(3</tmp/nia-publication-fault-4wgmnp5s/case/store/objects/66/a6757151f8ee55db127716c7e3dce0be8074b64e20eda542e5c1e46ca9c41e>, "\7\10\t", 65536, 0) = 3
pread64(3</tmp/nia-publication-fault-4wgmnp5s/case/store/objects/66/a6757151f8ee55db127716c7e3dce0be8074b64e20eda542e5c1e46ca9c41e>, "", 65533, 3) = 0
pread64(3</tmp/nia-publication-fault-4wgmnp5s/case/store/objects/66/a6757151f8ee55db127716c7e3dce0be8074b64e20eda542e5c1e46ca9c41e>, "", 65536, 3) = 0
pread64(3</tmp/nia-publication-fault-4wgmnp5s/case/store/objects/38/c0e841345eeb0948445869eb5553bb39ebf66c24fe6fa00123868f32600451>, "NIAGINT1\37\37\37\37\37\37\37\37\37\37\37\37\37\37\37\37\0\0\0\0\0\0\0\0\0\0\0\0\0\0\0\0\0\0\0\0\0\0\0\0\0\0\0\0\0\0\0\0\216\346\2104^\35\225\2\356\214\327'zE<0\277\267{\224r\1\276\2630\16\235\362\270\3122\0352\tN|a?\333m"..., 65536, 0) = 206
pread64(3</tmp/nia-publication-fault-4wgmnp5s/case/store/objects/38/c0e841345eeb0948445869eb5553bb39ebf66c24fe6fa00123868f32600451>, "", 65330, 206) = 0
pread64(3</tmp/nia-publication-fault-4wgmnp5s/case/store/objects/38/c0e841345eeb0948445869eb5553bb39ebf66c24fe6fa00123868f32600451>, "", 65536, 206) = 0
pread64(3</tmp/nia-publication-fault-4wgmnp5s/case/store/objects/38/c0e841345eeb0948445869eb5553bb39ebf66c24fe6fa00123868f32600451>, "NIAGINT1\37\37\37\37\37\37\37\37\37\37\37\37\37\37\37\37\0\0\0\0\0\0\0\0\0\0\0\0\0\0\0\0\0\0\0\0\0\0\0\0\0\0\0\0\0\0\0\0\216\346\2104^\35\225\2\356\214\327'zE<0\277\267{\224r\1\276\2630\16\235\362\270\3122\0352\tN|a?\333m"..., 1053888, 0) = 206
pread64(3</tmp/nia-publication-fault-4wgmnp5s/case/store/objects/38/c0e841345eeb0948445869eb5553bb39ebf66c24fe6fa00123868f32600451>, "", 1053682, 206) = 0
pread64(3</tmp/nia-publication-fault-4wgmnp5s/case/store/objects/32/094e7c613fdb6dffb1f27d926b176f7fd8946b8c2cf3ca9e3b95cb91a1a8ca>, "NIACLOS1\216\346\2104^\35\225\2\356\214\327'zE<0\277\267{\224r\1\276\2630\16\235\362\270\3122\35\273\343\341b6\331$M\267\345\300\262\251\302\306\27f\270\251!\330\260\227\374\323p\347\177\25.\3311\0\0\0\0\0\0\0\5\f\241y\346\276\376\267a\363a?\36\365|\250\222"..., 65536, 0) = 240
pread64(3</tmp/nia-publication-fault-4wgmnp5s/case/store/objects/32/094e7c613fdb6dffb1f27d926b176f7fd8946b8c2cf3ca9e3b95cb91a1a8ca>, "", 65296, 240) = 0
pread64(3</tmp/nia-publication-fault-4wgmnp5s/case/store/objects/32/094e7c613fdb6dffb1f27d926b176f7fd8946b8c2cf3ca9e3b95cb91a1a8ca>, "", 65536, 240) = 0
pread64(3</tmp/nia-publication-fault-4wgmnp5s/case/store/objects/32/094e7c613fdb6dffb1f27d926b176f7fd8946b8c2cf3ca9e3b95cb91a1a8ca>, "NIACLOS1\216\346\2104^\35\225\2\356\214\327'zE<0\277\267{\224r\1\276\2630\16\235\362\270\3122\35\273\343\341b6\331$M\267\345\300\262\251\302\306\27f\270\251!\330\260\227\374\323p\347\177\25.\3311\0\0\0\0\0\0\0\5", 80, 0) = 80
pread64(3</tmp/nia-publication-fault-4wgmnp5s/case/store/objects/32/094e7c613fdb6dffb1f27d926b176f7fd8946b8c2cf3ca9e3b95cb91a1a8ca>, "\f\241y\346\276\376\267a\363a?\36\365|\250\222\353\303\246\242(\334\243/\23\t\360\254\6\247\336~", 32, 80) = 32
pread64(16</tmp/nia-publication-fault-4wgmnp5s/case/store/objects/0c/a179e6befeb761f3613f1ef57ca892ebc3a6a228dca32f1309f0ac06a7de7e>, "!<arch>\ndebian-binary/  0           0     0     100644  4         `\n2.0\ncontrol.tar/    0       "..., 65536, 0) = 20672
pread64(16</tmp/nia-publication-fault-4wgmnp5s/case/store/objects/0c/a179e6befeb761f3613f1ef57ca892ebc3a6a228dca32f1309f0ac06a7de7e>, "", 44864, 20672) = 0
pread64(16</tmp/nia-publication-fault-4wgmnp5s/case/store/objects/0c/a179e6befeb761f3613f1ef57ca892ebc3a6a228dca32f1309f0ac06a7de7e>, "", 65536, 20672) = 0
pread64(3</tmp/nia-publication-fault-4wgmnp5s/case/store/objects/32/094e7c613fdb6dffb1f27d926b176f7fd8946b8c2cf3ca9e3b95cb91a1a8ca>, "J6\366\353|\33#j\266\313(\335\270\202\221\236\210\213\363\223\337\300\r\223\0\212\326s\6\227\370\367", 32, 112) = 32
pread64(16</tmp/nia-publication-fault-4wgmnp5s/case/store/objects/4a/36f6eb7c1b236ab6cb28ddb882919e888bf393dfc00d93008ad6730697f8f7>, "./control\0\0\0\0\0\0\0\0\0\0\0\0\0\0\0\0\0\0\0\0\0\0\0\0\0\0\0\0\0\0\0\0\0\0\0\0\0\0\0\0\0\0\0\0\0\0\0\0\0\0\0\0\0\0\0\0\0\0\0\0\0\0\0\0\0\0\0\0\0\0\0\0\0\0\0\0\0\0\0\0\0\0\0\0\0\0\0"..., 65536, 0) = 10240
pread64(16</tmp/nia-publication-fault-4wgmnp5s/case/store/objects/4a/36f6eb7c1b236ab6cb28ddb882919e888bf393dfc00d93008ad6730697f8f7>, "", 55296, 10240) = 0
pread64(16</tmp/nia-publication-fault-4wgmnp5s/case/store/objects/4a/36f6eb7c1b236ab6cb28ddb882919e888bf393dfc00d93008ad6730697f8f7>, "", 65536, 10240) = 0
pread64(3</tmp/nia-publication-fault-4wgmnp5s/case/store/objects/32/094e7c613fdb6dffb1f27d926b176f7fd8946b8c2cf3ca9e3b95cb91a1a8ca>, "\204\377\222i\37\220\232\5\262$\341\305j\273Hd\360\33O\216<\205NK\264\307\272\361\323\366\326R", 32, 144) = 32
pread64(16</tmp/nia-publication-fault-4wgmnp5s/case/store/objects/84/ff92691f909a05b224e1c56abb4864f01b4f8e3c854e4bb4c7baf1d3f6d652>, "\0\0\0\0\0\0\0\0\0\0\0\0\0\0\0\0\0\0\0\0\0\0\0\0\0\0\0\0\0\0\0\0\0\0\0\0\0\0\0\0\0\0\0\0\0\0\0\0\0\0\0\0\0\0\0\0\0\0\0\0\0\0\0\0\0\0\0\0\0\0\0\0\0\0\0\0\0\0\0\0\0\0\0\0\0\0\0\0\0\0\0\0\0\0\0\0"..., 65536, 0) = 10240
pread64(16</tmp/nia-publication-fault-4wgmnp5s/case/store/objects/84/ff92691f909a05b224e1c56abb4864f01b4f8e3c854e4bb4c7baf1d3f6d652>, "", 55296, 10240) = 0
pread64(16</tmp/nia-publication-fault-4wgmnp5s/case/store/objects/84/ff92691f909a05b224e1c56abb4864f01b4f8e3c854e4bb4c7baf1d3f6d652>, "", 65536, 10240) = 0
pread64(3</tmp/nia-publication-fault-4wgmnp5s/case/store/objects/32/094e7c613fdb6dffb1f27d926b176f7fd8946b8c2cf3ca9e3b95cb91a1a8ca>, "\216\346\2104^\35\225\2\356\214\327'zE<0\277\267{\224r\1\276\2630\16\235\362\270\3122\35", 32, 176) = 32
pread64(16</tmp/nia-publication-fault-4wgmnp5s/case/store/objects/8e/e688345e1d9502ee8cd7277a453c30bfb77b947201beb3300e9df2b8ca321d>, "\0\0\0\0\0\0\0\10NIACSEL1\273\343\341b6\331$M\267\345\300\262\251\302\306\27f\270\251!\330\260\227\374\323p\347\177\25.\3311\0\0\0\0\0\0\0\1\f\241y\346\276\376\267a\363a?\36\365|\250\222\353\303\246\242(\334\243/\23\t\360\254\6\247\336~J6\366\353|\33#j"..., 65536, 0) = 152
pread64(16</tmp/nia-publication-fault-4wgmnp5s/case/store/objects/8e/e688345e1d9502ee8cd7277a453c30bfb77b947201beb3300e9df2b8ca321d>, "", 65384, 152) = 0
pread64(16</tmp/nia-publication-fault-4wgmnp5s/case/store/objects/8e/e688345e1d9502ee8cd7277a453c30bfb77b947201beb3300e9df2b8ca321d>, "", 65536, 152) = 0
pread64(3</tmp/nia-publication-fault-4wgmnp5s/case/store/objects/32/094e7c613fdb6dffb1f27d926b176f7fd8946b8c2cf3ca9e3b95cb91a1a8ca>, "\243\32\205oC\n\363\225\274\315~\262\361B\261\32\323\256\17\305\332\363\254\304\377\263A\304\212Z\2759", 32, 208) = 32
pread64(16</tmp/nia-publication-fault-4wgmnp5s/case/store/objects/a3/1a856f430af395bccd7eb2f142b11ad3ae0fc5daf3acc4ffb341c48a5abd39>, "Package: empty-package\nVersion: 1\nArchitecture: all\nMaintainer: Fixture <fixture@example.invalid"..., 65536, 0) = 149
pread64(16</tmp/nia-publication-fault-4wgmnp5s/case/store/objects/a3/1a856f430af395bccd7eb2f142b11ad3ae0fc5daf3acc4ffb341c48a5abd39>, "", 65387, 149) = 0
pread64(16</tmp/nia-publication-fault-4wgmnp5s/case/store/objects/a3/1a856f430af395bccd7eb2f142b11ad3ae0fc5daf3acc4ffb341c48a5abd39>, "", 65536, 149) = 0
pread64(3</tmp/nia-publication-fault-4wgmnp5s/case/store/objects/8e/e688345e1d9502ee8cd7277a453c30bfb77b947201beb3300e9df2b8ca321d>, "\0\0\0\0\0\0\0\10NIACSEL1\273\343\341b6\331$M\267\345\300\262\251\302\306\27f\270\251!\330\260\227\374\323p\347\177\25.\3311\0\0\0\0\0\0\0\1\f\241y\346\276\376\267a\363a?\36\365|\250\222\353\303\246\242(\334\243/\23\t\360\254\6\247\336~J6\366\353|\33#j"..., 65536, 0) = 152
pread64(3</tmp/nia-publication-fault-4wgmnp5s/case/store/objects/8e/e688345e1d9502ee8cd7277a453c30bfb77b947201beb3300e9df2b8ca321d>, "", 65384, 152) = 0
pread64(3</tmp/nia-publication-fault-4wgmnp5s/case/store/objects/8e/e688345e1d9502ee8cd7277a453c30bfb77b947201beb3300e9df2b8ca321d>, "", 65536, 152) = 0
pread64(3</tmp/nia-publication-fault-4wgmnp5s/case/store/objects/8e/e688345e1d9502ee8cd7277a453c30bfb77b947201beb3300e9df2b8ca321d>, "\0\0\0\0\0\0\0\10NIACSEL1\273\343\341b6\331$M\267\345\300\262\251\302\306\27f\270\251!\330\260\227\374\323p\347\177\25.\3311\0\0\0\0\0\0\0\1\f\241y\346\276\376\267a\363a?\36\365|\250\222\353\303\246\242(\334\243/\23\t\360\254\6\247\336~J6\366\353|\33#j"..., 393272, 0) = 152
pread64(3</tmp/nia-publication-fault-4wgmnp5s/case/store/objects/8e/e688345e1d9502ee8cd7277a453c30bfb77b947201beb3300e9df2b8ca321d>, "", 393120, 152) = 0
pread64(3</tmp/nia-publication-fault-4wgmnp5s/case/store/objects/0c/a179e6befeb761f3613f1ef57ca892ebc3a6a228dca32f1309f0ac06a7de7e>, "!<arch>\ndebian-binary/  0           0     0     100644  4         `\n2.0\ncontrol.tar/    0       "..., 65536, 0) = 20672
pread64(3</tmp/nia-publication-fault-4wgmnp5s/case/store/objects/0c/a179e6befeb761f3613f1ef57ca892ebc3a6a228dca32f1309f0ac06a7de7e>, "", 44864, 20672) = 0
pread64(3</tmp/nia-publication-fault-4wgmnp5s/case/store/objects/0c/a179e6befeb761f3613f1ef57ca892ebc3a6a228dca32f1309f0ac06a7de7e>, "", 65536, 20672) = 0
pread64(3</tmp/nia-publication-fault-4wgmnp5s/case/store/objects/0c/a179e6befeb761f3613f1ef57ca892ebc3a6a228dca32f1309f0ac06a7de7e>, "!<arch>\n", 8, 0) = 8
pread64(3</tmp/nia-publication-fault-4wgmnp5s/case/store/objects/0c/a179e6befeb761f3613f1ef57ca892ebc3a6a228dca32f1309f0ac06a7de7e>, "debian-binary/  0           0     0     100644  4         `\n", 60, 8) = 60
pread64(3</tmp/nia-publication-fault-4wgmnp5s/case/store/objects/0c/a179e6befeb761f3613f1ef57ca892ebc3a6a228dca32f1309f0ac06a7de7e>, "2.0\n", 4, 68) = 4
pread64(3</tmp/nia-publication-fault-4wgmnp5s/case/store/objects/0c/a179e6befeb761f3613f1ef57ca892ebc3a6a228dca32f1309f0ac06a7de7e>, "2.0\n", 4, 68) = 4
pread64(3</tmp/nia-publication-fault-4wgmnp5s/case/store/objects/0c/a179e6befeb761f3613f1ef57ca892ebc3a6a228dca32f1309f0ac06a7de7e>, "control.tar/    0           0     0     100644  10240     `\n", 60, 72) = 60
pread64(3</tmp/nia-publication-fault-4wgmnp5s/case/store/objects/0c/a179e6befeb761f3613f1ef57ca892ebc3a6a228dca32f1309f0ac06a7de7e>, "./control\0\0\0\0\0\0\0\0\0\0\0\0\0\0\0\0\0\0\0\0\0\0\0\0\0\0\0\0\0\0\0\0\0\0\0\0\0\0\0\0\0\0\0\0\0\0\0\0\0\0\0\0\0\0\0\0\0\0\0\0\0\0\0\0\0\0\0\0\0\0\0\0\0\0\0\0\0\0\0\0\0\0\0\0\0\0\0"..., 10240, 132) = 10240
pread64(3</tmp/nia-publication-fault-4wgmnp5s/case/store/objects/0c/a179e6befeb761f3613f1ef57ca892ebc3a6a228dca32f1309f0ac06a7de7e>, "data.tar/       0           0     0     100644  10240     `\n", 60, 10372) = 60
pread64(3</tmp/nia-publication-fault-4wgmnp5s/case/store/objects/0c/a179e6befeb761f3613f1ef57ca892ebc3a6a228dca32f1309f0ac06a7de7e>, "\0\0\0\0\0\0\0\0\0\0\0\0\0\0\0\0\0\0\0\0\0\0\0\0\0\0\0\0\0\0\0\0\0\0\0\0\0\0\0\0\0\0\0\0\0\0\0\0\0\0\0\0\0\0\0\0\0\0\0\0\0\0\0\0\0\0\0\0\0\0\0\0\0\0\0\0\0\0\0\0\0\0\0\0\0\0\0\0\0\0\0\0\0\0\0\0"..., 10240, 10432) = 10240
pread64(3</tmp/nia-publication-fault-4wgmnp5s/case/store/objects/0c/a179e6befeb761f3613f1ef57ca892ebc3a6a228dca32f1309f0ac06a7de7e>, "!<arch>\ndebian-binary/  0           0     0     100644  4         `\n2.0\ncontrol.tar/    0       "..., 65536, 0) = 20672
pread64(3</tmp/nia-publication-fault-4wgmnp5s/case/store/objects/0c/a179e6befeb761f3613f1ef57ca892ebc3a6a228dca32f1309f0ac06a7de7e>, "", 44864, 20672) = 0
pread64(3</tmp/nia-publication-fault-4wgmnp5s/case/store/objects/0c/a179e6befeb761f3613f1ef57ca892ebc3a6a228dca32f1309f0ac06a7de7e>, "", 65536, 20672) = 0
pread64(3</tmp/nia-publication-fault-4wgmnp5s/case/store/objects/0c/a179e6befeb761f3613f1ef57ca892ebc3a6a228dca32f1309f0ac06a7de7e>, "!<arch>\n", 8, 0) = 8
pread64(3</tmp/nia-publication-fault-4wgmnp5s/case/store/objects/0c/a179e6befeb761f3613f1ef57ca892ebc3a6a228dca32f1309f0ac06a7de7e>, "debian-binary/  0           0     0     100644  4         `\n", 60, 8) = 60
pread64(3</tmp/nia-publication-fault-4wgmnp5s/case/store/objects/0c/a179e6befeb761f3613f1ef57ca892ebc3a6a228dca32f1309f0ac06a7de7e>, "2.0\n", 4, 68) = 4
pread64(3</tmp/nia-publication-fault-4wgmnp5s/case/store/objects/0c/a179e6befeb761f3613f1ef57ca892ebc3a6a228dca32f1309f0ac06a7de7e>, "2.0\n", 4, 68) = 4
pread64(3</tmp/nia-publication-fault-4wgmnp5s/case/store/objects/0c/a179e6befeb761f3613f1ef57ca892ebc3a6a228dca32f1309f0ac06a7de7e>, "control.tar/    0           0     0     100644  10240     `\n", 60, 72) = 60
pread64(3</tmp/nia-publication-fault-4wgmnp5s/case/store/objects/0c/a179e6befeb761f3613f1ef57ca892ebc3a6a228dca32f1309f0ac06a7de7e>, "./control\0\0\0\0\0\0\0\0\0\0\0\0\0\0\0\0\0\0\0\0\0\0\0\0\0\0\0\0\0\0\0\0\0\0\0\0\0\0\0\0\0\0\0\0\0\0\0\0\0\0\0\0\0\0\0\0\0\0\0\0\0\0\0\0\0\0\0\0\0\0\0\0\0\0\0\0\0\0\0\0\0\0\0\0\0\0\0"..., 10240, 132) = 10240
pread64(3</tmp/nia-publication-fault-4wgmnp5s/case/store/objects/0c/a179e6befeb761f3613f1ef57ca892ebc3a6a228dca32f1309f0ac06a7de7e>, "data.tar/       0           0     0     100644  10240     `\n", 60, 10372) = 60
pread64(3</tmp/nia-publication-fault-4wgmnp5s/case/store/objects/0c/a179e6befeb761f3613f1ef57ca892ebc3a6a228dca32f1309f0ac06a7de7e>, "\0\0\0\0\0\0\0\0\0\0\0\0\0\0\0\0\0\0\0\0\0\0\0\0\0\0\0\0\0\0\0\0\0\0\0\0\0\0\0\0\0\0\0\0\0\0\0\0\0\0\0\0\0\0\0\0\0\0\0\0\0\0\0\0\0\0\0\0\0\0\0\0\0\0\0\0\0\0\0\0\0\0\0\0\0\0\0\0\0\0\0\0\0\0\0\0"..., 10240, 10432) = 10240
fsync(17</tmp/nia-publication-fault-4wgmnp5s/case/store/incoming>) = 0
pread64(3</tmp/nia-publication-fault-4wgmnp5s/case/store/objects/0c/a179e6befeb761f3613f1ef57ca892ebc3a6a228dca32f1309f0ac06a7de7e>, "\0\0\0\0\0\0\0\0\0\0\0\0\0\0\0\0\0\0\0\0\0\0\0\0\0\0\0\0\0\0\0\0\0\0\0\0\0\0\0\0\0\0\0\0\0\0\0\0\0\0\0\0\0\0\0\0\0\0\0\0\0\0\0\0\0\0\0\0\0\0\0\0\0\0\0\0\0\0\0\0\0\0\0\0\0\0\0\0\0\0\0\0\0\0\0\0"..., 10240, 10432) = 10240
write(16</tmp/nia-publication-fault-4wgmnp5s/case/store/incoming/8be00606ff3a9a95567677ebf8bc001e>, "\0\0\0\0\0\0\0\0\0\0\0\0\0\0\0\0\0\0\0\0\0\0\0\0\0\0\0\0\0\0\0\0\0\0\0\0\0\0\0\0\0\0\0\0\0\0\0\0\0\0\0\0\0\0\0\0\0\0\0\0\0\0\0\0\0\0\0\0\0\0\0\0\0\0\0\0\0\0\0\0\0\0\0\0\0\0\0\0\0\0\0\0\0\0\0\0"..., 10240) = 10240
fsync(16</tmp/nia-publication-fault-4wgmnp5s/case/store/incoming/8be00606ff3a9a95567677ebf8bc001e>) = 0
renameat2(17</tmp/nia-publication-fault-4wgmnp5s/case/store/incoming>, "8be00606ff3a9a95567677ebf8bc001e", 16</tmp/nia-publication-fault-4wgmnp5s/case/store/objects/84>, "ff92691f909a05b224e1c56abb4864f01b4f8e3c854e4bb4c7baf1d3f6d652", RENAME_NOREPLACE) = -1 EEXIST (File exists)
pread64(16</tmp/nia-publication-fault-4wgmnp5s/case/store/objects/84/ff92691f909a05b224e1c56abb4864f01b4f8e3c854e4bb4c7baf1d3f6d652>, "\0\0\0\0\0\0\0\0\0\0\0\0\0\0\0\0\0\0\0\0\0\0\0\0\0\0\0\0\0\0\0\0\0\0\0\0\0\0\0\0\0\0\0\0\0\0\0\0\0\0\0\0\0\0\0\0\0\0\0\0\0\0\0\0\0\0\0\0\0\0\0\0\0\0\0\0\0\0\0\0\0\0\0\0\0\0\0\0\0\0\0\0\0\0\0\0"..., 65536, 0) = 10240
pread64(16</tmp/nia-publication-fault-4wgmnp5s/case/store/objects/84/ff92691f909a05b224e1c56abb4864f01b4f8e3c854e4bb4c7baf1d3f6d652>, "", 55296, 10240) = 0
pread64(16</tmp/nia-publication-fault-4wgmnp5s/case/store/objects/84/ff92691f909a05b224e1c56abb4864f01b4f8e3c854e4bb4c7baf1d3f6d652>, "", 65536, 10240) = 0
fsync(17</tmp/nia-publication-fault-4wgmnp5s/case/store/incoming>) = 0
pread64(3</tmp/nia-publication-fault-4wgmnp5s/case/store/objects/84/ff92691f909a05b224e1c56abb4864f01b4f8e3c854e4bb4c7baf1d3f6d652>, "\0\0\0\0\0\0\0\0\0\0\0\0\0\0\0\0\0\0\0\0\0\0\0\0\0\0\0\0\0\0\0\0\0\0\0\0\0\0\0\0\0\0\0\0\0\0\0\0\0\0\0\0\0\0\0\0\0\0\0\0\0\0\0\0\0\0\0\0\0\0\0\0\0\0\0\0\0\0\0\0\0\0\0\0\0\0\0\0\0\0\0\0\0\0\0\0"..., 65536, 0) = 10240
pread64(3</tmp/nia-publication-fault-4wgmnp5s/case/store/objects/84/ff92691f909a05b224e1c56abb4864f01b4f8e3c854e4bb4c7baf1d3f6d652>, "", 55296, 10240) = 0
pread64(3</tmp/nia-publication-fault-4wgmnp5s/case/store/objects/84/ff92691f909a05b224e1c56abb4864f01b4f8e3c854e4bb4c7baf1d3f6d652>, "", 65536, 10240) = 0
pread64(3</tmp/nia-publication-fault-4wgmnp5s/case/store/objects/84/ff92691f909a05b224e1c56abb4864f01b4f8e3c854e4bb4c7baf1d3f6d652>, "\0\0\0\0\0\0\0\0\0\0\0\0\0\0\0\0\0\0\0\0\0\0\0\0\0\0\0\0\0\0\0\0\0\0\0\0\0\0\0\0\0\0\0\0\0\0\0\0\0\0\0\0\0\0\0\0\0\0\0\0\0\0\0\0\0\0\0\0\0\0\0\0\0\0\0\0\0\0\0\0\0\0\0\0\0\0\0\0\0\0\0\0\0\0\0\0"..., 10240, 0) = 10240
fsync(17</tmp/nia-publication-fault-4wgmnp5s/case/store/incoming>) = 0
pread64(3</tmp/nia-publication-fault-4wgmnp5s/case/store/objects/84/ff92691f909a05b224e1c56abb4864f01b4f8e3c854e4bb4c7baf1d3f6d652>, "\0\0\0\0\0\0\0\0\0\0\0\0\0\0\0\0\0\0\0\0\0\0\0\0\0\0\0\0\0\0\0\0\0\0\0\0\0\0\0\0\0\0\0\0\0\0\0\0\0\0\0\0\0\0\0\0\0\0\0\0\0\0\0\0\0\0\0\0\0\0\0\0\0\0\0\0\0\0\0\0\0\0\0\0\0\0\0\0\0\0\0\0\0\0\0\0"..., 10240, 0) = 10240
write(16</tmp/nia-publication-fault-4wgmnp5s/case/store/incoming/21adff831017169491def727b06aefdc>, "\0\0\0\0\0\0\0\0\0\0\0\0\0\0\0\0\0\0\0\0\0\0\0\0\0\0\0\0\0\0\0\0\0\0\0\0\0\0\0\0\0\0\0\0\0\0\0\0\0\0\0\0\0\0\0\0\0\0\0\0\0\0\0\0\0\0\0\0\0\0\0\0\0\0\0\0\0\0\0\0\0\0\0\0\0\0\0\0\0\0\0\0\0\0\0\0"..., 10240) = 10240
fsync(16</tmp/nia-publication-fault-4wgmnp5s/case/store/incoming/21adff831017169491def727b06aefdc>) = 0
renameat2(17</tmp/nia-publication-fault-4wgmnp5s/case/store/incoming>, "21adff831017169491def727b06aefdc", 16</tmp/nia-publication-fault-4wgmnp5s/case/store/objects/84>, "ff92691f909a05b224e1c56abb4864f01b4f8e3c854e4bb4c7baf1d3f6d652", RENAME_NOREPLACE) = -1 EEXIST (File exists)
pread64(16</tmp/nia-publication-fault-4wgmnp5s/case/store/objects/84/ff92691f909a05b224e1c56abb4864f01b4f8e3c854e4bb4c7baf1d3f6d652>, "\0\0\0\0\0\0\0\0\0\0\0\0\0\0\0\0\0\0\0\0\0\0\0\0\0\0\0\0\0\0\0\0\0\0\0\0\0\0\0\0\0\0\0\0\0\0\0\0\0\0\0\0\0\0\0\0\0\0\0\0\0\0\0\0\0\0\0\0\0\0\0\0\0\0\0\0\0\0\0\0\0\0\0\0\0\0\0\0\0\0\0\0\0\0\0\0"..., 65536, 0) = 10240
pread64(16</tmp/nia-publication-fault-4wgmnp5s/case/store/objects/84/ff92691f909a05b224e1c56abb4864f01b4f8e3c854e4bb4c7baf1d3f6d652>, "", 55296, 10240) = 0
pread64(16</tmp/nia-publication-fault-4wgmnp5s/case/store/objects/84/ff92691f909a05b224e1c56abb4864f01b4f8e3c854e4bb4c7baf1d3f6d652>, "", 65536, 10240) = 0
fsync(17</tmp/nia-publication-fault-4wgmnp5s/case/store/incoming>) = 0
pread64(3</tmp/nia-publication-fault-4wgmnp5s/case/store/objects/84/ff92691f909a05b224e1c56abb4864f01b4f8e3c854e4bb4c7baf1d3f6d652>, "\0\0\0\0\0\0\0\0\0\0\0\0\0\0\0\0\0\0\0\0\0\0\0\0\0\0\0\0\0\0\0\0\0\0\0\0\0\0\0\0\0\0\0\0\0\0\0\0\0\0\0\0\0\0\0\0\0\0\0\0\0\0\0\0\0\0\0\0\0\0\0\0\0\0\0\0\0\0\0\0\0\0\0\0\0\0\0\0\0\0\0\0\0\0\0\0"..., 65536, 0) = 10240
pread64(3</tmp/nia-publication-fault-4wgmnp5s/case/store/objects/84/ff92691f909a05b224e1c56abb4864f01b4f8e3c854e4bb4c7baf1d3f6d652>, "", 55296, 10240) = 0
pread64(3</tmp/nia-publication-fault-4wgmnp5s/case/store/objects/84/ff92691f909a05b224e1c56abb4864f01b4f8e3c854e4bb4c7baf1d3f6d652>, "", 65536, 10240) = 0
pread64(3</tmp/nia-publication-fault-4wgmnp5s/case/store/objects/84/ff92691f909a05b224e1c56abb4864f01b4f8e3c854e4bb4c7baf1d3f6d652>, "\0\0\0\0\0\0\0\0\0\0\0\0\0\0\0\0\0\0\0\0\0\0\0\0\0\0\0\0\0\0\0\0\0\0\0\0\0\0\0\0\0\0\0\0\0\0\0\0\0\0\0\0\0\0\0\0\0\0\0\0\0\0\0\0\0\0\0\0\0\0\0\0\0\0\0\0\0\0\0\0\0\0\0\0\0\0\0\0\0\0\0\0\0\0\0\0"..., 512, 0) = 512
pread64(3</tmp/nia-publication-fault-4wgmnp5s/case/store/objects/84/ff92691f909a05b224e1c56abb4864f01b4f8e3c854e4bb4c7baf1d3f6d652>, "\0\0\0\0\0\0\0\0\0\0\0\0\0\0\0\0\0\0\0\0\0\0\0\0\0\0\0\0\0\0\0\0\0\0\0\0\0\0\0\0\0\0\0\0\0\0\0\0\0\0\0\0\0\0\0\0\0\0\0\0\0\0\0\0\0\0\0\0\0\0\0\0\0\0\0\0\0\0\0\0\0\0\0\0\0\0\0\0\0\0\0\0\0\0\0\0"..., 9728, 512) = 9728
pread64(3</tmp/nia-publication-fault-4wgmnp5s/case/store/objects/0c/a179e6befeb761f3613f1ef57ca892ebc3a6a228dca32f1309f0ac06a7de7e>, "!<arch>\ndebian-binary/  0           0     0     100644  4         `\n2.0\ncontrol.tar/    0       "..., 65536, 0) = 20672
pread64(3</tmp/nia-publication-fault-4wgmnp5s/case/store/objects/0c/a179e6befeb761f3613f1ef57ca892ebc3a6a228dca32f1309f0ac06a7de7e>, "", 44864, 20672) = 0
pread64(3</tmp/nia-publication-fault-4wgmnp5s/case/store/objects/0c/a179e6befeb761f3613f1ef57ca892ebc3a6a228dca32f1309f0ac06a7de7e>, "", 65536, 20672) = 0
pread64(3</tmp/nia-publication-fault-4wgmnp5s/case/store/objects/0c/a179e6befeb761f3613f1ef57ca892ebc3a6a228dca32f1309f0ac06a7de7e>, "!<arch>\n", 8, 0) = 8
pread64(3</tmp/nia-publication-fault-4wgmnp5s/case/store/objects/0c/a179e6befeb761f3613f1ef57ca892ebc3a6a228dca32f1309f0ac06a7de7e>, "debian-binary/  0           0     0     100644  4         `\n", 60, 8) = 60
pread64(3</tmp/nia-publication-fault-4wgmnp5s/case/store/objects/0c/a179e6befeb761f3613f1ef57ca892ebc3a6a228dca32f1309f0ac06a7de7e>, "2.0\n", 4, 68) = 4
pread64(3</tmp/nia-publication-fault-4wgmnp5s/case/store/objects/0c/a179e6befeb761f3613f1ef57ca892ebc3a6a228dca32f1309f0ac06a7de7e>, "2.0\n", 4, 68) = 4
pread64(3</tmp/nia-publication-fault-4wgmnp5s/case/store/objects/0c/a179e6befeb761f3613f1ef57ca892ebc3a6a228dca32f1309f0ac06a7de7e>, "control.tar/    0           0     0     100644  10240     `\n", 60, 72) = 60
pread64(3</tmp/nia-publication-fault-4wgmnp5s/case/store/objects/0c/a179e6befeb761f3613f1ef57ca892ebc3a6a228dca32f1309f0ac06a7de7e>, "./control\0\0\0\0\0\0\0\0\0\0\0\0\0\0\0\0\0\0\0\0\0\0\0\0\0\0\0\0\0\0\0\0\0\0\0\0\0\0\0\0\0\0\0\0\0\0\0\0\0\0\0\0\0\0\0\0\0\0\0\0\0\0\0\0\0\0\0\0\0\0\0\0\0\0\0\0\0\0\0\0\0\0\0\0\0\0\0"..., 10240, 132) = 10240
pread64(3</tmp/nia-publication-fault-4wgmnp5s/case/store/objects/0c/a179e6befeb761f3613f1ef57ca892ebc3a6a228dca32f1309f0ac06a7de7e>, "data.tar/       0           0     0     100644  10240     `\n", 60, 10372) = 60
pread64(3</tmp/nia-publication-fault-4wgmnp5s/case/store/objects/0c/a179e6befeb761f3613f1ef57ca892ebc3a6a228dca32f1309f0ac06a7de7e>, "\0\0\0\0\0\0\0\0\0\0\0\0\0\0\0\0\0\0\0\0\0\0\0\0\0\0\0\0\0\0\0\0\0\0\0\0\0\0\0\0\0\0\0\0\0\0\0\0\0\0\0\0\0\0\0\0\0\0\0\0\0\0\0\0\0\0\0\0\0\0\0\0\0\0\0\0\0\0\0\0\0\0\0\0\0\0\0\0\0\0\0\0\0\0\0\0"..., 10240, 10432) = 10240
pread64(3</tmp/nia-publication-fault-4wgmnp5s/case/store/objects/0c/a179e6befeb761f3613f1ef57ca892ebc3a6a228dca32f1309f0ac06a7de7e>, "!<arch>\ndebian-binary/  0           0     0     100644  4         `\n2.0\ncontrol.tar/    0       "..., 65536, 0) = 20672
pread64(3</tmp/nia-publication-fault-4wgmnp5s/case/store/objects/0c/a179e6befeb761f3613f1ef57ca892ebc3a6a228dca32f1309f0ac06a7de7e>, "", 44864, 20672) = 0
pread64(3</tmp/nia-publication-fault-4wgmnp5s/case/store/objects/0c/a179e6befeb761f3613f1ef57ca892ebc3a6a228dca32f1309f0ac06a7de7e>, "", 65536, 20672) = 0
pread64(3</tmp/nia-publication-fault-4wgmnp5s/case/store/objects/0c/a179e6befeb761f3613f1ef57ca892ebc3a6a228dca32f1309f0ac06a7de7e>, "!<arch>\n", 8, 0) = 8
pread64(3</tmp/nia-publication-fault-4wgmnp5s/case/store/objects/0c/a179e6befeb761f3613f1ef57ca892ebc3a6a228dca32f1309f0ac06a7de7e>, "debian-binary/  0           0     0     100644  4         `\n", 60, 8) = 60
pread64(3</tmp/nia-publication-fault-4wgmnp5s/case/store/objects/0c/a179e6befeb761f3613f1ef57ca892ebc3a6a228dca32f1309f0ac06a7de7e>, "2.0\n", 4, 68) = 4
pread64(3</tmp/nia-publication-fault-4wgmnp5s/case/store/objects/0c/a179e6befeb761f3613f1ef57ca892ebc3a6a228dca32f1309f0ac06a7de7e>, "2.0\n", 4, 68) = 4
pread64(3</tmp/nia-publication-fault-4wgmnp5s/case/store/objects/0c/a179e6befeb761f3613f1ef57ca892ebc3a6a228dca32f1309f0ac06a7de7e>, "control.tar/    0           0     0     100644  10240     `\n", 60, 72) = 60
pread64(3</tmp/nia-publication-fault-4wgmnp5s/case/store/objects/0c/a179e6befeb761f3613f1ef57ca892ebc3a6a228dca32f1309f0ac06a7de7e>, "./control\0\0\0\0\0\0\0\0\0\0\0\0\0\0\0\0\0\0\0\0\0\0\0\0\0\0\0\0\0\0\0\0\0\0\0\0\0\0\0\0\0\0\0\0\0\0\0\0\0\0\0\0\0\0\0\0\0\0\0\0\0\0\0\0\0\0\0\0\0\0\0\0\0\0\0\0\0\0\0\0\0\0\0\0\0\0\0"..., 10240, 132) = 10240
pread64(3</tmp/nia-publication-fault-4wgmnp5s/case/store/objects/0c/a179e6befeb761f3613f1ef57ca892ebc3a6a228dca32f1309f0ac06a7de7e>, "data.tar/       0           0     0     100644  10240     `\n", 60, 10372) = 60
pread64(3</tmp/nia-publication-fault-4wgmnp5s/case/store/objects/0c/a179e6befeb761f3613f1ef57ca892ebc3a6a228dca32f1309f0ac06a7de7e>, "\0\0\0\0\0\0\0\0\0\0\0\0\0\0\0\0\0\0\0\0\0\0\0\0\0\0\0\0\0\0\0\0\0\0\0\0\0\0\0\0\0\0\0\0\0\0\0\0\0\0\0\0\0\0\0\0\0\0\0\0\0\0\0\0\0\0\0\0\0\0\0\0\0\0\0\0\0\0\0\0\0\0\0\0\0\0\0\0\0\0\0\0\0\0\0\0"..., 10240, 10432) = 10240
fsync(17</tmp/nia-publication-fault-4wgmnp5s/case/store/incoming>) = 0
pread64(3</tmp/nia-publication-fault-4wgmnp5s/case/store/objects/0c/a179e6befeb761f3613f1ef57ca892ebc3a6a228dca32f1309f0ac06a7de7e>, "./control\0\0\0\0\0\0\0\0\0\0\0\0\0\0\0\0\0\0\0\0\0\0\0\0\0\0\0\0\0\0\0\0\0\0\0\0\0\0\0\0\0\0\0\0\0\0\0\0\0\0\0\0\0\0\0\0\0\0\0\0\0\0\0\0\0\0\0\0\0\0\0\0\0\0\0\0\0\0\0\0\0\0\0\0\0\0\0"..., 10240, 132) = 10240
write(16</tmp/nia-publication-fault-4wgmnp5s/case/store/incoming/503785094b00e2eadb3ff5d45b428214>, "./control\0\0\0\0\0\0\0\0\0\0\0\0\0\0\0\0\0\0\0\0\0\0\0\0\0\0\0\0\0\0\0\0\0\0\0\0\0\0\0\0\0\0\0\0\0\0\0\0\0\0\0\0\0\0\0\0\0\0\0\0\0\0\0\0\0\0\0\0\0\0\0\0\0\0\0\0\0\0\0\0\0\0\0\0\0\0\0"..., 10240) = 10240
fsync(16</tmp/nia-publication-fault-4wgmnp5s/case/store/incoming/503785094b00e2eadb3ff5d45b428214>) = 0
renameat2(17</tmp/nia-publication-fault-4wgmnp5s/case/store/incoming>, "503785094b00e2eadb3ff5d45b428214", 16</tmp/nia-publication-fault-4wgmnp5s/case/store/objects/4a>, "36f6eb7c1b236ab6cb28ddb882919e888bf393dfc00d93008ad6730697f8f7", RENAME_NOREPLACE) = -1 EEXIST (File exists)
pread64(16</tmp/nia-publication-fault-4wgmnp5s/case/store/objects/4a/36f6eb7c1b236ab6cb28ddb882919e888bf393dfc00d93008ad6730697f8f7>, "./control\0\0\0\0\0\0\0\0\0\0\0\0\0\0\0\0\0\0\0\0\0\0\0\0\0\0\0\0\0\0\0\0\0\0\0\0\0\0\0\0\0\0\0\0\0\0\0\0\0\0\0\0\0\0\0\0\0\0\0\0\0\0\0\0\0\0\0\0\0\0\0\0\0\0\0\0\0\0\0\0\0\0\0\0\0\0\0"..., 65536, 0) = 10240
pread64(16</tmp/nia-publication-fault-4wgmnp5s/case/store/objects/4a/36f6eb7c1b236ab6cb28ddb882919e888bf393dfc00d93008ad6730697f8f7>, "", 55296, 10240) = 0
pread64(16</tmp/nia-publication-fault-4wgmnp5s/case/store/objects/4a/36f6eb7c1b236ab6cb28ddb882919e888bf393dfc00d93008ad6730697f8f7>, "", 65536, 10240) = 0
fsync(17</tmp/nia-publication-fault-4wgmnp5s/case/store/incoming>) = 0
pread64(3</tmp/nia-publication-fault-4wgmnp5s/case/store/objects/4a/36f6eb7c1b236ab6cb28ddb882919e888bf393dfc00d93008ad6730697f8f7>, "./control\0\0\0\0\0\0\0\0\0\0\0\0\0\0\0\0\0\0\0\0\0\0\0\0\0\0\0\0\0\0\0\0\0\0\0\0\0\0\0\0\0\0\0\0\0\0\0\0\0\0\0\0\0\0\0\0\0\0\0\0\0\0\0\0\0\0\0\0\0\0\0\0\0\0\0\0\0\0\0\0\0\0\0\0\0\0\0"..., 65536, 0) = 10240
pread64(3</tmp/nia-publication-fault-4wgmnp5s/case/store/objects/4a/36f6eb7c1b236ab6cb28ddb882919e888bf393dfc00d93008ad6730697f8f7>, "", 55296, 10240) = 0
pread64(3</tmp/nia-publication-fault-4wgmnp5s/case/store/objects/4a/36f6eb7c1b236ab6cb28ddb882919e888bf393dfc00d93008ad6730697f8f7>, "", 65536, 10240) = 0
pread64(3</tmp/nia-publication-fault-4wgmnp5s/case/store/objects/4a/36f6eb7c1b236ab6cb28ddb882919e888bf393dfc00d93008ad6730697f8f7>, "./control\0\0\0\0\0\0\0\0\0\0\0\0\0\0\0\0\0\0\0\0\0\0\0\0\0\0\0\0\0\0\0\0\0\0\0\0\0\0\0\0\0\0\0\0\0\0\0\0\0\0\0\0\0\0\0\0\0\0\0\0\0\0\0\0\0\0\0\0\0\0\0\0\0\0\0\0\0\0\0\0\0\0\0\0\0\0\0"..., 10240, 0) = 10240
fsync(17</tmp/nia-publication-fault-4wgmnp5s/case/store/incoming>) = 0
write(16</tmp/nia-publication-fault-4wgmnp5s/case/store/incoming/e03e77a70c0899f07a0528b960832ad2>, "Package: empty-package\nVersion: 1\nArchitecture: all\nMaintainer: Fixture <fixture@example.invalid"..., 149) = 149
fsync(16</tmp/nia-publication-fault-4wgmnp5s/case/store/incoming/e03e77a70c0899f07a0528b960832ad2>) = 0
renameat2(17</tmp/nia-publication-fault-4wgmnp5s/case/store/incoming>, "e03e77a70c0899f07a0528b960832ad2", 16</tmp/nia-publication-fault-4wgmnp5s/case/store/objects/a3>, "1a856f430af395bccd7eb2f142b11ad3ae0fc5daf3acc4ffb341c48a5abd39", RENAME_NOREPLACE) = -1 EEXIST (File exists)
pread64(16</tmp/nia-publication-fault-4wgmnp5s/case/store/objects/a3/1a856f430af395bccd7eb2f142b11ad3ae0fc5daf3acc4ffb341c48a5abd39>, "Package: empty-package\nVersion: 1\nArchitecture: all\nMaintainer: Fixture <fixture@example.invalid"..., 65536, 0) = 149
pread64(16</tmp/nia-publication-fault-4wgmnp5s/case/store/objects/a3/1a856f430af395bccd7eb2f142b11ad3ae0fc5daf3acc4ffb341c48a5abd39>, "", 65387, 149) = 0
pread64(16</tmp/nia-publication-fault-4wgmnp5s/case/store/objects/a3/1a856f430af395bccd7eb2f142b11ad3ae0fc5daf3acc4ffb341c48a5abd39>, "", 65536, 149) = 0
fsync(17</tmp/nia-publication-fault-4wgmnp5s/case/store/incoming>) = 0
pread64(3</tmp/nia-publication-fault-4wgmnp5s/case/store/objects/a3/1a856f430af395bccd7eb2f142b11ad3ae0fc5daf3acc4ffb341c48a5abd39>, "Package: empty-package\nVersion: 1\nArchitecture: all\nMaintainer: Fixture <fixture@example.invalid"..., 65536, 0) = 149
pread64(3</tmp/nia-publication-fault-4wgmnp5s/case/store/objects/a3/1a856f430af395bccd7eb2f142b11ad3ae0fc5daf3acc4ffb341c48a5abd39>, "", 65387, 149) = 0
pread64(3</tmp/nia-publication-fault-4wgmnp5s/case/store/objects/a3/1a856f430af395bccd7eb2f142b11ad3ae0fc5daf3acc4ffb341c48a5abd39>, "", 65536, 149) = 0
pread64(3</tmp/nia-publication-fault-4wgmnp5s/case/store/objects/a3/1a856f430af395bccd7eb2f142b11ad3ae0fc5daf3acc4ffb341c48a5abd39>, "Package: empty-package\nVersion: 1\nArchitecture: all\nMaintainer: Fixture <fixture@example.invalid"..., 16777216, 0) = 149
pread64(3</tmp/nia-publication-fault-4wgmnp5s/case/store/objects/a3/1a856f430af395bccd7eb2f142b11ad3ae0fc5daf3acc4ffb341c48a5abd39>, "", 16777067, 149) = 0
pread64(3</tmp/nia-publication-fault-4wgmnp5s/case/store/objects/a3/1a856f430af395bccd7eb2f142b11ad3ae0fc5daf3acc4ffb341c48a5abd39>, "Package: empty-package\nVersion: 1\nArchitecture: all\nMaintainer: Fixture <fixture@example.invalid"..., 65536, 0) = 149
pread64(3</tmp/nia-publication-fault-4wgmnp5s/case/store/objects/a3/1a856f430af395bccd7eb2f142b11ad3ae0fc5daf3acc4ffb341c48a5abd39>, "", 65387, 149) = 0
pread64(3</tmp/nia-publication-fault-4wgmnp5s/case/store/objects/a3/1a856f430af395bccd7eb2f142b11ad3ae0fc5daf3acc4ffb341c48a5abd39>, "", 65536, 149) = 0
pread64(3</tmp/nia-publication-fault-4wgmnp5s/case/store/objects/a3/1a856f430af395bccd7eb2f142b11ad3ae0fc5daf3acc4ffb341c48a5abd39>, "Package: empty-package\nVersion: 1\nArchitecture: all\nMaintainer: Fixture <fixture@example.invalid"..., 16777216, 0) = 149
pread64(3</tmp/nia-publication-fault-4wgmnp5s/case/store/objects/a3/1a856f430af395bccd7eb2f142b11ad3ae0fc5daf3acc4ffb341c48a5abd39>, "", 16777067, 149) = 0
pread64(3</tmp/nia-publication-fault-4wgmnp5s/case/store/objects/0c/a179e6befeb761f3613f1ef57ca892ebc3a6a228dca32f1309f0ac06a7de7e>, "!<arch>\ndebian-binary/  0           0     0     100644  4         `\n2.0\ncontrol.tar/    0       "..., 65536, 0) = 20672
pread64(3</tmp/nia-publication-fault-4wgmnp5s/case/store/objects/0c/a179e6befeb761f3613f1ef57ca892ebc3a6a228dca32f1309f0ac06a7de7e>, "", 44864, 20672) = 0
pread64(3</tmp/nia-publication-fault-4wgmnp5s/case/store/objects/0c/a179e6befeb761f3613f1ef57ca892ebc3a6a228dca32f1309f0ac06a7de7e>, "", 65536, 20672) = 0
pread64(3</tmp/nia-publication-fault-4wgmnp5s/case/store/objects/0c/a179e6befeb761f3613f1ef57ca892ebc3a6a228dca32f1309f0ac06a7de7e>, "!<arch>\n", 8, 0) = 8
pread64(3</tmp/nia-publication-fault-4wgmnp5s/case/store/objects/0c/a179e6befeb761f3613f1ef57ca892ebc3a6a228dca32f1309f0ac06a7de7e>, "debian-binary/  0           0     0     100644  4         `\n", 60, 8) = 60
pread64(3</tmp/nia-publication-fault-4wgmnp5s/case/store/objects/0c/a179e6befeb761f3613f1ef57ca892ebc3a6a228dca32f1309f0ac06a7de7e>, "2.0\n", 4, 68) = 4
pread64(3</tmp/nia-publication-fault-4wgmnp5s/case/store/objects/0c/a179e6befeb761f3613f1ef57ca892ebc3a6a228dca32f1309f0ac06a7de7e>, "2.0\n", 4, 68) = 4
pread64(3</tmp/nia-publication-fault-4wgmnp5s/case/store/objects/0c/a179e6befeb761f3613f1ef57ca892ebc3a6a228dca32f1309f0ac06a7de7e>, "control.tar/    0           0     0     100644  10240     `\n", 60, 72) = 60
pread64(3</tmp/nia-publication-fault-4wgmnp5s/case/store/objects/0c/a179e6befeb761f3613f1ef57ca892ebc3a6a228dca32f1309f0ac06a7de7e>, "./control\0\0\0\0\0\0\0\0\0\0\0\0\0\0\0\0\0\0\0\0\0\0\0\0\0\0\0\0\0\0\0\0\0\0\0\0\0\0\0\0\0\0\0\0\0\0\0\0\0\0\0\0\0\0\0\0\0\0\0\0\0\0\0\0\0\0\0\0\0\0\0\0\0\0\0\0\0\0\0\0\0\0\0\0\0\0\0"..., 10240, 132) = 10240
pread64(3</tmp/nia-publication-fault-4wgmnp5s/case/store/objects/0c/a179e6befeb761f3613f1ef57ca892ebc3a6a228dca32f1309f0ac06a7de7e>, "data.tar/       0           0     0     100644  10240     `\n", 60, 10372) = 60
pread64(3</tmp/nia-publication-fault-4wgmnp5s/case/store/objects/0c/a179e6befeb761f3613f1ef57ca892ebc3a6a228dca32f1309f0ac06a7de7e>, "\0\0\0\0\0\0\0\0\0\0\0\0\0\0\0\0\0\0\0\0\0\0\0\0\0\0\0\0\0\0\0\0\0\0\0\0\0\0\0\0\0\0\0\0\0\0\0\0\0\0\0\0\0\0\0\0\0\0\0\0\0\0\0\0\0\0\0\0\0\0\0\0\0\0\0\0\0\0\0\0\0\0\0\0\0\0\0\0\0\0\0\0\0\0\0\0"..., 10240, 10432) = 10240
pread64(3</tmp/nia-publication-fault-4wgmnp5s/case/store/objects/0c/a179e6befeb761f3613f1ef57ca892ebc3a6a228dca32f1309f0ac06a7de7e>, "!<arch>\ndebian-binary/  0           0     0     100644  4         `\n2.0\ncontrol.tar/    0       "..., 65536, 0) = 20672
pread64(3</tmp/nia-publication-fault-4wgmnp5s/case/store/objects/0c/a179e6befeb761f3613f1ef57ca892ebc3a6a228dca32f1309f0ac06a7de7e>, "", 44864, 20672) = 0
pread64(3</tmp/nia-publication-fault-4wgmnp5s/case/store/objects/0c/a179e6befeb761f3613f1ef57ca892ebc3a6a228dca32f1309f0ac06a7de7e>, "", 65536, 20672) = 0
pread64(3</tmp/nia-publication-fault-4wgmnp5s/case/store/objects/0c/a179e6befeb761f3613f1ef57ca892ebc3a6a228dca32f1309f0ac06a7de7e>, "!<arch>\n", 8, 0) = 8
pread64(3</tmp/nia-publication-fault-4wgmnp5s/case/store/objects/0c/a179e6befeb761f3613f1ef57ca892ebc3a6a228dca32f1309f0ac06a7de7e>, "debian-binary/  0           0     0     100644  4         `\n", 60, 8) = 60
pread64(3</tmp/nia-publication-fault-4wgmnp5s/case/store/objects/0c/a179e6befeb761f3613f1ef57ca892ebc3a6a228dca32f1309f0ac06a7de7e>, "2.0\n", 4, 68) = 4
pread64(3</tmp/nia-publication-fault-4wgmnp5s/case/store/objects/0c/a179e6befeb761f3613f1ef57ca892ebc3a6a228dca32f1309f0ac06a7de7e>, "2.0\n", 4, 68) = 4
pread64(3</tmp/nia-publication-fault-4wgmnp5s/case/store/objects/0c/a179e6befeb761f3613f1ef57ca892ebc3a6a228dca32f1309f0ac06a7de7e>, "control.tar/    0           0     0     100644  10240     `\n", 60, 72) = 60
pread64(3</tmp/nia-publication-fault-4wgmnp5s/case/store/objects/0c/a179e6befeb761f3613f1ef57ca892ebc3a6a228dca32f1309f0ac06a7de7e>, "./control\0\0\0\0\0\0\0\0\0\0\0\0\0\0\0\0\0\0\0\0\0\0\0\0\0\0\0\0\0\0\0\0\0\0\0\0\0\0\0\0\0\0\0\0\0\0\0\0\0\0\0\0\0\0\0\0\0\0\0\0\0\0\0\0\0\0\0\0\0\0\0\0\0\0\0\0\0\0\0\0\0\0\0\0\0\0\0"..., 10240, 132) = 10240
pread64(3</tmp/nia-publication-fault-4wgmnp5s/case/store/objects/0c/a179e6befeb761f3613f1ef57ca892ebc3a6a228dca32f1309f0ac06a7de7e>, "data.tar/       0           0     0     100644  10240     `\n", 60, 10372) = 60
pread64(3</tmp/nia-publication-fault-4wgmnp5s/case/store/objects/0c/a179e6befeb761f3613f1ef57ca892ebc3a6a228dca32f1309f0ac06a7de7e>, "\0\0\0\0\0\0\0\0\0\0\0\0\0\0\0\0\0\0\0\0\0\0\0\0\0\0\0\0\0\0\0\0\0\0\0\0\0\0\0\0\0\0\0\0\0\0\0\0\0\0\0\0\0\0\0\0\0\0\0\0\0\0\0\0\0\0\0\0\0\0\0\0\0\0\0\0\0\0\0\0\0\0\0\0\0\0\0\0\0\0\0\0\0\0\0\0"..., 10240, 10432) = 10240
fsync(17</tmp/nia-publication-fault-4wgmnp5s/case/store/incoming>) = 0
pread64(3</tmp/nia-publication-fault-4wgmnp5s/case/store/objects/0c/a179e6befeb761f3613f1ef57ca892ebc3a6a228dca32f1309f0ac06a7de7e>, "./control\0\0\0\0\0\0\0\0\0\0\0\0\0\0\0\0\0\0\0\0\0\0\0\0\0\0\0\0\0\0\0\0\0\0\0\0\0\0\0\0\0\0\0\0\0\0\0\0\0\0\0\0\0\0\0\0\0\0\0\0\0\0\0\0\0\0\0\0\0\0\0\0\0\0\0\0\0\0\0\0\0\0\0\0\0\0\0"..., 10240, 132) = 10240
write(16</tmp/nia-publication-fault-4wgmnp5s/case/store/incoming/74e27b09212dbf33b997ebf355106191>, "./control\0\0\0\0\0\0\0\0\0\0\0\0\0\0\0\0\0\0\0\0\0\0\0\0\0\0\0\0\0\0\0\0\0\0\0\0\0\0\0\0\0\0\0\0\0\0\0\0\0\0\0\0\0\0\0\0\0\0\0\0\0\0\0\0\0\0\0\0\0\0\0\0\0\0\0\0\0\0\0\0\0\0\0\0\0\0\0"..., 10240) = 10240
fsync(16</tmp/nia-publication-fault-4wgmnp5s/case/store/incoming/74e27b09212dbf33b997ebf355106191>) = 0
renameat2(17</tmp/nia-publication-fault-4wgmnp5s/case/store/incoming>, "74e27b09212dbf33b997ebf355106191", 16</tmp/nia-publication-fault-4wgmnp5s/case/store/objects/4a>, "36f6eb7c1b236ab6cb28ddb882919e888bf393dfc00d93008ad6730697f8f7", RENAME_NOREPLACE) = -1 EEXIST (File exists)
pread64(16</tmp/nia-publication-fault-4wgmnp5s/case/store/objects/4a/36f6eb7c1b236ab6cb28ddb882919e888bf393dfc00d93008ad6730697f8f7>, "./control\0\0\0\0\0\0\0\0\0\0\0\0\0\0\0\0\0\0\0\0\0\0\0\0\0\0\0\0\0\0\0\0\0\0\0\0\0\0\0\0\0\0\0\0\0\0\0\0\0\0\0\0\0\0\0\0\0\0\0\0\0\0\0\0\0\0\0\0\0\0\0\0\0\0\0\0\0\0\0\0\0\0\0\0\0\0\0"..., 65536, 0) = 10240
pread64(16</tmp/nia-publication-fault-4wgmnp5s/case/store/objects/4a/36f6eb7c1b236ab6cb28ddb882919e888bf393dfc00d93008ad6730697f8f7>, "", 55296, 10240) = 0
pread64(16</tmp/nia-publication-fault-4wgmnp5s/case/store/objects/4a/36f6eb7c1b236ab6cb28ddb882919e888bf393dfc00d93008ad6730697f8f7>, "", 65536, 10240) = 0
fsync(17</tmp/nia-publication-fault-4wgmnp5s/case/store/incoming>) = 0
pread64(3</tmp/nia-publication-fault-4wgmnp5s/case/store/objects/4a/36f6eb7c1b236ab6cb28ddb882919e888bf393dfc00d93008ad6730697f8f7>, "./control\0\0\0\0\0\0\0\0\0\0\0\0\0\0\0\0\0\0\0\0\0\0\0\0\0\0\0\0\0\0\0\0\0\0\0\0\0\0\0\0\0\0\0\0\0\0\0\0\0\0\0\0\0\0\0\0\0\0\0\0\0\0\0\0\0\0\0\0\0\0\0\0\0\0\0\0\0\0\0\0\0\0\0\0\0\0\0"..., 65536, 0) = 10240
pread64(3</tmp/nia-publication-fault-4wgmnp5s/case/store/objects/4a/36f6eb7c1b236ab6cb28ddb882919e888bf393dfc00d93008ad6730697f8f7>, "", 55296, 10240) = 0
pread64(3</tmp/nia-publication-fault-4wgmnp5s/case/store/objects/4a/36f6eb7c1b236ab6cb28ddb882919e888bf393dfc00d93008ad6730697f8f7>, "", 65536, 10240) = 0
pread64(3</tmp/nia-publication-fault-4wgmnp5s/case/store/objects/4a/36f6eb7c1b236ab6cb28ddb882919e888bf393dfc00d93008ad6730697f8f7>, "./control\0\0\0\0\0\0\0\0\0\0\0\0\0\0\0\0\0\0\0\0\0\0\0\0\0\0\0\0\0\0\0\0\0\0\0\0\0\0\0\0\0\0\0\0\0\0\0\0\0\0\0\0\0\0\0\0\0\0\0\0\0\0\0\0\0\0\0\0\0\0\0\0\0\0\0\0\0\0\0\0\0\0\0\0\0\0\0"..., 10240, 0) = 10240
fsync(17</tmp/nia-publication-fault-4wgmnp5s/case/store/incoming>) = 0
write(16</tmp/nia-publication-fault-4wgmnp5s/case/store/incoming/00ba135221e060c0a45204710b61e42b>, "Package: empty-package\nVersion: 1\nArchitecture: all\nMaintainer: Fixture <fixture@example.invalid"..., 149) = 149
fsync(16</tmp/nia-publication-fault-4wgmnp5s/case/store/incoming/00ba135221e060c0a45204710b61e42b>) = 0
renameat2(17</tmp/nia-publication-fault-4wgmnp5s/case/store/incoming>, "00ba135221e060c0a45204710b61e42b", 16</tmp/nia-publication-fault-4wgmnp5s/case/store/objects/a3>, "1a856f430af395bccd7eb2f142b11ad3ae0fc5daf3acc4ffb341c48a5abd39", RENAME_NOREPLACE) = -1 EEXIST (File exists)
pread64(16</tmp/nia-publication-fault-4wgmnp5s/case/store/objects/a3/1a856f430af395bccd7eb2f142b11ad3ae0fc5daf3acc4ffb341c48a5abd39>, "Package: empty-package\nVersion: 1\nArchitecture: all\nMaintainer: Fixture <fixture@example.invalid"..., 65536, 0) = 149
pread64(16</tmp/nia-publication-fault-4wgmnp5s/case/store/objects/a3/1a856f430af395bccd7eb2f142b11ad3ae0fc5daf3acc4ffb341c48a5abd39>, "", 65387, 149) = 0
pread64(16</tmp/nia-publication-fault-4wgmnp5s/case/store/objects/a3/1a856f430af395bccd7eb2f142b11ad3ae0fc5daf3acc4ffb341c48a5abd39>, "", 65536, 149) = 0
fsync(17</tmp/nia-publication-fault-4wgmnp5s/case/store/incoming>) = 0
pread64(3</tmp/nia-publication-fault-4wgmnp5s/case/store/objects/0c/a179e6befeb761f3613f1ef57ca892ebc3a6a228dca32f1309f0ac06a7de7e>, "!<arch>\ndebian-binary/  0           0     0     100644  4         `\n2.0\ncontrol.tar/    0       "..., 65536, 0) = 20672
pread64(3</tmp/nia-publication-fault-4wgmnp5s/case/store/objects/0c/a179e6befeb761f3613f1ef57ca892ebc3a6a228dca32f1309f0ac06a7de7e>, "", 44864, 20672) = 0
pread64(3</tmp/nia-publication-fault-4wgmnp5s/case/store/objects/0c/a179e6befeb761f3613f1ef57ca892ebc3a6a228dca32f1309f0ac06a7de7e>, "", 65536, 20672) = 0
pread64(3</tmp/nia-publication-fault-4wgmnp5s/case/store/objects/4a/36f6eb7c1b236ab6cb28ddb882919e888bf393dfc00d93008ad6730697f8f7>, "./control\0\0\0\0\0\0\0\0\0\0\0\0\0\0\0\0\0\0\0\0\0\0\0\0\0\0\0\0\0\0\0\0\0\0\0\0\0\0\0\0\0\0\0\0\0\0\0\0\0\0\0\0\0\0\0\0\0\0\0\0\0\0\0\0\0\0\0\0\0\0\0\0\0\0\0\0\0\0\0\0\0\0\0\0\0\0\0"..., 65536, 0) = 10240
pread64(3</tmp/nia-publication-fault-4wgmnp5s/case/store/objects/4a/36f6eb7c1b236ab6cb28ddb882919e888bf393dfc00d93008ad6730697f8f7>, "", 55296, 10240) = 0
pread64(3</tmp/nia-publication-fault-4wgmnp5s/case/store/objects/4a/36f6eb7c1b236ab6cb28ddb882919e888bf393dfc00d93008ad6730697f8f7>, "", 65536, 10240) = 0
pread64(3</tmp/nia-publication-fault-4wgmnp5s/case/store/objects/84/ff92691f909a05b224e1c56abb4864f01b4f8e3c854e4bb4c7baf1d3f6d652>, "\0\0\0\0\0\0\0\0\0\0\0\0\0\0\0\0\0\0\0\0\0\0\0\0\0\0\0\0\0\0\0\0\0\0\0\0\0\0\0\0\0\0\0\0\0\0\0\0\0\0\0\0\0\0\0\0\0\0\0\0\0\0\0\0\0\0\0\0\0\0\0\0\0\0\0\0\0\0\0\0\0\0\0\0\0\0\0\0\0\0\0\0\0\0\0\0"..., 65536, 0) = 10240
pread64(3</tmp/nia-publication-fault-4wgmnp5s/case/store/objects/84/ff92691f909a05b224e1c56abb4864f01b4f8e3c854e4bb4c7baf1d3f6d652>, "", 55296, 10240) = 0
pread64(3</tmp/nia-publication-fault-4wgmnp5s/case/store/objects/84/ff92691f909a05b224e1c56abb4864f01b4f8e3c854e4bb4c7baf1d3f6d652>, "", 65536, 10240) = 0
pread64(3</tmp/nia-publication-fault-4wgmnp5s/case/store/objects/8e/e688345e1d9502ee8cd7277a453c30bfb77b947201beb3300e9df2b8ca321d>, "\0\0\0\0\0\0\0\10NIACSEL1\273\343\341b6\331$M\267\345\300\262\251\302\306\27f\270\251!\330\260\227\374\323p\347\177\25.\3311\0\0\0\0\0\0\0\1\f\241y\346\276\376\267a\363a?\36\365|\250\222\353\303\246\242(\334\243/\23\t\360\254\6\247\336~J6\366\353|\33#j"..., 65536, 0) = 152
pread64(3</tmp/nia-publication-fault-4wgmnp5s/case/store/objects/8e/e688345e1d9502ee8cd7277a453c30bfb77b947201beb3300e9df2b8ca321d>, "", 65384, 152) = 0
pread64(3</tmp/nia-publication-fault-4wgmnp5s/case/store/objects/8e/e688345e1d9502ee8cd7277a453c30bfb77b947201beb3300e9df2b8ca321d>, "", 65536, 152) = 0
pread64(3</tmp/nia-publication-fault-4wgmnp5s/case/store/objects/a3/1a856f430af395bccd7eb2f142b11ad3ae0fc5daf3acc4ffb341c48a5abd39>, "Package: empty-package\nVersion: 1\nArchitecture: all\nMaintainer: Fixture <fixture@example.invalid"..., 65536, 0) = 149
pread64(3</tmp/nia-publication-fault-4wgmnp5s/case/store/objects/a3/1a856f430af395bccd7eb2f142b11ad3ae0fc5daf3acc4ffb341c48a5abd39>, "", 65387, 149) = 0
pread64(3</tmp/nia-publication-fault-4wgmnp5s/case/store/objects/a3/1a856f430af395bccd7eb2f142b11ad3ae0fc5daf3acc4ffb341c48a5abd39>, "", 65536, 149) = 0
fsync(16</tmp/nia-publication-fault-4wgmnp5s/case/store/incoming>) = 0
write(3</tmp/nia-publication-fault-4wgmnp5s/case/store/incoming/b485138fcadf9d53115e3075b9d12955>, "NIACLOS1\216\346\2104^\35\225\2\356\214\327'zE<0\277\267{\224r\1\276\2630\16\235\362\270\3122\35\273\343\341b6\331$M\267\345\300\262\251\302\306\27f\270\251!\330\260\227\374\323p\347\177\25.\3311\0\0\0\0\0\0\0\5", 80) = 80
write(3</tmp/nia-publication-fault-4wgmnp5s/case/store/incoming/b485138fcadf9d53115e3075b9d12955>, "\f\241y\346\276\376\267a\363a?\36\365|\250\222\353\303\246\242(\334\243/\23\t\360\254\6\247\336~", 32) = 32
write(3</tmp/nia-publication-fault-4wgmnp5s/case/store/incoming/b485138fcadf9d53115e3075b9d12955>, "J6\366\353|\33#j\266\313(\335\270\202\221\236\210\213\363\223\337\300\r\223\0\212\326s\6\227\370\367", 32) = 32
write(3</tmp/nia-publication-fault-4wgmnp5s/case/store/incoming/b485138fcadf9d53115e3075b9d12955>, "\204\377\222i\37\220\232\5\262$\341\305j\273Hd\360\33O\216<\205NK\264\307\272\361\323\366\326R", 32) = 32
write(3</tmp/nia-publication-fault-4wgmnp5s/case/store/incoming/b485138fcadf9d53115e3075b9d12955>, "\216\346\2104^\35\225\2\356\214\327'zE<0\277\267{\224r\1\276\2630\16\235\362\270\3122\35", 32) = 32
write(3</tmp/nia-publication-fault-4wgmnp5s/case/store/incoming/b485138fcadf9d53115e3075b9d12955>, "\243\32\205oC\n\363\225\274\315~\262\361B\261\32\323\256\17\305\332\363\254\304\377\263A\304\212Z\2759", 32) = 32
fsync(3</tmp/nia-publication-fault-4wgmnp5s/case/store/incoming/b485138fcadf9d53115e3075b9d12955>) = 0
renameat2(16</tmp/nia-publication-fault-4wgmnp5s/case/store/incoming>, "b485138fcadf9d53115e3075b9d12955", 3</tmp/nia-publication-fault-4wgmnp5s/case/store/objects/32>, "094e7c613fdb6dffb1f27d926b176f7fd8946b8c2cf3ca9e3b95cb91a1a8ca", RENAME_NOREPLACE) = -1 EEXIST (File exists)
pread64(3</tmp/nia-publication-fault-4wgmnp5s/case/store/objects/32/094e7c613fdb6dffb1f27d926b176f7fd8946b8c2cf3ca9e3b95cb91a1a8ca>, "NIACLOS1\216\346\2104^\35\225\2\356\214\327'zE<0\277\267{\224r\1\276\2630\16\235\362\270\3122\35\273\343\341b6\331$M\267\345\300\262\251\302\306\27f\270\251!\330\260\227\374\323p\347\177\25.\3311\0\0\0\0\0\0\0\5\f\241y\346\276\376\267a\363a?\36\365|\250\222"..., 65536, 0) = 240
pread64(3</tmp/nia-publication-fault-4wgmnp5s/case/store/objects/32/094e7c613fdb6dffb1f27d926b176f7fd8946b8c2cf3ca9e3b95cb91a1a8ca>, "", 65296, 240) = 0
pread64(3</tmp/nia-publication-fault-4wgmnp5s/case/store/objects/32/094e7c613fdb6dffb1f27d926b176f7fd8946b8c2cf3ca9e3b95cb91a1a8ca>, "", 65536, 240) = 0
fsync(16</tmp/nia-publication-fault-4wgmnp5s/case/store/incoming>) = 0
pread64(3</tmp/nia-publication-fault-4wgmnp5s/case/store/objects/38/c0e841345eeb0948445869eb5553bb39ebf66c24fe6fa00123868f32600451>, "NIAGINT1\37\37\37\37\37\37\37\37\37\37\37\37\37\37\37\37\0\0\0\0\0\0\0\0\0\0\0\0\0\0\0\0\0\0\0\0\0\0\0\0\0\0\0\0\0\0\0\0\216\346\2104^\35\225\2\356\214\327'zE<0\277\267{\224r\1\276\2630\16\235\362\270\3122\0352\tN|a?\333m"..., 65536, 0) = 206
pread64(3</tmp/nia-publication-fault-4wgmnp5s/case/store/objects/38/c0e841345eeb0948445869eb5553bb39ebf66c24fe6fa00123868f32600451>, "", 65330, 206) = 0
pread64(3</tmp/nia-publication-fault-4wgmnp5s/case/store/objects/38/c0e841345eeb0948445869eb5553bb39ebf66c24fe6fa00123868f32600451>, "", 65536, 206) = 0
pread64(3</tmp/nia-publication-fault-4wgmnp5s/case/store/objects/38/c0e841345eeb0948445869eb5553bb39ebf66c24fe6fa00123868f32600451>, "NIAGINT1\37\37\37\37\37\37\37\37\37\37\37\37\37\37\37\37\0\0\0\0\0\0\0\0\0\0\0\0\0\0\0\0\0\0\0\0\0\0\0\0\0\0\0\0\0\0\0\0\216\346\2104^\35\225\2\356\214\327'zE<0\277\267{\224r\1\276\2630\16\235\362\270\3122\0352\tN|a?\333m"..., 1053888, 0) = 206
pread64(3</tmp/nia-publication-fault-4wgmnp5s/case/store/objects/38/c0e841345eeb0948445869eb5553bb39ebf66c24fe6fa00123868f32600451>, "", 1053682, 206) = 0
pread64(3</tmp/nia-publication-fault-4wgmnp5s/case/store/objects/32/094e7c613fdb6dffb1f27d926b176f7fd8946b8c2cf3ca9e3b95cb91a1a8ca>, "NIACLOS1\216\346\2104^\35\225\2\356\214\327'zE<0\277\267{\224r\1\276\2630\16\235\362\270\3122\35\273\343\341b6\331$M\267\345\300\262\251\302\306\27f\270\251!\330\260\227\374\323p\347\177\25.\3311\0\0\0\0\0\0\0\5\f\241y\346\276\376\267a\363a?\36\365|\250\222"..., 65536, 0) = 240
pread64(3</tmp/nia-publication-fault-4wgmnp5s/case/store/objects/32/094e7c613fdb6dffb1f27d926b176f7fd8946b8c2cf3ca9e3b95cb91a1a8ca>, "", 65296, 240) = 0
pread64(3</tmp/nia-publication-fault-4wgmnp5s/case/store/objects/32/094e7c613fdb6dffb1f27d926b176f7fd8946b8c2cf3ca9e3b95cb91a1a8ca>, "", 65536, 240) = 0
pread64(3</tmp/nia-publication-fault-4wgmnp5s/case/store/objects/32/094e7c613fdb6dffb1f27d926b176f7fd8946b8c2cf3ca9e3b95cb91a1a8ca>, "NIACLOS1\216\346\2104^\35\225\2\356\214\327'zE<0\277\267{\224r\1\276\2630\16\235\362\270\3122\35\273\343\341b6\331$M\267\345\300\262\251\302\306\27f\270\251!\330\260\227\374\323p\347\177\25.\3311\0\0\0\0\0\0\0\5", 80, 0) = 80
pread64(3</tmp/nia-publication-fault-4wgmnp5s/case/store/objects/32/094e7c613fdb6dffb1f27d926b176f7fd8946b8c2cf3ca9e3b95cb91a1a8ca>, "\f\241y\346\276\376\267a\363a?\36\365|\250\222\353\303\246\242(\334\243/\23\t\360\254\6\247\336~", 32, 80) = 32
pread64(16</tmp/nia-publication-fault-4wgmnp5s/case/store/objects/0c/a179e6befeb761f3613f1ef57ca892ebc3a6a228dca32f1309f0ac06a7de7e>, "!<arch>\ndebian-binary/  0           0     0     100644  4         `\n2.0\ncontrol.tar/    0       "..., 65536, 0) = 20672
pread64(16</tmp/nia-publication-fault-4wgmnp5s/case/store/objects/0c/a179e6befeb761f3613f1ef57ca892ebc3a6a228dca32f1309f0ac06a7de7e>, "", 44864, 20672) = 0
pread64(16</tmp/nia-publication-fault-4wgmnp5s/case/store/objects/0c/a179e6befeb761f3613f1ef57ca892ebc3a6a228dca32f1309f0ac06a7de7e>, "", 65536, 20672) = 0
pread64(3</tmp/nia-publication-fault-4wgmnp5s/case/store/objects/32/094e7c613fdb6dffb1f27d926b176f7fd8946b8c2cf3ca9e3b95cb91a1a8ca>, "J6\366\353|\33#j\266\313(\335\270\202\221\236\210\213\363\223\337\300\r\223\0\212\326s\6\227\370\367", 32, 112) = 32
pread64(16</tmp/nia-publication-fault-4wgmnp5s/case/store/objects/4a/36f6eb7c1b236ab6cb28ddb882919e888bf393dfc00d93008ad6730697f8f7>, "./control\0\0\0\0\0\0\0\0\0\0\0\0\0\0\0\0\0\0\0\0\0\0\0\0\0\0\0\0\0\0\0\0\0\0\0\0\0\0\0\0\0\0\0\0\0\0\0\0\0\0\0\0\0\0\0\0\0\0\0\0\0\0\0\0\0\0\0\0\0\0\0\0\0\0\0\0\0\0\0\0\0\0\0\0\0\0\0"..., 65536, 0) = 10240
pread64(16</tmp/nia-publication-fault-4wgmnp5s/case/store/objects/4a/36f6eb7c1b236ab6cb28ddb882919e888bf393dfc00d93008ad6730697f8f7>, "", 55296, 10240) = 0
pread64(16</tmp/nia-publication-fault-4wgmnp5s/case/store/objects/4a/36f6eb7c1b236ab6cb28ddb882919e888bf393dfc00d93008ad6730697f8f7>, "", 65536, 10240) = 0
pread64(3</tmp/nia-publication-fault-4wgmnp5s/case/store/objects/32/094e7c613fdb6dffb1f27d926b176f7fd8946b8c2cf3ca9e3b95cb91a1a8ca>, "\204\377\222i\37\220\232\5\262$\341\305j\273Hd\360\33O\216<\205NK\264\307\272\361\323\366\326R", 32, 144) = 32
pread64(16</tmp/nia-publication-fault-4wgmnp5s/case/store/objects/84/ff92691f909a05b224e1c56abb4864f01b4f8e3c854e4bb4c7baf1d3f6d652>, "\0\0\0\0\0\0\0\0\0\0\0\0\0\0\0\0\0\0\0\0\0\0\0\0\0\0\0\0\0\0\0\0\0\0\0\0\0\0\0\0\0\0\0\0\0\0\0\0\0\0\0\0\0\0\0\0\0\0\0\0\0\0\0\0\0\0\0\0\0\0\0\0\0\0\0\0\0\0\0\0\0\0\0\0\0\0\0\0\0\0\0\0\0\0\0\0"..., 65536, 0) = 10240
pread64(16</tmp/nia-publication-fault-4wgmnp5s/case/store/objects/84/ff92691f909a05b224e1c56abb4864f01b4f8e3c854e4bb4c7baf1d3f6d652>, "", 55296, 10240) = 0
pread64(16</tmp/nia-publication-fault-4wgmnp5s/case/store/objects/84/ff92691f909a05b224e1c56abb4864f01b4f8e3c854e4bb4c7baf1d3f6d652>, "", 65536, 10240) = 0
pread64(3</tmp/nia-publication-fault-4wgmnp5s/case/store/objects/32/094e7c613fdb6dffb1f27d926b176f7fd8946b8c2cf3ca9e3b95cb91a1a8ca>, "\216\346\2104^\35\225\2\356\214\327'zE<0\277\267{\224r\1\276\2630\16\235\362\270\3122\35", 32, 176) = 32
pread64(16</tmp/nia-publication-fault-4wgmnp5s/case/store/objects/8e/e688345e1d9502ee8cd7277a453c30bfb77b947201beb3300e9df2b8ca321d>, "\0\0\0\0\0\0\0\10NIACSEL1\273\343\341b6\331$M\267\345\300\262\251\302\306\27f\270\251!\330\260\227\374\323p\347\177\25.\3311\0\0\0\0\0\0\0\1\f\241y\346\276\376\267a\363a?\36\365|\250\222\353\303\246\242(\334\243/\23\t\360\254\6\247\336~J6\366\353|\33#j"..., 65536, 0) = 152
pread64(16</tmp/nia-publication-fault-4wgmnp5s/case/store/objects/8e/e688345e1d9502ee8cd7277a453c30bfb77b947201beb3300e9df2b8ca321d>, "", 65384, 152) = 0
pread64(16</tmp/nia-publication-fault-4wgmnp5s/case/store/objects/8e/e688345e1d9502ee8cd7277a453c30bfb77b947201beb3300e9df2b8ca321d>, "", 65536, 152) = 0
pread64(3</tmp/nia-publication-fault-4wgmnp5s/case/store/objects/32/094e7c613fdb6dffb1f27d926b176f7fd8946b8c2cf3ca9e3b95cb91a1a8ca>, "\243\32\205oC\n\363\225\274\315~\262\361B\261\32\323\256\17\305\332\363\254\304\377\263A\304\212Z\2759", 32, 208) = 32
pread64(16</tmp/nia-publication-fault-4wgmnp5s/case/store/objects/a3/1a856f430af395bccd7eb2f142b11ad3ae0fc5daf3acc4ffb341c48a5abd39>, "Package: empty-package\nVersion: 1\nArchitecture: all\nMaintainer: Fixture <fixture@example.invalid"..., 65536, 0) = 149
pread64(16</tmp/nia-publication-fault-4wgmnp5s/case/store/objects/a3/1a856f430af395bccd7eb2f142b11ad3ae0fc5daf3acc4ffb341c48a5abd39>, "", 65387, 149) = 0
pread64(16</tmp/nia-publication-fault-4wgmnp5s/case/store/objects/a3/1a856f430af395bccd7eb2f142b11ad3ae0fc5daf3acc4ffb341c48a5abd39>, "", 65536, 149) = 0
pread64(3</tmp/nia-publication-fault-4wgmnp5s/case/store/objects/8e/e688345e1d9502ee8cd7277a453c30bfb77b947201beb3300e9df2b8ca321d>, "\0\0\0\0\0\0\0\10NIACSEL1\273\343\341b6\331$M\267\345\300\262\251\302\306\27f\270\251!\330\260\227\374\323p\347\177\25.\3311\0\0\0\0\0\0\0\1\f\241y\346\276\376\267a\363a?\36\365|\250\222\353\303\246\242(\334\243/\23\t\360\254\6\247\336~J6\366\353|\33#j"..., 65536, 0) = 152
pread64(3</tmp/nia-publication-fault-4wgmnp5s/case/store/objects/8e/e688345e1d9502ee8cd7277a453c30bfb77b947201beb3300e9df2b8ca321d>, "", 65384, 152) = 0
pread64(3</tmp/nia-publication-fault-4wgmnp5s/case/store/objects/8e/e688345e1d9502ee8cd7277a453c30bfb77b947201beb3300e9df2b8ca321d>, "", 65536, 152) = 0
pread64(3</tmp/nia-publication-fault-4wgmnp5s/case/store/objects/8e/e688345e1d9502ee8cd7277a453c30bfb77b947201beb3300e9df2b8ca321d>, "\0\0\0\0\0\0\0\10NIACSEL1\273\343\341b6\331$M\267\345\300\262\251\302\306\27f\270\251!\330\260\227\374\323p\347\177\25.\3311\0\0\0\0\0\0\0\1\f\241y\346\276\376\267a\363a?\36\365|\250\222\353\303\246\242(\334\243/\23\t\360\254\6\247\336~J6\366\353|\33#j"..., 393272, 0) = 152
pread64(3</tmp/nia-publication-fault-4wgmnp5s/case/store/objects/8e/e688345e1d9502ee8cd7277a453c30bfb77b947201beb3300e9df2b8ca321d>, "", 393120, 152) = 0
pread64(3</tmp/nia-publication-fault-4wgmnp5s/case/store/objects/0c/a179e6befeb761f3613f1ef57ca892ebc3a6a228dca32f1309f0ac06a7de7e>, "!<arch>\ndebian-binary/  0           0     0     100644  4         `\n2.0\ncontrol.tar/    0       "..., 65536, 0) = 20672
pread64(3</tmp/nia-publication-fault-4wgmnp5s/case/store/objects/0c/a179e6befeb761f3613f1ef57ca892ebc3a6a228dca32f1309f0ac06a7de7e>, "", 44864, 20672) = 0
pread64(3</tmp/nia-publication-fault-4wgmnp5s/case/store/objects/0c/a179e6befeb761f3613f1ef57ca892ebc3a6a228dca32f1309f0ac06a7de7e>, "", 65536, 20672) = 0
pread64(3</tmp/nia-publication-fault-4wgmnp5s/case/store/objects/0c/a179e6befeb761f3613f1ef57ca892ebc3a6a228dca32f1309f0ac06a7de7e>, "!<arch>\n", 8, 0) = 8
pread64(3</tmp/nia-publication-fault-4wgmnp5s/case/store/objects/0c/a179e6befeb761f3613f1ef57ca892ebc3a6a228dca32f1309f0ac06a7de7e>, "debian-binary/  0           0     0     100644  4         `\n", 60, 8) = 60
pread64(3</tmp/nia-publication-fault-4wgmnp5s/case/store/objects/0c/a179e6befeb761f3613f1ef57ca892ebc3a6a228dca32f1309f0ac06a7de7e>, "2.0\n", 4, 68) = 4
pread64(3</tmp/nia-publication-fault-4wgmnp5s/case/store/objects/0c/a179e6befeb761f3613f1ef57ca892ebc3a6a228dca32f1309f0ac06a7de7e>, "2.0\n", 4, 68) = 4
pread64(3</tmp/nia-publication-fault-4wgmnp5s/case/store/objects/0c/a179e6befeb761f3613f1ef57ca892ebc3a6a228dca32f1309f0ac06a7de7e>, "control.tar/    0           0     0     100644  10240     `\n", 60, 72) = 60
pread64(3</tmp/nia-publication-fault-4wgmnp5s/case/store/objects/0c/a179e6befeb761f3613f1ef57ca892ebc3a6a228dca32f1309f0ac06a7de7e>, "./control\0\0\0\0\0\0\0\0\0\0\0\0\0\0\0\0\0\0\0\0\0\0\0\0\0\0\0\0\0\0\0\0\0\0\0\0\0\0\0\0\0\0\0\0\0\0\0\0\0\0\0\0\0\0\0\0\0\0\0\0\0\0\0\0\0\0\0\0\0\0\0\0\0\0\0\0\0\0\0\0\0\0\0\0\0\0\0"..., 10240, 132) = 10240
pread64(3</tmp/nia-publication-fault-4wgmnp5s/case/store/objects/0c/a179e6befeb761f3613f1ef57ca892ebc3a6a228dca32f1309f0ac06a7de7e>, "data.tar/       0           0     0     100644  10240     `\n", 60, 10372) = 60
pread64(3</tmp/nia-publication-fault-4wgmnp5s/case/store/objects/0c/a179e6befeb761f3613f1ef57ca892ebc3a6a228dca32f1309f0ac06a7de7e>, "\0\0\0\0\0\0\0\0\0\0\0\0\0\0\0\0\0\0\0\0\0\0\0\0\0\0\0\0\0\0\0\0\0\0\0\0\0\0\0\0\0\0\0\0\0\0\0\0\0\0\0\0\0\0\0\0\0\0\0\0\0\0\0\0\0\0\0\0\0\0\0\0\0\0\0\0\0\0\0\0\0\0\0\0\0\0\0\0\0\0\0\0\0\0\0\0"..., 10240, 10432) = 10240
pread64(3</tmp/nia-publication-fault-4wgmnp5s/case/store/objects/0c/a179e6befeb761f3613f1ef57ca892ebc3a6a228dca32f1309f0ac06a7de7e>, "!<arch>\ndebian-binary/  0           0     0     100644  4         `\n2.0\ncontrol.tar/    0       "..., 65536, 0) = 20672
pread64(3</tmp/nia-publication-fault-4wgmnp5s/case/store/objects/0c/a179e6befeb761f3613f1ef57ca892ebc3a6a228dca32f1309f0ac06a7de7e>, "", 44864, 20672) = 0
pread64(3</tmp/nia-publication-fault-4wgmnp5s/case/store/objects/0c/a179e6befeb761f3613f1ef57ca892ebc3a6a228dca32f1309f0ac06a7de7e>, "", 65536, 20672) = 0
pread64(3</tmp/nia-publication-fault-4wgmnp5s/case/store/objects/0c/a179e6befeb761f3613f1ef57ca892ebc3a6a228dca32f1309f0ac06a7de7e>, "!<arch>\n", 8, 0) = 8
pread64(3</tmp/nia-publication-fault-4wgmnp5s/case/store/objects/0c/a179e6befeb761f3613f1ef57ca892ebc3a6a228dca32f1309f0ac06a7de7e>, "debian-binary/  0           0     0     100644  4         `\n", 60, 8) = 60
pread64(3</tmp/nia-publication-fault-4wgmnp5s/case/store/objects/0c/a179e6befeb761f3613f1ef57ca892ebc3a6a228dca32f1309f0ac06a7de7e>, "2.0\n", 4, 68) = 4
pread64(3</tmp/nia-publication-fault-4wgmnp5s/case/store/objects/0c/a179e6befeb761f3613f1ef57ca892ebc3a6a228dca32f1309f0ac06a7de7e>, "2.0\n", 4, 68) = 4
pread64(3</tmp/nia-publication-fault-4wgmnp5s/case/store/objects/0c/a179e6befeb761f3613f1ef57ca892ebc3a6a228dca32f1309f0ac06a7de7e>, "control.tar/    0           0     0     100644  10240     `\n", 60, 72) = 60
pread64(3</tmp/nia-publication-fault-4wgmnp5s/case/store/objects/0c/a179e6befeb761f3613f1ef57ca892ebc3a6a228dca32f1309f0ac06a7de7e>, "./control\0\0\0\0\0\0\0\0\0\0\0\0\0\0\0\0\0\0\0\0\0\0\0\0\0\0\0\0\0\0\0\0\0\0\0\0\0\0\0\0\0\0\0\0\0\0\0\0\0\0\0\0\0\0\0\0\0\0\0\0\0\0\0\0\0\0\0\0\0\0\0\0\0\0\0\0\0\0\0\0\0\0\0\0\0\0\0"..., 10240, 132) = 10240
pread64(3</tmp/nia-publication-fault-4wgmnp5s/case/store/objects/0c/a179e6befeb761f3613f1ef57ca892ebc3a6a228dca32f1309f0ac06a7de7e>, "data.tar/       0           0     0     100644  10240     `\n", 60, 10372) = 60
pread64(3</tmp/nia-publication-fault-4wgmnp5s/case/store/objects/0c/a179e6befeb761f3613f1ef57ca892ebc3a6a228dca32f1309f0ac06a7de7e>, "\0\0\0\0\0\0\0\0\0\0\0\0\0\0\0\0\0\0\0\0\0\0\0\0\0\0\0\0\0\0\0\0\0\0\0\0\0\0\0\0\0\0\0\0\0\0\0\0\0\0\0\0\0\0\0\0\0\0\0\0\0\0\0\0\0\0\0\0\0\0\0\0\0\0\0\0\0\0\0\0\0\0\0\0\0\0\0\0\0\0\0\0\0\0\0\0"..., 10240, 10432) = 10240
fsync(17</tmp/nia-publication-fault-4wgmnp5s/case/store/incoming>) = 0
pread64(3</tmp/nia-publication-fault-4wgmnp5s/case/store/objects/0c/a179e6befeb761f3613f1ef57ca892ebc3a6a228dca32f1309f0ac06a7de7e>, "\0\0\0\0\0\0\0\0\0\0\0\0\0\0\0\0\0\0\0\0\0\0\0\0\0\0\0\0\0\0\0\0\0\0\0\0\0\0\0\0\0\0\0\0\0\0\0\0\0\0\0\0\0\0\0\0\0\0\0\0\0\0\0\0\0\0\0\0\0\0\0\0\0\0\0\0\0\0\0\0\0\0\0\0\0\0\0\0\0\0\0\0\0\0\0\0"..., 10240, 10432) = 10240
write(16</tmp/nia-publication-fault-4wgmnp5s/case/store/incoming/e9cbac4489f076954c7fd409d2482f1d>, "\0\0\0\0\0\0\0\0\0\0\0\0\0\0\0\0\0\0\0\0\0\0\0\0\0\0\0\0\0\0\0\0\0\0\0\0\0\0\0\0\0\0\0\0\0\0\0\0\0\0\0\0\0\0\0\0\0\0\0\0\0\0\0\0\0\0\0\0\0\0\0\0\0\0\0\0\0\0\0\0\0\0\0\0\0\0\0\0\0\0\0\0\0\0\0\0"..., 10240) = 10240
fsync(16</tmp/nia-publication-fault-4wgmnp5s/case/store/incoming/e9cbac4489f076954c7fd409d2482f1d>) = 0
renameat2(17</tmp/nia-publication-fault-4wgmnp5s/case/store/incoming>, "e9cbac4489f076954c7fd409d2482f1d", 16</tmp/nia-publication-fault-4wgmnp5s/case/store/objects/84>, "ff92691f909a05b224e1c56abb4864f01b4f8e3c854e4bb4c7baf1d3f6d652", RENAME_NOREPLACE) = -1 EEXIST (File exists)
pread64(16</tmp/nia-publication-fault-4wgmnp5s/case/store/objects/84/ff92691f909a05b224e1c56abb4864f01b4f8e3c854e4bb4c7baf1d3f6d652>, "\0\0\0\0\0\0\0\0\0\0\0\0\0\0\0\0\0\0\0\0\0\0\0\0\0\0\0\0\0\0\0\0\0\0\0\0\0\0\0\0\0\0\0\0\0\0\0\0\0\0\0\0\0\0\0\0\0\0\0\0\0\0\0\0\0\0\0\0\0\0\0\0\0\0\0\0\0\0\0\0\0\0\0\0\0\0\0\0\0\0\0\0\0\0\0\0"..., 65536, 0) = 10240
pread64(16</tmp/nia-publication-fault-4wgmnp5s/case/store/objects/84/ff92691f909a05b224e1c56abb4864f01b4f8e3c854e4bb4c7baf1d3f6d652>, "", 55296, 10240) = 0
pread64(16</tmp/nia-publication-fault-4wgmnp5s/case/store/objects/84/ff92691f909a05b224e1c56abb4864f01b4f8e3c854e4bb4c7baf1d3f6d652>, "", 65536, 10240) = 0
fsync(17</tmp/nia-publication-fault-4wgmnp5s/case/store/incoming>) = 0
pread64(3</tmp/nia-publication-fault-4wgmnp5s/case/store/objects/84/ff92691f909a05b224e1c56abb4864f01b4f8e3c854e4bb4c7baf1d3f6d652>, "\0\0\0\0\0\0\0\0\0\0\0\0\0\0\0\0\0\0\0\0\0\0\0\0\0\0\0\0\0\0\0\0\0\0\0\0\0\0\0\0\0\0\0\0\0\0\0\0\0\0\0\0\0\0\0\0\0\0\0\0\0\0\0\0\0\0\0\0\0\0\0\0\0\0\0\0\0\0\0\0\0\0\0\0\0\0\0\0\0\0\0\0\0\0\0\0"..., 65536, 0) = 10240
pread64(3</tmp/nia-publication-fault-4wgmnp5s/case/store/objects/84/ff92691f909a05b224e1c56abb4864f01b4f8e3c854e4bb4c7baf1d3f6d652>, "", 55296, 10240) = 0
pread64(3</tmp/nia-publication-fault-4wgmnp5s/case/store/objects/84/ff92691f909a05b224e1c56abb4864f01b4f8e3c854e4bb4c7baf1d3f6d652>, "", 65536, 10240) = 0
pread64(3</tmp/nia-publication-fault-4wgmnp5s/case/store/objects/84/ff92691f909a05b224e1c56abb4864f01b4f8e3c854e4bb4c7baf1d3f6d652>, "\0\0\0\0\0\0\0\0\0\0\0\0\0\0\0\0\0\0\0\0\0\0\0\0\0\0\0\0\0\0\0\0\0\0\0\0\0\0\0\0\0\0\0\0\0\0\0\0\0\0\0\0\0\0\0\0\0\0\0\0\0\0\0\0\0\0\0\0\0\0\0\0\0\0\0\0\0\0\0\0\0\0\0\0\0\0\0\0\0\0\0\0\0\0\0\0"..., 10240, 0) = 10240
fsync(17</tmp/nia-publication-fault-4wgmnp5s/case/store/incoming>) = 0
pread64(3</tmp/nia-publication-fault-4wgmnp5s/case/store/objects/84/ff92691f909a05b224e1c56abb4864f01b4f8e3c854e4bb4c7baf1d3f6d652>, "\0\0\0\0\0\0\0\0\0\0\0\0\0\0\0\0\0\0\0\0\0\0\0\0\0\0\0\0\0\0\0\0\0\0\0\0\0\0\0\0\0\0\0\0\0\0\0\0\0\0\0\0\0\0\0\0\0\0\0\0\0\0\0\0\0\0\0\0\0\0\0\0\0\0\0\0\0\0\0\0\0\0\0\0\0\0\0\0\0\0\0\0\0\0\0\0"..., 10240, 0) = 10240
write(16</tmp/nia-publication-fault-4wgmnp5s/case/store/incoming/fbbf818e0577f6dee3d40f0deafbf17a>, "\0\0\0\0\0\0\0\0\0\0\0\0\0\0\0\0\0\0\0\0\0\0\0\0\0\0\0\0\0\0\0\0\0\0\0\0\0\0\0\0\0\0\0\0\0\0\0\0\0\0\0\0\0\0\0\0\0\0\0\0\0\0\0\0\0\0\0\0\0\0\0\0\0\0\0\0\0\0\0\0\0\0\0\0\0\0\0\0\0\0\0\0\0\0\0\0"..., 10240) = 10240
fsync(16</tmp/nia-publication-fault-4wgmnp5s/case/store/incoming/fbbf818e0577f6dee3d40f0deafbf17a>) = 0
renameat2(17</tmp/nia-publication-fault-4wgmnp5s/case/store/incoming>, "fbbf818e0577f6dee3d40f0deafbf17a", 16</tmp/nia-publication-fault-4wgmnp5s/case/store/objects/84>, "ff92691f909a05b224e1c56abb4864f01b4f8e3c854e4bb4c7baf1d3f6d652", RENAME_NOREPLACE) = -1 EEXIST (File exists)
pread64(16</tmp/nia-publication-fault-4wgmnp5s/case/store/objects/84/ff92691f909a05b224e1c56abb4864f01b4f8e3c854e4bb4c7baf1d3f6d652>, "\0\0\0\0\0\0\0\0\0\0\0\0\0\0\0\0\0\0\0\0\0\0\0\0\0\0\0\0\0\0\0\0\0\0\0\0\0\0\0\0\0\0\0\0\0\0\0\0\0\0\0\0\0\0\0\0\0\0\0\0\0\0\0\0\0\0\0\0\0\0\0\0\0\0\0\0\0\0\0\0\0\0\0\0\0\0\0\0\0\0\0\0\0\0\0\0"..., 65536, 0) = 10240
pread64(16</tmp/nia-publication-fault-4wgmnp5s/case/store/objects/84/ff92691f909a05b224e1c56abb4864f01b4f8e3c854e4bb4c7baf1d3f6d652>, "", 55296, 10240) = 0
pread64(16</tmp/nia-publication-fault-4wgmnp5s/case/store/objects/84/ff92691f909a05b224e1c56abb4864f01b4f8e3c854e4bb4c7baf1d3f6d652>, "", 65536, 10240) = 0
fsync(17</tmp/nia-publication-fault-4wgmnp5s/case/store/incoming>) = 0
pread64(3</tmp/nia-publication-fault-4wgmnp5s/case/store/objects/84/ff92691f909a05b224e1c56abb4864f01b4f8e3c854e4bb4c7baf1d3f6d652>, "\0\0\0\0\0\0\0\0\0\0\0\0\0\0\0\0\0\0\0\0\0\0\0\0\0\0\0\0\0\0\0\0\0\0\0\0\0\0\0\0\0\0\0\0\0\0\0\0\0\0\0\0\0\0\0\0\0\0\0\0\0\0\0\0\0\0\0\0\0\0\0\0\0\0\0\0\0\0\0\0\0\0\0\0\0\0\0\0\0\0\0\0\0\0\0\0"..., 65536, 0) = 10240
pread64(3</tmp/nia-publication-fault-4wgmnp5s/case/store/objects/84/ff92691f909a05b224e1c56abb4864f01b4f8e3c854e4bb4c7baf1d3f6d652>, "", 55296, 10240) = 0
pread64(3</tmp/nia-publication-fault-4wgmnp5s/case/store/objects/84/ff92691f909a05b224e1c56abb4864f01b4f8e3c854e4bb4c7baf1d3f6d652>, "", 65536, 10240) = 0
pread64(3</tmp/nia-publication-fault-4wgmnp5s/case/store/objects/84/ff92691f909a05b224e1c56abb4864f01b4f8e3c854e4bb4c7baf1d3f6d652>, "\0\0\0\0\0\0\0\0\0\0\0\0\0\0\0\0\0\0\0\0\0\0\0\0\0\0\0\0\0\0\0\0\0\0\0\0\0\0\0\0\0\0\0\0\0\0\0\0\0\0\0\0\0\0\0\0\0\0\0\0\0\0\0\0\0\0\0\0\0\0\0\0\0\0\0\0\0\0\0\0\0\0\0\0\0\0\0\0\0\0\0\0\0\0\0\0"..., 512, 0) = 512
pread64(3</tmp/nia-publication-fault-4wgmnp5s/case/store/objects/84/ff92691f909a05b224e1c56abb4864f01b4f8e3c854e4bb4c7baf1d3f6d652>, "\0\0\0\0\0\0\0\0\0\0\0\0\0\0\0\0\0\0\0\0\0\0\0\0\0\0\0\0\0\0\0\0\0\0\0\0\0\0\0\0\0\0\0\0\0\0\0\0\0\0\0\0\0\0\0\0\0\0\0\0\0\0\0\0\0\0\0\0\0\0\0\0\0\0\0\0\0\0\0\0\0\0\0\0\0\0\0\0\0\0\0\0\0\0\0\0"..., 9728, 512) = 9728
pread64(3</tmp/nia-publication-fault-4wgmnp5s/case/store/objects/0c/a179e6befeb761f3613f1ef57ca892ebc3a6a228dca32f1309f0ac06a7de7e>, "!<arch>\ndebian-binary/  0           0     0     100644  4         `\n2.0\ncontrol.tar/    0       "..., 65536, 0) = 20672
pread64(3</tmp/nia-publication-fault-4wgmnp5s/case/store/objects/0c/a179e6befeb761f3613f1ef57ca892ebc3a6a228dca32f1309f0ac06a7de7e>, "", 44864, 20672) = 0
pread64(3</tmp/nia-publication-fault-4wgmnp5s/case/store/objects/0c/a179e6befeb761f3613f1ef57ca892ebc3a6a228dca32f1309f0ac06a7de7e>, "", 65536, 20672) = 0
pread64(3</tmp/nia-publication-fault-4wgmnp5s/case/store/objects/0c/a179e6befeb761f3613f1ef57ca892ebc3a6a228dca32f1309f0ac06a7de7e>, "!<arch>\n", 8, 0) = 8
pread64(3</tmp/nia-publication-fault-4wgmnp5s/case/store/objects/0c/a179e6befeb761f3613f1ef57ca892ebc3a6a228dca32f1309f0ac06a7de7e>, "debian-binary/  0           0     0     100644  4         `\n", 60, 8) = 60
pread64(3</tmp/nia-publication-fault-4wgmnp5s/case/store/objects/0c/a179e6befeb761f3613f1ef57ca892ebc3a6a228dca32f1309f0ac06a7de7e>, "2.0\n", 4, 68) = 4
pread64(3</tmp/nia-publication-fault-4wgmnp5s/case/store/objects/0c/a179e6befeb761f3613f1ef57ca892ebc3a6a228dca32f1309f0ac06a7de7e>, "2.0\n", 4, 68) = 4
pread64(3</tmp/nia-publication-fault-4wgmnp5s/case/store/objects/0c/a179e6befeb761f3613f1ef57ca892ebc3a6a228dca32f1309f0ac06a7de7e>, "control.tar/    0           0     0     100644  10240     `\n", 60, 72) = 60
pread64(3</tmp/nia-publication-fault-4wgmnp5s/case/store/objects/0c/a179e6befeb761f3613f1ef57ca892ebc3a6a228dca32f1309f0ac06a7de7e>, "./control\0\0\0\0\0\0\0\0\0\0\0\0\0\0\0\0\0\0\0\0\0\0\0\0\0\0\0\0\0\0\0\0\0\0\0\0\0\0\0\0\0\0\0\0\0\0\0\0\0\0\0\0\0\0\0\0\0\0\0\0\0\0\0\0\0\0\0\0\0\0\0\0\0\0\0\0\0\0\0\0\0\0\0\0\0\0\0"..., 10240, 132) = 10240
pread64(3</tmp/nia-publication-fault-4wgmnp5s/case/store/objects/0c/a179e6befeb761f3613f1ef57ca892ebc3a6a228dca32f1309f0ac06a7de7e>, "data.tar/       0           0     0     100644  10240     `\n", 60, 10372) = 60
pread64(3</tmp/nia-publication-fault-4wgmnp5s/case/store/objects/0c/a179e6befeb761f3613f1ef57ca892ebc3a6a228dca32f1309f0ac06a7de7e>, "\0\0\0\0\0\0\0\0\0\0\0\0\0\0\0\0\0\0\0\0\0\0\0\0\0\0\0\0\0\0\0\0\0\0\0\0\0\0\0\0\0\0\0\0\0\0\0\0\0\0\0\0\0\0\0\0\0\0\0\0\0\0\0\0\0\0\0\0\0\0\0\0\0\0\0\0\0\0\0\0\0\0\0\0\0\0\0\0\0\0\0\0\0\0\0\0"..., 10240, 10432) = 10240
pread64(3</tmp/nia-publication-fault-4wgmnp5s/case/store/objects/0c/a179e6befeb761f3613f1ef57ca892ebc3a6a228dca32f1309f0ac06a7de7e>, "!<arch>\ndebian-binary/  0           0     0     100644  4         `\n2.0\ncontrol.tar/    0       "..., 65536, 0) = 20672
pread64(3</tmp/nia-publication-fault-4wgmnp5s/case/store/objects/0c/a179e6befeb761f3613f1ef57ca892ebc3a6a228dca32f1309f0ac06a7de7e>, "", 44864, 20672) = 0
pread64(3</tmp/nia-publication-fault-4wgmnp5s/case/store/objects/0c/a179e6befeb761f3613f1ef57ca892ebc3a6a228dca32f1309f0ac06a7de7e>, "", 65536, 20672) = 0
pread64(3</tmp/nia-publication-fault-4wgmnp5s/case/store/objects/0c/a179e6befeb761f3613f1ef57ca892ebc3a6a228dca32f1309f0ac06a7de7e>, "!<arch>\n", 8, 0) = 8
pread64(3</tmp/nia-publication-fault-4wgmnp5s/case/store/objects/0c/a179e6befeb761f3613f1ef57ca892ebc3a6a228dca32f1309f0ac06a7de7e>, "debian-binary/  0           0     0     100644  4         `\n", 60, 8) = 60
pread64(3</tmp/nia-publication-fault-4wgmnp5s/case/store/objects/0c/a179e6befeb761f3613f1ef57ca892ebc3a6a228dca32f1309f0ac06a7de7e>, "2.0\n", 4, 68) = 4
pread64(3</tmp/nia-publication-fault-4wgmnp5s/case/store/objects/0c/a179e6befeb761f3613f1ef57ca892ebc3a6a228dca32f1309f0ac06a7de7e>, "2.0\n", 4, 68) = 4
pread64(3</tmp/nia-publication-fault-4wgmnp5s/case/store/objects/0c/a179e6befeb761f3613f1ef57ca892ebc3a6a228dca32f1309f0ac06a7de7e>, "control.tar/    0           0     0     100644  10240     `\n", 60, 72) = 60
pread64(3</tmp/nia-publication-fault-4wgmnp5s/case/store/objects/0c/a179e6befeb761f3613f1ef57ca892ebc3a6a228dca32f1309f0ac06a7de7e>, "./control\0\0\0\0\0\0\0\0\0\0\0\0\0\0\0\0\0\0\0\0\0\0\0\0\0\0\0\0\0\0\0\0\0\0\0\0\0\0\0\0\0\0\0\0\0\0\0\0\0\0\0\0\0\0\0\0\0\0\0\0\0\0\0\0\0\0\0\0\0\0\0\0\0\0\0\0\0\0\0\0\0\0\0\0\0\0\0"..., 10240, 132) = 10240
pread64(3</tmp/nia-publication-fault-4wgmnp5s/case/store/objects/0c/a179e6befeb761f3613f1ef57ca892ebc3a6a228dca32f1309f0ac06a7de7e>, "data.tar/       0           0     0     100644  10240     `\n", 60, 10372) = 60
pread64(3</tmp/nia-publication-fault-4wgmnp5s/case/store/objects/0c/a179e6befeb761f3613f1ef57ca892ebc3a6a228dca32f1309f0ac06a7de7e>, "\0\0\0\0\0\0\0\0\0\0\0\0\0\0\0\0\0\0\0\0\0\0\0\0\0\0\0\0\0\0\0\0\0\0\0\0\0\0\0\0\0\0\0\0\0\0\0\0\0\0\0\0\0\0\0\0\0\0\0\0\0\0\0\0\0\0\0\0\0\0\0\0\0\0\0\0\0\0\0\0\0\0\0\0\0\0\0\0\0\0\0\0\0\0\0\0"..., 10240, 10432) = 10240
fsync(17</tmp/nia-publication-fault-4wgmnp5s/case/store/incoming>) = 0
pread64(3</tmp/nia-publication-fault-4wgmnp5s/case/store/objects/0c/a179e6befeb761f3613f1ef57ca892ebc3a6a228dca32f1309f0ac06a7de7e>, "./control\0\0\0\0\0\0\0\0\0\0\0\0\0\0\0\0\0\0\0\0\0\0\0\0\0\0\0\0\0\0\0\0\0\0\0\0\0\0\0\0\0\0\0\0\0\0\0\0\0\0\0\0\0\0\0\0\0\0\0\0\0\0\0\0\0\0\0\0\0\0\0\0\0\0\0\0\0\0\0\0\0\0\0\0\0\0\0"..., 10240, 132) = 10240
write(16</tmp/nia-publication-fault-4wgmnp5s/case/store/incoming/5f414309a5c3c182bbe32ea221e1b4a7>, "./control\0\0\0\0\0\0\0\0\0\0\0\0\0\0\0\0\0\0\0\0\0\0\0\0\0\0\0\0\0\0\0\0\0\0\0\0\0\0\0\0\0\0\0\0\0\0\0\0\0\0\0\0\0\0\0\0\0\0\0\0\0\0\0\0\0\0\0\0\0\0\0\0\0\0\0\0\0\0\0\0\0\0\0\0\0\0\0"..., 10240) = 10240
fsync(16</tmp/nia-publication-fault-4wgmnp5s/case/store/incoming/5f414309a5c3c182bbe32ea221e1b4a7>) = 0
renameat2(17</tmp/nia-publication-fault-4wgmnp5s/case/store/incoming>, "5f414309a5c3c182bbe32ea221e1b4a7", 16</tmp/nia-publication-fault-4wgmnp5s/case/store/objects/4a>, "36f6eb7c1b236ab6cb28ddb882919e888bf393dfc00d93008ad6730697f8f7", RENAME_NOREPLACE) = -1 EEXIST (File exists)
pread64(16</tmp/nia-publication-fault-4wgmnp5s/case/store/objects/4a/36f6eb7c1b236ab6cb28ddb882919e888bf393dfc00d93008ad6730697f8f7>, "./control\0\0\0\0\0\0\0\0\0\0\0\0\0\0\0\0\0\0\0\0\0\0\0\0\0\0\0\0\0\0\0\0\0\0\0\0\0\0\0\0\0\0\0\0\0\0\0\0\0\0\0\0\0\0\0\0\0\0\0\0\0\0\0\0\0\0\0\0\0\0\0\0\0\0\0\0\0\0\0\0\0\0\0\0\0\0\0"..., 65536, 0) = 10240
pread64(16</tmp/nia-publication-fault-4wgmnp5s/case/store/objects/4a/36f6eb7c1b236ab6cb28ddb882919e888bf393dfc00d93008ad6730697f8f7>, "", 55296, 10240) = 0
pread64(16</tmp/nia-publication-fault-4wgmnp5s/case/store/objects/4a/36f6eb7c1b236ab6cb28ddb882919e888bf393dfc00d93008ad6730697f8f7>, "", 65536, 10240) = 0
fsync(17</tmp/nia-publication-fault-4wgmnp5s/case/store/incoming>) = 0
pread64(3</tmp/nia-publication-fault-4wgmnp5s/case/store/objects/4a/36f6eb7c1b236ab6cb28ddb882919e888bf393dfc00d93008ad6730697f8f7>, "./control\0\0\0\0\0\0\0\0\0\0\0\0\0\0\0\0\0\0\0\0\0\0\0\0\0\0\0\0\0\0\0\0\0\0\0\0\0\0\0\0\0\0\0\0\0\0\0\0\0\0\0\0\0\0\0\0\0\0\0\0\0\0\0\0\0\0\0\0\0\0\0\0\0\0\0\0\0\0\0\0\0\0\0\0\0\0\0"..., 65536, 0) = 10240
pread64(3</tmp/nia-publication-fault-4wgmnp5s/case/store/objects/4a/36f6eb7c1b236ab6cb28ddb882919e888bf393dfc00d93008ad6730697f8f7>, "", 55296, 10240) = 0
pread64(3</tmp/nia-publication-fault-4wgmnp5s/case/store/objects/4a/36f6eb7c1b236ab6cb28ddb882919e888bf393dfc00d93008ad6730697f8f7>, "", 65536, 10240) = 0
pread64(3</tmp/nia-publication-fault-4wgmnp5s/case/store/objects/4a/36f6eb7c1b236ab6cb28ddb882919e888bf393dfc00d93008ad6730697f8f7>, "./control\0\0\0\0\0\0\0\0\0\0\0\0\0\0\0\0\0\0\0\0\0\0\0\0\0\0\0\0\0\0\0\0\0\0\0\0\0\0\0\0\0\0\0\0\0\0\0\0\0\0\0\0\0\0\0\0\0\0\0\0\0\0\0\0\0\0\0\0\0\0\0\0\0\0\0\0\0\0\0\0\0\0\0\0\0\0\0"..., 10240, 0) = 10240
fsync(17</tmp/nia-publication-fault-4wgmnp5s/case/store/incoming>) = 0
write(16</tmp/nia-publication-fault-4wgmnp5s/case/store/incoming/d2420571bde1281401f6e7cbd6956dd6>, "Package: empty-package\nVersion: 1\nArchitecture: all\nMaintainer: Fixture <fixture@example.invalid"..., 149) = 149
fsync(16</tmp/nia-publication-fault-4wgmnp5s/case/store/incoming/d2420571bde1281401f6e7cbd6956dd6>) = 0
renameat2(17</tmp/nia-publication-fault-4wgmnp5s/case/store/incoming>, "d2420571bde1281401f6e7cbd6956dd6", 16</tmp/nia-publication-fault-4wgmnp5s/case/store/objects/a3>, "1a856f430af395bccd7eb2f142b11ad3ae0fc5daf3acc4ffb341c48a5abd39", RENAME_NOREPLACE) = -1 EEXIST (File exists)
pread64(16</tmp/nia-publication-fault-4wgmnp5s/case/store/objects/a3/1a856f430af395bccd7eb2f142b11ad3ae0fc5daf3acc4ffb341c48a5abd39>, "Package: empty-package\nVersion: 1\nArchitecture: all\nMaintainer: Fixture <fixture@example.invalid"..., 65536, 0) = 149
pread64(16</tmp/nia-publication-fault-4wgmnp5s/case/store/objects/a3/1a856f430af395bccd7eb2f142b11ad3ae0fc5daf3acc4ffb341c48a5abd39>, "", 65387, 149) = 0
pread64(16</tmp/nia-publication-fault-4wgmnp5s/case/store/objects/a3/1a856f430af395bccd7eb2f142b11ad3ae0fc5daf3acc4ffb341c48a5abd39>, "", 65536, 149) = 0
fsync(17</tmp/nia-publication-fault-4wgmnp5s/case/store/incoming>) = 0
pread64(3</tmp/nia-publication-fault-4wgmnp5s/case/store/objects/a3/1a856f430af395bccd7eb2f142b11ad3ae0fc5daf3acc4ffb341c48a5abd39>, "Package: empty-package\nVersion: 1\nArchitecture: all\nMaintainer: Fixture <fixture@example.invalid"..., 65536, 0) = 149
pread64(3</tmp/nia-publication-fault-4wgmnp5s/case/store/objects/a3/1a856f430af395bccd7eb2f142b11ad3ae0fc5daf3acc4ffb341c48a5abd39>, "", 65387, 149) = 0
pread64(3</tmp/nia-publication-fault-4wgmnp5s/case/store/objects/a3/1a856f430af395bccd7eb2f142b11ad3ae0fc5daf3acc4ffb341c48a5abd39>, "", 65536, 149) = 0
pread64(3</tmp/nia-publication-fault-4wgmnp5s/case/store/objects/a3/1a856f430af395bccd7eb2f142b11ad3ae0fc5daf3acc4ffb341c48a5abd39>, "Package: empty-package\nVersion: 1\nArchitecture: all\nMaintainer: Fixture <fixture@example.invalid"..., 16777216, 0) = 149
pread64(3</tmp/nia-publication-fault-4wgmnp5s/case/store/objects/a3/1a856f430af395bccd7eb2f142b11ad3ae0fc5daf3acc4ffb341c48a5abd39>, "", 16777067, 149) = 0
pread64(3</tmp/nia-publication-fault-4wgmnp5s/case/store/objects/a3/1a856f430af395bccd7eb2f142b11ad3ae0fc5daf3acc4ffb341c48a5abd39>, "Package: empty-package\nVersion: 1\nArchitecture: all\nMaintainer: Fixture <fixture@example.invalid"..., 65536, 0) = 149
pread64(3</tmp/nia-publication-fault-4wgmnp5s/case/store/objects/a3/1a856f430af395bccd7eb2f142b11ad3ae0fc5daf3acc4ffb341c48a5abd39>, "", 65387, 149) = 0
pread64(3</tmp/nia-publication-fault-4wgmnp5s/case/store/objects/a3/1a856f430af395bccd7eb2f142b11ad3ae0fc5daf3acc4ffb341c48a5abd39>, "", 65536, 149) = 0
pread64(3</tmp/nia-publication-fault-4wgmnp5s/case/store/objects/a3/1a856f430af395bccd7eb2f142b11ad3ae0fc5daf3acc4ffb341c48a5abd39>, "Package: empty-package\nVersion: 1\nArchitecture: all\nMaintainer: Fixture <fixture@example.invalid"..., 16777216, 0) = 149
pread64(3</tmp/nia-publication-fault-4wgmnp5s/case/store/objects/a3/1a856f430af395bccd7eb2f142b11ad3ae0fc5daf3acc4ffb341c48a5abd39>, "", 16777067, 149) = 0
pread64(3</tmp/nia-publication-fault-4wgmnp5s/case/store/objects/0c/a179e6befeb761f3613f1ef57ca892ebc3a6a228dca32f1309f0ac06a7de7e>, "!<arch>\ndebian-binary/  0           0     0     100644  4         `\n2.0\ncontrol.tar/    0       "..., 65536, 0) = 20672
pread64(3</tmp/nia-publication-fault-4wgmnp5s/case/store/objects/0c/a179e6befeb761f3613f1ef57ca892ebc3a6a228dca32f1309f0ac06a7de7e>, "", 44864, 20672) = 0
pread64(3</tmp/nia-publication-fault-4wgmnp5s/case/store/objects/0c/a179e6befeb761f3613f1ef57ca892ebc3a6a228dca32f1309f0ac06a7de7e>, "", 65536, 20672) = 0
pread64(3</tmp/nia-publication-fault-4wgmnp5s/case/store/objects/0c/a179e6befeb761f3613f1ef57ca892ebc3a6a228dca32f1309f0ac06a7de7e>, "!<arch>\n", 8, 0) = 8
pread64(3</tmp/nia-publication-fault-4wgmnp5s/case/store/objects/0c/a179e6befeb761f3613f1ef57ca892ebc3a6a228dca32f1309f0ac06a7de7e>, "debian-binary/  0           0     0     100644  4         `\n", 60, 8) = 60
pread64(3</tmp/nia-publication-fault-4wgmnp5s/case/store/objects/0c/a179e6befeb761f3613f1ef57ca892ebc3a6a228dca32f1309f0ac06a7de7e>, "2.0\n", 4, 68) = 4
pread64(3</tmp/nia-publication-fault-4wgmnp5s/case/store/objects/0c/a179e6befeb761f3613f1ef57ca892ebc3a6a228dca32f1309f0ac06a7de7e>, "2.0\n", 4, 68) = 4
pread64(3</tmp/nia-publication-fault-4wgmnp5s/case/store/objects/0c/a179e6befeb761f3613f1ef57ca892ebc3a6a228dca32f1309f0ac06a7de7e>, "control.tar/    0           0     0     100644  10240     `\n", 60, 72) = 60
pread64(3</tmp/nia-publication-fault-4wgmnp5s/case/store/objects/0c/a179e6befeb761f3613f1ef57ca892ebc3a6a228dca32f1309f0ac06a7de7e>, "./control\0\0\0\0\0\0\0\0\0\0\0\0\0\0\0\0\0\0\0\0\0\0\0\0\0\0\0\0\0\0\0\0\0\0\0\0\0\0\0\0\0\0\0\0\0\0\0\0\0\0\0\0\0\0\0\0\0\0\0\0\0\0\0\0\0\0\0\0\0\0\0\0\0\0\0\0\0\0\0\0\0\0\0\0\0\0\0"..., 10240, 132) = 10240
pread64(3</tmp/nia-publication-fault-4wgmnp5s/case/store/objects/0c/a179e6befeb761f3613f1ef57ca892ebc3a6a228dca32f1309f0ac06a7de7e>, "data.tar/       0           0     0     100644  10240     `\n", 60, 10372) = 60
pread64(3</tmp/nia-publication-fault-4wgmnp5s/case/store/objects/0c/a179e6befeb761f3613f1ef57ca892ebc3a6a228dca32f1309f0ac06a7de7e>, "\0\0\0\0\0\0\0\0\0\0\0\0\0\0\0\0\0\0\0\0\0\0\0\0\0\0\0\0\0\0\0\0\0\0\0\0\0\0\0\0\0\0\0\0\0\0\0\0\0\0\0\0\0\0\0\0\0\0\0\0\0\0\0\0\0\0\0\0\0\0\0\0\0\0\0\0\0\0\0\0\0\0\0\0\0\0\0\0\0\0\0\0\0\0\0\0"..., 10240, 10432) = 10240
pread64(3</tmp/nia-publication-fault-4wgmnp5s/case/store/objects/0c/a179e6befeb761f3613f1ef57ca892ebc3a6a228dca32f1309f0ac06a7de7e>, "!<arch>\ndebian-binary/  0           0     0     100644  4         `\n2.0\ncontrol.tar/    0       "..., 65536, 0) = 20672
pread64(3</tmp/nia-publication-fault-4wgmnp5s/case/store/objects/0c/a179e6befeb761f3613f1ef57ca892ebc3a6a228dca32f1309f0ac06a7de7e>, "", 44864, 20672) = 0
pread64(3</tmp/nia-publication-fault-4wgmnp5s/case/store/objects/0c/a179e6befeb761f3613f1ef57ca892ebc3a6a228dca32f1309f0ac06a7de7e>, "", 65536, 20672) = 0
pread64(3</tmp/nia-publication-fault-4wgmnp5s/case/store/objects/0c/a179e6befeb761f3613f1ef57ca892ebc3a6a228dca32f1309f0ac06a7de7e>, "!<arch>\n", 8, 0) = 8
pread64(3</tmp/nia-publication-fault-4wgmnp5s/case/store/objects/0c/a179e6befeb761f3613f1ef57ca892ebc3a6a228dca32f1309f0ac06a7de7e>, "debian-binary/  0           0     0     100644  4         `\n", 60, 8) = 60
pread64(3</tmp/nia-publication-fault-4wgmnp5s/case/store/objects/0c/a179e6befeb761f3613f1ef57ca892ebc3a6a228dca32f1309f0ac06a7de7e>, "2.0\n", 4, 68) = 4
pread64(3</tmp/nia-publication-fault-4wgmnp5s/case/store/objects/0c/a179e6befeb761f3613f1ef57ca892ebc3a6a228dca32f1309f0ac06a7de7e>, "2.0\n", 4, 68) = 4
pread64(3</tmp/nia-publication-fault-4wgmnp5s/case/store/objects/0c/a179e6befeb761f3613f1ef57ca892ebc3a6a228dca32f1309f0ac06a7de7e>, "control.tar/    0           0     0     100644  10240     `\n", 60, 72) = 60
pread64(3</tmp/nia-publication-fault-4wgmnp5s/case/store/objects/0c/a179e6befeb761f3613f1ef57ca892ebc3a6a228dca32f1309f0ac06a7de7e>, "./control\0\0\0\0\0\0\0\0\0\0\0\0\0\0\0\0\0\0\0\0\0\0\0\0\0\0\0\0\0\0\0\0\0\0\0\0\0\0\0\0\0\0\0\0\0\0\0\0\0\0\0\0\0\0\0\0\0\0\0\0\0\0\0\0\0\0\0\0\0\0\0\0\0\0\0\0\0\0\0\0\0\0\0\0\0\0\0"..., 10240, 132) = 10240
pread64(3</tmp/nia-publication-fault-4wgmnp5s/case/store/objects/0c/a179e6befeb761f3613f1ef57ca892ebc3a6a228dca32f1309f0ac06a7de7e>, "data.tar/       0           0     0     100644  10240     `\n", 60, 10372) = 60
pread64(3</tmp/nia-publication-fault-4wgmnp5s/case/store/objects/0c/a179e6befeb761f3613f1ef57ca892ebc3a6a228dca32f1309f0ac06a7de7e>, "\0\0\0\0\0\0\0\0\0\0\0\0\0\0\0\0\0\0\0\0\0\0\0\0\0\0\0\0\0\0\0\0\0\0\0\0\0\0\0\0\0\0\0\0\0\0\0\0\0\0\0\0\0\0\0\0\0\0\0\0\0\0\0\0\0\0\0\0\0\0\0\0\0\0\0\0\0\0\0\0\0\0\0\0\0\0\0\0\0\0\0\0\0\0\0\0"..., 10240, 10432) = 10240
fsync(17</tmp/nia-publication-fault-4wgmnp5s/case/store/incoming>) = 0
pread64(3</tmp/nia-publication-fault-4wgmnp5s/case/store/objects/0c/a179e6befeb761f3613f1ef57ca892ebc3a6a228dca32f1309f0ac06a7de7e>, "./control\0\0\0\0\0\0\0\0\0\0\0\0\0\0\0\0\0\0\0\0\0\0\0\0\0\0\0\0\0\0\0\0\0\0\0\0\0\0\0\0\0\0\0\0\0\0\0\0\0\0\0\0\0\0\0\0\0\0\0\0\0\0\0\0\0\0\0\0\0\0\0\0\0\0\0\0\0\0\0\0\0\0\0\0\0\0\0"..., 10240, 132) = 10240
write(16</tmp/nia-publication-fault-4wgmnp5s/case/store/incoming/ebf099addacf6016a595e58f112bf681>, "./control\0\0\0\0\0\0\0\0\0\0\0\0\0\0\0\0\0\0\0\0\0\0\0\0\0\0\0\0\0\0\0\0\0\0\0\0\0\0\0\0\0\0\0\0\0\0\0\0\0\0\0\0\0\0\0\0\0\0\0\0\0\0\0\0\0\0\0\0\0\0\0\0\0\0\0\0\0\0\0\0\0\0\0\0\0\0\0"..., 10240) = 10240
fsync(16</tmp/nia-publication-fault-4wgmnp5s/case/store/incoming/ebf099addacf6016a595e58f112bf681>) = 0
renameat2(17</tmp/nia-publication-fault-4wgmnp5s/case/store/incoming>, "ebf099addacf6016a595e58f112bf681", 16</tmp/nia-publication-fault-4wgmnp5s/case/store/objects/4a>, "36f6eb7c1b236ab6cb28ddb882919e888bf393dfc00d93008ad6730697f8f7", RENAME_NOREPLACE) = -1 EEXIST (File exists)
pread64(16</tmp/nia-publication-fault-4wgmnp5s/case/store/objects/4a/36f6eb7c1b236ab6cb28ddb882919e888bf393dfc00d93008ad6730697f8f7>, "./control\0\0\0\0\0\0\0\0\0\0\0\0\0\0\0\0\0\0\0\0\0\0\0\0\0\0\0\0\0\0\0\0\0\0\0\0\0\0\0\0\0\0\0\0\0\0\0\0\0\0\0\0\0\0\0\0\0\0\0\0\0\0\0\0\0\0\0\0\0\0\0\0\0\0\0\0\0\0\0\0\0\0\0\0\0\0\0"..., 65536, 0) = 10240
pread64(16</tmp/nia-publication-fault-4wgmnp5s/case/store/objects/4a/36f6eb7c1b236ab6cb28ddb882919e888bf393dfc00d93008ad6730697f8f7>, "", 55296, 10240) = 0
pread64(16</tmp/nia-publication-fault-4wgmnp5s/case/store/objects/4a/36f6eb7c1b236ab6cb28ddb882919e888bf393dfc00d93008ad6730697f8f7>, "", 65536, 10240) = 0
fsync(17</tmp/nia-publication-fault-4wgmnp5s/case/store/incoming>) = 0
pread64(3</tmp/nia-publication-fault-4wgmnp5s/case/store/objects/4a/36f6eb7c1b236ab6cb28ddb882919e888bf393dfc00d93008ad6730697f8f7>, "./control\0\0\0\0\0\0\0\0\0\0\0\0\0\0\0\0\0\0\0\0\0\0\0\0\0\0\0\0\0\0\0\0\0\0\0\0\0\0\0\0\0\0\0\0\0\0\0\0\0\0\0\0\0\0\0\0\0\0\0\0\0\0\0\0\0\0\0\0\0\0\0\0\0\0\0\0\0\0\0\0\0\0\0\0\0\0\0"..., 65536, 0) = 10240
pread64(3</tmp/nia-publication-fault-4wgmnp5s/case/store/objects/4a/36f6eb7c1b236ab6cb28ddb882919e888bf393dfc00d93008ad6730697f8f7>, "", 55296, 10240) = 0
pread64(3</tmp/nia-publication-fault-4wgmnp5s/case/store/objects/4a/36f6eb7c1b236ab6cb28ddb882919e888bf393dfc00d93008ad6730697f8f7>, "", 65536, 10240) = 0
pread64(3</tmp/nia-publication-fault-4wgmnp5s/case/store/objects/4a/36f6eb7c1b236ab6cb28ddb882919e888bf393dfc00d93008ad6730697f8f7>, "./control\0\0\0\0\0\0\0\0\0\0\0\0\0\0\0\0\0\0\0\0\0\0\0\0\0\0\0\0\0\0\0\0\0\0\0\0\0\0\0\0\0\0\0\0\0\0\0\0\0\0\0\0\0\0\0\0\0\0\0\0\0\0\0\0\0\0\0\0\0\0\0\0\0\0\0\0\0\0\0\0\0\0\0\0\0\0\0"..., 10240, 0) = 10240
fsync(17</tmp/nia-publication-fault-4wgmnp5s/case/store/incoming>) = 0
write(16</tmp/nia-publication-fault-4wgmnp5s/case/store/incoming/baa1dd2193aefb8c1471153eccf4bf3d>, "Package: empty-package\nVersion: 1\nArchitecture: all\nMaintainer: Fixture <fixture@example.invalid"..., 149) = 149
fsync(16</tmp/nia-publication-fault-4wgmnp5s/case/store/incoming/baa1dd2193aefb8c1471153eccf4bf3d>) = 0
renameat2(17</tmp/nia-publication-fault-4wgmnp5s/case/store/incoming>, "baa1dd2193aefb8c1471153eccf4bf3d", 16</tmp/nia-publication-fault-4wgmnp5s/case/store/objects/a3>, "1a856f430af395bccd7eb2f142b11ad3ae0fc5daf3acc4ffb341c48a5abd39", RENAME_NOREPLACE) = -1 EEXIST (File exists)
pread64(16</tmp/nia-publication-fault-4wgmnp5s/case/store/objects/a3/1a856f430af395bccd7eb2f142b11ad3ae0fc5daf3acc4ffb341c48a5abd39>, "Package: empty-package\nVersion: 1\nArchitecture: all\nMaintainer: Fixture <fixture@example.invalid"..., 65536, 0) = 149
pread64(16</tmp/nia-publication-fault-4wgmnp5s/case/store/objects/a3/1a856f430af395bccd7eb2f142b11ad3ae0fc5daf3acc4ffb341c48a5abd39>, "", 65387, 149) = 0
pread64(16</tmp/nia-publication-fault-4wgmnp5s/case/store/objects/a3/1a856f430af395bccd7eb2f142b11ad3ae0fc5daf3acc4ffb341c48a5abd39>, "", 65536, 149) = 0
fsync(17</tmp/nia-publication-fault-4wgmnp5s/case/store/incoming>) = 0
pread64(3</tmp/nia-publication-fault-4wgmnp5s/case/store/objects/0c/a179e6befeb761f3613f1ef57ca892ebc3a6a228dca32f1309f0ac06a7de7e>, "!<arch>\ndebian-binary/  0           0     0     100644  4         `\n2.0\ncontrol.tar/    0       "..., 65536, 0) = 20672
pread64(3</tmp/nia-publication-fault-4wgmnp5s/case/store/objects/0c/a179e6befeb761f3613f1ef57ca892ebc3a6a228dca32f1309f0ac06a7de7e>, "", 44864, 20672) = 0
pread64(3</tmp/nia-publication-fault-4wgmnp5s/case/store/objects/0c/a179e6befeb761f3613f1ef57ca892ebc3a6a228dca32f1309f0ac06a7de7e>, "", 65536, 20672) = 0
pread64(3</tmp/nia-publication-fault-4wgmnp5s/case/store/objects/4a/36f6eb7c1b236ab6cb28ddb882919e888bf393dfc00d93008ad6730697f8f7>, "./control\0\0\0\0\0\0\0\0\0\0\0\0\0\0\0\0\0\0\0\0\0\0\0\0\0\0\0\0\0\0\0\0\0\0\0\0\0\0\0\0\0\0\0\0\0\0\0\0\0\0\0\0\0\0\0\0\0\0\0\0\0\0\0\0\0\0\0\0\0\0\0\0\0\0\0\0\0\0\0\0\0\0\0\0\0\0\0"..., 65536, 0) = 10240
pread64(3</tmp/nia-publication-fault-4wgmnp5s/case/store/objects/4a/36f6eb7c1b236ab6cb28ddb882919e888bf393dfc00d93008ad6730697f8f7>, "", 55296, 10240) = 0
pread64(3</tmp/nia-publication-fault-4wgmnp5s/case/store/objects/4a/36f6eb7c1b236ab6cb28ddb882919e888bf393dfc00d93008ad6730697f8f7>, "", 65536, 10240) = 0
pread64(3</tmp/nia-publication-fault-4wgmnp5s/case/store/objects/84/ff92691f909a05b224e1c56abb4864f01b4f8e3c854e4bb4c7baf1d3f6d652>, "\0\0\0\0\0\0\0\0\0\0\0\0\0\0\0\0\0\0\0\0\0\0\0\0\0\0\0\0\0\0\0\0\0\0\0\0\0\0\0\0\0\0\0\0\0\0\0\0\0\0\0\0\0\0\0\0\0\0\0\0\0\0\0\0\0\0\0\0\0\0\0\0\0\0\0\0\0\0\0\0\0\0\0\0\0\0\0\0\0\0\0\0\0\0\0\0"..., 65536, 0) = 10240
pread64(3</tmp/nia-publication-fault-4wgmnp5s/case/store/objects/84/ff92691f909a05b224e1c56abb4864f01b4f8e3c854e4bb4c7baf1d3f6d652>, "", 55296, 10240) = 0
pread64(3</tmp/nia-publication-fault-4wgmnp5s/case/store/objects/84/ff92691f909a05b224e1c56abb4864f01b4f8e3c854e4bb4c7baf1d3f6d652>, "", 65536, 10240) = 0
pread64(3</tmp/nia-publication-fault-4wgmnp5s/case/store/objects/8e/e688345e1d9502ee8cd7277a453c30bfb77b947201beb3300e9df2b8ca321d>, "\0\0\0\0\0\0\0\10NIACSEL1\273\343\341b6\331$M\267\345\300\262\251\302\306\27f\270\251!\330\260\227\374\323p\347\177\25.\3311\0\0\0\0\0\0\0\1\f\241y\346\276\376\267a\363a?\36\365|\250\222\353\303\246\242(\334\243/\23\t\360\254\6\247\336~J6\366\353|\33#j"..., 65536, 0) = 152
pread64(3</tmp/nia-publication-fault-4wgmnp5s/case/store/objects/8e/e688345e1d9502ee8cd7277a453c30bfb77b947201beb3300e9df2b8ca321d>, "", 65384, 152) = 0
pread64(3</tmp/nia-publication-fault-4wgmnp5s/case/store/objects/8e/e688345e1d9502ee8cd7277a453c30bfb77b947201beb3300e9df2b8ca321d>, "", 65536, 152) = 0
pread64(3</tmp/nia-publication-fault-4wgmnp5s/case/store/objects/a3/1a856f430af395bccd7eb2f142b11ad3ae0fc5daf3acc4ffb341c48a5abd39>, "Package: empty-package\nVersion: 1\nArchitecture: all\nMaintainer: Fixture <fixture@example.invalid"..., 65536, 0) = 149
pread64(3</tmp/nia-publication-fault-4wgmnp5s/case/store/objects/a3/1a856f430af395bccd7eb2f142b11ad3ae0fc5daf3acc4ffb341c48a5abd39>, "", 65387, 149) = 0
pread64(3</tmp/nia-publication-fault-4wgmnp5s/case/store/objects/a3/1a856f430af395bccd7eb2f142b11ad3ae0fc5daf3acc4ffb341c48a5abd39>, "", 65536, 149) = 0
fsync(16</tmp/nia-publication-fault-4wgmnp5s/case/store/incoming>) = 0
write(3</tmp/nia-publication-fault-4wgmnp5s/case/store/incoming/b55275cc041a65f0e4fafeab08c86142>, "NIACLOS1\216\346\2104^\35\225\2\356\214\327'zE<0\277\267{\224r\1\276\2630\16\235\362\270\3122\35\273\343\341b6\331$M\267\345\300\262\251\302\306\27f\270\251!\330\260\227\374\323p\347\177\25.\3311\0\0\0\0\0\0\0\5", 80) = 80
write(3</tmp/nia-publication-fault-4wgmnp5s/case/store/incoming/b55275cc041a65f0e4fafeab08c86142>, "\f\241y\346\276\376\267a\363a?\36\365|\250\222\353\303\246\242(\334\243/\23\t\360\254\6\247\336~", 32) = 32
write(3</tmp/nia-publication-fault-4wgmnp5s/case/store/incoming/b55275cc041a65f0e4fafeab08c86142>, "J6\366\353|\33#j\266\313(\335\270\202\221\236\210\213\363\223\337\300\r\223\0\212\326s\6\227\370\367", 32) = 32
write(3</tmp/nia-publication-fault-4wgmnp5s/case/store/incoming/b55275cc041a65f0e4fafeab08c86142>, "\204\377\222i\37\220\232\5\262$\341\305j\273Hd\360\33O\216<\205NK\264\307\272\361\323\366\326R", 32) = 32
write(3</tmp/nia-publication-fault-4wgmnp5s/case/store/incoming/b55275cc041a65f0e4fafeab08c86142>, "\216\346\2104^\35\225\2\356\214\327'zE<0\277\267{\224r\1\276\2630\16\235\362\270\3122\35", 32) = 32
write(3</tmp/nia-publication-fault-4wgmnp5s/case/store/incoming/b55275cc041a65f0e4fafeab08c86142>, "\243\32\205oC\n\363\225\274\315~\262\361B\261\32\323\256\17\305\332\363\254\304\377\263A\304\212Z\2759", 32) = 32
fsync(3</tmp/nia-publication-fault-4wgmnp5s/case/store/incoming/b55275cc041a65f0e4fafeab08c86142>) = 0
renameat2(16</tmp/nia-publication-fault-4wgmnp5s/case/store/incoming>, "b55275cc041a65f0e4fafeab08c86142", 3</tmp/nia-publication-fault-4wgmnp5s/case/store/objects/32>, "094e7c613fdb6dffb1f27d926b176f7fd8946b8c2cf3ca9e3b95cb91a1a8ca", RENAME_NOREPLACE) = -1 EEXIST (File exists)
pread64(3</tmp/nia-publication-fault-4wgmnp5s/case/store/objects/32/094e7c613fdb6dffb1f27d926b176f7fd8946b8c2cf3ca9e3b95cb91a1a8ca>, "NIACLOS1\216\346\2104^\35\225\2\356\214\327'zE<0\277\267{\224r\1\276\2630\16\235\362\270\3122\35\273\343\341b6\331$M\267\345\300\262\251\302\306\27f\270\251!\330\260\227\374\323p\347\177\25.\3311\0\0\0\0\0\0\0\5\f\241y\346\276\376\267a\363a?\36\365|\250\222"..., 65536, 0) = 240
pread64(3</tmp/nia-publication-fault-4wgmnp5s/case/store/objects/32/094e7c613fdb6dffb1f27d926b176f7fd8946b8c2cf3ca9e3b95cb91a1a8ca>, "", 65296, 240) = 0
pread64(3</tmp/nia-publication-fault-4wgmnp5s/case/store/objects/32/094e7c613fdb6dffb1f27d926b176f7fd8946b8c2cf3ca9e3b95cb91a1a8ca>, "", 65536, 240) = 0
fsync(16</tmp/nia-publication-fault-4wgmnp5s/case/store/incoming>) = 0
pread64(3</tmp/nia-publication-fault-4wgmnp5s/case/store/objects/8e/e688345e1d9502ee8cd7277a453c30bfb77b947201beb3300e9df2b8ca321d>, "\0\0\0\0\0\0\0\10NIACSEL1\273\343\341b6\331$M\267\345\300\262\251\302\306\27f\270\251!\330\260\227\374\323p\347\177\25.\3311\0\0\0\0\0\0\0\1\f\241y\346\276\376\267a\363a?\36\365|\250\222\353\303\246\242(\334\243/\23\t\360\254\6\247\336~J6\366\353|\33#j"..., 65536, 0) = 152
pread64(3</tmp/nia-publication-fault-4wgmnp5s/case/store/objects/8e/e688345e1d9502ee8cd7277a453c30bfb77b947201beb3300e9df2b8ca321d>, "", 65384, 152) = 0
pread64(3</tmp/nia-publication-fault-4wgmnp5s/case/store/objects/8e/e688345e1d9502ee8cd7277a453c30bfb77b947201beb3300e9df2b8ca321d>, "", 65536, 152) = 0
pread64(3</tmp/nia-publication-fault-4wgmnp5s/case/store/objects/8e/e688345e1d9502ee8cd7277a453c30bfb77b947201beb3300e9df2b8ca321d>, "\0\0\0\0\0\0\0\10NIACSEL1\273\343\341b6\331$M\267\345\300\262\251\302\306\27f\270\251!\330\260\227\374\323p\347\177\25.\3311\0\0\0\0\0\0\0\1\f\241y\346\276\376\267a\363a?\36\365|\250\222\353\303\246\242(\334\243/\23\t\360\254\6\247\336~J6\366\353|\33#j"..., 393272, 0) = 152
pread64(3</tmp/nia-publication-fault-4wgmnp5s/case/store/objects/8e/e688345e1d9502ee8cd7277a453c30bfb77b947201beb3300e9df2b8ca321d>, "", 393120, 152) = 0
pread64(3</tmp/nia-publication-fault-4wgmnp5s/case/store/objects/0c/a179e6befeb761f3613f1ef57ca892ebc3a6a228dca32f1309f0ac06a7de7e>, "!<arch>\ndebian-binary/  0           0     0     100644  4         `\n2.0\ncontrol.tar/    0       "..., 65536, 0) = 20672
pread64(3</tmp/nia-publication-fault-4wgmnp5s/case/store/objects/0c/a179e6befeb761f3613f1ef57ca892ebc3a6a228dca32f1309f0ac06a7de7e>, "", 44864, 20672) = 0
pread64(3</tmp/nia-publication-fault-4wgmnp5s/case/store/objects/0c/a179e6befeb761f3613f1ef57ca892ebc3a6a228dca32f1309f0ac06a7de7e>, "", 65536, 20672) = 0
pread64(3</tmp/nia-publication-fault-4wgmnp5s/case/store/objects/0c/a179e6befeb761f3613f1ef57ca892ebc3a6a228dca32f1309f0ac06a7de7e>, "!<arch>\n", 8, 0) = 8
pread64(3</tmp/nia-publication-fault-4wgmnp5s/case/store/objects/0c/a179e6befeb761f3613f1ef57ca892ebc3a6a228dca32f1309f0ac06a7de7e>, "debian-binary/  0           0     0     100644  4         `\n", 60, 8) = 60
pread64(3</tmp/nia-publication-fault-4wgmnp5s/case/store/objects/0c/a179e6befeb761f3613f1ef57ca892ebc3a6a228dca32f1309f0ac06a7de7e>, "2.0\n", 4, 68) = 4
pread64(3</tmp/nia-publication-fault-4wgmnp5s/case/store/objects/0c/a179e6befeb761f3613f1ef57ca892ebc3a6a228dca32f1309f0ac06a7de7e>, "2.0\n", 4, 68) = 4
pread64(3</tmp/nia-publication-fault-4wgmnp5s/case/store/objects/0c/a179e6befeb761f3613f1ef57ca892ebc3a6a228dca32f1309f0ac06a7de7e>, "control.tar/    0           0     0     100644  10240     `\n", 60, 72) = 60
pread64(3</tmp/nia-publication-fault-4wgmnp5s/case/store/objects/0c/a179e6befeb761f3613f1ef57ca892ebc3a6a228dca32f1309f0ac06a7de7e>, "./control\0\0\0\0\0\0\0\0\0\0\0\0\0\0\0\0\0\0\0\0\0\0\0\0\0\0\0\0\0\0\0\0\0\0\0\0\0\0\0\0\0\0\0\0\0\0\0\0\0\0\0\0\0\0\0\0\0\0\0\0\0\0\0\0\0\0\0\0\0\0\0\0\0\0\0\0\0\0\0\0\0\0\0\0\0\0\0"..., 10240, 132) = 10240
pread64(3</tmp/nia-publication-fault-4wgmnp5s/case/store/objects/0c/a179e6befeb761f3613f1ef57ca892ebc3a6a228dca32f1309f0ac06a7de7e>, "data.tar/       0           0     0     100644  10240     `\n", 60, 10372) = 60
pread64(3</tmp/nia-publication-fault-4wgmnp5s/case/store/objects/0c/a179e6befeb761f3613f1ef57ca892ebc3a6a228dca32f1309f0ac06a7de7e>, "\0\0\0\0\0\0\0\0\0\0\0\0\0\0\0\0\0\0\0\0\0\0\0\0\0\0\0\0\0\0\0\0\0\0\0\0\0\0\0\0\0\0\0\0\0\0\0\0\0\0\0\0\0\0\0\0\0\0\0\0\0\0\0\0\0\0\0\0\0\0\0\0\0\0\0\0\0\0\0\0\0\0\0\0\0\0\0\0\0\0\0\0\0\0\0\0"..., 10240, 10432) = 10240
pread64(3</tmp/nia-publication-fault-4wgmnp5s/case/store/objects/0c/a179e6befeb761f3613f1ef57ca892ebc3a6a228dca32f1309f0ac06a7de7e>, "!<arch>\ndebian-binary/  0           0     0     100644  4         `\n2.0\ncontrol.tar/    0       "..., 65536, 0) = 20672
pread64(3</tmp/nia-publication-fault-4wgmnp5s/case/store/objects/0c/a179e6befeb761f3613f1ef57ca892ebc3a6a228dca32f1309f0ac06a7de7e>, "", 44864, 20672) = 0
pread64(3</tmp/nia-publication-fault-4wgmnp5s/case/store/objects/0c/a179e6befeb761f3613f1ef57ca892ebc3a6a228dca32f1309f0ac06a7de7e>, "", 65536, 20672) = 0
pread64(3</tmp/nia-publication-fault-4wgmnp5s/case/store/objects/0c/a179e6befeb761f3613f1ef57ca892ebc3a6a228dca32f1309f0ac06a7de7e>, "!<arch>\n", 8, 0) = 8
pread64(3</tmp/nia-publication-fault-4wgmnp5s/case/store/objects/0c/a179e6befeb761f3613f1ef57ca892ebc3a6a228dca32f1309f0ac06a7de7e>, "debian-binary/  0           0     0     100644  4         `\n", 60, 8) = 60
pread64(3</tmp/nia-publication-fault-4wgmnp5s/case/store/objects/0c/a179e6befeb761f3613f1ef57ca892ebc3a6a228dca32f1309f0ac06a7de7e>, "2.0\n", 4, 68) = 4
pread64(3</tmp/nia-publication-fault-4wgmnp5s/case/store/objects/0c/a179e6befeb761f3613f1ef57ca892ebc3a6a228dca32f1309f0ac06a7de7e>, "2.0\n", 4, 68) = 4
pread64(3</tmp/nia-publication-fault-4wgmnp5s/case/store/objects/0c/a179e6befeb761f3613f1ef57ca892ebc3a6a228dca32f1309f0ac06a7de7e>, "control.tar/    0           0     0     100644  10240     `\n", 60, 72) = 60
pread64(3</tmp/nia-publication-fault-4wgmnp5s/case/store/objects/0c/a179e6befeb761f3613f1ef57ca892ebc3a6a228dca32f1309f0ac06a7de7e>, "./control\0\0\0\0\0\0\0\0\0\0\0\0\0\0\0\0\0\0\0\0\0\0\0\0\0\0\0\0\0\0\0\0\0\0\0\0\0\0\0\0\0\0\0\0\0\0\0\0\0\0\0\0\0\0\0\0\0\0\0\0\0\0\0\0\0\0\0\0\0\0\0\0\0\0\0\0\0\0\0\0\0\0\0\0\0\0\0"..., 10240, 132) = 10240
pread64(3</tmp/nia-publication-fault-4wgmnp5s/case/store/objects/0c/a179e6befeb761f3613f1ef57ca892ebc3a6a228dca32f1309f0ac06a7de7e>, "data.tar/       0           0     0     100644  10240     `\n", 60, 10372) = 60
pread64(3</tmp/nia-publication-fault-4wgmnp5s/case/store/objects/0c/a179e6befeb761f3613f1ef57ca892ebc3a6a228dca32f1309f0ac06a7de7e>, "\0\0\0\0\0\0\0\0\0\0\0\0\0\0\0\0\0\0\0\0\0\0\0\0\0\0\0\0\0\0\0\0\0\0\0\0\0\0\0\0\0\0\0\0\0\0\0\0\0\0\0\0\0\0\0\0\0\0\0\0\0\0\0\0\0\0\0\0\0\0\0\0\0\0\0\0\0\0\0\0\0\0\0\0\0\0\0\0\0\0\0\0\0\0\0\0"..., 10240, 10432) = 10240
fsync(17</tmp/nia-publication-fault-4wgmnp5s/case/store/incoming>) = 0
pread64(3</tmp/nia-publication-fault-4wgmnp5s/case/store/objects/0c/a179e6befeb761f3613f1ef57ca892ebc3a6a228dca32f1309f0ac06a7de7e>, "\0\0\0\0\0\0\0\0\0\0\0\0\0\0\0\0\0\0\0\0\0\0\0\0\0\0\0\0\0\0\0\0\0\0\0\0\0\0\0\0\0\0\0\0\0\0\0\0\0\0\0\0\0\0\0\0\0\0\0\0\0\0\0\0\0\0\0\0\0\0\0\0\0\0\0\0\0\0\0\0\0\0\0\0\0\0\0\0\0\0\0\0\0\0\0\0"..., 10240, 10432) = 10240
write(16</tmp/nia-publication-fault-4wgmnp5s/case/store/incoming/b6afa2c3870745e8c295ff274869004e>, "\0\0\0\0\0\0\0\0\0\0\0\0\0\0\0\0\0\0\0\0\0\0\0\0\0\0\0\0\0\0\0\0\0\0\0\0\0\0\0\0\0\0\0\0\0\0\0\0\0\0\0\0\0\0\0\0\0\0\0\0\0\0\0\0\0\0\0\0\0\0\0\0\0\0\0\0\0\0\0\0\0\0\0\0\0\0\0\0\0\0\0\0\0\0\0\0"..., 10240) = 10240
fsync(16</tmp/nia-publication-fault-4wgmnp5s/case/store/incoming/b6afa2c3870745e8c295ff274869004e>) = 0
renameat2(17</tmp/nia-publication-fault-4wgmnp5s/case/store/incoming>, "b6afa2c3870745e8c295ff274869004e", 16</tmp/nia-publication-fault-4wgmnp5s/case/store/objects/84>, "ff92691f909a05b224e1c56abb4864f01b4f8e3c854e4bb4c7baf1d3f6d652", RENAME_NOREPLACE) = -1 EEXIST (File exists)
pread64(16</tmp/nia-publication-fault-4wgmnp5s/case/store/objects/84/ff92691f909a05b224e1c56abb4864f01b4f8e3c854e4bb4c7baf1d3f6d652>, "\0\0\0\0\0\0\0\0\0\0\0\0\0\0\0\0\0\0\0\0\0\0\0\0\0\0\0\0\0\0\0\0\0\0\0\0\0\0\0\0\0\0\0\0\0\0\0\0\0\0\0\0\0\0\0\0\0\0\0\0\0\0\0\0\0\0\0\0\0\0\0\0\0\0\0\0\0\0\0\0\0\0\0\0\0\0\0\0\0\0\0\0\0\0\0\0"..., 65536, 0) = 10240
pread64(16</tmp/nia-publication-fault-4wgmnp5s/case/store/objects/84/ff92691f909a05b224e1c56abb4864f01b4f8e3c854e4bb4c7baf1d3f6d652>, "", 55296, 10240) = 0
pread64(16</tmp/nia-publication-fault-4wgmnp5s/case/store/objects/84/ff92691f909a05b224e1c56abb4864f01b4f8e3c854e4bb4c7baf1d3f6d652>, "", 65536, 10240) = 0
fsync(17</tmp/nia-publication-fault-4wgmnp5s/case/store/incoming>) = 0
pread64(3</tmp/nia-publication-fault-4wgmnp5s/case/store/objects/84/ff92691f909a05b224e1c56abb4864f01b4f8e3c854e4bb4c7baf1d3f6d652>, "\0\0\0\0\0\0\0\0\0\0\0\0\0\0\0\0\0\0\0\0\0\0\0\0\0\0\0\0\0\0\0\0\0\0\0\0\0\0\0\0\0\0\0\0\0\0\0\0\0\0\0\0\0\0\0\0\0\0\0\0\0\0\0\0\0\0\0\0\0\0\0\0\0\0\0\0\0\0\0\0\0\0\0\0\0\0\0\0\0\0\0\0\0\0\0\0"..., 65536, 0) = 10240
pread64(3</tmp/nia-publication-fault-4wgmnp5s/case/store/objects/84/ff92691f909a05b224e1c56abb4864f01b4f8e3c854e4bb4c7baf1d3f6d652>, "", 55296, 10240) = 0
pread64(3</tmp/nia-publication-fault-4wgmnp5s/case/store/objects/84/ff92691f909a05b224e1c56abb4864f01b4f8e3c854e4bb4c7baf1d3f6d652>, "", 65536, 10240) = 0
pread64(3</tmp/nia-publication-fault-4wgmnp5s/case/store/objects/84/ff92691f909a05b224e1c56abb4864f01b4f8e3c854e4bb4c7baf1d3f6d652>, "\0\0\0\0\0\0\0\0\0\0\0\0\0\0\0\0\0\0\0\0\0\0\0\0\0\0\0\0\0\0\0\0\0\0\0\0\0\0\0\0\0\0\0\0\0\0\0\0\0\0\0\0\0\0\0\0\0\0\0\0\0\0\0\0\0\0\0\0\0\0\0\0\0\0\0\0\0\0\0\0\0\0\0\0\0\0\0\0\0\0\0\0\0\0\0\0"..., 10240, 0) = 10240
fsync(17</tmp/nia-publication-fault-4wgmnp5s/case/store/incoming>) = 0
pread64(3</tmp/nia-publication-fault-4wgmnp5s/case/store/objects/84/ff92691f909a05b224e1c56abb4864f01b4f8e3c854e4bb4c7baf1d3f6d652>, "\0\0\0\0\0\0\0\0\0\0\0\0\0\0\0\0\0\0\0\0\0\0\0\0\0\0\0\0\0\0\0\0\0\0\0\0\0\0\0\0\0\0\0\0\0\0\0\0\0\0\0\0\0\0\0\0\0\0\0\0\0\0\0\0\0\0\0\0\0\0\0\0\0\0\0\0\0\0\0\0\0\0\0\0\0\0\0\0\0\0\0\0\0\0\0\0"..., 10240, 0) = 10240
write(16</tmp/nia-publication-fault-4wgmnp5s/case/store/incoming/10f1e2392e069fe6ca2d0d46ff4fce29>, "\0\0\0\0\0\0\0\0\0\0\0\0\0\0\0\0\0\0\0\0\0\0\0\0\0\0\0\0\0\0\0\0\0\0\0\0\0\0\0\0\0\0\0\0\0\0\0\0\0\0\0\0\0\0\0\0\0\0\0\0\0\0\0\0\0\0\0\0\0\0\0\0\0\0\0\0\0\0\0\0\0\0\0\0\0\0\0\0\0\0\0\0\0\0\0\0"..., 10240) = 10240
fsync(16</tmp/nia-publication-fault-4wgmnp5s/case/store/incoming/10f1e2392e069fe6ca2d0d46ff4fce29>) = 0
renameat2(17</tmp/nia-publication-fault-4wgmnp5s/case/store/incoming>, "10f1e2392e069fe6ca2d0d46ff4fce29", 16</tmp/nia-publication-fault-4wgmnp5s/case/store/objects/84>, "ff92691f909a05b224e1c56abb4864f01b4f8e3c854e4bb4c7baf1d3f6d652", RENAME_NOREPLACE) = -1 EEXIST (File exists)
pread64(16</tmp/nia-publication-fault-4wgmnp5s/case/store/objects/84/ff92691f909a05b224e1c56abb4864f01b4f8e3c854e4bb4c7baf1d3f6d652>, "\0\0\0\0\0\0\0\0\0\0\0\0\0\0\0\0\0\0\0\0\0\0\0\0\0\0\0\0\0\0\0\0\0\0\0\0\0\0\0\0\0\0\0\0\0\0\0\0\0\0\0\0\0\0\0\0\0\0\0\0\0\0\0\0\0\0\0\0\0\0\0\0\0\0\0\0\0\0\0\0\0\0\0\0\0\0\0\0\0\0\0\0\0\0\0\0"..., 65536, 0) = 10240
pread64(16</tmp/nia-publication-fault-4wgmnp5s/case/store/objects/84/ff92691f909a05b224e1c56abb4864f01b4f8e3c854e4bb4c7baf1d3f6d652>, "", 55296, 10240) = 0
pread64(16</tmp/nia-publication-fault-4wgmnp5s/case/store/objects/84/ff92691f909a05b224e1c56abb4864f01b4f8e3c854e4bb4c7baf1d3f6d652>, "", 65536, 10240) = 0
fsync(17</tmp/nia-publication-fault-4wgmnp5s/case/store/incoming>) = 0
pread64(3</tmp/nia-publication-fault-4wgmnp5s/case/store/objects/84/ff92691f909a05b224e1c56abb4864f01b4f8e3c854e4bb4c7baf1d3f6d652>, "\0\0\0\0\0\0\0\0\0\0\0\0\0\0\0\0\0\0\0\0\0\0\0\0\0\0\0\0\0\0\0\0\0\0\0\0\0\0\0\0\0\0\0\0\0\0\0\0\0\0\0\0\0\0\0\0\0\0\0\0\0\0\0\0\0\0\0\0\0\0\0\0\0\0\0\0\0\0\0\0\0\0\0\0\0\0\0\0\0\0\0\0\0\0\0\0"..., 65536, 0) = 10240
pread64(3</tmp/nia-publication-fault-4wgmnp5s/case/store/objects/84/ff92691f909a05b224e1c56abb4864f01b4f8e3c854e4bb4c7baf1d3f6d652>, "", 55296, 10240) = 0
pread64(3</tmp/nia-publication-fault-4wgmnp5s/case/store/objects/84/ff92691f909a05b224e1c56abb4864f01b4f8e3c854e4bb4c7baf1d3f6d652>, "", 65536, 10240) = 0
pread64(3</tmp/nia-publication-fault-4wgmnp5s/case/store/objects/84/ff92691f909a05b224e1c56abb4864f01b4f8e3c854e4bb4c7baf1d3f6d652>, "\0\0\0\0\0\0\0\0\0\0\0\0\0\0\0\0\0\0\0\0\0\0\0\0\0\0\0\0\0\0\0\0\0\0\0\0\0\0\0\0\0\0\0\0\0\0\0\0\0\0\0\0\0\0\0\0\0\0\0\0\0\0\0\0\0\0\0\0\0\0\0\0\0\0\0\0\0\0\0\0\0\0\0\0\0\0\0\0\0\0\0\0\0\0\0\0"..., 512, 0) = 512
pread64(3</tmp/nia-publication-fault-4wgmnp5s/case/store/objects/84/ff92691f909a05b224e1c56abb4864f01b4f8e3c854e4bb4c7baf1d3f6d652>, "\0\0\0\0\0\0\0\0\0\0\0\0\0\0\0\0\0\0\0\0\0\0\0\0\0\0\0\0\0\0\0\0\0\0\0\0\0\0\0\0\0\0\0\0\0\0\0\0\0\0\0\0\0\0\0\0\0\0\0\0\0\0\0\0\0\0\0\0\0\0\0\0\0\0\0\0\0\0\0\0\0\0\0\0\0\0\0\0\0\0\0\0\0\0\0\0"..., 9728, 512) = 9728
pread64(3</tmp/nia-publication-fault-4wgmnp5s/case/store/objects/0c/a179e6befeb761f3613f1ef57ca892ebc3a6a228dca32f1309f0ac06a7de7e>, "!<arch>\ndebian-binary/  0           0     0     100644  4         `\n2.0\ncontrol.tar/    0       "..., 65536, 0) = 20672
pread64(3</tmp/nia-publication-fault-4wgmnp5s/case/store/objects/0c/a179e6befeb761f3613f1ef57ca892ebc3a6a228dca32f1309f0ac06a7de7e>, "", 44864, 20672) = 0
pread64(3</tmp/nia-publication-fault-4wgmnp5s/case/store/objects/0c/a179e6befeb761f3613f1ef57ca892ebc3a6a228dca32f1309f0ac06a7de7e>, "", 65536, 20672) = 0
pread64(3</tmp/nia-publication-fault-4wgmnp5s/case/store/objects/0c/a179e6befeb761f3613f1ef57ca892ebc3a6a228dca32f1309f0ac06a7de7e>, "!<arch>\n", 8, 0) = 8
pread64(3</tmp/nia-publication-fault-4wgmnp5s/case/store/objects/0c/a179e6befeb761f3613f1ef57ca892ebc3a6a228dca32f1309f0ac06a7de7e>, "debian-binary/  0           0     0     100644  4         `\n", 60, 8) = 60
pread64(3</tmp/nia-publication-fault-4wgmnp5s/case/store/objects/0c/a179e6befeb761f3613f1ef57ca892ebc3a6a228dca32f1309f0ac06a7de7e>, "2.0\n", 4, 68) = 4
pread64(3</tmp/nia-publication-fault-4wgmnp5s/case/store/objects/0c/a179e6befeb761f3613f1ef57ca892ebc3a6a228dca32f1309f0ac06a7de7e>, "2.0\n", 4, 68) = 4
pread64(3</tmp/nia-publication-fault-4wgmnp5s/case/store/objects/0c/a179e6befeb761f3613f1ef57ca892ebc3a6a228dca32f1309f0ac06a7de7e>, "control.tar/    0           0     0     100644  10240     `\n", 60, 72) = 60
pread64(3</tmp/nia-publication-fault-4wgmnp5s/case/store/objects/0c/a179e6befeb761f3613f1ef57ca892ebc3a6a228dca32f1309f0ac06a7de7e>, "./control\0\0\0\0\0\0\0\0\0\0\0\0\0\0\0\0\0\0\0\0\0\0\0\0\0\0\0\0\0\0\0\0\0\0\0\0\0\0\0\0\0\0\0\0\0\0\0\0\0\0\0\0\0\0\0\0\0\0\0\0\0\0\0\0\0\0\0\0\0\0\0\0\0\0\0\0\0\0\0\0\0\0\0\0\0\0\0"..., 10240, 132) = 10240
pread64(3</tmp/nia-publication-fault-4wgmnp5s/case/store/objects/0c/a179e6befeb761f3613f1ef57ca892ebc3a6a228dca32f1309f0ac06a7de7e>, "data.tar/       0           0     0     100644  10240     `\n", 60, 10372) = 60
pread64(3</tmp/nia-publication-fault-4wgmnp5s/case/store/objects/0c/a179e6befeb761f3613f1ef57ca892ebc3a6a228dca32f1309f0ac06a7de7e>, "\0\0\0\0\0\0\0\0\0\0\0\0\0\0\0\0\0\0\0\0\0\0\0\0\0\0\0\0\0\0\0\0\0\0\0\0\0\0\0\0\0\0\0\0\0\0\0\0\0\0\0\0\0\0\0\0\0\0\0\0\0\0\0\0\0\0\0\0\0\0\0\0\0\0\0\0\0\0\0\0\0\0\0\0\0\0\0\0\0\0\0\0\0\0\0\0"..., 10240, 10432) = 10240
pread64(3</tmp/nia-publication-fault-4wgmnp5s/case/store/objects/0c/a179e6befeb761f3613f1ef57ca892ebc3a6a228dca32f1309f0ac06a7de7e>, "!<arch>\ndebian-binary/  0           0     0     100644  4         `\n2.0\ncontrol.tar/    0       "..., 65536, 0) = 20672
pread64(3</tmp/nia-publication-fault-4wgmnp5s/case/store/objects/0c/a179e6befeb761f3613f1ef57ca892ebc3a6a228dca32f1309f0ac06a7de7e>, "", 44864, 20672) = 0
pread64(3</tmp/nia-publication-fault-4wgmnp5s/case/store/objects/0c/a179e6befeb761f3613f1ef57ca892ebc3a6a228dca32f1309f0ac06a7de7e>, "", 65536, 20672) = 0
pread64(3</tmp/nia-publication-fault-4wgmnp5s/case/store/objects/0c/a179e6befeb761f3613f1ef57ca892ebc3a6a228dca32f1309f0ac06a7de7e>, "!<arch>\n", 8, 0) = 8
pread64(3</tmp/nia-publication-fault-4wgmnp5s/case/store/objects/0c/a179e6befeb761f3613f1ef57ca892ebc3a6a228dca32f1309f0ac06a7de7e>, "debian-binary/  0           0     0     100644  4         `\n", 60, 8) = 60
pread64(3</tmp/nia-publication-fault-4wgmnp5s/case/store/objects/0c/a179e6befeb761f3613f1ef57ca892ebc3a6a228dca32f1309f0ac06a7de7e>, "2.0\n", 4, 68) = 4
pread64(3</tmp/nia-publication-fault-4wgmnp5s/case/store/objects/0c/a179e6befeb761f3613f1ef57ca892ebc3a6a228dca32f1309f0ac06a7de7e>, "2.0\n", 4, 68) = 4
pread64(3</tmp/nia-publication-fault-4wgmnp5s/case/store/objects/0c/a179e6befeb761f3613f1ef57ca892ebc3a6a228dca32f1309f0ac06a7de7e>, "control.tar/    0           0     0     100644  10240     `\n", 60, 72) = 60
pread64(3</tmp/nia-publication-fault-4wgmnp5s/case/store/objects/0c/a179e6befeb761f3613f1ef57ca892ebc3a6a228dca32f1309f0ac06a7de7e>, "./control\0\0\0\0\0\0\0\0\0\0\0\0\0\0\0\0\0\0\0\0\0\0\0\0\0\0\0\0\0\0\0\0\0\0\0\0\0\0\0\0\0\0\0\0\0\0\0\0\0\0\0\0\0\0\0\0\0\0\0\0\0\0\0\0\0\0\0\0\0\0\0\0\0\0\0\0\0\0\0\0\0\0\0\0\0\0\0"..., 10240, 132) = 10240
pread64(3</tmp/nia-publication-fault-4wgmnp5s/case/store/objects/0c/a179e6befeb761f3613f1ef57ca892ebc3a6a228dca32f1309f0ac06a7de7e>, "data.tar/       0           0     0     100644  10240     `\n", 60, 10372) = 60
pread64(3</tmp/nia-publication-fault-4wgmnp5s/case/store/objects/0c/a179e6befeb761f3613f1ef57ca892ebc3a6a228dca32f1309f0ac06a7de7e>, "\0\0\0\0\0\0\0\0\0\0\0\0\0\0\0\0\0\0\0\0\0\0\0\0\0\0\0\0\0\0\0\0\0\0\0\0\0\0\0\0\0\0\0\0\0\0\0\0\0\0\0\0\0\0\0\0\0\0\0\0\0\0\0\0\0\0\0\0\0\0\0\0\0\0\0\0\0\0\0\0\0\0\0\0\0\0\0\0\0\0\0\0\0\0\0\0"..., 10240, 10432) = 10240
fsync(17</tmp/nia-publication-fault-4wgmnp5s/case/store/incoming>) = 0
pread64(3</tmp/nia-publication-fault-4wgmnp5s/case/store/objects/0c/a179e6befeb761f3613f1ef57ca892ebc3a6a228dca32f1309f0ac06a7de7e>, "./control\0\0\0\0\0\0\0\0\0\0\0\0\0\0\0\0\0\0\0\0\0\0\0\0\0\0\0\0\0\0\0\0\0\0\0\0\0\0\0\0\0\0\0\0\0\0\0\0\0\0\0\0\0\0\0\0\0\0\0\0\0\0\0\0\0\0\0\0\0\0\0\0\0\0\0\0\0\0\0\0\0\0\0\0\0\0\0"..., 10240, 132) = 10240
write(16</tmp/nia-publication-fault-4wgmnp5s/case/store/incoming/5506a60901dc28b21e34a1aa7598257d>, "./control\0\0\0\0\0\0\0\0\0\0\0\0\0\0\0\0\0\0\0\0\0\0\0\0\0\0\0\0\0\0\0\0\0\0\0\0\0\0\0\0\0\0\0\0\0\0\0\0\0\0\0\0\0\0\0\0\0\0\0\0\0\0\0\0\0\0\0\0\0\0\0\0\0\0\0\0\0\0\0\0\0\0\0\0\0\0\0"..., 10240) = 10240
fsync(16</tmp/nia-publication-fault-4wgmnp5s/case/store/incoming/5506a60901dc28b21e34a1aa7598257d>) = 0
renameat2(17</tmp/nia-publication-fault-4wgmnp5s/case/store/incoming>, "5506a60901dc28b21e34a1aa7598257d", 16</tmp/nia-publication-fault-4wgmnp5s/case/store/objects/4a>, "36f6eb7c1b236ab6cb28ddb882919e888bf393dfc00d93008ad6730697f8f7", RENAME_NOREPLACE) = -1 EEXIST (File exists)
pread64(16</tmp/nia-publication-fault-4wgmnp5s/case/store/objects/4a/36f6eb7c1b236ab6cb28ddb882919e888bf393dfc00d93008ad6730697f8f7>, "./control\0\0\0\0\0\0\0\0\0\0\0\0\0\0\0\0\0\0\0\0\0\0\0\0\0\0\0\0\0\0\0\0\0\0\0\0\0\0\0\0\0\0\0\0\0\0\0\0\0\0\0\0\0\0\0\0\0\0\0\0\0\0\0\0\0\0\0\0\0\0\0\0\0\0\0\0\0\0\0\0\0\0\0\0\0\0\0"..., 65536, 0) = 10240
pread64(16</tmp/nia-publication-fault-4wgmnp5s/case/store/objects/4a/36f6eb7c1b236ab6cb28ddb882919e888bf393dfc00d93008ad6730697f8f7>, "", 55296, 10240) = 0
pread64(16</tmp/nia-publication-fault-4wgmnp5s/case/store/objects/4a/36f6eb7c1b236ab6cb28ddb882919e888bf393dfc00d93008ad6730697f8f7>, "", 65536, 10240) = 0
fsync(17</tmp/nia-publication-fault-4wgmnp5s/case/store/incoming>) = 0
pread64(3</tmp/nia-publication-fault-4wgmnp5s/case/store/objects/4a/36f6eb7c1b236ab6cb28ddb882919e888bf393dfc00d93008ad6730697f8f7>, "./control\0\0\0\0\0\0\0\0\0\0\0\0\0\0\0\0\0\0\0\0\0\0\0\0\0\0\0\0\0\0\0\0\0\0\0\0\0\0\0\0\0\0\0\0\0\0\0\0\0\0\0\0\0\0\0\0\0\0\0\0\0\0\0\0\0\0\0\0\0\0\0\0\0\0\0\0\0\0\0\0\0\0\0\0\0\0\0"..., 65536, 0) = 10240
pread64(3</tmp/nia-publication-fault-4wgmnp5s/case/store/objects/4a/36f6eb7c1b236ab6cb28ddb882919e888bf393dfc00d93008ad6730697f8f7>, "", 55296, 10240) = 0
pread64(3</tmp/nia-publication-fault-4wgmnp5s/case/store/objects/4a/36f6eb7c1b236ab6cb28ddb882919e888bf393dfc00d93008ad6730697f8f7>, "", 65536, 10240) = 0
pread64(3</tmp/nia-publication-fault-4wgmnp5s/case/store/objects/4a/36f6eb7c1b236ab6cb28ddb882919e888bf393dfc00d93008ad6730697f8f7>, "./control\0\0\0\0\0\0\0\0\0\0\0\0\0\0\0\0\0\0\0\0\0\0\0\0\0\0\0\0\0\0\0\0\0\0\0\0\0\0\0\0\0\0\0\0\0\0\0\0\0\0\0\0\0\0\0\0\0\0\0\0\0\0\0\0\0\0\0\0\0\0\0\0\0\0\0\0\0\0\0\0\0\0\0\0\0\0\0"..., 10240, 0) = 10240
fsync(17</tmp/nia-publication-fault-4wgmnp5s/case/store/incoming>) = 0
write(16</tmp/nia-publication-fault-4wgmnp5s/case/store/incoming/f368f9da15eaeec8199ff161775835cb>, "Package: empty-package\nVersion: 1\nArchitecture: all\nMaintainer: Fixture <fixture@example.invalid"..., 149) = 149
fsync(16</tmp/nia-publication-fault-4wgmnp5s/case/store/incoming/f368f9da15eaeec8199ff161775835cb>) = 0
renameat2(17</tmp/nia-publication-fault-4wgmnp5s/case/store/incoming>, "f368f9da15eaeec8199ff161775835cb", 16</tmp/nia-publication-fault-4wgmnp5s/case/store/objects/a3>, "1a856f430af395bccd7eb2f142b11ad3ae0fc5daf3acc4ffb341c48a5abd39", RENAME_NOREPLACE) = -1 EEXIST (File exists)
pread64(16</tmp/nia-publication-fault-4wgmnp5s/case/store/objects/a3/1a856f430af395bccd7eb2f142b11ad3ae0fc5daf3acc4ffb341c48a5abd39>, "Package: empty-package\nVersion: 1\nArchitecture: all\nMaintainer: Fixture <fixture@example.invalid"..., 65536, 0) = 149
pread64(16</tmp/nia-publication-fault-4wgmnp5s/case/store/objects/a3/1a856f430af395bccd7eb2f142b11ad3ae0fc5daf3acc4ffb341c48a5abd39>, "", 65387, 149) = 0
pread64(16</tmp/nia-publication-fault-4wgmnp5s/case/store/objects/a3/1a856f430af395bccd7eb2f142b11ad3ae0fc5daf3acc4ffb341c48a5abd39>, "", 65536, 149) = 0
fsync(17</tmp/nia-publication-fault-4wgmnp5s/case/store/incoming>) = 0
pread64(3</tmp/nia-publication-fault-4wgmnp5s/case/store/objects/a3/1a856f430af395bccd7eb2f142b11ad3ae0fc5daf3acc4ffb341c48a5abd39>, "Package: empty-package\nVersion: 1\nArchitecture: all\nMaintainer: Fixture <fixture@example.invalid"..., 65536, 0) = 149
pread64(3</tmp/nia-publication-fault-4wgmnp5s/case/store/objects/a3/1a856f430af395bccd7eb2f142b11ad3ae0fc5daf3acc4ffb341c48a5abd39>, "", 65387, 149) = 0
pread64(3</tmp/nia-publication-fault-4wgmnp5s/case/store/objects/a3/1a856f430af395bccd7eb2f142b11ad3ae0fc5daf3acc4ffb341c48a5abd39>, "", 65536, 149) = 0
pread64(3</tmp/nia-publication-fault-4wgmnp5s/case/store/objects/a3/1a856f430af395bccd7eb2f142b11ad3ae0fc5daf3acc4ffb341c48a5abd39>, "Package: empty-package\nVersion: 1\nArchitecture: all\nMaintainer: Fixture <fixture@example.invalid"..., 16777216, 0) = 149
pread64(3</tmp/nia-publication-fault-4wgmnp5s/case/store/objects/a3/1a856f430af395bccd7eb2f142b11ad3ae0fc5daf3acc4ffb341c48a5abd39>, "", 16777067, 149) = 0
pread64(3</tmp/nia-publication-fault-4wgmnp5s/case/store/objects/a3/1a856f430af395bccd7eb2f142b11ad3ae0fc5daf3acc4ffb341c48a5abd39>, "Package: empty-package\nVersion: 1\nArchitecture: all\nMaintainer: Fixture <fixture@example.invalid"..., 65536, 0) = 149
pread64(3</tmp/nia-publication-fault-4wgmnp5s/case/store/objects/a3/1a856f430af395bccd7eb2f142b11ad3ae0fc5daf3acc4ffb341c48a5abd39>, "", 65387, 149) = 0
pread64(3</tmp/nia-publication-fault-4wgmnp5s/case/store/objects/a3/1a856f430af395bccd7eb2f142b11ad3ae0fc5daf3acc4ffb341c48a5abd39>, "", 65536, 149) = 0
pread64(3</tmp/nia-publication-fault-4wgmnp5s/case/store/objects/a3/1a856f430af395bccd7eb2f142b11ad3ae0fc5daf3acc4ffb341c48a5abd39>, "Package: empty-package\nVersion: 1\nArchitecture: all\nMaintainer: Fixture <fixture@example.invalid"..., 16777216, 0) = 149
pread64(3</tmp/nia-publication-fault-4wgmnp5s/case/store/objects/a3/1a856f430af395bccd7eb2f142b11ad3ae0fc5daf3acc4ffb341c48a5abd39>, "", 16777067, 149) = 0
pread64(3</tmp/nia-publication-fault-4wgmnp5s/case/state/root.state>, "MCROOT02\37\37\37\37\37\37\37\37\37\37\37\37\37\37\37\37\0\0\0\0\0\0\0\0================|(\260]\354\310\366\2733\266\317\17dlZ\365\252\200U\340\nL\366\332\32tk\326;\35\36\362\0\0\0\0\0\0\0\0\0\0\0\0\0\0\0\0"..., 192, 0) = 192
pread64(3</tmp/nia-publication-fault-4wgmnp5s/case/store/objects/7c/28b05decc8f6bb33b6cf0f646c5af5aa8055e00a4cf6da1a746bd63b1d1ef2>, "MCPLAN02\37\37\37\37\37\37\37\37\37\37\37\37\37\37\37\37================\0\0\0\0\0\0\0\0\0\0\0\0\0\0\0\1\0\0\0\0\0\0\0\1\0\0\0\0\0\0\0\2\216\346\2104^\35\225\2\356\214\327'zE<0\277\267{\224r\1\276\263"..., 4500000, 0) = 467
pread64(3</tmp/nia-publication-fault-4wgmnp5s/case/store/objects/7c/28b05decc8f6bb33b6cf0f646c5af5aa8055e00a4cf6da1a746bd63b1d1ef2>, "", 4499533, 467) = 0
pread64(3</tmp/nia-publication-fault-4wgmnp5s/case/store/pins/3d3d3d3d3d3d3d3d3d3d3d3d3d3d3d3d>, "|(\260]\354\310\366\2733\266\317\17dlZ\365\252\200U\340\nL\366\332\32tk\326;\35\36\362", 33, 0) = 32
pread64(3</tmp/nia-publication-fault-4wgmnp5s/case/store/pins/3d3d3d3d3d3d3d3d3d3d3d3d3d3d3d3d>, "", 1, 32) = 0
pread64(3</tmp/nia-publication-fault-4wgmnp5s/case/state/tx-3d3d3d3d3d3d3d3d3d3d3d3d3d3d3d3d.log>, "MCLOG002\0\0\0\0\0\0\0\1\0\1\0\0\0\0\0\0\37\37\37\37\37\37\37\37\37\37\37\37\37\37\37\37================\0\0\0\0\0\0\0\1\0\0\0\0\0\0\0\2\0\0\0\0\0\0\0\0\0\0\0\0\0\0\0\1|(\260]\354\310\366\273"..., 256, 0) = 256
pread64(3</tmp/nia-publication-fault-4wgmnp5s/case/state/tx-3d3d3d3d3d3d3d3d3d3d3d3d3d3d3d3d.log>, "MCLOG002\0\0\0\0\0\0\0\2\0\2\0\0\0\0\0\0\37\37\37\37\37\37\37\37\37\37\37\37\37\37\37\37================\0\0\0\0\0\0\0\1\0\0\0\0\0\0\0\2\0\0\0\0\0\0\0\1\0\0\0\0\0\0\0\1|(\260]\354\310\366\273"..., 256, 256) = 256
pread64(3</tmp/nia-publication-fault-4wgmnp5s/case/state/tx-3d3d3d3d3d3d3d3d3d3d3d3d3d3d3d3d.log>, "MCLOG002\0\0\0\0\0\0\0\3\0\3\0\0\0\0\0\0\37\37\37\37\37\37\37\37\37\37\37\37\37\37\37\37================\0\0\0\0\0\0\0\1\0\0\0\0\0\0\0\2\0\0\0\0\0\0\0\1\0\0\0\0\0\0\0\1|(\260]\354\310\366\273"..., 256, 512) = 256
pread64(3</tmp/nia-publication-fault-4wgmnp5s/case/state/tx-3d3d3d3d3d3d3d3d3d3d3d3d3d3d3d3d.log>, "MCLOG002\0\0\0\0\0\0\0\4\0\4\0\0\0\0\0\0\37\37\37\37\37\37\37\37\37\37\37\37\37\37\37\37================\0\0\0\0\0\0\0\1\0\0\0\0\0\0\0\2\0\0\0\0\0\0\0\0\0\0\0\0\0\0\0\1|(\260]\354\310\366\273"..., 256, 768) = 256
pread64(18</tmp/nia-publication-fault-4wgmnp5s/case/state/root.state>, "MCROOT02\37\37\37\37\37\37\37\37\37\37\37\37\37\37\37\37\0\0\0\0\0\0\0\0================|(\260]\354\310\366\2733\266\317\17dlZ\365\252\200U\340\nL\366\332\32tk\326;\35\36\362\0\0\0\0\0\0\0\0\0\0\0\0\0\0\0\0"..., 192, 0) = 192
pread64(3</tmp/nia-publication-fault-4wgmnp5s/case/store/objects/b2/d93d1647239d0ba4daeaa2a008547e866b63fe552b7835bb1cf81afd008832>, "NIASPOL1~R\322\ng\4\374Nt{\300\301\330\36\340\226\257\27\360\206\320\344f\21\354\217~\254\226\320\232\"\0\0\0\0\0\0\3\350\0\0\0\0\0\0\0\1GGGGGGGGGGGGGGGGGGGGGGGGGGGGGGGG\212\210\343\335t\t\361\225"..., 65536, 0) = 136
pread64(3</tmp/nia-publication-fault-4wgmnp5s/case/store/objects/b2/d93d1647239d0ba4daeaa2a008547e866b63fe552b7835bb1cf81afd008832>, "", 65400, 136) = 0
pread64(3</tmp/nia-publication-fault-4wgmnp5s/case/store/objects/b2/d93d1647239d0ba4daeaa2a008547e866b63fe552b7835bb1cf81afd008832>, "", 65536, 136) = 0
pread64(3</tmp/nia-publication-fault-4wgmnp5s/case/store/objects/b2/d93d1647239d0ba4daeaa2a008547e866b63fe552b7835bb1cf81afd008832>, "NIASPOL1~R\322\ng\4\374Nt{\300\301\330\36\340\226\257\27\360\206\320\344f\21\354\217~\254\226\320\232\"\0\0\0\0\0\0\3\350\0\0\0\0\0\0\0\1GGGGGGGGGGGGGGGGGGGGGGGGGGGGGGGG\212\210\343\335t\t\361\225"..., 20536, 0) = 136
pread64(3</tmp/nia-publication-fault-4wgmnp5s/case/store/objects/b2/d93d1647239d0ba4daeaa2a008547e866b63fe552b7835bb1cf81afd008832>, "", 20400, 136) = 0
pread64(3</tmp/nia-publication-fault-4wgmnp5s/case/store/objects/b2/d93d1647239d0ba4daeaa2a008547e866b63fe552b7835bb1cf81afd008832>, "NIASPOL1~R\322\ng\4\374Nt{\300\301\330\36\340\226\257\27\360\206\320\344f\21\354\217~\254\226\320\232\"\0\0\0\0\0\0\3\350\0\0\0\0\0\0\0\1GGGGGGGGGGGGGGGGGGGGGGGGGGGGGGGG\212\210\343\335t\t\361\225"..., 65536, 0) = 136
pread64(3</tmp/nia-publication-fault-4wgmnp5s/case/store/objects/b2/d93d1647239d0ba4daeaa2a008547e866b63fe552b7835bb1cf81afd008832>, "", 65400, 136) = 0
pread64(3</tmp/nia-publication-fault-4wgmnp5s/case/store/objects/b2/d93d1647239d0ba4daeaa2a008547e866b63fe552b7835bb1cf81afd008832>, "", 65536, 136) = 0
pread64(3</tmp/nia-publication-fault-4wgmnp5s/case/store/objects/b2/d93d1647239d0ba4daeaa2a008547e866b63fe552b7835bb1cf81afd008832>, "NIASPOL1~R\322\ng\4\374Nt{\300\301\330\36\340\226\257\27\360\206\320\344f\21\354\217~\254\226\320\232\"\0\0\0\0\0\0\3\350\0\0\0\0\0\0\0\1GGGGGGGGGGGGGGGGGGGGGGGGGGGGGGGG\212\210\343\335t\t\361\225"..., 20536, 0) = 136
pread64(3</tmp/nia-publication-fault-4wgmnp5s/case/store/objects/b2/d93d1647239d0ba4daeaa2a008547e866b63fe552b7835bb1cf81afd008832>, "", 20400, 136) = 0
pread64(3</tmp/nia-publication-fault-4wgmnp5s/case/store/objects/7e/52d20a6704fc4e747bc0c1d81ee096af17f086d0e46611ec8f7eac96d09a22>, "NIASMAP1\37\37\37\37\37\37\37\37\37\37\37\37\37\37\37\37\0\0\0\0\0\0\0\0\0\0\0\0\0\0\0\0\0\0\0\0\0\0\0\0\0\0\0\0\0\0\0\0\0\0\0\0\0\0\0\0\0\0\0\0\0\0\0\0\0\0\0\0\0\0\0\0\0\0\0\0\0\0\0\0\216\346\2104^\35\225\2"..., 65536, 0) = 256
pread64(3</tmp/nia-publication-fault-4wgmnp5s/case/store/objects/7e/52d20a6704fc4e747bc0c1d81ee096af17f086d0e46611ec8f7eac96d09a22>, "", 65280, 256) = 0
pread64(3</tmp/nia-publication-fault-4wgmnp5s/case/store/objects/7e/52d20a6704fc4e747bc0c1d81ee096af17f086d0e46611ec8f7eac96d09a22>, "", 65536, 256) = 0
pread64(3</tmp/nia-publication-fault-4wgmnp5s/case/store/objects/7e/52d20a6704fc4e747bc0c1d81ee096af17f086d0e46611ec8f7eac96d09a22>, "NIASMAP1\37\37\37\37\37\37\37\37\37\37\37\37\37\37\37\37\0\0\0\0\0\0\0\0\0\0\0\0\0\0\0\0\0\0\0\0\0\0\0\0\0\0\0\0\0\0\0\0\0\0\0\0\0\0\0\0\0\0\0\0\0\0\0\0\0\0\0\0\0\0\0\0\0\0\0\0\0\0\0\0\216\346\2104^\35\225\2"..., 393376, 0) = 256
pread64(3</tmp/nia-publication-fault-4wgmnp5s/case/store/objects/7e/52d20a6704fc4e747bc0c1d81ee096af17f086d0e46611ec8f7eac96d09a22>, "", 393120, 256) = 0
pread64(3</tmp/nia-publication-fault-4wgmnp5s/case/store/objects/be/79019cd624c1b58af3cac32a235b467dac74ebfc6ee94e6390a198650449a5>, "NIASUP01GGGGGGGGGGGGGGGGGGGGGGGGGGGGGGGGf\246uqQ\370\356U\333\22w\26\307\343\334\340\276\200t\266N \355\245B\345\301\344l\251\304\36\f\241y\346\276\376\267a\363a?\36\365|\250\222\353\303\246\242(\334\243/"..., 65536, 0) = 320
pread64(3</tmp/nia-publication-fault-4wgmnp5s/case/store/objects/be/79019cd624c1b58af3cac32a235b467dac74ebfc6ee94e6390a198650449a5>, "", 65216, 320) = 0
pread64(3</tmp/nia-publication-fault-4wgmnp5s/case/store/objects/be/79019cd624c1b58af3cac32a235b467dac74ebfc6ee94e6390a198650449a5>, "", 65536, 320) = 0
pread64(3</tmp/nia-publication-fault-4wgmnp5s/case/store/objects/be/79019cd624c1b58af3cac32a235b467dac74ebfc6ee94e6390a198650449a5>, "NIASUP01GGGGGGGGGGGGGGGGGGGGGGGGGGGGGGGGf\246uqQ\370\356U\333\22w\26\307\343\334\340\276\200t\266N \355\245B\345\301\344l\251\304\36\f\241y\346\276\376\267a\363a?\36\365|\250\222\353\303\246\242(\334\243/"..., 320, 0) = 320
pread64(3</tmp/nia-publication-fault-4wgmnp5s/case/store/objects/66/a6757151f8ee55db127716c7e3dce0be8074b64e20eda542e5c1e46ca9c41e>, "\7\10\t", 65536, 0) = 3
pread64(3</tmp/nia-publication-fault-4wgmnp5s/case/store/objects/66/a6757151f8ee55db127716c7e3dce0be8074b64e20eda542e5c1e46ca9c41e>, "", 65533, 3) = 0
pread64(3</tmp/nia-publication-fault-4wgmnp5s/case/store/objects/66/a6757151f8ee55db127716c7e3dce0be8074b64e20eda542e5c1e46ca9c41e>, "", 65536, 3) = 0
pread64(3</tmp/nia-publication-fault-4wgmnp5s/case/store/objects/0c/a179e6befeb761f3613f1ef57ca892ebc3a6a228dca32f1309f0ac06a7de7e>, "!<arch>\ndebian-binary/  0           0     0     100644  4         `\n2.0\ncontrol.tar/    0       "..., 65536, 0) = 20672
pread64(3</tmp/nia-publication-fault-4wgmnp5s/case/store/objects/0c/a179e6befeb761f3613f1ef57ca892ebc3a6a228dca32f1309f0ac06a7de7e>, "", 44864, 20672) = 0
pread64(3</tmp/nia-publication-fault-4wgmnp5s/case/store/objects/0c/a179e6befeb761f3613f1ef57ca892ebc3a6a228dca32f1309f0ac06a7de7e>, "", 65536, 20672) = 0
pread64(3</tmp/nia-publication-fault-4wgmnp5s/case/store/objects/a3/1a856f430af395bccd7eb2f142b11ad3ae0fc5daf3acc4ffb341c48a5abd39>, "Package: empty-package\nVersion: 1\nArchitecture: all\nMaintainer: Fixture <fixture@example.invalid"..., 65536, 0) = 149
pread64(3</tmp/nia-publication-fault-4wgmnp5s/case/store/objects/a3/1a856f430af395bccd7eb2f142b11ad3ae0fc5daf3acc4ffb341c48a5abd39>, "", 65387, 149) = 0
pread64(3</tmp/nia-publication-fault-4wgmnp5s/case/store/objects/a3/1a856f430af395bccd7eb2f142b11ad3ae0fc5daf3acc4ffb341c48a5abd39>, "", 65536, 149) = 0
pread64(3</tmp/nia-publication-fault-4wgmnp5s/case/store/objects/66/a6757151f8ee55db127716c7e3dce0be8074b64e20eda542e5c1e46ca9c41e>, "\7\10\t", 65536, 0) = 3
pread64(3</tmp/nia-publication-fault-4wgmnp5s/case/store/objects/66/a6757151f8ee55db127716c7e3dce0be8074b64e20eda542e5c1e46ca9c41e>, "", 65533, 3) = 0
pread64(3</tmp/nia-publication-fault-4wgmnp5s/case/store/objects/66/a6757151f8ee55db127716c7e3dce0be8074b64e20eda542e5c1e46ca9c41e>, "", 65536, 3) = 0
pread64(3</tmp/nia-publication-fault-4wgmnp5s/case/store/objects/66/a6757151f8ee55db127716c7e3dce0be8074b64e20eda542e5c1e46ca9c41e>, "\7\10\t", 65536, 0) = 3
pread64(3</tmp/nia-publication-fault-4wgmnp5s/case/store/objects/66/a6757151f8ee55db127716c7e3dce0be8074b64e20eda542e5c1e46ca9c41e>, "", 65533, 3) = 0
pread64(3</tmp/nia-publication-fault-4wgmnp5s/case/store/objects/66/a6757151f8ee55db127716c7e3dce0be8074b64e20eda542e5c1e46ca9c41e>, "", 65536, 3) = 0
pread64(3</tmp/nia-publication-fault-4wgmnp5s/case/store/objects/66/a6757151f8ee55db127716c7e3dce0be8074b64e20eda542e5c1e46ca9c41e>, "\7\10\t", 65536, 0) = 3
pread64(3</tmp/nia-publication-fault-4wgmnp5s/case/store/objects/66/a6757151f8ee55db127716c7e3dce0be8074b64e20eda542e5c1e46ca9c41e>, "", 65533, 3) = 0
pread64(3</tmp/nia-publication-fault-4wgmnp5s/case/store/objects/66/a6757151f8ee55db127716c7e3dce0be8074b64e20eda542e5c1e46ca9c41e>, "", 65536, 3) = 0
pread64(3</tmp/nia-publication-fault-4wgmnp5s/case/store/objects/be/79019cd624c1b58af3cac32a235b467dac74ebfc6ee94e6390a198650449a5>, "NIASUP01GGGGGGGGGGGGGGGGGGGGGGGGGGGGGGGGf\246uqQ\370\356U\333\22w\26\307\343\334\340\276\200t\266N \355\245B\345\301\344l\251\304\36\f\241y\346\276\376\267a\363a?\36\365|\250\222\353\303\246\242(\334\243/"..., 65536, 0) = 320
pread64(3</tmp/nia-publication-fault-4wgmnp5s/case/store/objects/be/79019cd624c1b58af3cac32a235b467dac74ebfc6ee94e6390a198650449a5>, "", 65216, 320) = 0
pread64(3</tmp/nia-publication-fault-4wgmnp5s/case/store/objects/be/79019cd624c1b58af3cac32a235b467dac74ebfc6ee94e6390a198650449a5>, "", 65536, 320) = 0
pread64(3</tmp/nia-publication-fault-4wgmnp5s/case/store/objects/be/79019cd624c1b58af3cac32a235b467dac74ebfc6ee94e6390a198650449a5>, "NIASUP01GGGGGGGGGGGGGGGGGGGGGGGGGGGGGGGGf\246uqQ\370\356U\333\22w\26\307\343\334\340\276\200t\266N \355\245B\345\301\344l\251\304\36\f\241y\346\276\376\267a\363a?\36\365|\250\222\353\303\246\242(\334\243/"..., 320, 0) = 320
pread64(3</tmp/nia-publication-fault-4wgmnp5s/case/store/objects/66/a6757151f8ee55db127716c7e3dce0be8074b64e20eda542e5c1e46ca9c41e>, "\7\10\t", 65536, 0) = 3
pread64(3</tmp/nia-publication-fault-4wgmnp5s/case/store/objects/66/a6757151f8ee55db127716c7e3dce0be8074b64e20eda542e5c1e46ca9c41e>, "", 65533, 3) = 0
pread64(3</tmp/nia-publication-fault-4wgmnp5s/case/store/objects/66/a6757151f8ee55db127716c7e3dce0be8074b64e20eda542e5c1e46ca9c41e>, "", 65536, 3) = 0
pread64(3</tmp/nia-publication-fault-4wgmnp5s/case/store/objects/0c/a179e6befeb761f3613f1ef57ca892ebc3a6a228dca32f1309f0ac06a7de7e>, "!<arch>\ndebian-binary/  0           0     0     100644  4         `\n2.0\ncontrol.tar/    0       "..., 65536, 0) = 20672
pread64(3</tmp/nia-publication-fault-4wgmnp5s/case/store/objects/0c/a179e6befeb761f3613f1ef57ca892ebc3a6a228dca32f1309f0ac06a7de7e>, "", 44864, 20672) = 0
pread64(3</tmp/nia-publication-fault-4wgmnp5s/case/store/objects/0c/a179e6befeb761f3613f1ef57ca892ebc3a6a228dca32f1309f0ac06a7de7e>, "", 65536, 20672) = 0
pread64(3</tmp/nia-publication-fault-4wgmnp5s/case/store/objects/a3/1a856f430af395bccd7eb2f142b11ad3ae0fc5daf3acc4ffb341c48a5abd39>, "Package: empty-package\nVersion: 1\nArchitecture: all\nMaintainer: Fixture <fixture@example.invalid"..., 65536, 0) = 149
pread64(3</tmp/nia-publication-fault-4wgmnp5s/case/store/objects/a3/1a856f430af395bccd7eb2f142b11ad3ae0fc5daf3acc4ffb341c48a5abd39>, "", 65387, 149) = 0
pread64(3</tmp/nia-publication-fault-4wgmnp5s/case/store/objects/a3/1a856f430af395bccd7eb2f142b11ad3ae0fc5daf3acc4ffb341c48a5abd39>, "", 65536, 149) = 0
pread64(3</tmp/nia-publication-fault-4wgmnp5s/case/store/objects/66/a6757151f8ee55db127716c7e3dce0be8074b64e20eda542e5c1e46ca9c41e>, "\7\10\t", 65536, 0) = 3
pread64(3</tmp/nia-publication-fault-4wgmnp5s/case/store/objects/66/a6757151f8ee55db127716c7e3dce0be8074b64e20eda542e5c1e46ca9c41e>, "", 65533, 3) = 0
pread64(3</tmp/nia-publication-fault-4wgmnp5s/case/store/objects/66/a6757151f8ee55db127716c7e3dce0be8074b64e20eda542e5c1e46ca9c41e>, "", 65536, 3) = 0
pread64(3</tmp/nia-publication-fault-4wgmnp5s/case/store/objects/66/a6757151f8ee55db127716c7e3dce0be8074b64e20eda542e5c1e46ca9c41e>, "\7\10\t", 65536, 0) = 3
pread64(3</tmp/nia-publication-fault-4wgmnp5s/case/store/objects/66/a6757151f8ee55db127716c7e3dce0be8074b64e20eda542e5c1e46ca9c41e>, "", 65533, 3) = 0
pread64(3</tmp/nia-publication-fault-4wgmnp5s/case/store/objects/66/a6757151f8ee55db127716c7e3dce0be8074b64e20eda542e5c1e46ca9c41e>, "", 65536, 3) = 0
pread64(3</tmp/nia-publication-fault-4wgmnp5s/case/store/objects/66/a6757151f8ee55db127716c7e3dce0be8074b64e20eda542e5c1e46ca9c41e>, "\7\10\t", 65536, 0) = 3
pread64(3</tmp/nia-publication-fault-4wgmnp5s/case/store/objects/66/a6757151f8ee55db127716c7e3dce0be8074b64e20eda542e5c1e46ca9c41e>, "", 65533, 3) = 0
pread64(3</tmp/nia-publication-fault-4wgmnp5s/case/store/objects/66/a6757151f8ee55db127716c7e3dce0be8074b64e20eda542e5c1e46ca9c41e>, "", 65536, 3) = 0
pread64(3</tmp/nia-publication-fault-4wgmnp5s/case/store/objects/be/79019cd624c1b58af3cac32a235b467dac74ebfc6ee94e6390a198650449a5>, "NIASUP01GGGGGGGGGGGGGGGGGGGGGGGGGGGGGGGGf\246uqQ\370\356U\333\22w\26\307\343\334\340\276\200t\266N \355\245B\345\301\344l\251\304\36\f\241y\346\276\376\267a\363a?\36\365|\250\222\353\303\246\242(\334\243/"..., 65536, 0) = 320
pread64(3</tmp/nia-publication-fault-4wgmnp5s/case/store/objects/be/79019cd624c1b58af3cac32a235b467dac74ebfc6ee94e6390a198650449a5>, "", 65216, 320) = 0
pread64(3</tmp/nia-publication-fault-4wgmnp5s/case/store/objects/be/79019cd624c1b58af3cac32a235b467dac74ebfc6ee94e6390a198650449a5>, "", 65536, 320) = 0
pread64(3</tmp/nia-publication-fault-4wgmnp5s/case/store/objects/be/79019cd624c1b58af3cac32a235b467dac74ebfc6ee94e6390a198650449a5>, "NIASUP01GGGGGGGGGGGGGGGGGGGGGGGGGGGGGGGGf\246uqQ\370\356U\333\22w\26\307\343\334\340\276\200t\266N \355\245B\345\301\344l\251\304\36\f\241y\346\276\376\267a\363a?\36\365|\250\222\353\303\246\242(\334\243/"..., 320, 0) = 320
pread64(3</tmp/nia-publication-fault-4wgmnp5s/case/store/objects/66/a6757151f8ee55db127716c7e3dce0be8074b64e20eda542e5c1e46ca9c41e>, "\7\10\t", 65536, 0) = 3
pread64(3</tmp/nia-publication-fault-4wgmnp5s/case/store/objects/66/a6757151f8ee55db127716c7e3dce0be8074b64e20eda542e5c1e46ca9c41e>, "", 65533, 3) = 0
pread64(3</tmp/nia-publication-fault-4wgmnp5s/case/store/objects/66/a6757151f8ee55db127716c7e3dce0be8074b64e20eda542e5c1e46ca9c41e>, "", 65536, 3) = 0
pread64(3</tmp/nia-publication-fault-4wgmnp5s/case/store/objects/0c/a179e6befeb761f3613f1ef57ca892ebc3a6a228dca32f1309f0ac06a7de7e>, "!<arch>\ndebian-binary/  0           0     0     100644  4         `\n2.0\ncontrol.tar/    0       "..., 65536, 0) = 20672
pread64(3</tmp/nia-publication-fault-4wgmnp5s/case/store/objects/0c/a179e6befeb761f3613f1ef57ca892ebc3a6a228dca32f1309f0ac06a7de7e>, "", 44864, 20672) = 0
pread64(3</tmp/nia-publication-fault-4wgmnp5s/case/store/objects/0c/a179e6befeb761f3613f1ef57ca892ebc3a6a228dca32f1309f0ac06a7de7e>, "", 65536, 20672) = 0
pread64(3</tmp/nia-publication-fault-4wgmnp5s/case/store/objects/a3/1a856f430af395bccd7eb2f142b11ad3ae0fc5daf3acc4ffb341c48a5abd39>, "Package: empty-package\nVersion: 1\nArchitecture: all\nMaintainer: Fixture <fixture@example.invalid"..., 65536, 0) = 149
pread64(3</tmp/nia-publication-fault-4wgmnp5s/case/store/objects/a3/1a856f430af395bccd7eb2f142b11ad3ae0fc5daf3acc4ffb341c48a5abd39>, "", 65387, 149) = 0
pread64(3</tmp/nia-publication-fault-4wgmnp5s/case/store/objects/a3/1a856f430af395bccd7eb2f142b11ad3ae0fc5daf3acc4ffb341c48a5abd39>, "", 65536, 149) = 0
pread64(3</tmp/nia-publication-fault-4wgmnp5s/case/store/objects/66/a6757151f8ee55db127716c7e3dce0be8074b64e20eda542e5c1e46ca9c41e>, "\7\10\t", 65536, 0) = 3
pread64(3</tmp/nia-publication-fault-4wgmnp5s/case/store/objects/66/a6757151f8ee55db127716c7e3dce0be8074b64e20eda542e5c1e46ca9c41e>, "", 65533, 3) = 0
pread64(3</tmp/nia-publication-fault-4wgmnp5s/case/store/objects/66/a6757151f8ee55db127716c7e3dce0be8074b64e20eda542e5c1e46ca9c41e>, "", 65536, 3) = 0
pread64(3</tmp/nia-publication-fault-4wgmnp5s/case/store/objects/66/a6757151f8ee55db127716c7e3dce0be8074b64e20eda542e5c1e46ca9c41e>, "\7\10\t", 65536, 0) = 3
pread64(3</tmp/nia-publication-fault-4wgmnp5s/case/store/objects/66/a6757151f8ee55db127716c7e3dce0be8074b64e20eda542e5c1e46ca9c41e>, "", 65533, 3) = 0
pread64(3</tmp/nia-publication-fault-4wgmnp5s/case/store/objects/66/a6757151f8ee55db127716c7e3dce0be8074b64e20eda542e5c1e46ca9c41e>, "", 65536, 3) = 0
pread64(3</tmp/nia-publication-fault-4wgmnp5s/case/store/objects/66/a6757151f8ee55db127716c7e3dce0be8074b64e20eda542e5c1e46ca9c41e>, "\7\10\t", 65536, 0) = 3
pread64(3</tmp/nia-publication-fault-4wgmnp5s/case/store/objects/66/a6757151f8ee55db127716c7e3dce0be8074b64e20eda542e5c1e46ca9c41e>, "", 65533, 3) = 0
pread64(3</tmp/nia-publication-fault-4wgmnp5s/case/store/objects/66/a6757151f8ee55db127716c7e3dce0be8074b64e20eda542e5c1e46ca9c41e>, "", 65536, 3) = 0
pread64(3</tmp/nia-publication-fault-4wgmnp5s/case/store/objects/0c/a179e6befeb761f3613f1ef57ca892ebc3a6a228dca32f1309f0ac06a7de7e>, "!<arch>\ndebian-binary/  0           0     0     100644  4         `\n2.0\ncontrol.tar/    0       "..., 65536, 0) = 20672
pread64(3</tmp/nia-publication-fault-4wgmnp5s/case/store/objects/0c/a179e6befeb761f3613f1ef57ca892ebc3a6a228dca32f1309f0ac06a7de7e>, "", 44864, 20672) = 0
pread64(3</tmp/nia-publication-fault-4wgmnp5s/case/store/objects/0c/a179e6befeb761f3613f1ef57ca892ebc3a6a228dca32f1309f0ac06a7de7e>, "", 65536, 20672) = 0
pread64(3</tmp/nia-publication-fault-4wgmnp5s/case/store/objects/0c/a179e6befeb761f3613f1ef57ca892ebc3a6a228dca32f1309f0ac06a7de7e>, "!<arch>\n", 8, 0) = 8
pread64(3</tmp/nia-publication-fault-4wgmnp5s/case/store/objects/0c/a179e6befeb761f3613f1ef57ca892ebc3a6a228dca32f1309f0ac06a7de7e>, "debian-binary/  0           0     0     100644  4         `\n", 60, 8) = 60
pread64(3</tmp/nia-publication-fault-4wgmnp5s/case/store/objects/0c/a179e6befeb761f3613f1ef57ca892ebc3a6a228dca32f1309f0ac06a7de7e>, "2.0\n", 4, 68) = 4
pread64(3</tmp/nia-publication-fault-4wgmnp5s/case/store/objects/0c/a179e6befeb761f3613f1ef57ca892ebc3a6a228dca32f1309f0ac06a7de7e>, "2.0\n", 4, 68) = 4
pread64(3</tmp/nia-publication-fault-4wgmnp5s/case/store/objects/0c/a179e6befeb761f3613f1ef57ca892ebc3a6a228dca32f1309f0ac06a7de7e>, "control.tar/    0           0     0     100644  10240     `\n", 60, 72) = 60
pread64(3</tmp/nia-publication-fault-4wgmnp5s/case/store/objects/0c/a179e6befeb761f3613f1ef57ca892ebc3a6a228dca32f1309f0ac06a7de7e>, "./control\0\0\0\0\0\0\0\0\0\0\0\0\0\0\0\0\0\0\0\0\0\0\0\0\0\0\0\0\0\0\0\0\0\0\0\0\0\0\0\0\0\0\0\0\0\0\0\0\0\0\0\0\0\0\0\0\0\0\0\0\0\0\0\0\0\0\0\0\0\0\0\0\0\0\0\0\0\0\0\0\0\0\0\0\0\0\0"..., 10240, 132) = 10240
pread64(3</tmp/nia-publication-fault-4wgmnp5s/case/store/objects/0c/a179e6befeb761f3613f1ef57ca892ebc3a6a228dca32f1309f0ac06a7de7e>, "data.tar/       0           0     0     100644  10240     `\n", 60, 10372) = 60
pread64(3</tmp/nia-publication-fault-4wgmnp5s/case/store/objects/0c/a179e6befeb761f3613f1ef57ca892ebc3a6a228dca32f1309f0ac06a7de7e>, "\0\0\0\0\0\0\0\0\0\0\0\0\0\0\0\0\0\0\0\0\0\0\0\0\0\0\0\0\0\0\0\0\0\0\0\0\0\0\0\0\0\0\0\0\0\0\0\0\0\0\0\0\0\0\0\0\0\0\0\0\0\0\0\0\0\0\0\0\0\0\0\0\0\0\0\0\0\0\0\0\0\0\0\0\0\0\0\0\0\0\0\0\0\0\0\0"..., 10240, 10432) = 10240
pread64(3</tmp/nia-publication-fault-4wgmnp5s/case/store/objects/0c/a179e6befeb761f3613f1ef57ca892ebc3a6a228dca32f1309f0ac06a7de7e>, "!<arch>\ndebian-binary/  0           0     0     100644  4         `\n2.0\ncontrol.tar/    0       "..., 65536, 0) = 20672
pread64(3</tmp/nia-publication-fault-4wgmnp5s/case/store/objects/0c/a179e6befeb761f3613f1ef57ca892ebc3a6a228dca32f1309f0ac06a7de7e>, "", 44864, 20672) = 0
pread64(3</tmp/nia-publication-fault-4wgmnp5s/case/store/objects/0c/a179e6befeb761f3613f1ef57ca892ebc3a6a228dca32f1309f0ac06a7de7e>, "", 65536, 20672) = 0
pread64(3</tmp/nia-publication-fault-4wgmnp5s/case/store/objects/0c/a179e6befeb761f3613f1ef57ca892ebc3a6a228dca32f1309f0ac06a7de7e>, "!<arch>\n", 8, 0) = 8
pread64(3</tmp/nia-publication-fault-4wgmnp5s/case/store/objects/0c/a179e6befeb761f3613f1ef57ca892ebc3a6a228dca32f1309f0ac06a7de7e>, "debian-binary/  0           0     0     100644  4         `\n", 60, 8) = 60
pread64(3</tmp/nia-publication-fault-4wgmnp5s/case/store/objects/0c/a179e6befeb761f3613f1ef57ca892ebc3a6a228dca32f1309f0ac06a7de7e>, "2.0\n", 4, 68) = 4
pread64(3</tmp/nia-publication-fault-4wgmnp5s/case/store/objects/0c/a179e6befeb761f3613f1ef57ca892ebc3a6a228dca32f1309f0ac06a7de7e>, "2.0\n", 4, 68) = 4
pread64(3</tmp/nia-publication-fault-4wgmnp5s/case/store/objects/0c/a179e6befeb761f3613f1ef57ca892ebc3a6a228dca32f1309f0ac06a7de7e>, "control.tar/    0           0     0     100644  10240     `\n", 60, 72) = 60
pread64(3</tmp/nia-publication-fault-4wgmnp5s/case/store/objects/0c/a179e6befeb761f3613f1ef57ca892ebc3a6a228dca32f1309f0ac06a7de7e>, "./control\0\0\0\0\0\0\0\0\0\0\0\0\0\0\0\0\0\0\0\0\0\0\0\0\0\0\0\0\0\0\0\0\0\0\0\0\0\0\0\0\0\0\0\0\0\0\0\0\0\0\0\0\0\0\0\0\0\0\0\0\0\0\0\0\0\0\0\0\0\0\0\0\0\0\0\0\0\0\0\0\0\0\0\0\0\0\0"..., 10240, 132) = 10240
pread64(3</tmp/nia-publication-fault-4wgmnp5s/case/store/objects/0c/a179e6befeb761f3613f1ef57ca892ebc3a6a228dca32f1309f0ac06a7de7e>, "data.tar/       0           0     0     100644  10240     `\n", 60, 10372) = 60
pread64(3</tmp/nia-publication-fault-4wgmnp5s/case/store/objects/0c/a179e6befeb761f3613f1ef57ca892ebc3a6a228dca32f1309f0ac06a7de7e>, "\0\0\0\0\0\0\0\0\0\0\0\0\0\0\0\0\0\0\0\0\0\0\0\0\0\0\0\0\0\0\0\0\0\0\0\0\0\0\0\0\0\0\0\0\0\0\0\0\0\0\0\0\0\0\0\0\0\0\0\0\0\0\0\0\0\0\0\0\0\0\0\0\0\0\0\0\0\0\0\0\0\0\0\0\0\0\0\0\0\0\0\0\0\0\0\0"..., 10240, 10432) = 10240
fsync(17</tmp/nia-publication-fault-4wgmnp5s/case/store/incoming>) = 0
pread64(3</tmp/nia-publication-fault-4wgmnp5s/case/store/objects/0c/a179e6befeb761f3613f1ef57ca892ebc3a6a228dca32f1309f0ac06a7de7e>, "./control\0\0\0\0\0\0\0\0\0\0\0\0\0\0\0\0\0\0\0\0\0\0\0\0\0\0\0\0\0\0\0\0\0\0\0\0\0\0\0\0\0\0\0\0\0\0\0\0\0\0\0\0\0\0\0\0\0\0\0\0\0\0\0\0\0\0\0\0\0\0\0\0\0\0\0\0\0\0\0\0\0\0\0\0\0\0\0"..., 10240, 132) = 10240
write(16</tmp/nia-publication-fault-4wgmnp5s/case/store/incoming/183577dc9157badfd21c69e018db9bda>, "./control\0\0\0\0\0\0\0\0\0\0\0\0\0\0\0\0\0\0\0\0\0\0\0\0\0\0\0\0\0\0\0\0\0\0\0\0\0\0\0\0\0\0\0\0\0\0\0\0\0\0\0\0\0\0\0\0\0\0\0\0\0\0\0\0\0\0\0\0\0\0\0\0\0\0\0\0\0\0\0\0\0\0\0\0\0\0\0"..., 10240) = 10240
fsync(16</tmp/nia-publication-fault-4wgmnp5s/case/store/incoming/183577dc9157badfd21c69e018db9bda>) = 0
renameat2(17</tmp/nia-publication-fault-4wgmnp5s/case/store/incoming>, "183577dc9157badfd21c69e018db9bda", 16</tmp/nia-publication-fault-4wgmnp5s/case/store/objects/4a>, "36f6eb7c1b236ab6cb28ddb882919e888bf393dfc00d93008ad6730697f8f7", RENAME_NOREPLACE) = -1 EEXIST (File exists)
pread64(16</tmp/nia-publication-fault-4wgmnp5s/case/store/objects/4a/36f6eb7c1b236ab6cb28ddb882919e888bf393dfc00d93008ad6730697f8f7>, "./control\0\0\0\0\0\0\0\0\0\0\0\0\0\0\0\0\0\0\0\0\0\0\0\0\0\0\0\0\0\0\0\0\0\0\0\0\0\0\0\0\0\0\0\0\0\0\0\0\0\0\0\0\0\0\0\0\0\0\0\0\0\0\0\0\0\0\0\0\0\0\0\0\0\0\0\0\0\0\0\0\0\0\0\0\0\0\0"..., 65536, 0) = 10240
pread64(16</tmp/nia-publication-fault-4wgmnp5s/case/store/objects/4a/36f6eb7c1b236ab6cb28ddb882919e888bf393dfc00d93008ad6730697f8f7>, "", 55296, 10240) = 0
pread64(16</tmp/nia-publication-fault-4wgmnp5s/case/store/objects/4a/36f6eb7c1b236ab6cb28ddb882919e888bf393dfc00d93008ad6730697f8f7>, "", 65536, 10240) = 0
fsync(17</tmp/nia-publication-fault-4wgmnp5s/case/store/incoming>) = 0
pread64(3</tmp/nia-publication-fault-4wgmnp5s/case/store/objects/4a/36f6eb7c1b236ab6cb28ddb882919e888bf393dfc00d93008ad6730697f8f7>, "./control\0\0\0\0\0\0\0\0\0\0\0\0\0\0\0\0\0\0\0\0\0\0\0\0\0\0\0\0\0\0\0\0\0\0\0\0\0\0\0\0\0\0\0\0\0\0\0\0\0\0\0\0\0\0\0\0\0\0\0\0\0\0\0\0\0\0\0\0\0\0\0\0\0\0\0\0\0\0\0\0\0\0\0\0\0\0\0"..., 65536, 0) = 10240
pread64(3</tmp/nia-publication-fault-4wgmnp5s/case/store/objects/4a/36f6eb7c1b236ab6cb28ddb882919e888bf393dfc00d93008ad6730697f8f7>, "", 55296, 10240) = 0
pread64(3</tmp/nia-publication-fault-4wgmnp5s/case/store/objects/4a/36f6eb7c1b236ab6cb28ddb882919e888bf393dfc00d93008ad6730697f8f7>, "", 65536, 10240) = 0
pread64(3</tmp/nia-publication-fault-4wgmnp5s/case/store/objects/4a/36f6eb7c1b236ab6cb28ddb882919e888bf393dfc00d93008ad6730697f8f7>, "./control\0\0\0\0\0\0\0\0\0\0\0\0\0\0\0\0\0\0\0\0\0\0\0\0\0\0\0\0\0\0\0\0\0\0\0\0\0\0\0\0\0\0\0\0\0\0\0\0\0\0\0\0\0\0\0\0\0\0\0\0\0\0\0\0\0\0\0\0\0\0\0\0\0\0\0\0\0\0\0\0\0\0\0\0\0\0\0"..., 10240, 0) = 10240
fsync(17</tmp/nia-publication-fault-4wgmnp5s/case/store/incoming>) = 0
write(16</tmp/nia-publication-fault-4wgmnp5s/case/store/incoming/b5ea1bd3d3c134e82c5d7c63e60de0fc>, "Package: empty-package\nVersion: 1\nArchitecture: all\nMaintainer: Fixture <fixture@example.invalid"..., 149) = 149
fsync(16</tmp/nia-publication-fault-4wgmnp5s/case/store/incoming/b5ea1bd3d3c134e82c5d7c63e60de0fc>) = 0
renameat2(17</tmp/nia-publication-fault-4wgmnp5s/case/store/incoming>, "b5ea1bd3d3c134e82c5d7c63e60de0fc", 16</tmp/nia-publication-fault-4wgmnp5s/case/store/objects/a3>, "1a856f430af395bccd7eb2f142b11ad3ae0fc5daf3acc4ffb341c48a5abd39", RENAME_NOREPLACE) = -1 EEXIST (File exists)
pread64(16</tmp/nia-publication-fault-4wgmnp5s/case/store/objects/a3/1a856f430af395bccd7eb2f142b11ad3ae0fc5daf3acc4ffb341c48a5abd39>, "Package: empty-package\nVersion: 1\nArchitecture: all\nMaintainer: Fixture <fixture@example.invalid"..., 65536, 0) = 149
pread64(16</tmp/nia-publication-fault-4wgmnp5s/case/store/objects/a3/1a856f430af395bccd7eb2f142b11ad3ae0fc5daf3acc4ffb341c48a5abd39>, "", 65387, 149) = 0
pread64(16</tmp/nia-publication-fault-4wgmnp5s/case/store/objects/a3/1a856f430af395bccd7eb2f142b11ad3ae0fc5daf3acc4ffb341c48a5abd39>, "", 65536, 149) = 0
fsync(17</tmp/nia-publication-fault-4wgmnp5s/case/store/incoming>) = 0
pread64(3</tmp/nia-publication-fault-4wgmnp5s/case/store/objects/a3/1a856f430af395bccd7eb2f142b11ad3ae0fc5daf3acc4ffb341c48a5abd39>, "Package: empty-package\nVersion: 1\nArchitecture: all\nMaintainer: Fixture <fixture@example.invalid"..., 65536, 0) = 149
pread64(3</tmp/nia-publication-fault-4wgmnp5s/case/store/objects/a3/1a856f430af395bccd7eb2f142b11ad3ae0fc5daf3acc4ffb341c48a5abd39>, "", 65387, 149) = 0
pread64(3</tmp/nia-publication-fault-4wgmnp5s/case/store/objects/a3/1a856f430af395bccd7eb2f142b11ad3ae0fc5daf3acc4ffb341c48a5abd39>, "", 65536, 149) = 0
pread64(3</tmp/nia-publication-fault-4wgmnp5s/case/store/objects/a3/1a856f430af395bccd7eb2f142b11ad3ae0fc5daf3acc4ffb341c48a5abd39>, "Package: empty-package\nVersion: 1\nArchitecture: all\nMaintainer: Fixture <fixture@example.invalid"..., 16777216, 0) = 149
pread64(3</tmp/nia-publication-fault-4wgmnp5s/case/store/objects/a3/1a856f430af395bccd7eb2f142b11ad3ae0fc5daf3acc4ffb341c48a5abd39>, "", 16777067, 149) = 0
pread64(3</tmp/nia-publication-fault-4wgmnp5s/case/store/objects/32/094e7c613fdb6dffb1f27d926b176f7fd8946b8c2cf3ca9e3b95cb91a1a8ca>, "NIACLOS1\216\346\2104^\35\225\2\356\214\327'zE<0\277\267{\224r\1\276\2630\16\235\362\270\3122\35\273\343\341b6\331$M\267\345\300\262\251\302\306\27f\270\251!\330\260\227\374\323p\347\177\25.\3311\0\0\0\0\0\0\0\5\f\241y\346\276\376\267a\363a?\36\365|\250\222"..., 65536, 0) = 240
pread64(3</tmp/nia-publication-fault-4wgmnp5s/case/store/objects/32/094e7c613fdb6dffb1f27d926b176f7fd8946b8c2cf3ca9e3b95cb91a1a8ca>, "", 65296, 240) = 0
pread64(3</tmp/nia-publication-fault-4wgmnp5s/case/store/objects/32/094e7c613fdb6dffb1f27d926b176f7fd8946b8c2cf3ca9e3b95cb91a1a8ca>, "", 65536, 240) = 0
pread64(3</tmp/nia-publication-fault-4wgmnp5s/case/store/objects/32/094e7c613fdb6dffb1f27d926b176f7fd8946b8c2cf3ca9e3b95cb91a1a8ca>, "NIACLOS1\216\346\2104^\35\225\2\356\214\327'zE<0\277\267{\224r\1\276\2630\16\235\362\270\3122\35\273\343\341b6\331$M\267\345\300\262\251\302\306\27f\270\251!\330\260\227\374\323p\347\177\25.\3311\0\0\0\0\0\0\0\5", 80, 0) = 80
pread64(3</tmp/nia-publication-fault-4wgmnp5s/case/store/objects/32/094e7c613fdb6dffb1f27d926b176f7fd8946b8c2cf3ca9e3b95cb91a1a8ca>, "\f\241y\346\276\376\267a\363a?\36\365|\250\222\353\303\246\242(\334\243/\23\t\360\254\6\247\336~", 32, 80) = 32
pread64(16</tmp/nia-publication-fault-4wgmnp5s/case/store/objects/0c/a179e6befeb761f3613f1ef57ca892ebc3a6a228dca32f1309f0ac06a7de7e>, "!<arch>\ndebian-binary/  0           0     0     100644  4         `\n2.0\ncontrol.tar/    0       "..., 65536, 0) = 20672
pread64(16</tmp/nia-publication-fault-4wgmnp5s/case/store/objects/0c/a179e6befeb761f3613f1ef57ca892ebc3a6a228dca32f1309f0ac06a7de7e>, "", 44864, 20672) = 0
pread64(16</tmp/nia-publication-fault-4wgmnp5s/case/store/objects/0c/a179e6befeb761f3613f1ef57ca892ebc3a6a228dca32f1309f0ac06a7de7e>, "", 65536, 20672) = 0
pread64(3</tmp/nia-publication-fault-4wgmnp5s/case/store/objects/32/094e7c613fdb6dffb1f27d926b176f7fd8946b8c2cf3ca9e3b95cb91a1a8ca>, "J6\366\353|\33#j\266\313(\335\270\202\221\236\210\213\363\223\337\300\r\223\0\212\326s\6\227\370\367", 32, 112) = 32
pread64(16</tmp/nia-publication-fault-4wgmnp5s/case/store/objects/4a/36f6eb7c1b236ab6cb28ddb882919e888bf393dfc00d93008ad6730697f8f7>, "./control\0\0\0\0\0\0\0\0\0\0\0\0\0\0\0\0\0\0\0\0\0\0\0\0\0\0\0\0\0\0\0\0\0\0\0\0\0\0\0\0\0\0\0\0\0\0\0\0\0\0\0\0\0\0\0\0\0\0\0\0\0\0\0\0\0\0\0\0\0\0\0\0\0\0\0\0\0\0\0\0\0\0\0\0\0\0\0"..., 65536, 0) = 10240
pread64(16</tmp/nia-publication-fault-4wgmnp5s/case/store/objects/4a/36f6eb7c1b236ab6cb28ddb882919e888bf393dfc00d93008ad6730697f8f7>, "", 55296, 10240) = 0
pread64(16</tmp/nia-publication-fault-4wgmnp5s/case/store/objects/4a/36f6eb7c1b236ab6cb28ddb882919e888bf393dfc00d93008ad6730697f8f7>, "", 65536, 10240) = 0
pread64(3</tmp/nia-publication-fault-4wgmnp5s/case/store/objects/32/094e7c613fdb6dffb1f27d926b176f7fd8946b8c2cf3ca9e3b95cb91a1a8ca>, "\204\377\222i\37\220\232\5\262$\341\305j\273Hd\360\33O\216<\205NK\264\307\272\361\323\366\326R", 32, 144) = 32
pread64(16</tmp/nia-publication-fault-4wgmnp5s/case/store/objects/84/ff92691f909a05b224e1c56abb4864f01b4f8e3c854e4bb4c7baf1d3f6d652>, "\0\0\0\0\0\0\0\0\0\0\0\0\0\0\0\0\0\0\0\0\0\0\0\0\0\0\0\0\0\0\0\0\0\0\0\0\0\0\0\0\0\0\0\0\0\0\0\0\0\0\0\0\0\0\0\0\0\0\0\0\0\0\0\0\0\0\0\0\0\0\0\0\0\0\0\0\0\0\0\0\0\0\0\0\0\0\0\0\0\0\0\0\0\0\0\0"..., 65536, 0) = 10240
pread64(16</tmp/nia-publication-fault-4wgmnp5s/case/store/objects/84/ff92691f909a05b224e1c56abb4864f01b4f8e3c854e4bb4c7baf1d3f6d652>, "", 55296, 10240) = 0
pread64(16</tmp/nia-publication-fault-4wgmnp5s/case/store/objects/84/ff92691f909a05b224e1c56abb4864f01b4f8e3c854e4bb4c7baf1d3f6d652>, "", 65536, 10240) = 0
pread64(3</tmp/nia-publication-fault-4wgmnp5s/case/store/objects/32/094e7c613fdb6dffb1f27d926b176f7fd8946b8c2cf3ca9e3b95cb91a1a8ca>, "\216\346\2104^\35\225\2\356\214\327'zE<0\277\267{\224r\1\276\2630\16\235\362\270\3122\35", 32, 176) = 32
pread64(16</tmp/nia-publication-fault-4wgmnp5s/case/store/objects/8e/e688345e1d9502ee8cd7277a453c30bfb77b947201beb3300e9df2b8ca321d>, "\0\0\0\0\0\0\0\10NIACSEL1\273\343\341b6\331$M\267\345\300\262\251\302\306\27f\270\251!\330\260\227\374\323p\347\177\25.\3311\0\0\0\0\0\0\0\1\f\241y\346\276\376\267a\363a?\36\365|\250\222\353\303\246\242(\334\243/\23\t\360\254\6\247\336~J6\366\353|\33#j"..., 65536, 0) = 152
pread64(16</tmp/nia-publication-fault-4wgmnp5s/case/store/objects/8e/e688345e1d9502ee8cd7277a453c30bfb77b947201beb3300e9df2b8ca321d>, "", 65384, 152) = 0
pread64(16</tmp/nia-publication-fault-4wgmnp5s/case/store/objects/8e/e688345e1d9502ee8cd7277a453c30bfb77b947201beb3300e9df2b8ca321d>, "", 65536, 152) = 0
pread64(3</tmp/nia-publication-fault-4wgmnp5s/case/store/objects/32/094e7c613fdb6dffb1f27d926b176f7fd8946b8c2cf3ca9e3b95cb91a1a8ca>, "\243\32\205oC\n\363\225\274\315~\262\361B\261\32\323\256\17\305\332\363\254\304\377\263A\304\212Z\2759", 32, 208) = 32
pread64(16</tmp/nia-publication-fault-4wgmnp5s/case/store/objects/a3/1a856f430af395bccd7eb2f142b11ad3ae0fc5daf3acc4ffb341c48a5abd39>, "Package: empty-package\nVersion: 1\nArchitecture: all\nMaintainer: Fixture <fixture@example.invalid"..., 65536, 0) = 149
pread64(16</tmp/nia-publication-fault-4wgmnp5s/case/store/objects/a3/1a856f430af395bccd7eb2f142b11ad3ae0fc5daf3acc4ffb341c48a5abd39>, "", 65387, 149) = 0
pread64(16</tmp/nia-publication-fault-4wgmnp5s/case/store/objects/a3/1a856f430af395bccd7eb2f142b11ad3ae0fc5daf3acc4ffb341c48a5abd39>, "", 65536, 149) = 0
pread64(3</tmp/nia-publication-fault-4wgmnp5s/case/store/objects/8e/e688345e1d9502ee8cd7277a453c30bfb77b947201beb3300e9df2b8ca321d>, "\0\0\0\0\0\0\0\10NIACSEL1\273\343\341b6\331$M\267\345\300\262\251\302\306\27f\270\251!\330\260\227\374\323p\347\177\25.\3311\0\0\0\0\0\0\0\1\f\241y\346\276\376\267a\363a?\36\365|\250\222\353\303\246\242(\334\243/\23\t\360\254\6\247\336~J6\366\353|\33#j"..., 65536, 0) = 152
pread64(3</tmp/nia-publication-fault-4wgmnp5s/case/store/objects/8e/e688345e1d9502ee8cd7277a453c30bfb77b947201beb3300e9df2b8ca321d>, "", 65384, 152) = 0
pread64(3</tmp/nia-publication-fault-4wgmnp5s/case/store/objects/8e/e688345e1d9502ee8cd7277a453c30bfb77b947201beb3300e9df2b8ca321d>, "", 65536, 152) = 0
pread64(3</tmp/nia-publication-fault-4wgmnp5s/case/store/objects/8e/e688345e1d9502ee8cd7277a453c30bfb77b947201beb3300e9df2b8ca321d>, "\0\0\0\0\0\0\0\10NIACSEL1\273\343\341b6\331$M\267\345\300\262\251\302\306\27f\270\251!\330\260\227\374\323p\347\177\25.\3311\0\0\0\0\0\0\0\1\f\241y\346\276\376\267a\363a?\36\365|\250\222\353\303\246\242(\334\243/\23\t\360\254\6\247\336~J6\366\353|\33#j"..., 393272, 0) = 152
pread64(3</tmp/nia-publication-fault-4wgmnp5s/case/store/objects/8e/e688345e1d9502ee8cd7277a453c30bfb77b947201beb3300e9df2b8ca321d>, "", 393120, 152) = 0
pread64(3</tmp/nia-publication-fault-4wgmnp5s/case/store/objects/0c/a179e6befeb761f3613f1ef57ca892ebc3a6a228dca32f1309f0ac06a7de7e>, "!<arch>\ndebian-binary/  0           0     0     100644  4         `\n2.0\ncontrol.tar/    0       "..., 65536, 0) = 20672
pread64(3</tmp/nia-publication-fault-4wgmnp5s/case/store/objects/0c/a179e6befeb761f3613f1ef57ca892ebc3a6a228dca32f1309f0ac06a7de7e>, "", 44864, 20672) = 0
pread64(3</tmp/nia-publication-fault-4wgmnp5s/case/store/objects/0c/a179e6befeb761f3613f1ef57ca892ebc3a6a228dca32f1309f0ac06a7de7e>, "", 65536, 20672) = 0
pread64(3</tmp/nia-publication-fault-4wgmnp5s/case/store/objects/0c/a179e6befeb761f3613f1ef57ca892ebc3a6a228dca32f1309f0ac06a7de7e>, "!<arch>\n", 8, 0) = 8
pread64(3</tmp/nia-publication-fault-4wgmnp5s/case/store/objects/0c/a179e6befeb761f3613f1ef57ca892ebc3a6a228dca32f1309f0ac06a7de7e>, "debian-binary/  0           0     0     100644  4         `\n", 60, 8) = 60
pread64(3</tmp/nia-publication-fault-4wgmnp5s/case/store/objects/0c/a179e6befeb761f3613f1ef57ca892ebc3a6a228dca32f1309f0ac06a7de7e>, "2.0\n", 4, 68) = 4
pread64(3</tmp/nia-publication-fault-4wgmnp5s/case/store/objects/0c/a179e6befeb761f3613f1ef57ca892ebc3a6a228dca32f1309f0ac06a7de7e>, "2.0\n", 4, 68) = 4
pread64(3</tmp/nia-publication-fault-4wgmnp5s/case/store/objects/0c/a179e6befeb761f3613f1ef57ca892ebc3a6a228dca32f1309f0ac06a7de7e>, "control.tar/    0           0     0     100644  10240     `\n", 60, 72) = 60
pread64(3</tmp/nia-publication-fault-4wgmnp5s/case/store/objects/0c/a179e6befeb761f3613f1ef57ca892ebc3a6a228dca32f1309f0ac06a7de7e>, "./control\0\0\0\0\0\0\0\0\0\0\0\0\0\0\0\0\0\0\0\0\0\0\0\0\0\0\0\0\0\0\0\0\0\0\0\0\0\0\0\0\0\0\0\0\0\0\0\0\0\0\0\0\0\0\0\0\0\0\0\0\0\0\0\0\0\0\0\0\0\0\0\0\0\0\0\0\0\0\0\0\0\0\0\0\0\0\0"..., 10240, 132) = 10240
pread64(3</tmp/nia-publication-fault-4wgmnp5s/case/store/objects/0c/a179e6befeb761f3613f1ef57ca892ebc3a6a228dca32f1309f0ac06a7de7e>, "data.tar/       0           0     0     100644  10240     `\n", 60, 10372) = 60
pread64(3</tmp/nia-publication-fault-4wgmnp5s/case/store/objects/0c/a179e6befeb761f3613f1ef57ca892ebc3a6a228dca32f1309f0ac06a7de7e>, "\0\0\0\0\0\0\0\0\0\0\0\0\0\0\0\0\0\0\0\0\0\0\0\0\0\0\0\0\0\0\0\0\0\0\0\0\0\0\0\0\0\0\0\0\0\0\0\0\0\0\0\0\0\0\0\0\0\0\0\0\0\0\0\0\0\0\0\0\0\0\0\0\0\0\0\0\0\0\0\0\0\0\0\0\0\0\0\0\0\0\0\0\0\0\0\0"..., 10240, 10432) = 10240
pread64(3</tmp/nia-publication-fault-4wgmnp5s/case/store/objects/0c/a179e6befeb761f3613f1ef57ca892ebc3a6a228dca32f1309f0ac06a7de7e>, "!<arch>\ndebian-binary/  0           0     0     100644  4         `\n2.0\ncontrol.tar/    0       "..., 65536, 0) = 20672
pread64(3</tmp/nia-publication-fault-4wgmnp5s/case/store/objects/0c/a179e6befeb761f3613f1ef57ca892ebc3a6a228dca32f1309f0ac06a7de7e>, "", 44864, 20672) = 0
pread64(3</tmp/nia-publication-fault-4wgmnp5s/case/store/objects/0c/a179e6befeb761f3613f1ef57ca892ebc3a6a228dca32f1309f0ac06a7de7e>, "", 65536, 20672) = 0
pread64(3</tmp/nia-publication-fault-4wgmnp5s/case/store/objects/0c/a179e6befeb761f3613f1ef57ca892ebc3a6a228dca32f1309f0ac06a7de7e>, "!<arch>\n", 8, 0) = 8
pread64(3</tmp/nia-publication-fault-4wgmnp5s/case/store/objects/0c/a179e6befeb761f3613f1ef57ca892ebc3a6a228dca32f1309f0ac06a7de7e>, "debian-binary/  0           0     0     100644  4         `\n", 60, 8) = 60
pread64(3</tmp/nia-publication-fault-4wgmnp5s/case/store/objects/0c/a179e6befeb761f3613f1ef57ca892ebc3a6a228dca32f1309f0ac06a7de7e>, "2.0\n", 4, 68) = 4
pread64(3</tmp/nia-publication-fault-4wgmnp5s/case/store/objects/0c/a179e6befeb761f3613f1ef57ca892ebc3a6a228dca32f1309f0ac06a7de7e>, "2.0\n", 4, 68) = 4
pread64(3</tmp/nia-publication-fault-4wgmnp5s/case/store/objects/0c/a179e6befeb761f3613f1ef57ca892ebc3a6a228dca32f1309f0ac06a7de7e>, "control.tar/    0           0     0     100644  10240     `\n", 60, 72) = 60
pread64(3</tmp/nia-publication-fault-4wgmnp5s/case/store/objects/0c/a179e6befeb761f3613f1ef57ca892ebc3a6a228dca32f1309f0ac06a7de7e>, "./control\0\0\0\0\0\0\0\0\0\0\0\0\0\0\0\0\0\0\0\0\0\0\0\0\0\0\0\0\0\0\0\0\0\0\0\0\0\0\0\0\0\0\0\0\0\0\0\0\0\0\0\0\0\0\0\0\0\0\0\0\0\0\0\0\0\0\0\0\0\0\0\0\0\0\0\0\0\0\0\0\0\0\0\0\0\0\0"..., 10240, 132) = 10240
pread64(3</tmp/nia-publication-fault-4wgmnp5s/case/store/objects/0c/a179e6befeb761f3613f1ef57ca892ebc3a6a228dca32f1309f0ac06a7de7e>, "data.tar/       0           0     0     100644  10240     `\n", 60, 10372) = 60
pread64(3</tmp/nia-publication-fault-4wgmnp5s/case/store/objects/0c/a179e6befeb761f3613f1ef57ca892ebc3a6a228dca32f1309f0ac06a7de7e>, "\0\0\0\0\0\0\0\0\0\0\0\0\0\0\0\0\0\0\0\0\0\0\0\0\0\0\0\0\0\0\0\0\0\0\0\0\0\0\0\0\0\0\0\0\0\0\0\0\0\0\0\0\0\0\0\0\0\0\0\0\0\0\0\0\0\0\0\0\0\0\0\0\0\0\0\0\0\0\0\0\0\0\0\0\0\0\0\0\0\0\0\0\0\0\0\0"..., 10240, 10432) = 10240
fsync(17</tmp/nia-publication-fault-4wgmnp5s/case/store/incoming>) = 0
pread64(3</tmp/nia-publication-fault-4wgmnp5s/case/store/objects/0c/a179e6befeb761f3613f1ef57ca892ebc3a6a228dca32f1309f0ac06a7de7e>, "\0\0\0\0\0\0\0\0\0\0\0\0\0\0\0\0\0\0\0\0\0\0\0\0\0\0\0\0\0\0\0\0\0\0\0\0\0\0\0\0\0\0\0\0\0\0\0\0\0\0\0\0\0\0\0\0\0\0\0\0\0\0\0\0\0\0\0\0\0\0\0\0\0\0\0\0\0\0\0\0\0\0\0\0\0\0\0\0\0\0\0\0\0\0\0\0"..., 10240, 10432) = 10240
write(16</tmp/nia-publication-fault-4wgmnp5s/case/store/incoming/0b5cb7e7d3d4dd5bd37d50bb87bb063f>, "\0\0\0\0\0\0\0\0\0\0\0\0\0\0\0\0\0\0\0\0\0\0\0\0\0\0\0\0\0\0\0\0\0\0\0\0\0\0\0\0\0\0\0\0\0\0\0\0\0\0\0\0\0\0\0\0\0\0\0\0\0\0\0\0\0\0\0\0\0\0\0\0\0\0\0\0\0\0\0\0\0\0\0\0\0\0\0\0\0\0\0\0\0\0\0\0"..., 10240) = 10240
fsync(16</tmp/nia-publication-fault-4wgmnp5s/case/store/incoming/0b5cb7e7d3d4dd5bd37d50bb87bb063f>) = 0
renameat2(17</tmp/nia-publication-fault-4wgmnp5s/case/store/incoming>, "0b5cb7e7d3d4dd5bd37d50bb87bb063f", 16</tmp/nia-publication-fault-4wgmnp5s/case/store/objects/84>, "ff92691f909a05b224e1c56abb4864f01b4f8e3c854e4bb4c7baf1d3f6d652", RENAME_NOREPLACE) = -1 EEXIST (File exists)
pread64(16</tmp/nia-publication-fault-4wgmnp5s/case/store/objects/84/ff92691f909a05b224e1c56abb4864f01b4f8e3c854e4bb4c7baf1d3f6d652>, "\0\0\0\0\0\0\0\0\0\0\0\0\0\0\0\0\0\0\0\0\0\0\0\0\0\0\0\0\0\0\0\0\0\0\0\0\0\0\0\0\0\0\0\0\0\0\0\0\0\0\0\0\0\0\0\0\0\0\0\0\0\0\0\0\0\0\0\0\0\0\0\0\0\0\0\0\0\0\0\0\0\0\0\0\0\0\0\0\0\0\0\0\0\0\0\0"..., 65536, 0) = 10240
pread64(16</tmp/nia-publication-fault-4wgmnp5s/case/store/objects/84/ff92691f909a05b224e1c56abb4864f01b4f8e3c854e4bb4c7baf1d3f6d652>, "", 55296, 10240) = 0
pread64(16</tmp/nia-publication-fault-4wgmnp5s/case/store/objects/84/ff92691f909a05b224e1c56abb4864f01b4f8e3c854e4bb4c7baf1d3f6d652>, "", 65536, 10240) = 0
fsync(17</tmp/nia-publication-fault-4wgmnp5s/case/store/incoming>) = 0
pread64(3</tmp/nia-publication-fault-4wgmnp5s/case/store/objects/84/ff92691f909a05b224e1c56abb4864f01b4f8e3c854e4bb4c7baf1d3f6d652>, "\0\0\0\0\0\0\0\0\0\0\0\0\0\0\0\0\0\0\0\0\0\0\0\0\0\0\0\0\0\0\0\0\0\0\0\0\0\0\0\0\0\0\0\0\0\0\0\0\0\0\0\0\0\0\0\0\0\0\0\0\0\0\0\0\0\0\0\0\0\0\0\0\0\0\0\0\0\0\0\0\0\0\0\0\0\0\0\0\0\0\0\0\0\0\0\0"..., 65536, 0) = 10240
pread64(3</tmp/nia-publication-fault-4wgmnp5s/case/store/objects/84/ff92691f909a05b224e1c56abb4864f01b4f8e3c854e4bb4c7baf1d3f6d652>, "", 55296, 10240) = 0
pread64(3</tmp/nia-publication-fault-4wgmnp5s/case/store/objects/84/ff92691f909a05b224e1c56abb4864f01b4f8e3c854e4bb4c7baf1d3f6d652>, "", 65536, 10240) = 0
pread64(3</tmp/nia-publication-fault-4wgmnp5s/case/store/objects/84/ff92691f909a05b224e1c56abb4864f01b4f8e3c854e4bb4c7baf1d3f6d652>, "\0\0\0\0\0\0\0\0\0\0\0\0\0\0\0\0\0\0\0\0\0\0\0\0\0\0\0\0\0\0\0\0\0\0\0\0\0\0\0\0\0\0\0\0\0\0\0\0\0\0\0\0\0\0\0\0\0\0\0\0\0\0\0\0\0\0\0\0\0\0\0\0\0\0\0\0\0\0\0\0\0\0\0\0\0\0\0\0\0\0\0\0\0\0\0\0"..., 10240, 0) = 10240
fsync(17</tmp/nia-publication-fault-4wgmnp5s/case/store/incoming>) = 0
pread64(3</tmp/nia-publication-fault-4wgmnp5s/case/store/objects/84/ff92691f909a05b224e1c56abb4864f01b4f8e3c854e4bb4c7baf1d3f6d652>, "\0\0\0\0\0\0\0\0\0\0\0\0\0\0\0\0\0\0\0\0\0\0\0\0\0\0\0\0\0\0\0\0\0\0\0\0\0\0\0\0\0\0\0\0\0\0\0\0\0\0\0\0\0\0\0\0\0\0\0\0\0\0\0\0\0\0\0\0\0\0\0\0\0\0\0\0\0\0\0\0\0\0\0\0\0\0\0\0\0\0\0\0\0\0\0\0"..., 10240, 0) = 10240
write(16</tmp/nia-publication-fault-4wgmnp5s/case/store/incoming/8acf055b19d045a56e2e2a95fd4c9bb5>, "\0\0\0\0\0\0\0\0\0\0\0\0\0\0\0\0\0\0\0\0\0\0\0\0\0\0\0\0\0\0\0\0\0\0\0\0\0\0\0\0\0\0\0\0\0\0\0\0\0\0\0\0\0\0\0\0\0\0\0\0\0\0\0\0\0\0\0\0\0\0\0\0\0\0\0\0\0\0\0\0\0\0\0\0\0\0\0\0\0\0\0\0\0\0\0\0"..., 10240) = 10240
fsync(16</tmp/nia-publication-fault-4wgmnp5s/case/store/incoming/8acf055b19d045a56e2e2a95fd4c9bb5>) = 0
renameat2(17</tmp/nia-publication-fault-4wgmnp5s/case/store/incoming>, "8acf055b19d045a56e2e2a95fd4c9bb5", 16</tmp/nia-publication-fault-4wgmnp5s/case/store/objects/84>, "ff92691f909a05b224e1c56abb4864f01b4f8e3c854e4bb4c7baf1d3f6d652", RENAME_NOREPLACE) = -1 EEXIST (File exists)
pread64(16</tmp/nia-publication-fault-4wgmnp5s/case/store/objects/84/ff92691f909a05b224e1c56abb4864f01b4f8e3c854e4bb4c7baf1d3f6d652>, "\0\0\0\0\0\0\0\0\0\0\0\0\0\0\0\0\0\0\0\0\0\0\0\0\0\0\0\0\0\0\0\0\0\0\0\0\0\0\0\0\0\0\0\0\0\0\0\0\0\0\0\0\0\0\0\0\0\0\0\0\0\0\0\0\0\0\0\0\0\0\0\0\0\0\0\0\0\0\0\0\0\0\0\0\0\0\0\0\0\0\0\0\0\0\0\0"..., 65536, 0) = 10240
pread64(16</tmp/nia-publication-fault-4wgmnp5s/case/store/objects/84/ff92691f909a05b224e1c56abb4864f01b4f8e3c854e4bb4c7baf1d3f6d652>, "", 55296, 10240) = 0
pread64(16</tmp/nia-publication-fault-4wgmnp5s/case/store/objects/84/ff92691f909a05b224e1c56abb4864f01b4f8e3c854e4bb4c7baf1d3f6d652>, "", 65536, 10240) = 0
fsync(17</tmp/nia-publication-fault-4wgmnp5s/case/store/incoming>) = 0
pread64(3</tmp/nia-publication-fault-4wgmnp5s/case/store/objects/84/ff92691f909a05b224e1c56abb4864f01b4f8e3c854e4bb4c7baf1d3f6d652>, "\0\0\0\0\0\0\0\0\0\0\0\0\0\0\0\0\0\0\0\0\0\0\0\0\0\0\0\0\0\0\0\0\0\0\0\0\0\0\0\0\0\0\0\0\0\0\0\0\0\0\0\0\0\0\0\0\0\0\0\0\0\0\0\0\0\0\0\0\0\0\0\0\0\0\0\0\0\0\0\0\0\0\0\0\0\0\0\0\0\0\0\0\0\0\0\0"..., 65536, 0) = 10240
pread64(3</tmp/nia-publication-fault-4wgmnp5s/case/store/objects/84/ff92691f909a05b224e1c56abb4864f01b4f8e3c854e4bb4c7baf1d3f6d652>, "", 55296, 10240) = 0
pread64(3</tmp/nia-publication-fault-4wgmnp5s/case/store/objects/84/ff92691f909a05b224e1c56abb4864f01b4f8e3c854e4bb4c7baf1d3f6d652>, "", 65536, 10240) = 0
pread64(3</tmp/nia-publication-fault-4wgmnp5s/case/store/objects/84/ff92691f909a05b224e1c56abb4864f01b4f8e3c854e4bb4c7baf1d3f6d652>, "\0\0\0\0\0\0\0\0\0\0\0\0\0\0\0\0\0\0\0\0\0\0\0\0\0\0\0\0\0\0\0\0\0\0\0\0\0\0\0\0\0\0\0\0\0\0\0\0\0\0\0\0\0\0\0\0\0\0\0\0\0\0\0\0\0\0\0\0\0\0\0\0\0\0\0\0\0\0\0\0\0\0\0\0\0\0\0\0\0\0\0\0\0\0\0\0"..., 512, 0) = 512
pread64(3</tmp/nia-publication-fault-4wgmnp5s/case/store/objects/84/ff92691f909a05b224e1c56abb4864f01b4f8e3c854e4bb4c7baf1d3f6d652>, "\0\0\0\0\0\0\0\0\0\0\0\0\0\0\0\0\0\0\0\0\0\0\0\0\0\0\0\0\0\0\0\0\0\0\0\0\0\0\0\0\0\0\0\0\0\0\0\0\0\0\0\0\0\0\0\0\0\0\0\0\0\0\0\0\0\0\0\0\0\0\0\0\0\0\0\0\0\0\0\0\0\0\0\0\0\0\0\0\0\0\0\0\0\0\0\0"..., 9728, 512) = 9728
pread64(3</tmp/nia-publication-fault-4wgmnp5s/case/store/objects/0c/a179e6befeb761f3613f1ef57ca892ebc3a6a228dca32f1309f0ac06a7de7e>, "!<arch>\ndebian-binary/  0           0     0     100644  4         `\n2.0\ncontrol.tar/    0       "..., 65536, 0) = 20672
pread64(3</tmp/nia-publication-fault-4wgmnp5s/case/store/objects/0c/a179e6befeb761f3613f1ef57ca892ebc3a6a228dca32f1309f0ac06a7de7e>, "", 44864, 20672) = 0
pread64(3</tmp/nia-publication-fault-4wgmnp5s/case/store/objects/0c/a179e6befeb761f3613f1ef57ca892ebc3a6a228dca32f1309f0ac06a7de7e>, "", 65536, 20672) = 0
pread64(3</tmp/nia-publication-fault-4wgmnp5s/case/store/objects/0c/a179e6befeb761f3613f1ef57ca892ebc3a6a228dca32f1309f0ac06a7de7e>, "!<arch>\n", 8, 0) = 8
pread64(3</tmp/nia-publication-fault-4wgmnp5s/case/store/objects/0c/a179e6befeb761f3613f1ef57ca892ebc3a6a228dca32f1309f0ac06a7de7e>, "debian-binary/  0           0     0     100644  4         `\n", 60, 8) = 60
pread64(3</tmp/nia-publication-fault-4wgmnp5s/case/store/objects/0c/a179e6befeb761f3613f1ef57ca892ebc3a6a228dca32f1309f0ac06a7de7e>, "2.0\n", 4, 68) = 4
pread64(3</tmp/nia-publication-fault-4wgmnp5s/case/store/objects/0c/a179e6befeb761f3613f1ef57ca892ebc3a6a228dca32f1309f0ac06a7de7e>, "2.0\n", 4, 68) = 4
pread64(3</tmp/nia-publication-fault-4wgmnp5s/case/store/objects/0c/a179e6befeb761f3613f1ef57ca892ebc3a6a228dca32f1309f0ac06a7de7e>, "control.tar/    0           0     0     100644  10240     `\n", 60, 72) = 60
pread64(3</tmp/nia-publication-fault-4wgmnp5s/case/store/objects/0c/a179e6befeb761f3613f1ef57ca892ebc3a6a228dca32f1309f0ac06a7de7e>, "./control\0\0\0\0\0\0\0\0\0\0\0\0\0\0\0\0\0\0\0\0\0\0\0\0\0\0\0\0\0\0\0\0\0\0\0\0\0\0\0\0\0\0\0\0\0\0\0\0\0\0\0\0\0\0\0\0\0\0\0\0\0\0\0\0\0\0\0\0\0\0\0\0\0\0\0\0\0\0\0\0\0\0\0\0\0\0\0"..., 10240, 132) = 10240
pread64(3</tmp/nia-publication-fault-4wgmnp5s/case/store/objects/0c/a179e6befeb761f3613f1ef57ca892ebc3a6a228dca32f1309f0ac06a7de7e>, "data.tar/       0           0     0     100644  10240     `\n", 60, 10372) = 60
pread64(3</tmp/nia-publication-fault-4wgmnp5s/case/store/objects/0c/a179e6befeb761f3613f1ef57ca892ebc3a6a228dca32f1309f0ac06a7de7e>, "\0\0\0\0\0\0\0\0\0\0\0\0\0\0\0\0\0\0\0\0\0\0\0\0\0\0\0\0\0\0\0\0\0\0\0\0\0\0\0\0\0\0\0\0\0\0\0\0\0\0\0\0\0\0\0\0\0\0\0\0\0\0\0\0\0\0\0\0\0\0\0\0\0\0\0\0\0\0\0\0\0\0\0\0\0\0\0\0\0\0\0\0\0\0\0\0"..., 10240, 10432) = 10240
pread64(3</tmp/nia-publication-fault-4wgmnp5s/case/store/objects/0c/a179e6befeb761f3613f1ef57ca892ebc3a6a228dca32f1309f0ac06a7de7e>, "!<arch>\ndebian-binary/  0           0     0     100644  4         `\n2.0\ncontrol.tar/    0       "..., 65536, 0) = 20672
pread64(3</tmp/nia-publication-fault-4wgmnp5s/case/store/objects/0c/a179e6befeb761f3613f1ef57ca892ebc3a6a228dca32f1309f0ac06a7de7e>, "", 44864, 20672) = 0
pread64(3</tmp/nia-publication-fault-4wgmnp5s/case/store/objects/0c/a179e6befeb761f3613f1ef57ca892ebc3a6a228dca32f1309f0ac06a7de7e>, "", 65536, 20672) = 0
pread64(3</tmp/nia-publication-fault-4wgmnp5s/case/store/objects/0c/a179e6befeb761f3613f1ef57ca892ebc3a6a228dca32f1309f0ac06a7de7e>, "!<arch>\n", 8, 0) = 8
pread64(3</tmp/nia-publication-fault-4wgmnp5s/case/store/objects/0c/a179e6befeb761f3613f1ef57ca892ebc3a6a228dca32f1309f0ac06a7de7e>, "debian-binary/  0           0     0     100644  4         `\n", 60, 8) = 60
pread64(3</tmp/nia-publication-fault-4wgmnp5s/case/store/objects/0c/a179e6befeb761f3613f1ef57ca892ebc3a6a228dca32f1309f0ac06a7de7e>, "2.0\n", 4, 68) = 4
pread64(3</tmp/nia-publication-fault-4wgmnp5s/case/store/objects/0c/a179e6befeb761f3613f1ef57ca892ebc3a6a228dca32f1309f0ac06a7de7e>, "2.0\n", 4, 68) = 4
pread64(3</tmp/nia-publication-fault-4wgmnp5s/case/store/objects/0c/a179e6befeb761f3613f1ef57ca892ebc3a6a228dca32f1309f0ac06a7de7e>, "control.tar/    0           0     0     100644  10240     `\n", 60, 72) = 60
pread64(3</tmp/nia-publication-fault-4wgmnp5s/case/store/objects/0c/a179e6befeb761f3613f1ef57ca892ebc3a6a228dca32f1309f0ac06a7de7e>, "./control\0\0\0\0\0\0\0\0\0\0\0\0\0\0\0\0\0\0\0\0\0\0\0\0\0\0\0\0\0\0\0\0\0\0\0\0\0\0\0\0\0\0\0\0\0\0\0\0\0\0\0\0\0\0\0\0\0\0\0\0\0\0\0\0\0\0\0\0\0\0\0\0\0\0\0\0\0\0\0\0\0\0\0\0\0\0\0"..., 10240, 132) = 10240
pread64(3</tmp/nia-publication-fault-4wgmnp5s/case/store/objects/0c/a179e6befeb761f3613f1ef57ca892ebc3a6a228dca32f1309f0ac06a7de7e>, "data.tar/       0           0     0     100644  10240     `\n", 60, 10372) = 60
pread64(3</tmp/nia-publication-fault-4wgmnp5s/case/store/objects/0c/a179e6befeb761f3613f1ef57ca892ebc3a6a228dca32f1309f0ac06a7de7e>, "\0\0\0\0\0\0\0\0\0\0\0\0\0\0\0\0\0\0\0\0\0\0\0\0\0\0\0\0\0\0\0\0\0\0\0\0\0\0\0\0\0\0\0\0\0\0\0\0\0\0\0\0\0\0\0\0\0\0\0\0\0\0\0\0\0\0\0\0\0\0\0\0\0\0\0\0\0\0\0\0\0\0\0\0\0\0\0\0\0\0\0\0\0\0\0\0"..., 10240, 10432) = 10240
fsync(17</tmp/nia-publication-fault-4wgmnp5s/case/store/incoming>) = 0
pread64(3</tmp/nia-publication-fault-4wgmnp5s/case/store/objects/0c/a179e6befeb761f3613f1ef57ca892ebc3a6a228dca32f1309f0ac06a7de7e>, "./control\0\0\0\0\0\0\0\0\0\0\0\0\0\0\0\0\0\0\0\0\0\0\0\0\0\0\0\0\0\0\0\0\0\0\0\0\0\0\0\0\0\0\0\0\0\0\0\0\0\0\0\0\0\0\0\0\0\0\0\0\0\0\0\0\0\0\0\0\0\0\0\0\0\0\0\0\0\0\0\0\0\0\0\0\0\0\0"..., 10240, 132) = 10240
write(16</tmp/nia-publication-fault-4wgmnp5s/case/store/incoming/0cd67124a1aae483b6196bc20267486b>, "./control\0\0\0\0\0\0\0\0\0\0\0\0\0\0\0\0\0\0\0\0\0\0\0\0\0\0\0\0\0\0\0\0\0\0\0\0\0\0\0\0\0\0\0\0\0\0\0\0\0\0\0\0\0\0\0\0\0\0\0\0\0\0\0\0\0\0\0\0\0\0\0\0\0\0\0\0\0\0\0\0\0\0\0\0\0\0\0"..., 10240) = 10240
fsync(16</tmp/nia-publication-fault-4wgmnp5s/case/store/incoming/0cd67124a1aae483b6196bc20267486b>) = 0
renameat2(17</tmp/nia-publication-fault-4wgmnp5s/case/store/incoming>, "0cd67124a1aae483b6196bc20267486b", 16</tmp/nia-publication-fault-4wgmnp5s/case/store/objects/4a>, "36f6eb7c1b236ab6cb28ddb882919e888bf393dfc00d93008ad6730697f8f7", RENAME_NOREPLACE) = -1 EEXIST (File exists)
pread64(16</tmp/nia-publication-fault-4wgmnp5s/case/store/objects/4a/36f6eb7c1b236ab6cb28ddb882919e888bf393dfc00d93008ad6730697f8f7>, "./control\0\0\0\0\0\0\0\0\0\0\0\0\0\0\0\0\0\0\0\0\0\0\0\0\0\0\0\0\0\0\0\0\0\0\0\0\0\0\0\0\0\0\0\0\0\0\0\0\0\0\0\0\0\0\0\0\0\0\0\0\0\0\0\0\0\0\0\0\0\0\0\0\0\0\0\0\0\0\0\0\0\0\0\0\0\0\0"..., 65536, 0) = 10240
pread64(16</tmp/nia-publication-fault-4wgmnp5s/case/store/objects/4a/36f6eb7c1b236ab6cb28ddb882919e888bf393dfc00d93008ad6730697f8f7>, "", 55296, 10240) = 0
pread64(16</tmp/nia-publication-fault-4wgmnp5s/case/store/objects/4a/36f6eb7c1b236ab6cb28ddb882919e888bf393dfc00d93008ad6730697f8f7>, "", 65536, 10240) = 0
fsync(17</tmp/nia-publication-fault-4wgmnp5s/case/store/incoming>) = 0
pread64(3</tmp/nia-publication-fault-4wgmnp5s/case/store/objects/4a/36f6eb7c1b236ab6cb28ddb882919e888bf393dfc00d93008ad6730697f8f7>, "./control\0\0\0\0\0\0\0\0\0\0\0\0\0\0\0\0\0\0\0\0\0\0\0\0\0\0\0\0\0\0\0\0\0\0\0\0\0\0\0\0\0\0\0\0\0\0\0\0\0\0\0\0\0\0\0\0\0\0\0\0\0\0\0\0\0\0\0\0\0\0\0\0\0\0\0\0\0\0\0\0\0\0\0\0\0\0\0"..., 65536, 0) = 10240
pread64(3</tmp/nia-publication-fault-4wgmnp5s/case/store/objects/4a/36f6eb7c1b236ab6cb28ddb882919e888bf393dfc00d93008ad6730697f8f7>, "", 55296, 10240) = 0
pread64(3</tmp/nia-publication-fault-4wgmnp5s/case/store/objects/4a/36f6eb7c1b236ab6cb28ddb882919e888bf393dfc00d93008ad6730697f8f7>, "", 65536, 10240) = 0
pread64(3</tmp/nia-publication-fault-4wgmnp5s/case/store/objects/4a/36f6eb7c1b236ab6cb28ddb882919e888bf393dfc00d93008ad6730697f8f7>, "./control\0\0\0\0\0\0\0\0\0\0\0\0\0\0\0\0\0\0\0\0\0\0\0\0\0\0\0\0\0\0\0\0\0\0\0\0\0\0\0\0\0\0\0\0\0\0\0\0\0\0\0\0\0\0\0\0\0\0\0\0\0\0\0\0\0\0\0\0\0\0\0\0\0\0\0\0\0\0\0\0\0\0\0\0\0\0\0"..., 10240, 0) = 10240
fsync(17</tmp/nia-publication-fault-4wgmnp5s/case/store/incoming>) = 0
write(16</tmp/nia-publication-fault-4wgmnp5s/case/store/incoming/0bc4eb0541116a80bac5df50c7597864>, "Package: empty-package\nVersion: 1\nArchitecture: all\nMaintainer: Fixture <fixture@example.invalid"..., 149) = 149
fsync(16</tmp/nia-publication-fault-4wgmnp5s/case/store/incoming/0bc4eb0541116a80bac5df50c7597864>) = 0
renameat2(17</tmp/nia-publication-fault-4wgmnp5s/case/store/incoming>, "0bc4eb0541116a80bac5df50c7597864", 16</tmp/nia-publication-fault-4wgmnp5s/case/store/objects/a3>, "1a856f430af395bccd7eb2f142b11ad3ae0fc5daf3acc4ffb341c48a5abd39", RENAME_NOREPLACE) = -1 EEXIST (File exists)
pread64(16</tmp/nia-publication-fault-4wgmnp5s/case/store/objects/a3/1a856f430af395bccd7eb2f142b11ad3ae0fc5daf3acc4ffb341c48a5abd39>, "Package: empty-package\nVersion: 1\nArchitecture: all\nMaintainer: Fixture <fixture@example.invalid"..., 65536, 0) = 149
pread64(16</tmp/nia-publication-fault-4wgmnp5s/case/store/objects/a3/1a856f430af395bccd7eb2f142b11ad3ae0fc5daf3acc4ffb341c48a5abd39>, "", 65387, 149) = 0
pread64(16</tmp/nia-publication-fault-4wgmnp5s/case/store/objects/a3/1a856f430af395bccd7eb2f142b11ad3ae0fc5daf3acc4ffb341c48a5abd39>, "", 65536, 149) = 0
fsync(17</tmp/nia-publication-fault-4wgmnp5s/case/store/incoming>) = 0
pread64(3</tmp/nia-publication-fault-4wgmnp5s/case/store/objects/a3/1a856f430af395bccd7eb2f142b11ad3ae0fc5daf3acc4ffb341c48a5abd39>, "Package: empty-package\nVersion: 1\nArchitecture: all\nMaintainer: Fixture <fixture@example.invalid"..., 65536, 0) = 149
pread64(3</tmp/nia-publication-fault-4wgmnp5s/case/store/objects/a3/1a856f430af395bccd7eb2f142b11ad3ae0fc5daf3acc4ffb341c48a5abd39>, "", 65387, 149) = 0
pread64(3</tmp/nia-publication-fault-4wgmnp5s/case/store/objects/a3/1a856f430af395bccd7eb2f142b11ad3ae0fc5daf3acc4ffb341c48a5abd39>, "", 65536, 149) = 0
pread64(3</tmp/nia-publication-fault-4wgmnp5s/case/store/objects/a3/1a856f430af395bccd7eb2f142b11ad3ae0fc5daf3acc4ffb341c48a5abd39>, "Package: empty-package\nVersion: 1\nArchitecture: all\nMaintainer: Fixture <fixture@example.invalid"..., 16777216, 0) = 149
pread64(3</tmp/nia-publication-fault-4wgmnp5s/case/store/objects/a3/1a856f430af395bccd7eb2f142b11ad3ae0fc5daf3acc4ffb341c48a5abd39>, "", 16777067, 149) = 0
pread64(3</tmp/nia-publication-fault-4wgmnp5s/case/store/objects/a3/1a856f430af395bccd7eb2f142b11ad3ae0fc5daf3acc4ffb341c48a5abd39>, "Package: empty-package\nVersion: 1\nArchitecture: all\nMaintainer: Fixture <fixture@example.invalid"..., 65536, 0) = 149
pread64(3</tmp/nia-publication-fault-4wgmnp5s/case/store/objects/a3/1a856f430af395bccd7eb2f142b11ad3ae0fc5daf3acc4ffb341c48a5abd39>, "", 65387, 149) = 0
pread64(3</tmp/nia-publication-fault-4wgmnp5s/case/store/objects/a3/1a856f430af395bccd7eb2f142b11ad3ae0fc5daf3acc4ffb341c48a5abd39>, "", 65536, 149) = 0
pread64(3</tmp/nia-publication-fault-4wgmnp5s/case/store/objects/a3/1a856f430af395bccd7eb2f142b11ad3ae0fc5daf3acc4ffb341c48a5abd39>, "Package: empty-package\nVersion: 1\nArchitecture: all\nMaintainer: Fixture <fixture@example.invalid"..., 16777216, 0) = 149
pread64(3</tmp/nia-publication-fault-4wgmnp5s/case/store/objects/a3/1a856f430af395bccd7eb2f142b11ad3ae0fc5daf3acc4ffb341c48a5abd39>, "", 16777067, 149) = 0
pread64(3</tmp/nia-publication-fault-4wgmnp5s/case/store/objects/0c/a179e6befeb761f3613f1ef57ca892ebc3a6a228dca32f1309f0ac06a7de7e>, "!<arch>\ndebian-binary/  0           0     0     100644  4         `\n2.0\ncontrol.tar/    0       "..., 65536, 0) = 20672
pread64(3</tmp/nia-publication-fault-4wgmnp5s/case/store/objects/0c/a179e6befeb761f3613f1ef57ca892ebc3a6a228dca32f1309f0ac06a7de7e>, "", 44864, 20672) = 0
pread64(3</tmp/nia-publication-fault-4wgmnp5s/case/store/objects/0c/a179e6befeb761f3613f1ef57ca892ebc3a6a228dca32f1309f0ac06a7de7e>, "", 65536, 20672) = 0
pread64(3</tmp/nia-publication-fault-4wgmnp5s/case/store/objects/0c/a179e6befeb761f3613f1ef57ca892ebc3a6a228dca32f1309f0ac06a7de7e>, "!<arch>\n", 8, 0) = 8
pread64(3</tmp/nia-publication-fault-4wgmnp5s/case/store/objects/0c/a179e6befeb761f3613f1ef57ca892ebc3a6a228dca32f1309f0ac06a7de7e>, "debian-binary/  0           0     0     100644  4         `\n", 60, 8) = 60
pread64(3</tmp/nia-publication-fault-4wgmnp5s/case/store/objects/0c/a179e6befeb761f3613f1ef57ca892ebc3a6a228dca32f1309f0ac06a7de7e>, "2.0\n", 4, 68) = 4
pread64(3</tmp/nia-publication-fault-4wgmnp5s/case/store/objects/0c/a179e6befeb761f3613f1ef57ca892ebc3a6a228dca32f1309f0ac06a7de7e>, "2.0\n", 4, 68) = 4
pread64(3</tmp/nia-publication-fault-4wgmnp5s/case/store/objects/0c/a179e6befeb761f3613f1ef57ca892ebc3a6a228dca32f1309f0ac06a7de7e>, "control.tar/    0           0     0     100644  10240     `\n", 60, 72) = 60
pread64(3</tmp/nia-publication-fault-4wgmnp5s/case/store/objects/0c/a179e6befeb761f3613f1ef57ca892ebc3a6a228dca32f1309f0ac06a7de7e>, "./control\0\0\0\0\0\0\0\0\0\0\0\0\0\0\0\0\0\0\0\0\0\0\0\0\0\0\0\0\0\0\0\0\0\0\0\0\0\0\0\0\0\0\0\0\0\0\0\0\0\0\0\0\0\0\0\0\0\0\0\0\0\0\0\0\0\0\0\0\0\0\0\0\0\0\0\0\0\0\0\0\0\0\0\0\0\0\0"..., 10240, 132) = 10240
pread64(3</tmp/nia-publication-fault-4wgmnp5s/case/store/objects/0c/a179e6befeb761f3613f1ef57ca892ebc3a6a228dca32f1309f0ac06a7de7e>, "data.tar/       0           0     0     100644  10240     `\n", 60, 10372) = 60
pread64(3</tmp/nia-publication-fault-4wgmnp5s/case/store/objects/0c/a179e6befeb761f3613f1ef57ca892ebc3a6a228dca32f1309f0ac06a7de7e>, "\0\0\0\0\0\0\0\0\0\0\0\0\0\0\0\0\0\0\0\0\0\0\0\0\0\0\0\0\0\0\0\0\0\0\0\0\0\0\0\0\0\0\0\0\0\0\0\0\0\0\0\0\0\0\0\0\0\0\0\0\0\0\0\0\0\0\0\0\0\0\0\0\0\0\0\0\0\0\0\0\0\0\0\0\0\0\0\0\0\0\0\0\0\0\0\0"..., 10240, 10432) = 10240
pread64(3</tmp/nia-publication-fault-4wgmnp5s/case/store/objects/0c/a179e6befeb761f3613f1ef57ca892ebc3a6a228dca32f1309f0ac06a7de7e>, "!<arch>\ndebian-binary/  0           0     0     100644  4         `\n2.0\ncontrol.tar/    0       "..., 65536, 0) = 20672
pread64(3</tmp/nia-publication-fault-4wgmnp5s/case/store/objects/0c/a179e6befeb761f3613f1ef57ca892ebc3a6a228dca32f1309f0ac06a7de7e>, "", 44864, 20672) = 0
pread64(3</tmp/nia-publication-fault-4wgmnp5s/case/store/objects/0c/a179e6befeb761f3613f1ef57ca892ebc3a6a228dca32f1309f0ac06a7de7e>, "", 65536, 20672) = 0
pread64(3</tmp/nia-publication-fault-4wgmnp5s/case/store/objects/0c/a179e6befeb761f3613f1ef57ca892ebc3a6a228dca32f1309f0ac06a7de7e>, "!<arch>\n", 8, 0) = 8
pread64(3</tmp/nia-publication-fault-4wgmnp5s/case/store/objects/0c/a179e6befeb761f3613f1ef57ca892ebc3a6a228dca32f1309f0ac06a7de7e>, "debian-binary/  0           0     0     100644  4         `\n", 60, 8) = 60
pread64(3</tmp/nia-publication-fault-4wgmnp5s/case/store/objects/0c/a179e6befeb761f3613f1ef57ca892ebc3a6a228dca32f1309f0ac06a7de7e>, "2.0\n", 4, 68) = 4
pread64(3</tmp/nia-publication-fault-4wgmnp5s/case/store/objects/0c/a179e6befeb761f3613f1ef57ca892ebc3a6a228dca32f1309f0ac06a7de7e>, "2.0\n", 4, 68) = 4
pread64(3</tmp/nia-publication-fault-4wgmnp5s/case/store/objects/0c/a179e6befeb761f3613f1ef57ca892ebc3a6a228dca32f1309f0ac06a7de7e>, "control.tar/    0           0     0     100644  10240     `\n", 60, 72) = 60
pread64(3</tmp/nia-publication-fault-4wgmnp5s/case/store/objects/0c/a179e6befeb761f3613f1ef57ca892ebc3a6a228dca32f1309f0ac06a7de7e>, "./control\0\0\0\0\0\0\0\0\0\0\0\0\0\0\0\0\0\0\0\0\0\0\0\0\0\0\0\0\0\0\0\0\0\0\0\0\0\0\0\0\0\0\0\0\0\0\0\0\0\0\0\0\0\0\0\0\0\0\0\0\0\0\0\0\0\0\0\0\0\0\0\0\0\0\0\0\0\0\0\0\0\0\0\0\0\0\0"..., 10240, 132) = 10240
pread64(3</tmp/nia-publication-fault-4wgmnp5s/case/store/objects/0c/a179e6befeb761f3613f1ef57ca892ebc3a6a228dca32f1309f0ac06a7de7e>, "data.tar/       0           0     0     100644  10240     `\n", 60, 10372) = 60
pread64(3</tmp/nia-publication-fault-4wgmnp5s/case/store/objects/0c/a179e6befeb761f3613f1ef57ca892ebc3a6a228dca32f1309f0ac06a7de7e>, "\0\0\0\0\0\0\0\0\0\0\0\0\0\0\0\0\0\0\0\0\0\0\0\0\0\0\0\0\0\0\0\0\0\0\0\0\0\0\0\0\0\0\0\0\0\0\0\0\0\0\0\0\0\0\0\0\0\0\0\0\0\0\0\0\0\0\0\0\0\0\0\0\0\0\0\0\0\0\0\0\0\0\0\0\0\0\0\0\0\0\0\0\0\0\0\0"..., 10240, 10432) = 10240
fsync(17</tmp/nia-publication-fault-4wgmnp5s/case/store/incoming>) = 0
pread64(3</tmp/nia-publication-fault-4wgmnp5s/case/store/objects/0c/a179e6befeb761f3613f1ef57ca892ebc3a6a228dca32f1309f0ac06a7de7e>, "./control\0\0\0\0\0\0\0\0\0\0\0\0\0\0\0\0\0\0\0\0\0\0\0\0\0\0\0\0\0\0\0\0\0\0\0\0\0\0\0\0\0\0\0\0\0\0\0\0\0\0\0\0\0\0\0\0\0\0\0\0\0\0\0\0\0\0\0\0\0\0\0\0\0\0\0\0\0\0\0\0\0\0\0\0\0\0\0"..., 10240, 132) = 10240
write(16</tmp/nia-publication-fault-4wgmnp5s/case/store/incoming/41668331388e1029c864c39e153cdae4>, "./control\0\0\0\0\0\0\0\0\0\0\0\0\0\0\0\0\0\0\0\0\0\0\0\0\0\0\0\0\0\0\0\0\0\0\0\0\0\0\0\0\0\0\0\0\0\0\0\0\0\0\0\0\0\0\0\0\0\0\0\0\0\0\0\0\0\0\0\0\0\0\0\0\0\0\0\0\0\0\0\0\0\0\0\0\0\0\0"..., 10240) = 10240
fsync(16</tmp/nia-publication-fault-4wgmnp5s/case/store/incoming/41668331388e1029c864c39e153cdae4>) = 0
renameat2(17</tmp/nia-publication-fault-4wgmnp5s/case/store/incoming>, "41668331388e1029c864c39e153cdae4", 16</tmp/nia-publication-fault-4wgmnp5s/case/store/objects/4a>, "36f6eb7c1b236ab6cb28ddb882919e888bf393dfc00d93008ad6730697f8f7", RENAME_NOREPLACE) = -1 EEXIST (File exists)
pread64(16</tmp/nia-publication-fault-4wgmnp5s/case/store/objects/4a/36f6eb7c1b236ab6cb28ddb882919e888bf393dfc00d93008ad6730697f8f7>, "./control\0\0\0\0\0\0\0\0\0\0\0\0\0\0\0\0\0\0\0\0\0\0\0\0\0\0\0\0\0\0\0\0\0\0\0\0\0\0\0\0\0\0\0\0\0\0\0\0\0\0\0\0\0\0\0\0\0\0\0\0\0\0\0\0\0\0\0\0\0\0\0\0\0\0\0\0\0\0\0\0\0\0\0\0\0\0\0"..., 65536, 0) = 10240
pread64(16</tmp/nia-publication-fault-4wgmnp5s/case/store/objects/4a/36f6eb7c1b236ab6cb28ddb882919e888bf393dfc00d93008ad6730697f8f7>, "", 55296, 10240) = 0
pread64(16</tmp/nia-publication-fault-4wgmnp5s/case/store/objects/4a/36f6eb7c1b236ab6cb28ddb882919e888bf393dfc00d93008ad6730697f8f7>, "", 65536, 10240) = 0
fsync(17</tmp/nia-publication-fault-4wgmnp5s/case/store/incoming>) = 0
pread64(3</tmp/nia-publication-fault-4wgmnp5s/case/store/objects/4a/36f6eb7c1b236ab6cb28ddb882919e888bf393dfc00d93008ad6730697f8f7>, "./control\0\0\0\0\0\0\0\0\0\0\0\0\0\0\0\0\0\0\0\0\0\0\0\0\0\0\0\0\0\0\0\0\0\0\0\0\0\0\0\0\0\0\0\0\0\0\0\0\0\0\0\0\0\0\0\0\0\0\0\0\0\0\0\0\0\0\0\0\0\0\0\0\0\0\0\0\0\0\0\0\0\0\0\0\0\0\0"..., 65536, 0) = 10240
pread64(3</tmp/nia-publication-fault-4wgmnp5s/case/store/objects/4a/36f6eb7c1b236ab6cb28ddb882919e888bf393dfc00d93008ad6730697f8f7>, "", 55296, 10240) = 0
pread64(3</tmp/nia-publication-fault-4wgmnp5s/case/store/objects/4a/36f6eb7c1b236ab6cb28ddb882919e888bf393dfc00d93008ad6730697f8f7>, "", 65536, 10240) = 0
pread64(3</tmp/nia-publication-fault-4wgmnp5s/case/store/objects/4a/36f6eb7c1b236ab6cb28ddb882919e888bf393dfc00d93008ad6730697f8f7>, "./control\0\0\0\0\0\0\0\0\0\0\0\0\0\0\0\0\0\0\0\0\0\0\0\0\0\0\0\0\0\0\0\0\0\0\0\0\0\0\0\0\0\0\0\0\0\0\0\0\0\0\0\0\0\0\0\0\0\0\0\0\0\0\0\0\0\0\0\0\0\0\0\0\0\0\0\0\0\0\0\0\0\0\0\0\0\0\0"..., 10240, 0) = 10240
fsync(17</tmp/nia-publication-fault-4wgmnp5s/case/store/incoming>) = 0
write(16</tmp/nia-publication-fault-4wgmnp5s/case/store/incoming/8910a843d84980d0dc3e00738b499637>, "Package: empty-package\nVersion: 1\nArchitecture: all\nMaintainer: Fixture <fixture@example.invalid"..., 149) = 149
fsync(16</tmp/nia-publication-fault-4wgmnp5s/case/store/incoming/8910a843d84980d0dc3e00738b499637>) = 0
renameat2(17</tmp/nia-publication-fault-4wgmnp5s/case/store/incoming>, "8910a843d84980d0dc3e00738b499637", 16</tmp/nia-publication-fault-4wgmnp5s/case/store/objects/a3>, "1a856f430af395bccd7eb2f142b11ad3ae0fc5daf3acc4ffb341c48a5abd39", RENAME_NOREPLACE) = -1 EEXIST (File exists)
pread64(16</tmp/nia-publication-fault-4wgmnp5s/case/store/objects/a3/1a856f430af395bccd7eb2f142b11ad3ae0fc5daf3acc4ffb341c48a5abd39>, "Package: empty-package\nVersion: 1\nArchitecture: all\nMaintainer: Fixture <fixture@example.invalid"..., 65536, 0) = 149
pread64(16</tmp/nia-publication-fault-4wgmnp5s/case/store/objects/a3/1a856f430af395bccd7eb2f142b11ad3ae0fc5daf3acc4ffb341c48a5abd39>, "", 65387, 149) = 0
pread64(16</tmp/nia-publication-fault-4wgmnp5s/case/store/objects/a3/1a856f430af395bccd7eb2f142b11ad3ae0fc5daf3acc4ffb341c48a5abd39>, "", 65536, 149) = 0
fsync(17</tmp/nia-publication-fault-4wgmnp5s/case/store/incoming>) = 0
pread64(3</tmp/nia-publication-fault-4wgmnp5s/case/store/objects/0c/a179e6befeb761f3613f1ef57ca892ebc3a6a228dca32f1309f0ac06a7de7e>, "!<arch>\ndebian-binary/  0           0     0     100644  4         `\n2.0\ncontrol.tar/    0       "..., 65536, 0) = 20672
pread64(3</tmp/nia-publication-fault-4wgmnp5s/case/store/objects/0c/a179e6befeb761f3613f1ef57ca892ebc3a6a228dca32f1309f0ac06a7de7e>, "", 44864, 20672) = 0
pread64(3</tmp/nia-publication-fault-4wgmnp5s/case/store/objects/0c/a179e6befeb761f3613f1ef57ca892ebc3a6a228dca32f1309f0ac06a7de7e>, "", 65536, 20672) = 0
pread64(3</tmp/nia-publication-fault-4wgmnp5s/case/store/objects/4a/36f6eb7c1b236ab6cb28ddb882919e888bf393dfc00d93008ad6730697f8f7>, "./control\0\0\0\0\0\0\0\0\0\0\0\0\0\0\0\0\0\0\0\0\0\0\0\0\0\0\0\0\0\0\0\0\0\0\0\0\0\0\0\0\0\0\0\0\0\0\0\0\0\0\0\0\0\0\0\0\0\0\0\0\0\0\0\0\0\0\0\0\0\0\0\0\0\0\0\0\0\0\0\0\0\0\0\0\0\0\0"..., 65536, 0) = 10240
pread64(3</tmp/nia-publication-fault-4wgmnp5s/case/store/objects/4a/36f6eb7c1b236ab6cb28ddb882919e888bf393dfc00d93008ad6730697f8f7>, "", 55296, 10240) = 0
pread64(3</tmp/nia-publication-fault-4wgmnp5s/case/store/objects/4a/36f6eb7c1b236ab6cb28ddb882919e888bf393dfc00d93008ad6730697f8f7>, "", 65536, 10240) = 0
pread64(3</tmp/nia-publication-fault-4wgmnp5s/case/store/objects/84/ff92691f909a05b224e1c56abb4864f01b4f8e3c854e4bb4c7baf1d3f6d652>, "\0\0\0\0\0\0\0\0\0\0\0\0\0\0\0\0\0\0\0\0\0\0\0\0\0\0\0\0\0\0\0\0\0\0\0\0\0\0\0\0\0\0\0\0\0\0\0\0\0\0\0\0\0\0\0\0\0\0\0\0\0\0\0\0\0\0\0\0\0\0\0\0\0\0\0\0\0\0\0\0\0\0\0\0\0\0\0\0\0\0\0\0\0\0\0\0"..., 65536, 0) = 10240
pread64(3</tmp/nia-publication-fault-4wgmnp5s/case/store/objects/84/ff92691f909a05b224e1c56abb4864f01b4f8e3c854e4bb4c7baf1d3f6d652>, "", 55296, 10240) = 0
pread64(3</tmp/nia-publication-fault-4wgmnp5s/case/store/objects/84/ff92691f909a05b224e1c56abb4864f01b4f8e3c854e4bb4c7baf1d3f6d652>, "", 65536, 10240) = 0
pread64(3</tmp/nia-publication-fault-4wgmnp5s/case/store/objects/8e/e688345e1d9502ee8cd7277a453c30bfb77b947201beb3300e9df2b8ca321d>, "\0\0\0\0\0\0\0\10NIACSEL1\273\343\341b6\331$M\267\345\300\262\251\302\306\27f\270\251!\330\260\227\374\323p\347\177\25.\3311\0\0\0\0\0\0\0\1\f\241y\346\276\376\267a\363a?\36\365|\250\222\353\303\246\242(\334\243/\23\t\360\254\6\247\336~J6\366\353|\33#j"..., 65536, 0) = 152
pread64(3</tmp/nia-publication-fault-4wgmnp5s/case/store/objects/8e/e688345e1d9502ee8cd7277a453c30bfb77b947201beb3300e9df2b8ca321d>, "", 65384, 152) = 0
pread64(3</tmp/nia-publication-fault-4wgmnp5s/case/store/objects/8e/e688345e1d9502ee8cd7277a453c30bfb77b947201beb3300e9df2b8ca321d>, "", 65536, 152) = 0
pread64(3</tmp/nia-publication-fault-4wgmnp5s/case/store/objects/a3/1a856f430af395bccd7eb2f142b11ad3ae0fc5daf3acc4ffb341c48a5abd39>, "Package: empty-package\nVersion: 1\nArchitecture: all\nMaintainer: Fixture <fixture@example.invalid"..., 65536, 0) = 149
pread64(3</tmp/nia-publication-fault-4wgmnp5s/case/store/objects/a3/1a856f430af395bccd7eb2f142b11ad3ae0fc5daf3acc4ffb341c48a5abd39>, "", 65387, 149) = 0
pread64(3</tmp/nia-publication-fault-4wgmnp5s/case/store/objects/a3/1a856f430af395bccd7eb2f142b11ad3ae0fc5daf3acc4ffb341c48a5abd39>, "", 65536, 149) = 0
fsync(16</tmp/nia-publication-fault-4wgmnp5s/case/store/incoming>) = 0
write(3</tmp/nia-publication-fault-4wgmnp5s/case/store/incoming/9e7fa422917cf4ca03e987703d853582>, "NIACLOS1\216\346\2104^\35\225\2\356\214\327'zE<0\277\267{\224r\1\276\2630\16\235\362\270\3122\35\273\343\341b6\331$M\267\345\300\262\251\302\306\27f\270\251!\330\260\227\374\323p\347\177\25.\3311\0\0\0\0\0\0\0\5", 80) = 80
write(3</tmp/nia-publication-fault-4wgmnp5s/case/store/incoming/9e7fa422917cf4ca03e987703d853582>, "\f\241y\346\276\376\267a\363a?\36\365|\250\222\353\303\246\242(\334\243/\23\t\360\254\6\247\336~", 32) = 32
write(3</tmp/nia-publication-fault-4wgmnp5s/case/store/incoming/9e7fa422917cf4ca03e987703d853582>, "J6\366\353|\33#j\266\313(\335\270\202\221\236\210\213\363\223\337\300\r\223\0\212\326s\6\227\370\367", 32) = 32
write(3</tmp/nia-publication-fault-4wgmnp5s/case/store/incoming/9e7fa422917cf4ca03e987703d853582>, "\204\377\222i\37\220\232\5\262$\341\305j\273Hd\360\33O\216<\205NK\264\307\272\361\323\366\326R", 32) = 32
write(3</tmp/nia-publication-fault-4wgmnp5s/case/store/incoming/9e7fa422917cf4ca03e987703d853582>, "\216\346\2104^\35\225\2\356\214\327'zE<0\277\267{\224r\1\276\2630\16\235\362\270\3122\35", 32) = 32
write(3</tmp/nia-publication-fault-4wgmnp5s/case/store/incoming/9e7fa422917cf4ca03e987703d853582>, "\243\32\205oC\n\363\225\274\315~\262\361B\261\32\323\256\17\305\332\363\254\304\377\263A\304\212Z\2759", 32) = 32
fsync(3</tmp/nia-publication-fault-4wgmnp5s/case/store/incoming/9e7fa422917cf4ca03e987703d853582>) = 0
renameat2(16</tmp/nia-publication-fault-4wgmnp5s/case/store/incoming>, "9e7fa422917cf4ca03e987703d853582", 3</tmp/nia-publication-fault-4wgmnp5s/case/store/objects/32>, "094e7c613fdb6dffb1f27d926b176f7fd8946b8c2cf3ca9e3b95cb91a1a8ca", RENAME_NOREPLACE) = -1 EEXIST (File exists)
pread64(3</tmp/nia-publication-fault-4wgmnp5s/case/store/objects/32/094e7c613fdb6dffb1f27d926b176f7fd8946b8c2cf3ca9e3b95cb91a1a8ca>, "NIACLOS1\216\346\2104^\35\225\2\356\214\327'zE<0\277\267{\224r\1\276\2630\16\235\362\270\3122\35\273\343\341b6\331$M\267\345\300\262\251\302\306\27f\270\251!\330\260\227\374\323p\347\177\25.\3311\0\0\0\0\0\0\0\5\f\241y\346\276\376\267a\363a?\36\365|\250\222"..., 65536, 0) = 240
pread64(3</tmp/nia-publication-fault-4wgmnp5s/case/store/objects/32/094e7c613fdb6dffb1f27d926b176f7fd8946b8c2cf3ca9e3b95cb91a1a8ca>, "", 65296, 240) = 0
pread64(3</tmp/nia-publication-fault-4wgmnp5s/case/store/objects/32/094e7c613fdb6dffb1f27d926b176f7fd8946b8c2cf3ca9e3b95cb91a1a8ca>, "", 65536, 240) = 0
fsync(16</tmp/nia-publication-fault-4wgmnp5s/case/store/incoming>) = 0
pread64(3</tmp/nia-publication-fault-4wgmnp5s/case/store/objects/8e/e688345e1d9502ee8cd7277a453c30bfb77b947201beb3300e9df2b8ca321d>, "\0\0\0\0\0\0\0\10NIACSEL1\273\343\341b6\331$M\267\345\300\262\251\302\306\27f\270\251!\330\260\227\374\323p\347\177\25.\3311\0\0\0\0\0\0\0\1\f\241y\346\276\376\267a\363a?\36\365|\250\222\353\303\246\242(\334\243/\23\t\360\254\6\247\336~J6\366\353|\33#j"..., 65536, 0) = 152
pread64(3</tmp/nia-publication-fault-4wgmnp5s/case/store/objects/8e/e688345e1d9502ee8cd7277a453c30bfb77b947201beb3300e9df2b8ca321d>, "", 65384, 152) = 0
pread64(3</tmp/nia-publication-fault-4wgmnp5s/case/store/objects/8e/e688345e1d9502ee8cd7277a453c30bfb77b947201beb3300e9df2b8ca321d>, "", 65536, 152) = 0
pread64(3</tmp/nia-publication-fault-4wgmnp5s/case/store/objects/8e/e688345e1d9502ee8cd7277a453c30bfb77b947201beb3300e9df2b8ca321d>, "\0\0\0\0\0\0\0\10NIACSEL1\273\343\341b6\331$M\267\345\300\262\251\302\306\27f\270\251!\330\260\227\374\323p\347\177\25.\3311\0\0\0\0\0\0\0\1\f\241y\346\276\376\267a\363a?\36\365|\250\222\353\303\246\242(\334\243/\23\t\360\254\6\247\336~J6\366\353|\33#j"..., 393272, 0) = 152
pread64(3</tmp/nia-publication-fault-4wgmnp5s/case/store/objects/8e/e688345e1d9502ee8cd7277a453c30bfb77b947201beb3300e9df2b8ca321d>, "", 393120, 152) = 0
pread64(3</tmp/nia-publication-fault-4wgmnp5s/case/store/objects/0c/a179e6befeb761f3613f1ef57ca892ebc3a6a228dca32f1309f0ac06a7de7e>, "!<arch>\ndebian-binary/  0           0     0     100644  4         `\n2.0\ncontrol.tar/    0       "..., 65536, 0) = 20672
pread64(3</tmp/nia-publication-fault-4wgmnp5s/case/store/objects/0c/a179e6befeb761f3613f1ef57ca892ebc3a6a228dca32f1309f0ac06a7de7e>, "", 44864, 20672) = 0
pread64(3</tmp/nia-publication-fault-4wgmnp5s/case/store/objects/0c/a179e6befeb761f3613f1ef57ca892ebc3a6a228dca32f1309f0ac06a7de7e>, "", 65536, 20672) = 0
pread64(3</tmp/nia-publication-fault-4wgmnp5s/case/store/objects/0c/a179e6befeb761f3613f1ef57ca892ebc3a6a228dca32f1309f0ac06a7de7e>, "!<arch>\n", 8, 0) = 8
pread64(3</tmp/nia-publication-fault-4wgmnp5s/case/store/objects/0c/a179e6befeb761f3613f1ef57ca892ebc3a6a228dca32f1309f0ac06a7de7e>, "debian-binary/  0           0     0     100644  4         `\n", 60, 8) = 60
pread64(3</tmp/nia-publication-fault-4wgmnp5s/case/store/objects/0c/a179e6befeb761f3613f1ef57ca892ebc3a6a228dca32f1309f0ac06a7de7e>, "2.0\n", 4, 68) = 4
pread64(3</tmp/nia-publication-fault-4wgmnp5s/case/store/objects/0c/a179e6befeb761f3613f1ef57ca892ebc3a6a228dca32f1309f0ac06a7de7e>, "2.0\n", 4, 68) = 4
pread64(3</tmp/nia-publication-fault-4wgmnp5s/case/store/objects/0c/a179e6befeb761f3613f1ef57ca892ebc3a6a228dca32f1309f0ac06a7de7e>, "control.tar/    0           0     0     100644  10240     `\n", 60, 72) = 60
pread64(3</tmp/nia-publication-fault-4wgmnp5s/case/store/objects/0c/a179e6befeb761f3613f1ef57ca892ebc3a6a228dca32f1309f0ac06a7de7e>, "./control\0\0\0\0\0\0\0\0\0\0\0\0\0\0\0\0\0\0\0\0\0\0\0\0\0\0\0\0\0\0\0\0\0\0\0\0\0\0\0\0\0\0\0\0\0\0\0\0\0\0\0\0\0\0\0\0\0\0\0\0\0\0\0\0\0\0\0\0\0\0\0\0\0\0\0\0\0\0\0\0\0\0\0\0\0\0\0"..., 10240, 132) = 10240
pread64(3</tmp/nia-publication-fault-4wgmnp5s/case/store/objects/0c/a179e6befeb761f3613f1ef57ca892ebc3a6a228dca32f1309f0ac06a7de7e>, "data.tar/       0           0     0     100644  10240     `\n", 60, 10372) = 60
pread64(3</tmp/nia-publication-fault-4wgmnp5s/case/store/objects/0c/a179e6befeb761f3613f1ef57ca892ebc3a6a228dca32f1309f0ac06a7de7e>, "\0\0\0\0\0\0\0\0\0\0\0\0\0\0\0\0\0\0\0\0\0\0\0\0\0\0\0\0\0\0\0\0\0\0\0\0\0\0\0\0\0\0\0\0\0\0\0\0\0\0\0\0\0\0\0\0\0\0\0\0\0\0\0\0\0\0\0\0\0\0\0\0\0\0\0\0\0\0\0\0\0\0\0\0\0\0\0\0\0\0\0\0\0\0\0\0"..., 10240, 10432) = 10240
pread64(3</tmp/nia-publication-fault-4wgmnp5s/case/store/objects/0c/a179e6befeb761f3613f1ef57ca892ebc3a6a228dca32f1309f0ac06a7de7e>, "!<arch>\ndebian-binary/  0           0     0     100644  4         `\n2.0\ncontrol.tar/    0       "..., 65536, 0) = 20672
pread64(3</tmp/nia-publication-fault-4wgmnp5s/case/store/objects/0c/a179e6befeb761f3613f1ef57ca892ebc3a6a228dca32f1309f0ac06a7de7e>, "", 44864, 20672) = 0
pread64(3</tmp/nia-publication-fault-4wgmnp5s/case/store/objects/0c/a179e6befeb761f3613f1ef57ca892ebc3a6a228dca32f1309f0ac06a7de7e>, "", 65536, 20672) = 0
pread64(3</tmp/nia-publication-fault-4wgmnp5s/case/store/objects/0c/a179e6befeb761f3613f1ef57ca892ebc3a6a228dca32f1309f0ac06a7de7e>, "!<arch>\n", 8, 0) = 8
pread64(3</tmp/nia-publication-fault-4wgmnp5s/case/store/objects/0c/a179e6befeb761f3613f1ef57ca892ebc3a6a228dca32f1309f0ac06a7de7e>, "debian-binary/  0           0     0     100644  4         `\n", 60, 8) = 60
pread64(3</tmp/nia-publication-fault-4wgmnp5s/case/store/objects/0c/a179e6befeb761f3613f1ef57ca892ebc3a6a228dca32f1309f0ac06a7de7e>, "2.0\n", 4, 68) = 4
pread64(3</tmp/nia-publication-fault-4wgmnp5s/case/store/objects/0c/a179e6befeb761f3613f1ef57ca892ebc3a6a228dca32f1309f0ac06a7de7e>, "2.0\n", 4, 68) = 4
pread64(3</tmp/nia-publication-fault-4wgmnp5s/case/store/objects/0c/a179e6befeb761f3613f1ef57ca892ebc3a6a228dca32f1309f0ac06a7de7e>, "control.tar/    0           0     0     100644  10240     `\n", 60, 72) = 60
pread64(3</tmp/nia-publication-fault-4wgmnp5s/case/store/objects/0c/a179e6befeb761f3613f1ef57ca892ebc3a6a228dca32f1309f0ac06a7de7e>, "./control\0\0\0\0\0\0\0\0\0\0\0\0\0\0\0\0\0\0\0\0\0\0\0\0\0\0\0\0\0\0\0\0\0\0\0\0\0\0\0\0\0\0\0\0\0\0\0\0\0\0\0\0\0\0\0\0\0\0\0\0\0\0\0\0\0\0\0\0\0\0\0\0\0\0\0\0\0\0\0\0\0\0\0\0\0\0\0"..., 10240, 132) = 10240
pread64(3</tmp/nia-publication-fault-4wgmnp5s/case/store/objects/0c/a179e6befeb761f3613f1ef57ca892ebc3a6a228dca32f1309f0ac06a7de7e>, "data.tar/       0           0     0     100644  10240     `\n", 60, 10372) = 60
pread64(3</tmp/nia-publication-fault-4wgmnp5s/case/store/objects/0c/a179e6befeb761f3613f1ef57ca892ebc3a6a228dca32f1309f0ac06a7de7e>, "\0\0\0\0\0\0\0\0\0\0\0\0\0\0\0\0\0\0\0\0\0\0\0\0\0\0\0\0\0\0\0\0\0\0\0\0\0\0\0\0\0\0\0\0\0\0\0\0\0\0\0\0\0\0\0\0\0\0\0\0\0\0\0\0\0\0\0\0\0\0\0\0\0\0\0\0\0\0\0\0\0\0\0\0\0\0\0\0\0\0\0\0\0\0\0\0"..., 10240, 10432) = 10240
fsync(17</tmp/nia-publication-fault-4wgmnp5s/case/store/incoming>) = 0
pread64(3</tmp/nia-publication-fault-4wgmnp5s/case/store/objects/0c/a179e6befeb761f3613f1ef57ca892ebc3a6a228dca32f1309f0ac06a7de7e>, "\0\0\0\0\0\0\0\0\0\0\0\0\0\0\0\0\0\0\0\0\0\0\0\0\0\0\0\0\0\0\0\0\0\0\0\0\0\0\0\0\0\0\0\0\0\0\0\0\0\0\0\0\0\0\0\0\0\0\0\0\0\0\0\0\0\0\0\0\0\0\0\0\0\0\0\0\0\0\0\0\0\0\0\0\0\0\0\0\0\0\0\0\0\0\0\0"..., 10240, 10432) = 10240
write(16</tmp/nia-publication-fault-4wgmnp5s/case/store/incoming/880294ac5899689ba7085fe8e809f042>, "\0\0\0\0\0\0\0\0\0\0\0\0\0\0\0\0\0\0\0\0\0\0\0\0\0\0\0\0\0\0\0\0\0\0\0\0\0\0\0\0\0\0\0\0\0\0\0\0\0\0\0\0\0\0\0\0\0\0\0\0\0\0\0\0\0\0\0\0\0\0\0\0\0\0\0\0\0\0\0\0\0\0\0\0\0\0\0\0\0\0\0\0\0\0\0\0"..., 10240) = 10240
fsync(16</tmp/nia-publication-fault-4wgmnp5s/case/store/incoming/880294ac5899689ba7085fe8e809f042>) = 0
renameat2(17</tmp/nia-publication-fault-4wgmnp5s/case/store/incoming>, "880294ac5899689ba7085fe8e809f042", 16</tmp/nia-publication-fault-4wgmnp5s/case/store/objects/84>, "ff92691f909a05b224e1c56abb4864f01b4f8e3c854e4bb4c7baf1d3f6d652", RENAME_NOREPLACE) = -1 EEXIST (File exists)
pread64(16</tmp/nia-publication-fault-4wgmnp5s/case/store/objects/84/ff92691f909a05b224e1c56abb4864f01b4f8e3c854e4bb4c7baf1d3f6d652>, "\0\0\0\0\0\0\0\0\0\0\0\0\0\0\0\0\0\0\0\0\0\0\0\0\0\0\0\0\0\0\0\0\0\0\0\0\0\0\0\0\0\0\0\0\0\0\0\0\0\0\0\0\0\0\0\0\0\0\0\0\0\0\0\0\0\0\0\0\0\0\0\0\0\0\0\0\0\0\0\0\0\0\0\0\0\0\0\0\0\0\0\0\0\0\0\0"..., 65536, 0) = 10240
pread64(16</tmp/nia-publication-fault-4wgmnp5s/case/store/objects/84/ff92691f909a05b224e1c56abb4864f01b4f8e3c854e4bb4c7baf1d3f6d652>, "", 55296, 10240) = 0
pread64(16</tmp/nia-publication-fault-4wgmnp5s/case/store/objects/84/ff92691f909a05b224e1c56abb4864f01b4f8e3c854e4bb4c7baf1d3f6d652>, "", 65536, 10240) = 0
fsync(17</tmp/nia-publication-fault-4wgmnp5s/case/store/incoming>) = 0
pread64(3</tmp/nia-publication-fault-4wgmnp5s/case/store/objects/84/ff92691f909a05b224e1c56abb4864f01b4f8e3c854e4bb4c7baf1d3f6d652>, "\0\0\0\0\0\0\0\0\0\0\0\0\0\0\0\0\0\0\0\0\0\0\0\0\0\0\0\0\0\0\0\0\0\0\0\0\0\0\0\0\0\0\0\0\0\0\0\0\0\0\0\0\0\0\0\0\0\0\0\0\0\0\0\0\0\0\0\0\0\0\0\0\0\0\0\0\0\0\0\0\0\0\0\0\0\0\0\0\0\0\0\0\0\0\0\0"..., 65536, 0) = 10240
pread64(3</tmp/nia-publication-fault-4wgmnp5s/case/store/objects/84/ff92691f909a05b224e1c56abb4864f01b4f8e3c854e4bb4c7baf1d3f6d652>, "", 55296, 10240) = 0
pread64(3</tmp/nia-publication-fault-4wgmnp5s/case/store/objects/84/ff92691f909a05b224e1c56abb4864f01b4f8e3c854e4bb4c7baf1d3f6d652>, "", 65536, 10240) = 0
pread64(3</tmp/nia-publication-fault-4wgmnp5s/case/store/objects/84/ff92691f909a05b224e1c56abb4864f01b4f8e3c854e4bb4c7baf1d3f6d652>, "\0\0\0\0\0\0\0\0\0\0\0\0\0\0\0\0\0\0\0\0\0\0\0\0\0\0\0\0\0\0\0\0\0\0\0\0\0\0\0\0\0\0\0\0\0\0\0\0\0\0\0\0\0\0\0\0\0\0\0\0\0\0\0\0\0\0\0\0\0\0\0\0\0\0\0\0\0\0\0\0\0\0\0\0\0\0\0\0\0\0\0\0\0\0\0\0"..., 10240, 0) = 10240
fsync(17</tmp/nia-publication-fault-4wgmnp5s/case/store/incoming>) = 0
pread64(3</tmp/nia-publication-fault-4wgmnp5s/case/store/objects/84/ff92691f909a05b224e1c56abb4864f01b4f8e3c854e4bb4c7baf1d3f6d652>, "\0\0\0\0\0\0\0\0\0\0\0\0\0\0\0\0\0\0\0\0\0\0\0\0\0\0\0\0\0\0\0\0\0\0\0\0\0\0\0\0\0\0\0\0\0\0\0\0\0\0\0\0\0\0\0\0\0\0\0\0\0\0\0\0\0\0\0\0\0\0\0\0\0\0\0\0\0\0\0\0\0\0\0\0\0\0\0\0\0\0\0\0\0\0\0\0"..., 10240, 0) = 10240
write(16</tmp/nia-publication-fault-4wgmnp5s/case/store/incoming/f25da861c96627b7c2bc148c1f7c1228>, "\0\0\0\0\0\0\0\0\0\0\0\0\0\0\0\0\0\0\0\0\0\0\0\0\0\0\0\0\0\0\0\0\0\0\0\0\0\0\0\0\0\0\0\0\0\0\0\0\0\0\0\0\0\0\0\0\0\0\0\0\0\0\0\0\0\0\0\0\0\0\0\0\0\0\0\0\0\0\0\0\0\0\0\0\0\0\0\0\0\0\0\0\0\0\0\0"..., 10240) = 10240
fsync(16</tmp/nia-publication-fault-4wgmnp5s/case/store/incoming/f25da861c96627b7c2bc148c1f7c1228>) = 0
renameat2(17</tmp/nia-publication-fault-4wgmnp5s/case/store/incoming>, "f25da861c96627b7c2bc148c1f7c1228", 16</tmp/nia-publication-fault-4wgmnp5s/case/store/objects/84>, "ff92691f909a05b224e1c56abb4864f01b4f8e3c854e4bb4c7baf1d3f6d652", RENAME_NOREPLACE) = -1 EEXIST (File exists)
pread64(16</tmp/nia-publication-fault-4wgmnp5s/case/store/objects/84/ff92691f909a05b224e1c56abb4864f01b4f8e3c854e4bb4c7baf1d3f6d652>, "\0\0\0\0\0\0\0\0\0\0\0\0\0\0\0\0\0\0\0\0\0\0\0\0\0\0\0\0\0\0\0\0\0\0\0\0\0\0\0\0\0\0\0\0\0\0\0\0\0\0\0\0\0\0\0\0\0\0\0\0\0\0\0\0\0\0\0\0\0\0\0\0\0\0\0\0\0\0\0\0\0\0\0\0\0\0\0\0\0\0\0\0\0\0\0\0"..., 65536, 0) = 10240
pread64(16</tmp/nia-publication-fault-4wgmnp5s/case/store/objects/84/ff92691f909a05b224e1c56abb4864f01b4f8e3c854e4bb4c7baf1d3f6d652>, "", 55296, 10240) = 0
pread64(16</tmp/nia-publication-fault-4wgmnp5s/case/store/objects/84/ff92691f909a05b224e1c56abb4864f01b4f8e3c854e4bb4c7baf1d3f6d652>, "", 65536, 10240) = 0
fsync(17</tmp/nia-publication-fault-4wgmnp5s/case/store/incoming>) = 0
pread64(3</tmp/nia-publication-fault-4wgmnp5s/case/store/objects/84/ff92691f909a05b224e1c56abb4864f01b4f8e3c854e4bb4c7baf1d3f6d652>, "\0\0\0\0\0\0\0\0\0\0\0\0\0\0\0\0\0\0\0\0\0\0\0\0\0\0\0\0\0\0\0\0\0\0\0\0\0\0\0\0\0\0\0\0\0\0\0\0\0\0\0\0\0\0\0\0\0\0\0\0\0\0\0\0\0\0\0\0\0\0\0\0\0\0\0\0\0\0\0\0\0\0\0\0\0\0\0\0\0\0\0\0\0\0\0\0"..., 65536, 0) = 10240
pread64(3</tmp/nia-publication-fault-4wgmnp5s/case/store/objects/84/ff92691f909a05b224e1c56abb4864f01b4f8e3c854e4bb4c7baf1d3f6d652>, "", 55296, 10240) = 0
pread64(3</tmp/nia-publication-fault-4wgmnp5s/case/store/objects/84/ff92691f909a05b224e1c56abb4864f01b4f8e3c854e4bb4c7baf1d3f6d652>, "", 65536, 10240) = 0
pread64(3</tmp/nia-publication-fault-4wgmnp5s/case/store/objects/84/ff92691f909a05b224e1c56abb4864f01b4f8e3c854e4bb4c7baf1d3f6d652>, "\0\0\0\0\0\0\0\0\0\0\0\0\0\0\0\0\0\0\0\0\0\0\0\0\0\0\0\0\0\0\0\0\0\0\0\0\0\0\0\0\0\0\0\0\0\0\0\0\0\0\0\0\0\0\0\0\0\0\0\0\0\0\0\0\0\0\0\0\0\0\0\0\0\0\0\0\0\0\0\0\0\0\0\0\0\0\0\0\0\0\0\0\0\0\0\0"..., 512, 0) = 512
pread64(3</tmp/nia-publication-fault-4wgmnp5s/case/store/objects/84/ff92691f909a05b224e1c56abb4864f01b4f8e3c854e4bb4c7baf1d3f6d652>, "\0\0\0\0\0\0\0\0\0\0\0\0\0\0\0\0\0\0\0\0\0\0\0\0\0\0\0\0\0\0\0\0\0\0\0\0\0\0\0\0\0\0\0\0\0\0\0\0\0\0\0\0\0\0\0\0\0\0\0\0\0\0\0\0\0\0\0\0\0\0\0\0\0\0\0\0\0\0\0\0\0\0\0\0\0\0\0\0\0\0\0\0\0\0\0\0"..., 9728, 512) = 9728
pread64(3</tmp/nia-publication-fault-4wgmnp5s/case/store/objects/0c/a179e6befeb761f3613f1ef57ca892ebc3a6a228dca32f1309f0ac06a7de7e>, "!<arch>\ndebian-binary/  0           0     0     100644  4         `\n2.0\ncontrol.tar/    0       "..., 65536, 0) = 20672
pread64(3</tmp/nia-publication-fault-4wgmnp5s/case/store/objects/0c/a179e6befeb761f3613f1ef57ca892ebc3a6a228dca32f1309f0ac06a7de7e>, "", 44864, 20672) = 0
pread64(3</tmp/nia-publication-fault-4wgmnp5s/case/store/objects/0c/a179e6befeb761f3613f1ef57ca892ebc3a6a228dca32f1309f0ac06a7de7e>, "", 65536, 20672) = 0
pread64(3</tmp/nia-publication-fault-4wgmnp5s/case/store/objects/0c/a179e6befeb761f3613f1ef57ca892ebc3a6a228dca32f1309f0ac06a7de7e>, "!<arch>\n", 8, 0) = 8
pread64(3</tmp/nia-publication-fault-4wgmnp5s/case/store/objects/0c/a179e6befeb761f3613f1ef57ca892ebc3a6a228dca32f1309f0ac06a7de7e>, "debian-binary/  0           0     0     100644  4         `\n", 60, 8) = 60
pread64(3</tmp/nia-publication-fault-4wgmnp5s/case/store/objects/0c/a179e6befeb761f3613f1ef57ca892ebc3a6a228dca32f1309f0ac06a7de7e>, "2.0\n", 4, 68) = 4
pread64(3</tmp/nia-publication-fault-4wgmnp5s/case/store/objects/0c/a179e6befeb761f3613f1ef57ca892ebc3a6a228dca32f1309f0ac06a7de7e>, "2.0\n", 4, 68) = 4
pread64(3</tmp/nia-publication-fault-4wgmnp5s/case/store/objects/0c/a179e6befeb761f3613f1ef57ca892ebc3a6a228dca32f1309f0ac06a7de7e>, "control.tar/    0           0     0     100644  10240     `\n", 60, 72) = 60
pread64(3</tmp/nia-publication-fault-4wgmnp5s/case/store/objects/0c/a179e6befeb761f3613f1ef57ca892ebc3a6a228dca32f1309f0ac06a7de7e>, "./control\0\0\0\0\0\0\0\0\0\0\0\0\0\0\0\0\0\0\0\0\0\0\0\0\0\0\0\0\0\0\0\0\0\0\0\0\0\0\0\0\0\0\0\0\0\0\0\0\0\0\0\0\0\0\0\0\0\0\0\0\0\0\0\0\0\0\0\0\0\0\0\0\0\0\0\0\0\0\0\0\0\0\0\0\0\0\0"..., 10240, 132) = 10240
pread64(3</tmp/nia-publication-fault-4wgmnp5s/case/store/objects/0c/a179e6befeb761f3613f1ef57ca892ebc3a6a228dca32f1309f0ac06a7de7e>, "data.tar/       0           0     0     100644  10240     `\n", 60, 10372) = 60
pread64(3</tmp/nia-publication-fault-4wgmnp5s/case/store/objects/0c/a179e6befeb761f3613f1ef57ca892ebc3a6a228dca32f1309f0ac06a7de7e>, "\0\0\0\0\0\0\0\0\0\0\0\0\0\0\0\0\0\0\0\0\0\0\0\0\0\0\0\0\0\0\0\0\0\0\0\0\0\0\0\0\0\0\0\0\0\0\0\0\0\0\0\0\0\0\0\0\0\0\0\0\0\0\0\0\0\0\0\0\0\0\0\0\0\0\0\0\0\0\0\0\0\0\0\0\0\0\0\0\0\0\0\0\0\0\0\0"..., 10240, 10432) = 10240
pread64(3</tmp/nia-publication-fault-4wgmnp5s/case/store/objects/0c/a179e6befeb761f3613f1ef57ca892ebc3a6a228dca32f1309f0ac06a7de7e>, "!<arch>\ndebian-binary/  0           0     0     100644  4         `\n2.0\ncontrol.tar/    0       "..., 65536, 0) = 20672
pread64(3</tmp/nia-publication-fault-4wgmnp5s/case/store/objects/0c/a179e6befeb761f3613f1ef57ca892ebc3a6a228dca32f1309f0ac06a7de7e>, "", 44864, 20672) = 0
pread64(3</tmp/nia-publication-fault-4wgmnp5s/case/store/objects/0c/a179e6befeb761f3613f1ef57ca892ebc3a6a228dca32f1309f0ac06a7de7e>, "", 65536, 20672) = 0
pread64(3</tmp/nia-publication-fault-4wgmnp5s/case/store/objects/0c/a179e6befeb761f3613f1ef57ca892ebc3a6a228dca32f1309f0ac06a7de7e>, "!<arch>\n", 8, 0) = 8
pread64(3</tmp/nia-publication-fault-4wgmnp5s/case/store/objects/0c/a179e6befeb761f3613f1ef57ca892ebc3a6a228dca32f1309f0ac06a7de7e>, "debian-binary/  0           0     0     100644  4         `\n", 60, 8) = 60
pread64(3</tmp/nia-publication-fault-4wgmnp5s/case/store/objects/0c/a179e6befeb761f3613f1ef57ca892ebc3a6a228dca32f1309f0ac06a7de7e>, "2.0\n", 4, 68) = 4
pread64(3</tmp/nia-publication-fault-4wgmnp5s/case/store/objects/0c/a179e6befeb761f3613f1ef57ca892ebc3a6a228dca32f1309f0ac06a7de7e>, "2.0\n", 4, 68) = 4
pread64(3</tmp/nia-publication-fault-4wgmnp5s/case/store/objects/0c/a179e6befeb761f3613f1ef57ca892ebc3a6a228dca32f1309f0ac06a7de7e>, "control.tar/    0           0     0     100644  10240     `\n", 60, 72) = 60
pread64(3</tmp/nia-publication-fault-4wgmnp5s/case/store/objects/0c/a179e6befeb761f3613f1ef57ca892ebc3a6a228dca32f1309f0ac06a7de7e>, "./control\0\0\0\0\0\0\0\0\0\0\0\0\0\0\0\0\0\0\0\0\0\0\0\0\0\0\0\0\0\0\0\0\0\0\0\0\0\0\0\0\0\0\0\0\0\0\0\0\0\0\0\0\0\0\0\0\0\0\0\0\0\0\0\0\0\0\0\0\0\0\0\0\0\0\0\0\0\0\0\0\0\0\0\0\0\0\0"..., 10240, 132) = 10240
pread64(3</tmp/nia-publication-fault-4wgmnp5s/case/store/objects/0c/a179e6befeb761f3613f1ef57ca892ebc3a6a228dca32f1309f0ac06a7de7e>, "data.tar/       0           0     0     100644  10240     `\n", 60, 10372) = 60
pread64(3</tmp/nia-publication-fault-4wgmnp5s/case/store/objects/0c/a179e6befeb761f3613f1ef57ca892ebc3a6a228dca32f1309f0ac06a7de7e>, "\0\0\0\0\0\0\0\0\0\0\0\0\0\0\0\0\0\0\0\0\0\0\0\0\0\0\0\0\0\0\0\0\0\0\0\0\0\0\0\0\0\0\0\0\0\0\0\0\0\0\0\0\0\0\0\0\0\0\0\0\0\0\0\0\0\0\0\0\0\0\0\0\0\0\0\0\0\0\0\0\0\0\0\0\0\0\0\0\0\0\0\0\0\0\0\0"..., 10240, 10432) = 10240
fsync(17</tmp/nia-publication-fault-4wgmnp5s/case/store/incoming>) = 0
pread64(3</tmp/nia-publication-fault-4wgmnp5s/case/store/objects/0c/a179e6befeb761f3613f1ef57ca892ebc3a6a228dca32f1309f0ac06a7de7e>, "./control\0\0\0\0\0\0\0\0\0\0\0\0\0\0\0\0\0\0\0\0\0\0\0\0\0\0\0\0\0\0\0\0\0\0\0\0\0\0\0\0\0\0\0\0\0\0\0\0\0\0\0\0\0\0\0\0\0\0\0\0\0\0\0\0\0\0\0\0\0\0\0\0\0\0\0\0\0\0\0\0\0\0\0\0\0\0\0"..., 10240, 132) = 10240
write(16</tmp/nia-publication-fault-4wgmnp5s/case/store/incoming/e07b067e232af41b80f6297381a32cba>, "./control\0\0\0\0\0\0\0\0\0\0\0\0\0\0\0\0\0\0\0\0\0\0\0\0\0\0\0\0\0\0\0\0\0\0\0\0\0\0\0\0\0\0\0\0\0\0\0\0\0\0\0\0\0\0\0\0\0\0\0\0\0\0\0\0\0\0\0\0\0\0\0\0\0\0\0\0\0\0\0\0\0\0\0\0\0\0\0"..., 10240) = 10240
fsync(16</tmp/nia-publication-fault-4wgmnp5s/case/store/incoming/e07b067e232af41b80f6297381a32cba>) = 0
renameat2(17</tmp/nia-publication-fault-4wgmnp5s/case/store/incoming>, "e07b067e232af41b80f6297381a32cba", 16</tmp/nia-publication-fault-4wgmnp5s/case/store/objects/4a>, "36f6eb7c1b236ab6cb28ddb882919e888bf393dfc00d93008ad6730697f8f7", RENAME_NOREPLACE) = -1 EEXIST (File exists)
pread64(16</tmp/nia-publication-fault-4wgmnp5s/case/store/objects/4a/36f6eb7c1b236ab6cb28ddb882919e888bf393dfc00d93008ad6730697f8f7>, "./control\0\0\0\0\0\0\0\0\0\0\0\0\0\0\0\0\0\0\0\0\0\0\0\0\0\0\0\0\0\0\0\0\0\0\0\0\0\0\0\0\0\0\0\0\0\0\0\0\0\0\0\0\0\0\0\0\0\0\0\0\0\0\0\0\0\0\0\0\0\0\0\0\0\0\0\0\0\0\0\0\0\0\0\0\0\0\0"..., 65536, 0) = 10240
pread64(16</tmp/nia-publication-fault-4wgmnp5s/case/store/objects/4a/36f6eb7c1b236ab6cb28ddb882919e888bf393dfc00d93008ad6730697f8f7>, "", 55296, 10240) = 0
pread64(16</tmp/nia-publication-fault-4wgmnp5s/case/store/objects/4a/36f6eb7c1b236ab6cb28ddb882919e888bf393dfc00d93008ad6730697f8f7>, "", 65536, 10240) = 0
fsync(17</tmp/nia-publication-fault-4wgmnp5s/case/store/incoming>) = 0
pread64(3</tmp/nia-publication-fault-4wgmnp5s/case/store/objects/4a/36f6eb7c1b236ab6cb28ddb882919e888bf393dfc00d93008ad6730697f8f7>, "./control\0\0\0\0\0\0\0\0\0\0\0\0\0\0\0\0\0\0\0\0\0\0\0\0\0\0\0\0\0\0\0\0\0\0\0\0\0\0\0\0\0\0\0\0\0\0\0\0\0\0\0\0\0\0\0\0\0\0\0\0\0\0\0\0\0\0\0\0\0\0\0\0\0\0\0\0\0\0\0\0\0\0\0\0\0\0\0"..., 65536, 0) = 10240
pread64(3</tmp/nia-publication-fault-4wgmnp5s/case/store/objects/4a/36f6eb7c1b236ab6cb28ddb882919e888bf393dfc00d93008ad6730697f8f7>, "", 55296, 10240) = 0
pread64(3</tmp/nia-publication-fault-4wgmnp5s/case/store/objects/4a/36f6eb7c1b236ab6cb28ddb882919e888bf393dfc00d93008ad6730697f8f7>, "", 65536, 10240) = 0
pread64(3</tmp/nia-publication-fault-4wgmnp5s/case/store/objects/4a/36f6eb7c1b236ab6cb28ddb882919e888bf393dfc00d93008ad6730697f8f7>, "./control\0\0\0\0\0\0\0\0\0\0\0\0\0\0\0\0\0\0\0\0\0\0\0\0\0\0\0\0\0\0\0\0\0\0\0\0\0\0\0\0\0\0\0\0\0\0\0\0\0\0\0\0\0\0\0\0\0\0\0\0\0\0\0\0\0\0\0\0\0\0\0\0\0\0\0\0\0\0\0\0\0\0\0\0\0\0\0"..., 10240, 0) = 10240
fsync(17</tmp/nia-publication-fault-4wgmnp5s/case/store/incoming>) = 0
write(16</tmp/nia-publication-fault-4wgmnp5s/case/store/incoming/30fa24e7693ac8e4941263fa5e6883db>, "Package: empty-package\nVersion: 1\nArchitecture: all\nMaintainer: Fixture <fixture@example.invalid"..., 149) = 149
fsync(16</tmp/nia-publication-fault-4wgmnp5s/case/store/incoming/30fa24e7693ac8e4941263fa5e6883db>) = 0
renameat2(17</tmp/nia-publication-fault-4wgmnp5s/case/store/incoming>, "30fa24e7693ac8e4941263fa5e6883db", 16</tmp/nia-publication-fault-4wgmnp5s/case/store/objects/a3>, "1a856f430af395bccd7eb2f142b11ad3ae0fc5daf3acc4ffb341c48a5abd39", RENAME_NOREPLACE) = -1 EEXIST (File exists)
pread64(16</tmp/nia-publication-fault-4wgmnp5s/case/store/objects/a3/1a856f430af395bccd7eb2f142b11ad3ae0fc5daf3acc4ffb341c48a5abd39>, "Package: empty-package\nVersion: 1\nArchitecture: all\nMaintainer: Fixture <fixture@example.invalid"..., 65536, 0) = 149
pread64(16</tmp/nia-publication-fault-4wgmnp5s/case/store/objects/a3/1a856f430af395bccd7eb2f142b11ad3ae0fc5daf3acc4ffb341c48a5abd39>, "", 65387, 149) = 0
pread64(16</tmp/nia-publication-fault-4wgmnp5s/case/store/objects/a3/1a856f430af395bccd7eb2f142b11ad3ae0fc5daf3acc4ffb341c48a5abd39>, "", 65536, 149) = 0
fsync(17</tmp/nia-publication-fault-4wgmnp5s/case/store/incoming>) = 0
pread64(3</tmp/nia-publication-fault-4wgmnp5s/case/store/objects/a3/1a856f430af395bccd7eb2f142b11ad3ae0fc5daf3acc4ffb341c48a5abd39>, "Package: empty-package\nVersion: 1\nArchitecture: all\nMaintainer: Fixture <fixture@example.invalid"..., 65536, 0) = 149
pread64(3</tmp/nia-publication-fault-4wgmnp5s/case/store/objects/a3/1a856f430af395bccd7eb2f142b11ad3ae0fc5daf3acc4ffb341c48a5abd39>, "", 65387, 149) = 0
pread64(3</tmp/nia-publication-fault-4wgmnp5s/case/store/objects/a3/1a856f430af395bccd7eb2f142b11ad3ae0fc5daf3acc4ffb341c48a5abd39>, "", 65536, 149) = 0
pread64(3</tmp/nia-publication-fault-4wgmnp5s/case/store/objects/a3/1a856f430af395bccd7eb2f142b11ad3ae0fc5daf3acc4ffb341c48a5abd39>, "Package: empty-package\nVersion: 1\nArchitecture: all\nMaintainer: Fixture <fixture@example.invalid"..., 16777216, 0) = 149
pread64(3</tmp/nia-publication-fault-4wgmnp5s/case/store/objects/a3/1a856f430af395bccd7eb2f142b11ad3ae0fc5daf3acc4ffb341c48a5abd39>, "", 16777067, 149) = 0
pread64(3</tmp/nia-publication-fault-4wgmnp5s/case/store/objects/a3/1a856f430af395bccd7eb2f142b11ad3ae0fc5daf3acc4ffb341c48a5abd39>, "Package: empty-package\nVersion: 1\nArchitecture: all\nMaintainer: Fixture <fixture@example.invalid"..., 65536, 0) = 149
pread64(3</tmp/nia-publication-fault-4wgmnp5s/case/store/objects/a3/1a856f430af395bccd7eb2f142b11ad3ae0fc5daf3acc4ffb341c48a5abd39>, "", 65387, 149) = 0
pread64(3</tmp/nia-publication-fault-4wgmnp5s/case/store/objects/a3/1a856f430af395bccd7eb2f142b11ad3ae0fc5daf3acc4ffb341c48a5abd39>, "", 65536, 149) = 0
pread64(3</tmp/nia-publication-fault-4wgmnp5s/case/store/objects/a3/1a856f430af395bccd7eb2f142b11ad3ae0fc5daf3acc4ffb341c48a5abd39>, "Package: empty-package\nVersion: 1\nArchitecture: all\nMaintainer: Fixture <fixture@example.invalid"..., 16777216, 0) = 149
pread64(3</tmp/nia-publication-fault-4wgmnp5s/case/store/objects/a3/1a856f430af395bccd7eb2f142b11ad3ae0fc5daf3acc4ffb341c48a5abd39>, "", 16777067, 149) = 0
pread64(3</tmp/nia-publication-fault-4wgmnp5s/case/store/objects/7c/28b05decc8f6bb33b6cf0f646c5af5aa8055e00a4cf6da1a746bd63b1d1ef2>, "MCPLAN02\37\37\37\37\37\37\37\37\37\37\37\37\37\37\37\37================\0\0\0\0\0\0\0\0\0\0\0\0\0\0\0\1\0\0\0\0\0\0\0\1\0\0\0\0\0\0\0\2\216\346\2104^\35\225\2\356\214\327'zE<0\277\267{\224r\1\276\263"..., 65536, 0) = 467
pread64(3</tmp/nia-publication-fault-4wgmnp5s/case/store/objects/7c/28b05decc8f6bb33b6cf0f646c5af5aa8055e00a4cf6da1a746bd63b1d1ef2>, "", 65069, 467) = 0
pread64(3</tmp/nia-publication-fault-4wgmnp5s/case/store/objects/7c/28b05decc8f6bb33b6cf0f646c5af5aa8055e00a4cf6da1a746bd63b1d1ef2>, "", 65536, 467) = 0
pread64(3</tmp/nia-publication-fault-4wgmnp5s/case/store/objects/7c/28b05decc8f6bb33b6cf0f646c5af5aa8055e00a4cf6da1a746bd63b1d1ef2>, "MCPLAN02\37\37\37\37\37\37\37\37\37\37\37\37\37\37\37\37================\0\0\0\0\0\0\0\0\0\0\0\0\0\0\0\1\0\0\0\0\0\0\0\1\0\0\0\0\0\0\0\2\216\346\2104^\35\225\2\356\214\327'zE<0\277\267{\224r\1\276\263"..., 4500000, 0) = 467
pread64(3</tmp/nia-publication-fault-4wgmnp5s/case/store/objects/7c/28b05decc8f6bb33b6cf0f646c5af5aa8055e00a4cf6da1a746bd63b1d1ef2>, "", 4499533, 467) = 0
pread64(3</tmp/nia-publication-fault-4wgmnp5s/case/store/pins/3d3d3d3d3d3d3d3d3d3d3d3d3d3d3d3d>, "|(\260]\354\310\366\2733\266\317\17dlZ\365\252\200U\340\nL\366\332\32tk\326;\35\36\362", 33, 0) = 32
pread64(3</tmp/nia-publication-fault-4wgmnp5s/case/store/pins/3d3d3d3d3d3d3d3d3d3d3d3d3d3d3d3d>, "", 1, 32) = 0
fsync(3</tmp/nia-publication-fault-4wgmnp5s/case/state>) = 0
pread64(16</tmp/nia-publication-fault-4wgmnp5s/case/state/tx-3d3d3d3d3d3d3d3d3d3d3d3d3d3d3d3d.log>, "MCLOG002\0\0\0\0\0\0\0\1\0\1\0\0\0\0\0\0\37\37\37\37\37\37\37\37\37\37\37\37\37\37\37\37================\0\0\0\0\0\0\0\1\0\0\0\0\0\0\0\2\0\0\0\0\0\0\0\0\0\0\0\0\0\0\0\1|(\260]\354\310\366\273"..., 256, 0) = 256
pread64(16</tmp/nia-publication-fault-4wgmnp5s/case/state/tx-3d3d3d3d3d3d3d3d3d3d3d3d3d3d3d3d.log>, "MCLOG002\0\0\0\0\0\0\0\2\0\2\0\0\0\0\0\0\37\37\37\37\37\37\37\37\37\37\37\37\37\37\37\37================\0\0\0\0\0\0\0\1\0\0\0\0\0\0\0\2\0\0\0\0\0\0\0\1\0\0\0\0\0\0\0\1|(\260]\354\310\366\273"..., 256, 256) = 256
pread64(16</tmp/nia-publication-fault-4wgmnp5s/case/state/tx-3d3d3d3d3d3d3d3d3d3d3d3d3d3d3d3d.log>, "MCLOG002\0\0\0\0\0\0\0\3\0\3\0\0\0\0\0\0\37\37\37\37\37\37\37\37\37\37\37\37\37\37\37\37================\0\0\0\0\0\0\0\1\0\0\0\0\0\0\0\2\0\0\0\0\0\0\0\1\0\0\0\0\0\0\0\1|(\260]\354\310\366\273"..., 256, 512) = 256
pread64(16</tmp/nia-publication-fault-4wgmnp5s/case/state/tx-3d3d3d3d3d3d3d3d3d3d3d3d3d3d3d3d.log>, "MCLOG002\0\0\0\0\0\0\0\4\0\4\0\0\0\0\0\0\37\37\37\37\37\37\37\37\37\37\37\37\37\37\37\37================\0\0\0\0\0\0\0\1\0\0\0\0\0\0\0\2\0\0\0\0\0\0\0\0\0\0\0\0\0\0\0\1|(\260]\354\310\366\273"..., 256, 768) = 256
pread64(16</tmp/nia-publication-fault-4wgmnp5s/case/state/tx-3d3d3d3d3d3d3d3d3d3d3d3d3d3d3d3d.log>, "MCLOG002\0\0\0\0\0\0\0\1\0\1\0\0\0\0\0\0\37\37\37\37\37\37\37\37\37\37\37\37\37\37\37\37================\0\0\0\0\0\0\0\1\0\0\0\0\0\0\0\2\0\0\0\0\0\0\0\0\0\0\0\0\0\0\0\1|(\260]\354\310\366\273"..., 256, 0) = 256
pread64(16</tmp/nia-publication-fault-4wgmnp5s/case/state/tx-3d3d3d3d3d3d3d3d3d3d3d3d3d3d3d3d.log>, "MCLOG002\0\0\0\0\0\0\0\2\0\2\0\0\0\0\0\0\37\37\37\37\37\37\37\37\37\37\37\37\37\37\37\37================\0\0\0\0\0\0\0\1\0\0\0\0\0\0\0\2\0\0\0\0\0\0\0\1\0\0\0\0\0\0\0\1|(\260]\354\310\366\273"..., 256, 256) = 256
pread64(16</tmp/nia-publication-fault-4wgmnp5s/case/state/tx-3d3d3d3d3d3d3d3d3d3d3d3d3d3d3d3d.log>, "MCLOG002\0\0\0\0\0\0\0\3\0\3\0\0\0\0\0\0\37\37\37\37\37\37\37\37\37\37\37\37\37\37\37\37================\0\0\0\0\0\0\0\1\0\0\0\0\0\0\0\2\0\0\0\0\0\0\0\1\0\0\0\0\0\0\0\1|(\260]\354\310\366\273"..., 256, 512) = 256
pread64(16</tmp/nia-publication-fault-4wgmnp5s/case/state/tx-3d3d3d3d3d3d3d3d3d3d3d3d3d3d3d3d.log>, "MCLOG002\0\0\0\0\0\0\0\4\0\4\0\0\0\0\0\0\37\37\37\37\37\37\37\37\37\37\37\37\37\37\37\37================\0\0\0\0\0\0\0\1\0\0\0\0\0\0\0\2\0\0\0\0\0\0\0\0\0\0\0\0\0\0\0\1|(\260]\354\310\366\273"..., 256, 768) = 256
pread64(3</tmp/nia-publication-fault-4wgmnp5s/case/state/root.state>, "MCROOT02\37\37\37\37\37\37\37\37\37\37\37\37\37\37\37\37\0\0\0\0\0\0\0\0================|(\260]\354\310\366\2733\266\317\17dlZ\365\252\200U\340\nL\366\332\32tk\326;\35\36\362\0\0\0\0\0\0\0\0\0\0\0\0\0\0\0\0"..., 192, 0) = 192
pread64(3</tmp/nia-publication-fault-4wgmnp5s/case/store/objects/7c/28b05decc8f6bb33b6cf0f646c5af5aa8055e00a4cf6da1a746bd63b1d1ef2>, "MCPLAN02\37\37\37\37\37\37\37\37\37\37\37\37\37\37\37\37================\0\0\0\0\0\0\0\0\0\0\0\0\0\0\0\1\0\0\0\0\0\0\0\1\0\0\0\0\0\0\0\2\216\346\2104^\35\225\2\356\214\327'zE<0\277\267{\224r\1\276\263"..., 4500000, 0) = 467
pread64(3</tmp/nia-publication-fault-4wgmnp5s/case/store/objects/7c/28b05decc8f6bb33b6cf0f646c5af5aa8055e00a4cf6da1a746bd63b1d1ef2>, "", 4499533, 467) = 0
pread64(3</tmp/nia-publication-fault-4wgmnp5s/case/store/pins/3d3d3d3d3d3d3d3d3d3d3d3d3d3d3d3d>, "|(\260]\354\310\366\2733\266\317\17dlZ\365\252\200U\340\nL\366\332\32tk\326;\35\36\362", 33, 0) = 32
pread64(3</tmp/nia-publication-fault-4wgmnp5s/case/store/pins/3d3d3d3d3d3d3d3d3d3d3d3d3d3d3d3d>, "", 1, 32) = 0
pread64(3</tmp/nia-publication-fault-4wgmnp5s/case/state/tx-3d3d3d3d3d3d3d3d3d3d3d3d3d3d3d3d.log>, "MCLOG002\0\0\0\0\0\0\0\1\0\1\0\0\0\0\0\0\37\37\37\37\37\37\37\37\37\37\37\37\37\37\37\37================\0\0\0\0\0\0\0\1\0\0\0\0\0\0\0\2\0\0\0\0\0\0\0\0\0\0\0\0\0\0\0\1|(\260]\354\310\366\273"..., 256, 0) = 256
pread64(3</tmp/nia-publication-fault-4wgmnp5s/case/state/tx-3d3d3d3d3d3d3d3d3d3d3d3d3d3d3d3d.log>, "MCLOG002\0\0\0\0\0\0\0\2\0\2\0\0\0\0\0\0\37\37\37\37\37\37\37\37\37\37\37\37\37\37\37\37================\0\0\0\0\0\0\0\1\0\0\0\0\0\0\0\2\0\0\0\0\0\0\0\1\0\0\0\0\0\0\0\1|(\260]\354\310\366\273"..., 256, 256) = 256
pread64(3</tmp/nia-publication-fault-4wgmnp5s/case/state/tx-3d3d3d3d3d3d3d3d3d3d3d3d3d3d3d3d.log>, "MCLOG002\0\0\0\0\0\0\0\3\0\3\0\0\0\0\0\0\37\37\37\37\37\37\37\37\37\37\37\37\37\37\37\37================\0\0\0\0\0\0\0\1\0\0\0\0\0\0\0\2\0\0\0\0\0\0\0\1\0\0\0\0\0\0\0\1|(\260]\354\310\366\273"..., 256, 512) = 256
pread64(3</tmp/nia-publication-fault-4wgmnp5s/case/state/tx-3d3d3d3d3d3d3d3d3d3d3d3d3d3d3d3d.log>, "MCLOG002\0\0\0\0\0\0\0\4\0\4\0\0\0\0\0\0\37\37\37\37\37\37\37\37\37\37\37\37\37\37\37\37================\0\0\0\0\0\0\0\1\0\0\0\0\0\0\0\2\0\0\0\0\0\0\0\0\0\0\0\0\0\0\0\1|(\260]\354\310\366\273"..., 256, 768) = 256
pread64(19</tmp/nia-publication-fault-4wgmnp5s/case/state/root.state>, "MCROOT02\37\37\37\37\37\37\37\37\37\37\37\37\37\37\37\37\0\0\0\0\0\0\0\0================|(\260]\354\310\366\2733\266\317\17dlZ\365\252\200U\340\nL\366\332\32tk\326;\35\36\362\0\0\0\0\0\0\0\0\0\0\0\0\0\0\0\0"..., 192, 0) = 192
pread64(16</tmp/nia-publication-fault-4wgmnp5s/case/state/tx-3d3d3d3d3d3d3d3d3d3d3d3d3d3d3d3d.log>, "MCLOG002\0\0\0\0\0\0\0\1\0\1\0\0\0\0\0\0\37\37\37\37\37\37\37\37\37\37\37\37\37\37\37\37================\0\0\0\0\0\0\0\1\0\0\0\0\0\0\0\2\0\0\0\0\0\0\0\0\0\0\0\0\0\0\0\1|(\260]\354\310\366\273"..., 256, 0) = 256
pread64(16</tmp/nia-publication-fault-4wgmnp5s/case/state/tx-3d3d3d3d3d3d3d3d3d3d3d3d3d3d3d3d.log>, "MCLOG002\0\0\0\0\0\0\0\2\0\2\0\0\0\0\0\0\37\37\37\37\37\37\37\37\37\37\37\37\37\37\37\37================\0\0\0\0\0\0\0\1\0\0\0\0\0\0\0\2\0\0\0\0\0\0\0\1\0\0\0\0\0\0\0\1|(\260]\354\310\366\273"..., 256, 256) = 256
pread64(16</tmp/nia-publication-fault-4wgmnp5s/case/state/tx-3d3d3d3d3d3d3d3d3d3d3d3d3d3d3d3d.log>, "MCLOG002\0\0\0\0\0\0\0\3\0\3\0\0\0\0\0\0\37\37\37\37\37\37\37\37\37\37\37\37\37\37\37\37================\0\0\0\0\0\0\0\1\0\0\0\0\0\0\0\2\0\0\0\0\0\0\0\1\0\0\0\0\0\0\0\1|(\260]\354\310\366\273"..., 256, 512) = 256
pread64(16</tmp/nia-publication-fault-4wgmnp5s/case/state/tx-3d3d3d3d3d3d3d3d3d3d3d3d3d3d3d3d.log>, "MCLOG002\0\0\0\0\0\0\0\4\0\4\0\0\0\0\0\0\37\37\37\37\37\37\37\37\37\37\37\37\37\37\37\37================\0\0\0\0\0\0\0\1\0\0\0\0\0\0\0\2\0\0\0\0\0\0\0\0\0\0\0\0\0\0\0\1|(\260]\354\310\366\273"..., 256, 768) = 256
pread64(16</tmp/nia-publication-fault-4wgmnp5s/case/state/tx-3d3d3d3d3d3d3d3d3d3d3d3d3d3d3d3d.log>, "MCLOG002\0\0\0\0\0\0\0\1\0\1\0\0\0\0\0\0\37\37\37\37\37\37\37\37\37\37\37\37\37\37\37\37================\0\0\0\0\0\0\0\1\0\0\0\0\0\0\0\2\0\0\0\0\0\0\0\0\0\0\0\0\0\0\0\1|(\260]\354\310\366\273"..., 256, 0) = 256
pread64(16</tmp/nia-publication-fault-4wgmnp5s/case/state/tx-3d3d3d3d3d3d3d3d3d3d3d3d3d3d3d3d.log>, "MCLOG002\0\0\0\0\0\0\0\2\0\2\0\0\0\0\0\0\37\37\37\37\37\37\37\37\37\37\37\37\37\37\37\37================\0\0\0\0\0\0\0\1\0\0\0\0\0\0\0\2\0\0\0\0\0\0\0\1\0\0\0\0\0\0\0\1|(\260]\354\310\366\273"..., 256, 256) = 256
pread64(16</tmp/nia-publication-fault-4wgmnp5s/case/state/tx-3d3d3d3d3d3d3d3d3d3d3d3d3d3d3d3d.log>, "MCLOG002\0\0\0\0\0\0\0\3\0\3\0\0\0\0\0\0\37\37\37\37\37\37\37\37\37\37\37\37\37\37\37\37================\0\0\0\0\0\0\0\1\0\0\0\0\0\0\0\2\0\0\0\0\0\0\0\1\0\0\0\0\0\0\0\1|(\260]\354\310\366\273"..., 256, 512) = 256
pread64(16</tmp/nia-publication-fault-4wgmnp5s/case/state/tx-3d3d3d3d3d3d3d3d3d3d3d3d3d3d3d3d.log>, "MCLOG002\0\0\0\0\0\0\0\4\0\4\0\0\0\0\0\0\37\37\37\37\37\37\37\37\37\37\37\37\37\37\37\37================\0\0\0\0\0\0\0\1\0\0\0\0\0\0\0\2\0\0\0\0\0\0\0\0\0\0\0\0\0\0\0\1|(\260]\354\310\366\273"..., 256, 768) = 256
pread64(3</tmp/nia-publication-fault-4wgmnp5s/case/root/generation.next>, "NIAPUB01\37\37\37\37\37\37\37\37\37\37\37\37\37\37\37\37))))))))))))))))EN\16:\276\304-E\373\22\204\265\26:\214\305\301\1\4\312\17\2\177.%\237)jJ\374\31\270\216\346\2104^\35\225\2\356\214\327'zE<0\277\267{\224r\1\276\263"..., 65536, 0) = 192
pread64(3</tmp/nia-publication-fault-4wgmnp5s/case/root/generation.next>, "", 65344, 192) = 0
pread64(3</tmp/nia-publication-fault-4wgmnp5s/case/root/generation.next>, "", 65536, 192) = 0
pread64(16</tmp/nia-publication-fault-4wgmnp5s/case/state/tx-3d3d3d3d3d3d3d3d3d3d3d3d3d3d3d3d.log>, "MCLOG002\0\0\0\0\0\0\0\1\0\1\0\0\0\0\0\0\37\37\37\37\37\37\37\37\37\37\37\37\37\37\37\37================\0\0\0\0\0\0\0\1\0\0\0\0\0\0\0\2\0\0\0\0\0\0\0\0\0\0\0\0\0\0\0\1|(\260]\354\310\366\273"..., 256, 0) = 256
pread64(16</tmp/nia-publication-fault-4wgmnp5s/case/state/tx-3d3d3d3d3d3d3d3d3d3d3d3d3d3d3d3d.log>, "MCLOG002\0\0\0\0\0\0\0\2\0\2\0\0\0\0\0\0\37\37\37\37\37\37\37\37\37\37\37\37\37\37\37\37================\0\0\0\0\0\0\0\1\0\0\0\0\0\0\0\2\0\0\0\0\0\0\0\1\0\0\0\0\0\0\0\1|(\260]\354\310\366\273"..., 256, 256) = 256
pread64(16</tmp/nia-publication-fault-4wgmnp5s/case/state/tx-3d3d3d3d3d3d3d3d3d3d3d3d3d3d3d3d.log>, "MCLOG002\0\0\0\0\0\0\0\3\0\3\0\0\0\0\0\0\37\37\37\37\37\37\37\37\37\37\37\37\37\37\37\37================\0\0\0\0\0\0\0\1\0\0\0\0\0\0\0\2\0\0\0\0\0\0\0\1\0\0\0\0\0\0\0\1|(\260]\354\310\366\273"..., 256, 512) = 256
pread64(16</tmp/nia-publication-fault-4wgmnp5s/case/state/tx-3d3d3d3d3d3d3d3d3d3d3d3d3d3d3d3d.log>, "MCLOG002\0\0\0\0\0\0\0\4\0\4\0\0\0\0\0\0\37\37\37\37\37\37\37\37\37\37\37\37\37\37\37\37================\0\0\0\0\0\0\0\1\0\0\0\0\0\0\0\2\0\0\0\0\0\0\0\0\0\0\0\0\0\0\0\1|(\260]\354\310\366\273"..., 256, 768) = 256
pread64(3</tmp/nia-publication-fault-4wgmnp5s/case/store/objects/66/a6757151f8ee55db127716c7e3dce0be8074b64e20eda542e5c1e46ca9c41e>, "\7\10\t", 65536, 0) = 3
pread64(3</tmp/nia-publication-fault-4wgmnp5s/case/store/objects/66/a6757151f8ee55db127716c7e3dce0be8074b64e20eda542e5c1e46ca9c41e>, "", 65533, 3) = 0
pread64(3</tmp/nia-publication-fault-4wgmnp5s/case/store/objects/66/a6757151f8ee55db127716c7e3dce0be8074b64e20eda542e5c1e46ca9c41e>, "", 65536, 3) = 0
pread64(16</tmp/nia-publication-fault-4wgmnp5s/case/state/tx-3d3d3d3d3d3d3d3d3d3d3d3d3d3d3d3d.log>, "MCLOG002\0\0\0\0\0\0\0\1\0\1\0\0\0\0\0\0\37\37\37\37\37\37\37\37\37\37\37\37\37\37\37\37================\0\0\0\0\0\0\0\1\0\0\0\0\0\0\0\2\0\0\0\0\0\0\0\0\0\0\0\0\0\0\0\1|(\260]\354\310\366\273"..., 256, 0) = 256
pread64(16</tmp/nia-publication-fault-4wgmnp5s/case/state/tx-3d3d3d3d3d3d3d3d3d3d3d3d3d3d3d3d.log>, "MCLOG002\0\0\0\0\0\0\0\2\0\2\0\0\0\0\0\0\37\37\37\37\37\37\37\37\37\37\37\37\37\37\37\37================\0\0\0\0\0\0\0\1\0\0\0\0\0\0\0\2\0\0\0\0\0\0\0\1\0\0\0\0\0\0\0\1|(\260]\354\310\366\273"..., 256, 256) = 256
pread64(16</tmp/nia-publication-fault-4wgmnp5s/case/state/tx-3d3d3d3d3d3d3d3d3d3d3d3d3d3d3d3d.log>, "MCLOG002\0\0\0\0\0\0\0\3\0\3\0\0\0\0\0\0\37\37\37\37\37\37\37\37\37\37\37\37\37\37\37\37================\0\0\0\0\0\0\0\1\0\0\0\0\0\0\0\2\0\0\0\0\0\0\0\1\0\0\0\0\0\0\0\1|(\260]\354\310\366\273"..., 256, 512) = 256
pread64(16</tmp/nia-publication-fault-4wgmnp5s/case/state/tx-3d3d3d3d3d3d3d3d3d3d3d3d3d3d3d3d.log>, "MCLOG002\0\0\0\0\0\0\0\4\0\4\0\0\0\0\0\0\37\37\37\37\37\37\37\37\37\37\37\37\37\37\37\37================\0\0\0\0\0\0\0\1\0\0\0\0\0\0\0\2\0\0\0\0\0\0\0\0\0\0\0\0\0\0\0\1|(\260]\354\310\366\273"..., 256, 768) = 256
pread64(3</tmp/nia-publication-fault-4wgmnp5s/case/root/generation.next>, "NIAPUB01\37\37\37\37\37\37\37\37\37\37\37\37\37\37\37\37))))))))))))))))EN\16:\276\304-E\373\22\204\265\26:\214\305\301\1\4\312\17\2\177.%\237)jJ\374\31\270\216\346\2104^\35\225\2\356\214\327'zE<0\277\267{\224r\1\276\263"..., 65536, 0) = 192
pread64(3</tmp/nia-publication-fault-4wgmnp5s/case/root/generation.next>, "", 65344, 192) = 0
pread64(3</tmp/nia-publication-fault-4wgmnp5s/case/root/generation.next>, "", 65536, 192) = 0
write(16</tmp/nia-publication-fault-4wgmnp5s/case/state/tx-3d3d3d3d3d3d3d3d3d3d3d3d3d3d3d3d.log>, "MCLOG002\0\0\0\0\0\0\0\5\0\5\0\0\0\0\0\0\37\37\37\37\37\37\37\37\37\37\37\37\37\37\37\37================\0\0\0\0\0\0\0\1\0\0\0\0\0\0\0\2\0\0\0\0\0\0\0\0\0\0\0\0\0\0\0\1f\246uqQ\370\356U"..., 256) = 256
fsync(16</tmp/nia-publication-fault-4wgmnp5s/case/state/tx-3d3d3d3d3d3d3d3d3d3d3d3d3d3d3d3d.log>) = 0
fsync(3</tmp/nia-publication-fault-4wgmnp5s/case/state>) = 0
write(17</tmp/nia-publication-fault-4wgmnp5s/case/state/.mc-tmp-6907b387f6a43ff929cf7252aa95bdd0>, "MCROOT02\37\37\37\37\37\37\37\37\37\37\37\37\37\37\37\37\0\0\0\0\0\0\0\1================|(\260]\354\310\366\2733\266\317\17dlZ\365\252\200U\340\nL\366\332\32tk\326;\35\36\362|(\260]\354\310\366\2733\266\317\17dlZ\365"..., 192) = 192
fsync(17</tmp/nia-publication-fault-4wgmnp5s/case/state/.mc-tmp-6907b387f6a43ff929cf7252aa95bdd0>) = 0
renameat(3</tmp/nia-publication-fault-4wgmnp5s/case/state>, ".mc-tmp-6907b387f6a43ff929cf7252aa95bdd0", 17</tmp/nia-publication-fault-4wgmnp5s/case/state>, "root.state") = -1 EIO (Input/output error) (INJECTED)
write(1<pipe:[662772]>, "LAB_RESULT INDETERMINATE 7c28b05decc8f6bb33b6cf0f646c5af5aa8055e00a4cf6da1a746bd63b1d1ef2\n", 90) = 90
