pread64(3</usr/lib/x86_64-linux-gnu/libc.so.6>, "\6\0\0\0\4\0\0\0@\0\0\0\0\0\0\0@\0\0\0\0\0\0\0@\0\0\0\0\0\0\0H\3\0\0\0\0\0\0H\3\0\0\0\0\0\0\10\0\0\0\0\0\0\0\3\0\0\0\4\0\0\0\240\1\36\0\0\0\0\0\240\1\36\0\0\0\0\0\240\1\36\0\0\0\0\0\34\0\0\0\0\0\0\0"..., 840, 64) = 840
pread64(3</usr/lib/x86_64-linux-gnu/libc.so.6>, "\6\0\0\0\4\0\0\0@\0\0\0\0\0\0\0@\0\0\0\0\0\0\0@\0\0\0\0\0\0\0H\3\0\0\0\0\0\0H\3\0\0\0\0\0\0\10\0\0\0\0\0\0\0\3\0\0\0\4\0\0\0\240\1\36\0\0\0\0\0\240\1\36\0\0\0\0\0\240\1\36\0\0\0\0\0\34\0\0\0\0\0\0\0"..., 840, 64) = 840
fsync(3</tmp/nia-publication-fault-tj331zq_/case/store>) = 0
pread64(3</tmp/nia-publication-fault-tj331zq_/case/store/objects/7c/28b05decc8f6bb33b6cf0f646c5af5aa8055e00a4cf6da1a746bd63b1d1ef2>, "MCPLAN02\37\37\37\37\37\37\37\37\37\37\37\37\37\37\37\37================\0\0\0\0\0\0\0\0\0\0\0\0\0\0\0\1\0\0\0\0\0\0\0\1\0\0\0\0\0\0\0\2\216\346\2104^\35\225\2\356\214\327'zE<0\277\267{\224r\1\276\263"..., 65536, 0) = 467
pread64(3</tmp/nia-publication-fault-tj331zq_/case/store/objects/7c/28b05decc8f6bb33b6cf0f646c5af5aa8055e00a4cf6da1a746bd63b1d1ef2>, "", 65069, 467) = 0
pread64(3</tmp/nia-publication-fault-tj331zq_/case/store/objects/7c/28b05decc8f6bb33b6cf0f646c5af5aa8055e00a4cf6da1a746bd63b1d1ef2>, "", 65536, 467) = 0
pread64(3</tmp/nia-publication-fault-tj331zq_/case/store/objects/7c/28b05decc8f6bb33b6cf0f646c5af5aa8055e00a4cf6da1a746bd63b1d1ef2>, "MCPLAN02\37\37\37\37\37\37\37\37\37\37\37\37\37\37\37\37================\0\0\0\0\0\0\0\0\0\0\0\0\0\0\0\1\0\0\0\0\0\0\0\1\0\0\0\0\0\0\0\2\216\346\2104^\35\225\2\356\214\327'zE<0\277\267{\224r\1\276\263"..., 4500000, 0) = 467
pread64(3</tmp/nia-publication-fault-tj331zq_/case/store/objects/7c/28b05decc8f6bb33b6cf0f646c5af5aa8055e00a4cf6da1a746bd63b1d1ef2>, "", 4499533, 467) = 0
pread64(3</tmp/nia-publication-fault-tj331zq_/case/store/objects/21/944ec3a07bc2c4968e56fb8293ef4e32f02aecead46768799ef9a6a96e2705>, "NIAPUB01\37\37\37\37\37\37\37\37\37\37\37\37\37\37\37\37))))))))))))))))EN\16:\276\304-E\373\22\204\265\26:\214\305\301\1\4\312\17\2\177.%\237)jJ\374\31\270\216\346\2104^\35\225\2\356\214\327'zE<0\277\267{\224r\1\276\263"..., 65536, 0) = 192
pread64(3</tmp/nia-publication-fault-tj331zq_/case/store/objects/21/944ec3a07bc2c4968e56fb8293ef4e32f02aecead46768799ef9a6a96e2705>, "", 65344, 192) = 0
pread64(3</tmp/nia-publication-fault-tj331zq_/case/store/objects/21/944ec3a07bc2c4968e56fb8293ef4e32f02aecead46768799ef9a6a96e2705>, "", 65536, 192) = 0
pread64(3</tmp/nia-publication-fault-tj331zq_/case/store/objects/21/944ec3a07bc2c4968e56fb8293ef4e32f02aecead46768799ef9a6a96e2705>, "NIAPUB01\37\37\37\37\37\37\37\37\37\37\37\37\37\37\37\37))))))))))))))))EN\16:\276\304-E\373\22\204\265\26:\214\305\301\1\4\312\17\2\177.%\237)jJ\374\31\270\216\346\2104^\35\225\2\356\214\327'zE<0\277\267{\224r\1\276\263"..., 193, 0) = 192
pread64(3</tmp/nia-publication-fault-tj331zq_/case/store/objects/21/944ec3a07bc2c4968e56fb8293ef4e32f02aecead46768799ef9a6a96e2705>, "", 1, 192) = 0
pread64(3</tmp/nia-publication-fault-tj331zq_/case/store/objects/45/4e0e3abec42d45fb1284b5163a8cc5c10104ca0f027f2e259f296a4afc19b8>, "NIAGEN04))))))))))))))))3333333333333333\0\0\0\0\0\0\0\1\0\0\0\0\0\0\0\2\216\346\2104^\35\225\2\356\214\327'zE<0\277\267{\224r\1\276\2630\16\235\362\270\3122\35\"\"\"\"\"\"\"\""..., 65536, 0) = 288
pread64(3</tmp/nia-publication-fault-tj331zq_/case/store/objects/45/4e0e3abec42d45fb1284b5163a8cc5c10104ca0f027f2e259f296a4afc19b8>, "", 65248, 288) = 0
pread64(3</tmp/nia-publication-fault-tj331zq_/case/store/objects/45/4e0e3abec42d45fb1284b5163a8cc5c10104ca0f027f2e259f296a4afc19b8>, "", 65536, 288) = 0
pread64(3</tmp/nia-publication-fault-tj331zq_/case/store/objects/45/4e0e3abec42d45fb1284b5163a8cc5c10104ca0f027f2e259f296a4afc19b8>, "NIAGEN04))))))))))))))))3333333333333333\0\0\0\0\0\0\0\1\0\0\0\0\0\0\0\2\216\346\2104^\35\225\2\356\214\327'zE<0\277\267{\224r\1\276\2630\16\235\362\270\3122\35\"\"\"\"\"\"\"\""..., 32992, 0) = 288
pread64(3</tmp/nia-publication-fault-tj331zq_/case/store/objects/45/4e0e3abec42d45fb1284b5163a8cc5c10104ca0f027f2e259f296a4afc19b8>, "", 32704, 288) = 0
pread64(3</tmp/nia-publication-fault-tj331zq_/case/store/objects/b2/d93d1647239d0ba4daeaa2a008547e866b63fe552b7835bb1cf81afd008832>, "NIASPOL1~R\322\ng\4\374Nt{\300\301\330\36\340\226\257\27\360\206\320\344f\21\354\217~\254\226\320\232\"\0\0\0\0\0\0\3\350\0\0\0\0\0\0\0\1GGGGGGGGGGGGGGGGGGGGGGGGGGGGGGGG\212\210\343\335t\t\361\225"..., 65536, 0) = 136
pread64(3</tmp/nia-publication-fault-tj331zq_/case/store/objects/b2/d93d1647239d0ba4daeaa2a008547e866b63fe552b7835bb1cf81afd008832>, "", 65400, 136) = 0
pread64(3</tmp/nia-publication-fault-tj331zq_/case/store/objects/b2/d93d1647239d0ba4daeaa2a008547e866b63fe552b7835bb1cf81afd008832>, "", 65536, 136) = 0
pread64(3</tmp/nia-publication-fault-tj331zq_/case/store/objects/b2/d93d1647239d0ba4daeaa2a008547e866b63fe552b7835bb1cf81afd008832>, "NIASPOL1~R\322\ng\4\374Nt{\300\301\330\36\340\226\257\27\360\206\320\344f\21\354\217~\254\226\320\232\"\0\0\0\0\0\0\3\350\0\0\0\0\0\0\0\1GGGGGGGGGGGGGGGGGGGGGGGGGGGGGGGG\212\210\343\335t\t\361\225"..., 20536, 0) = 136
pread64(3</tmp/nia-publication-fault-tj331zq_/case/store/objects/b2/d93d1647239d0ba4daeaa2a008547e866b63fe552b7835bb1cf81afd008832>, "", 20400, 136) = 0
fsync(3</tmp/nia-publication-fault-tj331zq_/case/state>) = 0
fsync(3</tmp/nia-publication-fault-tj331zq_/case/state>) = 0
fsync(3</tmp/nia-publication-fault-tj331zq_/case/store>) = 0
pread64(3</tmp/nia-publication-fault-tj331zq_/case/store/objects/7c/28b05decc8f6bb33b6cf0f646c5af5aa8055e00a4cf6da1a746bd63b1d1ef2>, "MCPLAN02\37\37\37\37\37\37\37\37\37\37\37\37\37\37\37\37================\0\0\0\0\0\0\0\0\0\0\0\0\0\0\0\1\0\0\0\0\0\0\0\1\0\0\0\0\0\0\0\2\216\346\2104^\35\225\2\356\214\327'zE<0\277\267{\224r\1\276\263"..., 65536, 0) = 467
pread64(3</tmp/nia-publication-fault-tj331zq_/case/store/objects/7c/28b05decc8f6bb33b6cf0f646c5af5aa8055e00a4cf6da1a746bd63b1d1ef2>, "", 65069, 467) = 0
pread64(3</tmp/nia-publication-fault-tj331zq_/case/store/objects/7c/28b05decc8f6bb33b6cf0f646c5af5aa8055e00a4cf6da1a746bd63b1d1ef2>, "", 65536, 467) = 0
pread64(3</tmp/nia-publication-fault-tj331zq_/case/store/objects/7c/28b05decc8f6bb33b6cf0f646c5af5aa8055e00a4cf6da1a746bd63b1d1ef2>, "MCPLAN02\37\37\37\37\37\37\37\37\37\37\37\37\37\37\37\37================\0\0\0\0\0\0\0\0\0\0\0\0\0\0\0\1\0\0\0\0\0\0\0\1\0\0\0\0\0\0\0\2\216\346\2104^\35\225\2\356\214\327'zE<0\277\267{\224r\1\276\263"..., 4500000, 0) = 467
pread64(3</tmp/nia-publication-fault-tj331zq_/case/store/objects/7c/28b05decc8f6bb33b6cf0f646c5af5aa8055e00a4cf6da1a746bd63b1d1ef2>, "", 4499533, 467) = 0
pread64(3</tmp/nia-publication-fault-tj331zq_/case/store/objects/21/944ec3a07bc2c4968e56fb8293ef4e32f02aecead46768799ef9a6a96e2705>, "NIAPUB01\37\37\37\37\37\37\37\37\37\37\37\37\37\37\37\37))))))))))))))))EN\16:\276\304-E\373\22\204\265\26:\214\305\301\1\4\312\17\2\177.%\237)jJ\374\31\270\216\346\2104^\35\225\2\356\214\327'zE<0\277\267{\224r\1\276\263"..., 65536, 0) = 192
pread64(3</tmp/nia-publication-fault-tj331zq_/case/store/objects/21/944ec3a07bc2c4968e56fb8293ef4e32f02aecead46768799ef9a6a96e2705>, "", 65344, 192) = 0
pread64(3</tmp/nia-publication-fault-tj331zq_/case/store/objects/21/944ec3a07bc2c4968e56fb8293ef4e32f02aecead46768799ef9a6a96e2705>, "", 65536, 192) = 0
pread64(3</tmp/nia-publication-fault-tj331zq_/case/store/objects/21/944ec3a07bc2c4968e56fb8293ef4e32f02aecead46768799ef9a6a96e2705>, "NIAPUB01\37\37\37\37\37\37\37\37\37\37\37\37\37\37\37\37))))))))))))))))EN\16:\276\304-E\373\22\204\265\26:\214\305\301\1\4\312\17\2\177.%\237)jJ\374\31\270\216\346\2104^\35\225\2\356\214\327'zE<0\277\267{\224r\1\276\263"..., 193, 0) = 192
pread64(3</tmp/nia-publication-fault-tj331zq_/case/store/objects/21/944ec3a07bc2c4968e56fb8293ef4e32f02aecead46768799ef9a6a96e2705>, "", 1, 192) = 0
pread64(3</tmp/nia-publication-fault-tj331zq_/case/store/objects/45/4e0e3abec42d45fb1284b5163a8cc5c10104ca0f027f2e259f296a4afc19b8>, "NIAGEN04))))))))))))))))3333333333333333\0\0\0\0\0\0\0\1\0\0\0\0\0\0\0\2\216\346\2104^\35\225\2\356\214\327'zE<0\277\267{\224r\1\276\2630\16\235\362\270\3122\35\"\"\"\"\"\"\"\""..., 65536, 0) = 288
pread64(3</tmp/nia-publication-fault-tj331zq_/case/store/objects/45/4e0e3abec42d45fb1284b5163a8cc5c10104ca0f027f2e259f296a4afc19b8>, "", 65248, 288) = 0
pread64(3</tmp/nia-publication-fault-tj331zq_/case/store/objects/45/4e0e3abec42d45fb1284b5163a8cc5c10104ca0f027f2e259f296a4afc19b8>, "", 65536, 288) = 0
pread64(3</tmp/nia-publication-fault-tj331zq_/case/store/objects/45/4e0e3abec42d45fb1284b5163a8cc5c10104ca0f027f2e259f296a4afc19b8>, "NIAGEN04))))))))))))))))3333333333333333\0\0\0\0\0\0\0\1\0\0\0\0\0\0\0\2\216\346\2104^\35\225\2\356\214\327'zE<0\277\267{\224r\1\276\2630\16\235\362\270\3122\35\"\"\"\"\"\"\"\""..., 32992, 0) = 288
pread64(3</tmp/nia-publication-fault-tj331zq_/case/store/objects/45/4e0e3abec42d45fb1284b5163a8cc5c10104ca0f027f2e259f296a4afc19b8>, "", 32704, 288) = 0
pread64(3</tmp/nia-publication-fault-tj331zq_/case/store/pins/33333333333333333333333333333333>, "EN\16:\276\304-E\373\22\204\265\26:\214\305\301\1\4\312\17\2\177.%\237)jJ\374\31\270", 33, 0) = 32
pread64(3</tmp/nia-publication-fault-tj331zq_/case/store/pins/33333333333333333333333333333333>, "", 1, 32) = 0
pread64(3</tmp/nia-publication-fault-tj331zq_/case/store/objects/b2/d93d1647239d0ba4daeaa2a008547e866b63fe552b7835bb1cf81afd008832>, "NIASPOL1~R\322\ng\4\374Nt{\300\301\330\36\340\226\257\27\360\206\320\344f\21\354\217~\254\226\320\232\"\0\0\0\0\0\0\3\350\0\0\0\0\0\0\0\1GGGGGGGGGGGGGGGGGGGGGGGGGGGGGGGG\212\210\343\335t\t\361\225"..., 65536, 0) = 136
pread64(3</tmp/nia-publication-fault-tj331zq_/case/store/objects/b2/d93d1647239d0ba4daeaa2a008547e866b63fe552b7835bb1cf81afd008832>, "", 65400, 136) = 0
pread64(3</tmp/nia-publication-fault-tj331zq_/case/store/objects/b2/d93d1647239d0ba4daeaa2a008547e866b63fe552b7835bb1cf81afd008832>, "", 65536, 136) = 0
pread64(3</tmp/nia-publication-fault-tj331zq_/case/store/objects/b2/d93d1647239d0ba4daeaa2a008547e866b63fe552b7835bb1cf81afd008832>, "NIASPOL1~R\322\ng\4\374Nt{\300\301\330\36\340\226\257\27\360\206\320\344f\21\354\217~\254\226\320\232\"\0\0\0\0\0\0\3\350\0\0\0\0\0\0\0\1GGGGGGGGGGGGGGGGGGGGGGGGGGGGGGGG\212\210\343\335t\t\361\225"..., 20536, 0) = 136
pread64(3</tmp/nia-publication-fault-tj331zq_/case/store/objects/b2/d93d1647239d0ba4daeaa2a008547e866b63fe552b7835bb1cf81afd008832>, "", 20400, 136) = 0
pread64(3</tmp/nia-publication-fault-tj331zq_/case/store/objects/7e/52d20a6704fc4e747bc0c1d81ee096af17f086d0e46611ec8f7eac96d09a22>, "NIASMAP1\37\37\37\37\37\37\37\37\37\37\37\37\37\37\37\37\0\0\0\0\0\0\0\0\0\0\0\0\0\0\0\0\0\0\0\0\0\0\0\0\0\0\0\0\0\0\0\0\0\0\0\0\0\0\0\0\0\0\0\0\0\0\0\0\0\0\0\0\0\0\0\0\0\0\0\0\0\0\0\0\216\346\2104^\35\225\2"..., 65536, 0) = 256
pread64(3</tmp/nia-publication-fault-tj331zq_/case/store/objects/7e/52d20a6704fc4e747bc0c1d81ee096af17f086d0e46611ec8f7eac96d09a22>, "", 65280, 256) = 0
pread64(3</tmp/nia-publication-fault-tj331zq_/case/store/objects/7e/52d20a6704fc4e747bc0c1d81ee096af17f086d0e46611ec8f7eac96d09a22>, "", 65536, 256) = 0
pread64(3</tmp/nia-publication-fault-tj331zq_/case/store/objects/7e/52d20a6704fc4e747bc0c1d81ee096af17f086d0e46611ec8f7eac96d09a22>, "NIASMAP1\37\37\37\37\37\37\37\37\37\37\37\37\37\37\37\37\0\0\0\0\0\0\0\0\0\0\0\0\0\0\0\0\0\0\0\0\0\0\0\0\0\0\0\0\0\0\0\0\0\0\0\0\0\0\0\0\0\0\0\0\0\0\0\0\0\0\0\0\0\0\0\0\0\0\0\0\0\0\0\0\216\346\2104^\35\225\2"..., 393376, 0) = 256
pread64(3</tmp/nia-publication-fault-tj331zq_/case/store/objects/7e/52d20a6704fc4e747bc0c1d81ee096af17f086d0e46611ec8f7eac96d09a22>, "", 393120, 256) = 0
pread64(3</tmp/nia-publication-fault-tj331zq_/case/store/objects/8e/e688345e1d9502ee8cd7277a453c30bfb77b947201beb3300e9df2b8ca321d>, "\0\0\0\0\0\0\0\10NIACSEL1\273\343\341b6\331$M\267\345\300\262\251\302\306\27f\270\251!\330\260\227\374\323p\347\177\25.\3311\0\0\0\0\0\0\0\1\f\241y\346\276\376\267a\363a?\36\365|\250\222\353\303\246\242(\334\243/\23\t\360\254\6\247\336~J6\366\353|\33#j"..., 65536, 0) = 152
pread64(3</tmp/nia-publication-fault-tj331zq_/case/store/objects/8e/e688345e1d9502ee8cd7277a453c30bfb77b947201beb3300e9df2b8ca321d>, "", 65384, 152) = 0
pread64(3</tmp/nia-publication-fault-tj331zq_/case/store/objects/8e/e688345e1d9502ee8cd7277a453c30bfb77b947201beb3300e9df2b8ca321d>, "", 65536, 152) = 0
pread64(3</tmp/nia-publication-fault-tj331zq_/case/store/objects/32/094e7c613fdb6dffb1f27d926b176f7fd8946b8c2cf3ca9e3b95cb91a1a8ca>, "NIACLOS1\216\346\2104^\35\225\2\356\214\327'zE<0\277\267{\224r\1\276\2630\16\235\362\270\3122\35\273\343\341b6\331$M\267\345\300\262\251\302\306\27f\270\251!\330\260\227\374\323p\347\177\25.\3311\0\0\0\0\0\0\0\5\f\241y\346\276\376\267a\363a?\36\365|\250\222"..., 65536, 0) = 240
pread64(3</tmp/nia-publication-fault-tj331zq_/case/store/objects/32/094e7c613fdb6dffb1f27d926b176f7fd8946b8c2cf3ca9e3b95cb91a1a8ca>, "", 65296, 240) = 0
pread64(3</tmp/nia-publication-fault-tj331zq_/case/store/objects/32/094e7c613fdb6dffb1f27d926b176f7fd8946b8c2cf3ca9e3b95cb91a1a8ca>, "", 65536, 240) = 0
pread64(3</tmp/nia-publication-fault-tj331zq_/case/store/objects/be/79019cd624c1b58af3cac32a235b467dac74ebfc6ee94e6390a198650449a5>, "NIASUP01GGGGGGGGGGGGGGGGGGGGGGGGGGGGGGGGf\246uqQ\370\356U\333\22w\26\307\343\334\340\276\200t\266N \355\245B\345\301\344l\251\304\36\f\241y\346\276\376\267a\363a?\36\365|\250\222\353\303\246\242(\334\243/"..., 65536, 0) = 320
pread64(3</tmp/nia-publication-fault-tj331zq_/case/store/objects/be/79019cd624c1b58af3cac32a235b467dac74ebfc6ee94e6390a198650449a5>, "", 65216, 320) = 0
pread64(3</tmp/nia-publication-fault-tj331zq_/case/store/objects/be/79019cd624c1b58af3cac32a235b467dac74ebfc6ee94e6390a198650449a5>, "", 65536, 320) = 0
pread64(3</tmp/nia-publication-fault-tj331zq_/case/store/objects/be/79019cd624c1b58af3cac32a235b467dac74ebfc6ee94e6390a198650449a5>, "NIASUP01GGGGGGGGGGGGGGGGGGGGGGGGGGGGGGGGf\246uqQ\370\356U\333\22w\26\307\343\334\340\276\200t\266N \355\245B\345\301\344l\251\304\36\f\241y\346\276\376\267a\363a?\36\365|\250\222\353\303\246\242(\334\243/"..., 320, 0) = 320
pread64(3</tmp/nia-publication-fault-tj331zq_/case/store/objects/66/a6757151f8ee55db127716c7e3dce0be8074b64e20eda542e5c1e46ca9c41e>, "\7\10\t", 65536, 0) = 3
pread64(3</tmp/nia-publication-fault-tj331zq_/case/store/objects/66/a6757151f8ee55db127716c7e3dce0be8074b64e20eda542e5c1e46ca9c41e>, "", 65533, 3) = 0
pread64(3</tmp/nia-publication-fault-tj331zq_/case/store/objects/66/a6757151f8ee55db127716c7e3dce0be8074b64e20eda542e5c1e46ca9c41e>, "", 65536, 3) = 0
pread64(3</tmp/nia-publication-fault-tj331zq_/case/store/objects/0c/a179e6befeb761f3613f1ef57ca892ebc3a6a228dca32f1309f0ac06a7de7e>, "!<arch>\ndebian-binary/  0           0     0     100644  4         `\n2.0\ncontrol.tar/    0       "..., 65536, 0) = 20672
pread64(3</tmp/nia-publication-fault-tj331zq_/case/store/objects/0c/a179e6befeb761f3613f1ef57ca892ebc3a6a228dca32f1309f0ac06a7de7e>, "", 44864, 20672) = 0
pread64(3</tmp/nia-publication-fault-tj331zq_/case/store/objects/0c/a179e6befeb761f3613f1ef57ca892ebc3a6a228dca32f1309f0ac06a7de7e>, "", 65536, 20672) = 0
pread64(3</tmp/nia-publication-fault-tj331zq_/case/store/objects/a3/1a856f430af395bccd7eb2f142b11ad3ae0fc5daf3acc4ffb341c48a5abd39>, "Package: empty-package\nVersion: 1\nArchitecture: all\nMaintainer: Fixture <fixture@example.invalid"..., 65536, 0) = 149
pread64(3</tmp/nia-publication-fault-tj331zq_/case/store/objects/a3/1a856f430af395bccd7eb2f142b11ad3ae0fc5daf3acc4ffb341c48a5abd39>, "", 65387, 149) = 0
pread64(3</tmp/nia-publication-fault-tj331zq_/case/store/objects/a3/1a856f430af395bccd7eb2f142b11ad3ae0fc5daf3acc4ffb341c48a5abd39>, "", 65536, 149) = 0
pread64(3</tmp/nia-publication-fault-tj331zq_/case/store/objects/66/a6757151f8ee55db127716c7e3dce0be8074b64e20eda542e5c1e46ca9c41e>, "\7\10\t", 65536, 0) = 3
pread64(3</tmp/nia-publication-fault-tj331zq_/case/store/objects/66/a6757151f8ee55db127716c7e3dce0be8074b64e20eda542e5c1e46ca9c41e>, "", 65533, 3) = 0
pread64(3</tmp/nia-publication-fault-tj331zq_/case/store/objects/66/a6757151f8ee55db127716c7e3dce0be8074b64e20eda542e5c1e46ca9c41e>, "", 65536, 3) = 0
pread64(3</tmp/nia-publication-fault-tj331zq_/case/store/objects/66/a6757151f8ee55db127716c7e3dce0be8074b64e20eda542e5c1e46ca9c41e>, "\7\10\t", 65536, 0) = 3
pread64(3</tmp/nia-publication-fault-tj331zq_/case/store/objects/66/a6757151f8ee55db127716c7e3dce0be8074b64e20eda542e5c1e46ca9c41e>, "", 65533, 3) = 0
pread64(3</tmp/nia-publication-fault-tj331zq_/case/store/objects/66/a6757151f8ee55db127716c7e3dce0be8074b64e20eda542e5c1e46ca9c41e>, "", 65536, 3) = 0
pread64(3</tmp/nia-publication-fault-tj331zq_/case/store/objects/66/a6757151f8ee55db127716c7e3dce0be8074b64e20eda542e5c1e46ca9c41e>, "\7\10\t", 65536, 0) = 3
pread64(3</tmp/nia-publication-fault-tj331zq_/case/store/objects/66/a6757151f8ee55db127716c7e3dce0be8074b64e20eda542e5c1e46ca9c41e>, "", 65533, 3) = 0
pread64(3</tmp/nia-publication-fault-tj331zq_/case/store/objects/66/a6757151f8ee55db127716c7e3dce0be8074b64e20eda542e5c1e46ca9c41e>, "", 65536, 3) = 0
pread64(3</tmp/nia-publication-fault-tj331zq_/case/store/objects/38/c0e841345eeb0948445869eb5553bb39ebf66c24fe6fa00123868f32600451>, "NIAGINT1\37\37\37\37\37\37\37\37\37\37\37\37\37\37\37\37\0\0\0\0\0\0\0\0\0\0\0\0\0\0\0\0\0\0\0\0\0\0\0\0\0\0\0\0\0\0\0\0\216\346\2104^\35\225\2\356\214\327'zE<0\277\267{\224r\1\276\2630\16\235\362\270\3122\0352\tN|a?\333m"..., 65536, 0) = 206
pread64(3</tmp/nia-publication-fault-tj331zq_/case/store/objects/38/c0e841345eeb0948445869eb5553bb39ebf66c24fe6fa00123868f32600451>, "", 65330, 206) = 0
pread64(3</tmp/nia-publication-fault-tj331zq_/case/store/objects/38/c0e841345eeb0948445869eb5553bb39ebf66c24fe6fa00123868f32600451>, "", 65536, 206) = 0
pread64(3</tmp/nia-publication-fault-tj331zq_/case/store/objects/38/c0e841345eeb0948445869eb5553bb39ebf66c24fe6fa00123868f32600451>, "NIAGINT1\37\37\37\37\37\37\37\37\37\37\37\37\37\37\37\37\0\0\0\0\0\0\0\0\0\0\0\0\0\0\0\0\0\0\0\0\0\0\0\0\0\0\0\0\0\0\0\0\216\346\2104^\35\225\2\356\214\327'zE<0\277\267{\224r\1\276\2630\16\235\362\270\3122\0352\tN|a?\333m"..., 1053888, 0) = 206
pread64(3</tmp/nia-publication-fault-tj331zq_/case/store/objects/38/c0e841345eeb0948445869eb5553bb39ebf66c24fe6fa00123868f32600451>, "", 1053682, 206) = 0
pread64(3</tmp/nia-publication-fault-tj331zq_/case/store/objects/32/094e7c613fdb6dffb1f27d926b176f7fd8946b8c2cf3ca9e3b95cb91a1a8ca>, "NIACLOS1\216\346\2104^\35\225\2\356\214\327'zE<0\277\267{\224r\1\276\2630\16\235\362\270\3122\35\273\343\341b6\331$M\267\345\300\262\251\302\306\27f\270\251!\330\260\227\374\323p\347\177\25.\3311\0\0\0\0\0\0\0\5\f\241y\346\276\376\267a\363a?\36\365|\250\222"..., 65536, 0) = 240
pread64(3</tmp/nia-publication-fault-tj331zq_/case/store/objects/32/094e7c613fdb6dffb1f27d926b176f7fd8946b8c2cf3ca9e3b95cb91a1a8ca>, "", 65296, 240) = 0
pread64(3</tmp/nia-publication-fault-tj331zq_/case/store/objects/32/094e7c613fdb6dffb1f27d926b176f7fd8946b8c2cf3ca9e3b95cb91a1a8ca>, "", 65536, 240) = 0
pread64(3</tmp/nia-publication-fault-tj331zq_/case/store/objects/32/094e7c613fdb6dffb1f27d926b176f7fd8946b8c2cf3ca9e3b95cb91a1a8ca>, "NIACLOS1\216\346\2104^\35\225\2\356\214\327'zE<0\277\267{\224r\1\276\2630\16\235\362\270\3122\35\273\343\341b6\331$M\267\345\300\262\251\302\306\27f\270\251!\330\260\227\374\323p\347\177\25.\3311\0\0\0\0\0\0\0\5", 80, 0) = 80
pread64(3</tmp/nia-publication-fault-tj331zq_/case/store/objects/32/094e7c613fdb6dffb1f27d926b176f7fd8946b8c2cf3ca9e3b95cb91a1a8ca>, "\f\241y\346\276\376\267a\363a?\36\365|\250\222\353\303\246\242(\334\243/\23\t\360\254\6\247\336~", 32, 80) = 32
pread64(10</tmp/nia-publication-fault-tj331zq_/case/store/objects/0c/a179e6befeb761f3613f1ef57ca892ebc3a6a228dca32f1309f0ac06a7de7e>, "!<arch>\ndebian-binary/  0           0     0     100644  4         `\n2.0\ncontrol.tar/    0       "..., 65536, 0) = 20672
pread64(10</tmp/nia-publication-fault-tj331zq_/case/store/objects/0c/a179e6befeb761f3613f1ef57ca892ebc3a6a228dca32f1309f0ac06a7de7e>, "", 44864, 20672) = 0
pread64(10</tmp/nia-publication-fault-tj331zq_/case/store/objects/0c/a179e6befeb761f3613f1ef57ca892ebc3a6a228dca32f1309f0ac06a7de7e>, "", 65536, 20672) = 0
pread64(3</tmp/nia-publication-fault-tj331zq_/case/store/objects/32/094e7c613fdb6dffb1f27d926b176f7fd8946b8c2cf3ca9e3b95cb91a1a8ca>, "J6\366\353|\33#j\266\313(\335\270\202\221\236\210\213\363\223\337\300\r\223\0\212\326s\6\227\370\367", 32, 112) = 32
pread64(10</tmp/nia-publication-fault-tj331zq_/case/store/objects/4a/36f6eb7c1b236ab6cb28ddb882919e888bf393dfc00d93008ad6730697f8f7>, "./control\0\0\0\0\0\0\0\0\0\0\0\0\0\0\0\0\0\0\0\0\0\0\0\0\0\0\0\0\0\0\0\0\0\0\0\0\0\0\0\0\0\0\0\0\0\0\0\0\0\0\0\0\0\0\0\0\0\0\0\0\0\0\0\0\0\0\0\0\0\0\0\0\0\0\0\0\0\0\0\0\0\0\0\0\0\0\0"..., 65536, 0) = 10240
pread64(10</tmp/nia-publication-fault-tj331zq_/case/store/objects/4a/36f6eb7c1b236ab6cb28ddb882919e888bf393dfc00d93008ad6730697f8f7>, "", 55296, 10240) = 0
pread64(10</tmp/nia-publication-fault-tj331zq_/case/store/objects/4a/36f6eb7c1b236ab6cb28ddb882919e888bf393dfc00d93008ad6730697f8f7>, "", 65536, 10240) = 0
pread64(3</tmp/nia-publication-fault-tj331zq_/case/store/objects/32/094e7c613fdb6dffb1f27d926b176f7fd8946b8c2cf3ca9e3b95cb91a1a8ca>, "\204\377\222i\37\220\232\5\262$\341\305j\273Hd\360\33O\216<\205NK\264\307\272\361\323\366\326R", 32, 144) = 32
pread64(10</tmp/nia-publication-fault-tj331zq_/case/store/objects/84/ff92691f909a05b224e1c56abb4864f01b4f8e3c854e4bb4c7baf1d3f6d652>, "\0\0\0\0\0\0\0\0\0\0\0\0\0\0\0\0\0\0\0\0\0\0\0\0\0\0\0\0\0\0\0\0\0\0\0\0\0\0\0\0\0\0\0\0\0\0\0\0\0\0\0\0\0\0\0\0\0\0\0\0\0\0\0\0\0\0\0\0\0\0\0\0\0\0\0\0\0\0\0\0\0\0\0\0\0\0\0\0\0\0\0\0\0\0\0\0"..., 65536, 0) = 10240
pread64(10</tmp/nia-publication-fault-tj331zq_/case/store/objects/84/ff92691f909a05b224e1c56abb4864f01b4f8e3c854e4bb4c7baf1d3f6d652>, "", 55296, 10240) = 0
pread64(10</tmp/nia-publication-fault-tj331zq_/case/store/objects/84/ff92691f909a05b224e1c56abb4864f01b4f8e3c854e4bb4c7baf1d3f6d652>, "", 65536, 10240) = 0
pread64(3</tmp/nia-publication-fault-tj331zq_/case/store/objects/32/094e7c613fdb6dffb1f27d926b176f7fd8946b8c2cf3ca9e3b95cb91a1a8ca>, "\216\346\2104^\35\225\2\356\214\327'zE<0\277\267{\224r\1\276\2630\16\235\362\270\3122\35", 32, 176) = 32
pread64(10</tmp/nia-publication-fault-tj331zq_/case/store/objects/8e/e688345e1d9502ee8cd7277a453c30bfb77b947201beb3300e9df2b8ca321d>, "\0\0\0\0\0\0\0\10NIACSEL1\273\343\341b6\331$M\267\345\300\262\251\302\306\27f\270\251!\330\260\227\374\323p\347\177\25.\3311\0\0\0\0\0\0\0\1\f\241y\346\276\376\267a\363a?\36\365|\250\222\353\303\246\242(\334\243/\23\t\360\254\6\247\336~J6\366\353|\33#j"..., 65536, 0) = 152
pread64(10</tmp/nia-publication-fault-tj331zq_/case/store/objects/8e/e688345e1d9502ee8cd7277a453c30bfb77b947201beb3300e9df2b8ca321d>, "", 65384, 152) = 0
pread64(10</tmp/nia-publication-fault-tj331zq_/case/store/objects/8e/e688345e1d9502ee8cd7277a453c30bfb77b947201beb3300e9df2b8ca321d>, "", 65536, 152) = 0
pread64(3</tmp/nia-publication-fault-tj331zq_/case/store/objects/32/094e7c613fdb6dffb1f27d926b176f7fd8946b8c2cf3ca9e3b95cb91a1a8ca>, "\243\32\205oC\n\363\225\274\315~\262\361B\261\32\323\256\17\305\332\363\254\304\377\263A\304\212Z\2759", 32, 208) = 32
pread64(10</tmp/nia-publication-fault-tj331zq_/case/store/objects/a3/1a856f430af395bccd7eb2f142b11ad3ae0fc5daf3acc4ffb341c48a5abd39>, "Package: empty-package\nVersion: 1\nArchitecture: all\nMaintainer: Fixture <fixture@example.invalid"..., 65536, 0) = 149
pread64(10</tmp/nia-publication-fault-tj331zq_/case/store/objects/a3/1a856f430af395bccd7eb2f142b11ad3ae0fc5daf3acc4ffb341c48a5abd39>, "", 65387, 149) = 0
pread64(10</tmp/nia-publication-fault-tj331zq_/case/store/objects/a3/1a856f430af395bccd7eb2f142b11ad3ae0fc5daf3acc4ffb341c48a5abd39>, "", 65536, 149) = 0
pread64(3</tmp/nia-publication-fault-tj331zq_/case/store/objects/8e/e688345e1d9502ee8cd7277a453c30bfb77b947201beb3300e9df2b8ca321d>, "\0\0\0\0\0\0\0\10NIACSEL1\273\343\341b6\331$M\267\345\300\262\251\302\306\27f\270\251!\330\260\227\374\323p\347\177\25.\3311\0\0\0\0\0\0\0\1\f\241y\346\276\376\267a\363a?\36\365|\250\222\353\303\246\242(\334\243/\23\t\360\254\6\247\336~J6\366\353|\33#j"..., 65536, 0) = 152
pread64(3</tmp/nia-publication-fault-tj331zq_/case/store/objects/8e/e688345e1d9502ee8cd7277a453c30bfb77b947201beb3300e9df2b8ca321d>, "", 65384, 152) = 0
pread64(3</tmp/nia-publication-fault-tj331zq_/case/store/objects/8e/e688345e1d9502ee8cd7277a453c30bfb77b947201beb3300e9df2b8ca321d>, "", 65536, 152) = 0
pread64(3</tmp/nia-publication-fault-tj331zq_/case/store/objects/8e/e688345e1d9502ee8cd7277a453c30bfb77b947201beb3300e9df2b8ca321d>, "\0\0\0\0\0\0\0\10NIACSEL1\273\343\341b6\331$M\267\345\300\262\251\302\306\27f\270\251!\330\260\227\374\323p\347\177\25.\3311\0\0\0\0\0\0\0\1\f\241y\346\276\376\267a\363a?\36\365|\250\222\353\303\246\242(\334\243/\23\t\360\254\6\247\336~J6\366\353|\33#j"..., 393272, 0) = 152
pread64(3</tmp/nia-publication-fault-tj331zq_/case/store/objects/8e/e688345e1d9502ee8cd7277a453c30bfb77b947201beb3300e9df2b8ca321d>, "", 393120, 152) = 0
pread64(3</tmp/nia-publication-fault-tj331zq_/case/store/objects/0c/a179e6befeb761f3613f1ef57ca892ebc3a6a228dca32f1309f0ac06a7de7e>, "!<arch>\ndebian-binary/  0           0     0     100644  4         `\n2.0\ncontrol.tar/    0       "..., 65536, 0) = 20672
pread64(3</tmp/nia-publication-fault-tj331zq_/case/store/objects/0c/a179e6befeb761f3613f1ef57ca892ebc3a6a228dca32f1309f0ac06a7de7e>, "", 44864, 20672) = 0
pread64(3</tmp/nia-publication-fault-tj331zq_/case/store/objects/0c/a179e6befeb761f3613f1ef57ca892ebc3a6a228dca32f1309f0ac06a7de7e>, "", 65536, 20672) = 0
pread64(3</tmp/nia-publication-fault-tj331zq_/case/store/objects/0c/a179e6befeb761f3613f1ef57ca892ebc3a6a228dca32f1309f0ac06a7de7e>, "!<arch>\n", 8, 0) = 8
pread64(3</tmp/nia-publication-fault-tj331zq_/case/store/objects/0c/a179e6befeb761f3613f1ef57ca892ebc3a6a228dca32f1309f0ac06a7de7e>, "debian-binary/  0           0     0     100644  4         `\n", 60, 8) = 60
pread64(3</tmp/nia-publication-fault-tj331zq_/case/store/objects/0c/a179e6befeb761f3613f1ef57ca892ebc3a6a228dca32f1309f0ac06a7de7e>, "2.0\n", 4, 68) = 4
pread64(3</tmp/nia-publication-fault-tj331zq_/case/store/objects/0c/a179e6befeb761f3613f1ef57ca892ebc3a6a228dca32f1309f0ac06a7de7e>, "2.0\n", 4, 68) = 4
pread64(3</tmp/nia-publication-fault-tj331zq_/case/store/objects/0c/a179e6befeb761f3613f1ef57ca892ebc3a6a228dca32f1309f0ac06a7de7e>, "control.tar/    0           0     0     100644  10240     `\n", 60, 72) = 60
pread64(3</tmp/nia-publication-fault-tj331zq_/case/store/objects/0c/a179e6befeb761f3613f1ef57ca892ebc3a6a228dca32f1309f0ac06a7de7e>, "./control\0\0\0\0\0\0\0\0\0\0\0\0\0\0\0\0\0\0\0\0\0\0\0\0\0\0\0\0\0\0\0\0\0\0\0\0\0\0\0\0\0\0\0\0\0\0\0\0\0\0\0\0\0\0\0\0\0\0\0\0\0\0\0\0\0\0\0\0\0\0\0\0\0\0\0\0\0\0\0\0\0\0\0\0\0\0\0"..., 10240, 132) = 10240
pread64(3</tmp/nia-publication-fault-tj331zq_/case/store/objects/0c/a179e6befeb761f3613f1ef57ca892ebc3a6a228dca32f1309f0ac06a7de7e>, "data.tar/       0           0     0     100644  10240     `\n", 60, 10372) = 60
pread64(3</tmp/nia-publication-fault-tj331zq_/case/store/objects/0c/a179e6befeb761f3613f1ef57ca892ebc3a6a228dca32f1309f0ac06a7de7e>, "\0\0\0\0\0\0\0\0\0\0\0\0\0\0\0\0\0\0\0\0\0\0\0\0\0\0\0\0\0\0\0\0\0\0\0\0\0\0\0\0\0\0\0\0\0\0\0\0\0\0\0\0\0\0\0\0\0\0\0\0\0\0\0\0\0\0\0\0\0\0\0\0\0\0\0\0\0\0\0\0\0\0\0\0\0\0\0\0\0\0\0\0\0\0\0\0"..., 10240, 10432) = 10240
pread64(3</tmp/nia-publication-fault-tj331zq_/case/store/objects/0c/a179e6befeb761f3613f1ef57ca892ebc3a6a228dca32f1309f0ac06a7de7e>, "!<arch>\ndebian-binary/  0           0     0     100644  4         `\n2.0\ncontrol.tar/    0       "..., 65536, 0) = 20672
pread64(3</tmp/nia-publication-fault-tj331zq_/case/store/objects/0c/a179e6befeb761f3613f1ef57ca892ebc3a6a228dca32f1309f0ac06a7de7e>, "", 44864, 20672) = 0
pread64(3</tmp/nia-publication-fault-tj331zq_/case/store/objects/0c/a179e6befeb761f3613f1ef57ca892ebc3a6a228dca32f1309f0ac06a7de7e>, "", 65536, 20672) = 0
pread64(3</tmp/nia-publication-fault-tj331zq_/case/store/objects/0c/a179e6befeb761f3613f1ef57ca892ebc3a6a228dca32f1309f0ac06a7de7e>, "!<arch>\n", 8, 0) = 8
pread64(3</tmp/nia-publication-fault-tj331zq_/case/store/objects/0c/a179e6befeb761f3613f1ef57ca892ebc3a6a228dca32f1309f0ac06a7de7e>, "debian-binary/  0           0     0     100644  4         `\n", 60, 8) = 60
pread64(3</tmp/nia-publication-fault-tj331zq_/case/store/objects/0c/a179e6befeb761f3613f1ef57ca892ebc3a6a228dca32f1309f0ac06a7de7e>, "2.0\n", 4, 68) = 4
pread64(3</tmp/nia-publication-fault-tj331zq_/case/store/objects/0c/a179e6befeb761f3613f1ef57ca892ebc3a6a228dca32f1309f0ac06a7de7e>, "2.0\n", 4, 68) = 4
pread64(3</tmp/nia-publication-fault-tj331zq_/case/store/objects/0c/a179e6befeb761f3613f1ef57ca892ebc3a6a228dca32f1309f0ac06a7de7e>, "control.tar/    0           0     0     100644  10240     `\n", 60, 72) = 60
pread64(3</tmp/nia-publication-fault-tj331zq_/case/store/objects/0c/a179e6befeb761f3613f1ef57ca892ebc3a6a228dca32f1309f0ac06a7de7e>, "./control\0\0\0\0\0\0\0\0\0\0\0\0\0\0\0\0\0\0\0\0\0\0\0\0\0\0\0\0\0\0\0\0\0\0\0\0\0\0\0\0\0\0\0\0\0\0\0\0\0\0\0\0\0\0\0\0\0\0\0\0\0\0\0\0\0\0\0\0\0\0\0\0\0\0\0\0\0\0\0\0\0\0\0\0\0\0\0"..., 10240, 132) = 10240
pread64(3</tmp/nia-publication-fault-tj331zq_/case/store/objects/0c/a179e6befeb761f3613f1ef57ca892ebc3a6a228dca32f1309f0ac06a7de7e>, "data.tar/       0           0     0     100644  10240     `\n", 60, 10372) = 60
pread64(3</tmp/nia-publication-fault-tj331zq_/case/store/objects/0c/a179e6befeb761f3613f1ef57ca892ebc3a6a228dca32f1309f0ac06a7de7e>, "\0\0\0\0\0\0\0\0\0\0\0\0\0\0\0\0\0\0\0\0\0\0\0\0\0\0\0\0\0\0\0\0\0\0\0\0\0\0\0\0\0\0\0\0\0\0\0\0\0\0\0\0\0\0\0\0\0\0\0\0\0\0\0\0\0\0\0\0\0\0\0\0\0\0\0\0\0\0\0\0\0\0\0\0\0\0\0\0\0\0\0\0\0\0\0\0"..., 10240, 10432) = 10240
fsync(11</tmp/nia-publication-fault-tj331zq_/case/store/incoming>) = 0
pread64(3</tmp/nia-publication-fault-tj331zq_/case/store/objects/0c/a179e6befeb761f3613f1ef57ca892ebc3a6a228dca32f1309f0ac06a7de7e>, "\0\0\0\0\0\0\0\0\0\0\0\0\0\0\0\0\0\0\0\0\0\0\0\0\0\0\0\0\0\0\0\0\0\0\0\0\0\0\0\0\0\0\0\0\0\0\0\0\0\0\0\0\0\0\0\0\0\0\0\0\0\0\0\0\0\0\0\0\0\0\0\0\0\0\0\0\0\0\0\0\0\0\0\0\0\0\0\0\0\0\0\0\0\0\0\0"..., 10240, 10432) = 10240
write(10</tmp/nia-publication-fault-tj331zq_/case/store/incoming/f5f8ada49ff8ac257d997c3e020473a0>, "\0\0\0\0\0\0\0\0\0\0\0\0\0\0\0\0\0\0\0\0\0\0\0\0\0\0\0\0\0\0\0\0\0\0\0\0\0\0\0\0\0\0\0\0\0\0\0\0\0\0\0\0\0\0\0\0\0\0\0\0\0\0\0\0\0\0\0\0\0\0\0\0\0\0\0\0\0\0\0\0\0\0\0\0\0\0\0\0\0\0\0\0\0\0\0\0"..., 10240) = 10240
fsync(10</tmp/nia-publication-fault-tj331zq_/case/store/incoming/f5f8ada49ff8ac257d997c3e020473a0>) = 0
renameat2(11</tmp/nia-publication-fault-tj331zq_/case/store/incoming>, "f5f8ada49ff8ac257d997c3e020473a0", 10</tmp/nia-publication-fault-tj331zq_/case/store/objects/84>, "ff92691f909a05b224e1c56abb4864f01b4f8e3c854e4bb4c7baf1d3f6d652", RENAME_NOREPLACE) = -1 EEXIST (File exists)
pread64(10</tmp/nia-publication-fault-tj331zq_/case/store/objects/84/ff92691f909a05b224e1c56abb4864f01b4f8e3c854e4bb4c7baf1d3f6d652>, "\0\0\0\0\0\0\0\0\0\0\0\0\0\0\0\0\0\0\0\0\0\0\0\0\0\0\0\0\0\0\0\0\0\0\0\0\0\0\0\0\0\0\0\0\0\0\0\0\0\0\0\0\0\0\0\0\0\0\0\0\0\0\0\0\0\0\0\0\0\0\0\0\0\0\0\0\0\0\0\0\0\0\0\0\0\0\0\0\0\0\0\0\0\0\0\0"..., 65536, 0) = 10240
pread64(10</tmp/nia-publication-fault-tj331zq_/case/store/objects/84/ff92691f909a05b224e1c56abb4864f01b4f8e3c854e4bb4c7baf1d3f6d652>, "", 55296, 10240) = 0
pread64(10</tmp/nia-publication-fault-tj331zq_/case/store/objects/84/ff92691f909a05b224e1c56abb4864f01b4f8e3c854e4bb4c7baf1d3f6d652>, "", 65536, 10240) = 0
fsync(11</tmp/nia-publication-fault-tj331zq_/case/store/incoming>) = 0
pread64(3</tmp/nia-publication-fault-tj331zq_/case/store/objects/84/ff92691f909a05b224e1c56abb4864f01b4f8e3c854e4bb4c7baf1d3f6d652>, "\0\0\0\0\0\0\0\0\0\0\0\0\0\0\0\0\0\0\0\0\0\0\0\0\0\0\0\0\0\0\0\0\0\0\0\0\0\0\0\0\0\0\0\0\0\0\0\0\0\0\0\0\0\0\0\0\0\0\0\0\0\0\0\0\0\0\0\0\0\0\0\0\0\0\0\0\0\0\0\0\0\0\0\0\0\0\0\0\0\0\0\0\0\0\0\0"..., 65536, 0) = 10240
pread64(3</tmp/nia-publication-fault-tj331zq_/case/store/objects/84/ff92691f909a05b224e1c56abb4864f01b4f8e3c854e4bb4c7baf1d3f6d652>, "", 55296, 10240) = 0
pread64(3</tmp/nia-publication-fault-tj331zq_/case/store/objects/84/ff92691f909a05b224e1c56abb4864f01b4f8e3c854e4bb4c7baf1d3f6d652>, "", 65536, 10240) = 0
pread64(3</tmp/nia-publication-fault-tj331zq_/case/store/objects/84/ff92691f909a05b224e1c56abb4864f01b4f8e3c854e4bb4c7baf1d3f6d652>, "\0\0\0\0\0\0\0\0\0\0\0\0\0\0\0\0\0\0\0\0\0\0\0\0\0\0\0\0\0\0\0\0\0\0\0\0\0\0\0\0\0\0\0\0\0\0\0\0\0\0\0\0\0\0\0\0\0\0\0\0\0\0\0\0\0\0\0\0\0\0\0\0\0\0\0\0\0\0\0\0\0\0\0\0\0\0\0\0\0\0\0\0\0\0\0\0"..., 10240, 0) = 10240
fsync(11</tmp/nia-publication-fault-tj331zq_/case/store/incoming>) = 0
pread64(3</tmp/nia-publication-fault-tj331zq_/case/store/objects/84/ff92691f909a05b224e1c56abb4864f01b4f8e3c854e4bb4c7baf1d3f6d652>, "\0\0\0\0\0\0\0\0\0\0\0\0\0\0\0\0\0\0\0\0\0\0\0\0\0\0\0\0\0\0\0\0\0\0\0\0\0\0\0\0\0\0\0\0\0\0\0\0\0\0\0\0\0\0\0\0\0\0\0\0\0\0\0\0\0\0\0\0\0\0\0\0\0\0\0\0\0\0\0\0\0\0\0\0\0\0\0\0\0\0\0\0\0\0\0\0"..., 10240, 0) = 10240
write(10</tmp/nia-publication-fault-tj331zq_/case/store/incoming/8900062efa63981a6b92f4fdb31cf3d9>, "\0\0\0\0\0\0\0\0\0\0\0\0\0\0\0\0\0\0\0\0\0\0\0\0\0\0\0\0\0\0\0\0\0\0\0\0\0\0\0\0\0\0\0\0\0\0\0\0\0\0\0\0\0\0\0\0\0\0\0\0\0\0\0\0\0\0\0\0\0\0\0\0\0\0\0\0\0\0\0\0\0\0\0\0\0\0\0\0\0\0\0\0\0\0\0\0"..., 10240) = 10240
fsync(10</tmp/nia-publication-fault-tj331zq_/case/store/incoming/8900062efa63981a6b92f4fdb31cf3d9>) = 0
renameat2(11</tmp/nia-publication-fault-tj331zq_/case/store/incoming>, "8900062efa63981a6b92f4fdb31cf3d9", 10</tmp/nia-publication-fault-tj331zq_/case/store/objects/84>, "ff92691f909a05b224e1c56abb4864f01b4f8e3c854e4bb4c7baf1d3f6d652", RENAME_NOREPLACE) = -1 EEXIST (File exists)
pread64(10</tmp/nia-publication-fault-tj331zq_/case/store/objects/84/ff92691f909a05b224e1c56abb4864f01b4f8e3c854e4bb4c7baf1d3f6d652>, "\0\0\0\0\0\0\0\0\0\0\0\0\0\0\0\0\0\0\0\0\0\0\0\0\0\0\0\0\0\0\0\0\0\0\0\0\0\0\0\0\0\0\0\0\0\0\0\0\0\0\0\0\0\0\0\0\0\0\0\0\0\0\0\0\0\0\0\0\0\0\0\0\0\0\0\0\0\0\0\0\0\0\0\0\0\0\0\0\0\0\0\0\0\0\0\0"..., 65536, 0) = 10240
pread64(10</tmp/nia-publication-fault-tj331zq_/case/store/objects/84/ff92691f909a05b224e1c56abb4864f01b4f8e3c854e4bb4c7baf1d3f6d652>, "", 55296, 10240) = 0
pread64(10</tmp/nia-publication-fault-tj331zq_/case/store/objects/84/ff92691f909a05b224e1c56abb4864f01b4f8e3c854e4bb4c7baf1d3f6d652>, "", 65536, 10240) = 0
fsync(11</tmp/nia-publication-fault-tj331zq_/case/store/incoming>) = 0
pread64(3</tmp/nia-publication-fault-tj331zq_/case/store/objects/84/ff92691f909a05b224e1c56abb4864f01b4f8e3c854e4bb4c7baf1d3f6d652>, "\0\0\0\0\0\0\0\0\0\0\0\0\0\0\0\0\0\0\0\0\0\0\0\0\0\0\0\0\0\0\0\0\0\0\0\0\0\0\0\0\0\0\0\0\0\0\0\0\0\0\0\0\0\0\0\0\0\0\0\0\0\0\0\0\0\0\0\0\0\0\0\0\0\0\0\0\0\0\0\0\0\0\0\0\0\0\0\0\0\0\0\0\0\0\0\0"..., 65536, 0) = 10240
pread64(3</tmp/nia-publication-fault-tj331zq_/case/store/objects/84/ff92691f909a05b224e1c56abb4864f01b4f8e3c854e4bb4c7baf1d3f6d652>, "", 55296, 10240) = 0
pread64(3</tmp/nia-publication-fault-tj331zq_/case/store/objects/84/ff92691f909a05b224e1c56abb4864f01b4f8e3c854e4bb4c7baf1d3f6d652>, "", 65536, 10240) = 0
pread64(3</tmp/nia-publication-fault-tj331zq_/case/store/objects/84/ff92691f909a05b224e1c56abb4864f01b4f8e3c854e4bb4c7baf1d3f6d652>, "\0\0\0\0\0\0\0\0\0\0\0\0\0\0\0\0\0\0\0\0\0\0\0\0\0\0\0\0\0\0\0\0\0\0\0\0\0\0\0\0\0\0\0\0\0\0\0\0\0\0\0\0\0\0\0\0\0\0\0\0\0\0\0\0\0\0\0\0\0\0\0\0\0\0\0\0\0\0\0\0\0\0\0\0\0\0\0\0\0\0\0\0\0\0\0\0"..., 512, 0) = 512
pread64(3</tmp/nia-publication-fault-tj331zq_/case/store/objects/84/ff92691f909a05b224e1c56abb4864f01b4f8e3c854e4bb4c7baf1d3f6d652>, "\0\0\0\0\0\0\0\0\0\0\0\0\0\0\0\0\0\0\0\0\0\0\0\0\0\0\0\0\0\0\0\0\0\0\0\0\0\0\0\0\0\0\0\0\0\0\0\0\0\0\0\0\0\0\0\0\0\0\0\0\0\0\0\0\0\0\0\0\0\0\0\0\0\0\0\0\0\0\0\0\0\0\0\0\0\0\0\0\0\0\0\0\0\0\0\0"..., 9728, 512) = 9728
pread64(3</tmp/nia-publication-fault-tj331zq_/case/store/objects/0c/a179e6befeb761f3613f1ef57ca892ebc3a6a228dca32f1309f0ac06a7de7e>, "!<arch>\ndebian-binary/  0           0     0     100644  4         `\n2.0\ncontrol.tar/    0       "..., 65536, 0) = 20672
pread64(3</tmp/nia-publication-fault-tj331zq_/case/store/objects/0c/a179e6befeb761f3613f1ef57ca892ebc3a6a228dca32f1309f0ac06a7de7e>, "", 44864, 20672) = 0
pread64(3</tmp/nia-publication-fault-tj331zq_/case/store/objects/0c/a179e6befeb761f3613f1ef57ca892ebc3a6a228dca32f1309f0ac06a7de7e>, "", 65536, 20672) = 0
pread64(3</tmp/nia-publication-fault-tj331zq_/case/store/objects/0c/a179e6befeb761f3613f1ef57ca892ebc3a6a228dca32f1309f0ac06a7de7e>, "!<arch>\n", 8, 0) = 8
pread64(3</tmp/nia-publication-fault-tj331zq_/case/store/objects/0c/a179e6befeb761f3613f1ef57ca892ebc3a6a228dca32f1309f0ac06a7de7e>, "debian-binary/  0           0     0     100644  4         `\n", 60, 8) = 60
pread64(3</tmp/nia-publication-fault-tj331zq_/case/store/objects/0c/a179e6befeb761f3613f1ef57ca892ebc3a6a228dca32f1309f0ac06a7de7e>, "2.0\n", 4, 68) = 4
pread64(3</tmp/nia-publication-fault-tj331zq_/case/store/objects/0c/a179e6befeb761f3613f1ef57ca892ebc3a6a228dca32f1309f0ac06a7de7e>, "2.0\n", 4, 68) = 4
pread64(3</tmp/nia-publication-fault-tj331zq_/case/store/objects/0c/a179e6befeb761f3613f1ef57ca892ebc3a6a228dca32f1309f0ac06a7de7e>, "control.tar/    0           0     0     100644  10240     `\n", 60, 72) = 60
pread64(3</tmp/nia-publication-fault-tj331zq_/case/store/objects/0c/a179e6befeb761f3613f1ef57ca892ebc3a6a228dca32f1309f0ac06a7de7e>, "./control\0\0\0\0\0\0\0\0\0\0\0\0\0\0\0\0\0\0\0\0\0\0\0\0\0\0\0\0\0\0\0\0\0\0\0\0\0\0\0\0\0\0\0\0\0\0\0\0\0\0\0\0\0\0\0\0\0\0\0\0\0\0\0\0\0\0\0\0\0\0\0\0\0\0\0\0\0\0\0\0\0\0\0\0\0\0\0"..., 10240, 132) = 10240
pread64(3</tmp/nia-publication-fault-tj331zq_/case/store/objects/0c/a179e6befeb761f3613f1ef57ca892ebc3a6a228dca32f1309f0ac06a7de7e>, "data.tar/       0           0     0     100644  10240     `\n", 60, 10372) = 60
pread64(3</tmp/nia-publication-fault-tj331zq_/case/store/objects/0c/a179e6befeb761f3613f1ef57ca892ebc3a6a228dca32f1309f0ac06a7de7e>, "\0\0\0\0\0\0\0\0\0\0\0\0\0\0\0\0\0\0\0\0\0\0\0\0\0\0\0\0\0\0\0\0\0\0\0\0\0\0\0\0\0\0\0\0\0\0\0\0\0\0\0\0\0\0\0\0\0\0\0\0\0\0\0\0\0\0\0\0\0\0\0\0\0\0\0\0\0\0\0\0\0\0\0\0\0\0\0\0\0\0\0\0\0\0\0\0"..., 10240, 10432) = 10240
pread64(3</tmp/nia-publication-fault-tj331zq_/case/store/objects/0c/a179e6befeb761f3613f1ef57ca892ebc3a6a228dca32f1309f0ac06a7de7e>, "!<arch>\ndebian-binary/  0           0     0     100644  4         `\n2.0\ncontrol.tar/    0       "..., 65536, 0) = 20672
pread64(3</tmp/nia-publication-fault-tj331zq_/case/store/objects/0c/a179e6befeb761f3613f1ef57ca892ebc3a6a228dca32f1309f0ac06a7de7e>, "", 44864, 20672) = 0
pread64(3</tmp/nia-publication-fault-tj331zq_/case/store/objects/0c/a179e6befeb761f3613f1ef57ca892ebc3a6a228dca32f1309f0ac06a7de7e>, "", 65536, 20672) = 0
pread64(3</tmp/nia-publication-fault-tj331zq_/case/store/objects/0c/a179e6befeb761f3613f1ef57ca892ebc3a6a228dca32f1309f0ac06a7de7e>, "!<arch>\n", 8, 0) = 8
pread64(3</tmp/nia-publication-fault-tj331zq_/case/store/objects/0c/a179e6befeb761f3613f1ef57ca892ebc3a6a228dca32f1309f0ac06a7de7e>, "debian-binary/  0           0     0     100644  4         `\n", 60, 8) = 60
pread64(3</tmp/nia-publication-fault-tj331zq_/case/store/objects/0c/a179e6befeb761f3613f1ef57ca892ebc3a6a228dca32f1309f0ac06a7de7e>, "2.0\n", 4, 68) = 4
pread64(3</tmp/nia-publication-fault-tj331zq_/case/store/objects/0c/a179e6befeb761f3613f1ef57ca892ebc3a6a228dca32f1309f0ac06a7de7e>, "2.0\n", 4, 68) = 4
pread64(3</tmp/nia-publication-fault-tj331zq_/case/store/objects/0c/a179e6befeb761f3613f1ef57ca892ebc3a6a228dca32f1309f0ac06a7de7e>, "control.tar/    0           0     0     100644  10240     `\n", 60, 72) = 60
pread64(3</tmp/nia-publication-fault-tj331zq_/case/store/objects/0c/a179e6befeb761f3613f1ef57ca892ebc3a6a228dca32f1309f0ac06a7de7e>, "./control\0\0\0\0\0\0\0\0\0\0\0\0\0\0\0\0\0\0\0\0\0\0\0\0\0\0\0\0\0\0\0\0\0\0\0\0\0\0\0\0\0\0\0\0\0\0\0\0\0\0\0\0\0\0\0\0\0\0\0\0\0\0\0\0\0\0\0\0\0\0\0\0\0\0\0\0\0\0\0\0\0\0\0\0\0\0\0"..., 10240, 132) = 10240
pread64(3</tmp/nia-publication-fault-tj331zq_/case/store/objects/0c/a179e6befeb761f3613f1ef57ca892ebc3a6a228dca32f1309f0ac06a7de7e>, "data.tar/       0           0     0     100644  10240     `\n", 60, 10372) = 60
pread64(3</tmp/nia-publication-fault-tj331zq_/case/store/objects/0c/a179e6befeb761f3613f1ef57ca892ebc3a6a228dca32f1309f0ac06a7de7e>, "\0\0\0\0\0\0\0\0\0\0\0\0\0\0\0\0\0\0\0\0\0\0\0\0\0\0\0\0\0\0\0\0\0\0\0\0\0\0\0\0\0\0\0\0\0\0\0\0\0\0\0\0\0\0\0\0\0\0\0\0\0\0\0\0\0\0\0\0\0\0\0\0\0\0\0\0\0\0\0\0\0\0\0\0\0\0\0\0\0\0\0\0\0\0\0\0"..., 10240, 10432) = 10240
fsync(11</tmp/nia-publication-fault-tj331zq_/case/store/incoming>) = 0
pread64(3</tmp/nia-publication-fault-tj331zq_/case/store/objects/0c/a179e6befeb761f3613f1ef57ca892ebc3a6a228dca32f1309f0ac06a7de7e>, "./control\0\0\0\0\0\0\0\0\0\0\0\0\0\0\0\0\0\0\0\0\0\0\0\0\0\0\0\0\0\0\0\0\0\0\0\0\0\0\0\0\0\0\0\0\0\0\0\0\0\0\0\0\0\0\0\0\0\0\0\0\0\0\0\0\0\0\0\0\0\0\0\0\0\0\0\0\0\0\0\0\0\0\0\0\0\0\0"..., 10240, 132) = 10240
write(10</tmp/nia-publication-fault-tj331zq_/case/store/incoming/f2efb59758c780b284517def415e8086>, "./control\0\0\0\0\0\0\0\0\0\0\0\0\0\0\0\0\0\0\0\0\0\0\0\0\0\0\0\0\0\0\0\0\0\0\0\0\0\0\0\0\0\0\0\0\0\0\0\0\0\0\0\0\0\0\0\0\0\0\0\0\0\0\0\0\0\0\0\0\0\0\0\0\0\0\0\0\0\0\0\0\0\0\0\0\0\0\0"..., 10240) = 10240
fsync(10</tmp/nia-publication-fault-tj331zq_/case/store/incoming/f2efb59758c780b284517def415e8086>) = 0
renameat2(11</tmp/nia-publication-fault-tj331zq_/case/store/incoming>, "f2efb59758c780b284517def415e8086", 10</tmp/nia-publication-fault-tj331zq_/case/store/objects/4a>, "36f6eb7c1b236ab6cb28ddb882919e888bf393dfc00d93008ad6730697f8f7", RENAME_NOREPLACE) = -1 EEXIST (File exists)
pread64(10</tmp/nia-publication-fault-tj331zq_/case/store/objects/4a/36f6eb7c1b236ab6cb28ddb882919e888bf393dfc00d93008ad6730697f8f7>, "./control\0\0\0\0\0\0\0\0\0\0\0\0\0\0\0\0\0\0\0\0\0\0\0\0\0\0\0\0\0\0\0\0\0\0\0\0\0\0\0\0\0\0\0\0\0\0\0\0\0\0\0\0\0\0\0\0\0\0\0\0\0\0\0\0\0\0\0\0\0\0\0\0\0\0\0\0\0\0\0\0\0\0\0\0\0\0\0"..., 65536, 0) = 10240
pread64(10</tmp/nia-publication-fault-tj331zq_/case/store/objects/4a/36f6eb7c1b236ab6cb28ddb882919e888bf393dfc00d93008ad6730697f8f7>, "", 55296, 10240) = 0
pread64(10</tmp/nia-publication-fault-tj331zq_/case/store/objects/4a/36f6eb7c1b236ab6cb28ddb882919e888bf393dfc00d93008ad6730697f8f7>, "", 65536, 10240) = 0
fsync(11</tmp/nia-publication-fault-tj331zq_/case/store/incoming>) = 0
pread64(3</tmp/nia-publication-fault-tj331zq_/case/store/objects/4a/36f6eb7c1b236ab6cb28ddb882919e888bf393dfc00d93008ad6730697f8f7>, "./control\0\0\0\0\0\0\0\0\0\0\0\0\0\0\0\0\0\0\0\0\0\0\0\0\0\0\0\0\0\0\0\0\0\0\0\0\0\0\0\0\0\0\0\0\0\0\0\0\0\0\0\0\0\0\0\0\0\0\0\0\0\0\0\0\0\0\0\0\0\0\0\0\0\0\0\0\0\0\0\0\0\0\0\0\0\0\0"..., 65536, 0) = 10240
pread64(3</tmp/nia-publication-fault-tj331zq_/case/store/objects/4a/36f6eb7c1b236ab6cb28ddb882919e888bf393dfc00d93008ad6730697f8f7>, "", 55296, 10240) = 0
pread64(3</tmp/nia-publication-fault-tj331zq_/case/store/objects/4a/36f6eb7c1b236ab6cb28ddb882919e888bf393dfc00d93008ad6730697f8f7>, "", 65536, 10240) = 0
pread64(3</tmp/nia-publication-fault-tj331zq_/case/store/objects/4a/36f6eb7c1b236ab6cb28ddb882919e888bf393dfc00d93008ad6730697f8f7>, "./control\0\0\0\0\0\0\0\0\0\0\0\0\0\0\0\0\0\0\0\0\0\0\0\0\0\0\0\0\0\0\0\0\0\0\0\0\0\0\0\0\0\0\0\0\0\0\0\0\0\0\0\0\0\0\0\0\0\0\0\0\0\0\0\0\0\0\0\0\0\0\0\0\0\0\0\0\0\0\0\0\0\0\0\0\0\0\0"..., 10240, 0) = 10240
fsync(11</tmp/nia-publication-fault-tj331zq_/case/store/incoming>) = 0
write(10</tmp/nia-publication-fault-tj331zq_/case/store/incoming/f05b203f4d55e1844de383ca2d08c238>, "Package: empty-package\nVersion: 1\nArchitecture: all\nMaintainer: Fixture <fixture@example.invalid"..., 149) = 149
fsync(10</tmp/nia-publication-fault-tj331zq_/case/store/incoming/f05b203f4d55e1844de383ca2d08c238>) = 0
renameat2(11</tmp/nia-publication-fault-tj331zq_/case/store/incoming>, "f05b203f4d55e1844de383ca2d08c238", 10</tmp/nia-publication-fault-tj331zq_/case/store/objects/a3>, "1a856f430af395bccd7eb2f142b11ad3ae0fc5daf3acc4ffb341c48a5abd39", RENAME_NOREPLACE) = -1 EEXIST (File exists)
pread64(10</tmp/nia-publication-fault-tj331zq_/case/store/objects/a3/1a856f430af395bccd7eb2f142b11ad3ae0fc5daf3acc4ffb341c48a5abd39>, "Package: empty-package\nVersion: 1\nArchitecture: all\nMaintainer: Fixture <fixture@example.invalid"..., 65536, 0) = 149
pread64(10</tmp/nia-publication-fault-tj331zq_/case/store/objects/a3/1a856f430af395bccd7eb2f142b11ad3ae0fc5daf3acc4ffb341c48a5abd39>, "", 65387, 149) = 0
pread64(10</tmp/nia-publication-fault-tj331zq_/case/store/objects/a3/1a856f430af395bccd7eb2f142b11ad3ae0fc5daf3acc4ffb341c48a5abd39>, "", 65536, 149) = 0
fsync(11</tmp/nia-publication-fault-tj331zq_/case/store/incoming>) = 0
pread64(3</tmp/nia-publication-fault-tj331zq_/case/store/objects/a3/1a856f430af395bccd7eb2f142b11ad3ae0fc5daf3acc4ffb341c48a5abd39>, "Package: empty-package\nVersion: 1\nArchitecture: all\nMaintainer: Fixture <fixture@example.invalid"..., 65536, 0) = 149
pread64(3</tmp/nia-publication-fault-tj331zq_/case/store/objects/a3/1a856f430af395bccd7eb2f142b11ad3ae0fc5daf3acc4ffb341c48a5abd39>, "", 65387, 149) = 0
pread64(3</tmp/nia-publication-fault-tj331zq_/case/store/objects/a3/1a856f430af395bccd7eb2f142b11ad3ae0fc5daf3acc4ffb341c48a5abd39>, "", 65536, 149) = 0
pread64(3</tmp/nia-publication-fault-tj331zq_/case/store/objects/a3/1a856f430af395bccd7eb2f142b11ad3ae0fc5daf3acc4ffb341c48a5abd39>, "Package: empty-package\nVersion: 1\nArchitecture: all\nMaintainer: Fixture <fixture@example.invalid"..., 16777216, 0) = 149
pread64(3</tmp/nia-publication-fault-tj331zq_/case/store/objects/a3/1a856f430af395bccd7eb2f142b11ad3ae0fc5daf3acc4ffb341c48a5abd39>, "", 16777067, 149) = 0
pread64(3</tmp/nia-publication-fault-tj331zq_/case/store/objects/a3/1a856f430af395bccd7eb2f142b11ad3ae0fc5daf3acc4ffb341c48a5abd39>, "Package: empty-package\nVersion: 1\nArchitecture: all\nMaintainer: Fixture <fixture@example.invalid"..., 65536, 0) = 149
pread64(3</tmp/nia-publication-fault-tj331zq_/case/store/objects/a3/1a856f430af395bccd7eb2f142b11ad3ae0fc5daf3acc4ffb341c48a5abd39>, "", 65387, 149) = 0
pread64(3</tmp/nia-publication-fault-tj331zq_/case/store/objects/a3/1a856f430af395bccd7eb2f142b11ad3ae0fc5daf3acc4ffb341c48a5abd39>, "", 65536, 149) = 0
pread64(3</tmp/nia-publication-fault-tj331zq_/case/store/objects/a3/1a856f430af395bccd7eb2f142b11ad3ae0fc5daf3acc4ffb341c48a5abd39>, "Package: empty-package\nVersion: 1\nArchitecture: all\nMaintainer: Fixture <fixture@example.invalid"..., 16777216, 0) = 149
pread64(3</tmp/nia-publication-fault-tj331zq_/case/store/objects/a3/1a856f430af395bccd7eb2f142b11ad3ae0fc5daf3acc4ffb341c48a5abd39>, "", 16777067, 149) = 0
pread64(3</tmp/nia-publication-fault-tj331zq_/case/store/objects/0c/a179e6befeb761f3613f1ef57ca892ebc3a6a228dca32f1309f0ac06a7de7e>, "!<arch>\ndebian-binary/  0           0     0     100644  4         `\n2.0\ncontrol.tar/    0       "..., 65536, 0) = 20672
pread64(3</tmp/nia-publication-fault-tj331zq_/case/store/objects/0c/a179e6befeb761f3613f1ef57ca892ebc3a6a228dca32f1309f0ac06a7de7e>, "", 44864, 20672) = 0
pread64(3</tmp/nia-publication-fault-tj331zq_/case/store/objects/0c/a179e6befeb761f3613f1ef57ca892ebc3a6a228dca32f1309f0ac06a7de7e>, "", 65536, 20672) = 0
pread64(3</tmp/nia-publication-fault-tj331zq_/case/store/objects/0c/a179e6befeb761f3613f1ef57ca892ebc3a6a228dca32f1309f0ac06a7de7e>, "!<arch>\n", 8, 0) = 8
pread64(3</tmp/nia-publication-fault-tj331zq_/case/store/objects/0c/a179e6befeb761f3613f1ef57ca892ebc3a6a228dca32f1309f0ac06a7de7e>, "debian-binary/  0           0     0     100644  4         `\n", 60, 8) = 60
pread64(3</tmp/nia-publication-fault-tj331zq_/case/store/objects/0c/a179e6befeb761f3613f1ef57ca892ebc3a6a228dca32f1309f0ac06a7de7e>, "2.0\n", 4, 68) = 4
pread64(3</tmp/nia-publication-fault-tj331zq_/case/store/objects/0c/a179e6befeb761f3613f1ef57ca892ebc3a6a228dca32f1309f0ac06a7de7e>, "2.0\n", 4, 68) = 4
pread64(3</tmp/nia-publication-fault-tj331zq_/case/store/objects/0c/a179e6befeb761f3613f1ef57ca892ebc3a6a228dca32f1309f0ac06a7de7e>, "control.tar/    0           0     0     100644  10240     `\n", 60, 72) = 60
pread64(3</tmp/nia-publication-fault-tj331zq_/case/store/objects/0c/a179e6befeb761f3613f1ef57ca892ebc3a6a228dca32f1309f0ac06a7de7e>, "./control\0\0\0\0\0\0\0\0\0\0\0\0\0\0\0\0\0\0\0\0\0\0\0\0\0\0\0\0\0\0\0\0\0\0\0\0\0\0\0\0\0\0\0\0\0\0\0\0\0\0\0\0\0\0\0\0\0\0\0\0\0\0\0\0\0\0\0\0\0\0\0\0\0\0\0\0\0\0\0\0\0\0\0\0\0\0\0"..., 10240, 132) = 10240
pread64(3</tmp/nia-publication-fault-tj331zq_/case/store/objects/0c/a179e6befeb761f3613f1ef57ca892ebc3a6a228dca32f1309f0ac06a7de7e>, "data.tar/       0           0     0     100644  10240     `\n", 60, 10372) = 60
pread64(3</tmp/nia-publication-fault-tj331zq_/case/store/objects/0c/a179e6befeb761f3613f1ef57ca892ebc3a6a228dca32f1309f0ac06a7de7e>, "\0\0\0\0\0\0\0\0\0\0\0\0\0\0\0\0\0\0\0\0\0\0\0\0\0\0\0\0\0\0\0\0\0\0\0\0\0\0\0\0\0\0\0\0\0\0\0\0\0\0\0\0\0\0\0\0\0\0\0\0\0\0\0\0\0\0\0\0\0\0\0\0\0\0\0\0\0\0\0\0\0\0\0\0\0\0\0\0\0\0\0\0\0\0\0\0"..., 10240, 10432) = 10240
pread64(3</tmp/nia-publication-fault-tj331zq_/case/store/objects/0c/a179e6befeb761f3613f1ef57ca892ebc3a6a228dca32f1309f0ac06a7de7e>, "!<arch>\ndebian-binary/  0           0     0     100644  4         `\n2.0\ncontrol.tar/    0       "..., 65536, 0) = 20672
pread64(3</tmp/nia-publication-fault-tj331zq_/case/store/objects/0c/a179e6befeb761f3613f1ef57ca892ebc3a6a228dca32f1309f0ac06a7de7e>, "", 44864, 20672) = 0
pread64(3</tmp/nia-publication-fault-tj331zq_/case/store/objects/0c/a179e6befeb761f3613f1ef57ca892ebc3a6a228dca32f1309f0ac06a7de7e>, "", 65536, 20672) = 0
pread64(3</tmp/nia-publication-fault-tj331zq_/case/store/objects/0c/a179e6befeb761f3613f1ef57ca892ebc3a6a228dca32f1309f0ac06a7de7e>, "!<arch>\n", 8, 0) = 8
pread64(3</tmp/nia-publication-fault-tj331zq_/case/store/objects/0c/a179e6befeb761f3613f1ef57ca892ebc3a6a228dca32f1309f0ac06a7de7e>, "debian-binary/  0           0     0     100644  4         `\n", 60, 8) = 60
pread64(3</tmp/nia-publication-fault-tj331zq_/case/store/objects/0c/a179e6befeb761f3613f1ef57ca892ebc3a6a228dca32f1309f0ac06a7de7e>, "2.0\n", 4, 68) = 4
pread64(3</tmp/nia-publication-fault-tj331zq_/case/store/objects/0c/a179e6befeb761f3613f1ef57ca892ebc3a6a228dca32f1309f0ac06a7de7e>, "2.0\n", 4, 68) = 4
pread64(3</tmp/nia-publication-fault-tj331zq_/case/store/objects/0c/a179e6befeb761f3613f1ef57ca892ebc3a6a228dca32f1309f0ac06a7de7e>, "control.tar/    0           0     0     100644  10240     `\n", 60, 72) = 60
pread64(3</tmp/nia-publication-fault-tj331zq_/case/store/objects/0c/a179e6befeb761f3613f1ef57ca892ebc3a6a228dca32f1309f0ac06a7de7e>, "./control\0\0\0\0\0\0\0\0\0\0\0\0\0\0\0\0\0\0\0\0\0\0\0\0\0\0\0\0\0\0\0\0\0\0\0\0\0\0\0\0\0\0\0\0\0\0\0\0\0\0\0\0\0\0\0\0\0\0\0\0\0\0\0\0\0\0\0\0\0\0\0\0\0\0\0\0\0\0\0\0\0\0\0\0\0\0\0"..., 10240, 132) = 10240
pread64(3</tmp/nia-publication-fault-tj331zq_/case/store/objects/0c/a179e6befeb761f3613f1ef57ca892ebc3a6a228dca32f1309f0ac06a7de7e>, "data.tar/       0           0     0     100644  10240     `\n", 60, 10372) = 60
pread64(3</tmp/nia-publication-fault-tj331zq_/case/store/objects/0c/a179e6befeb761f3613f1ef57ca892ebc3a6a228dca32f1309f0ac06a7de7e>, "\0\0\0\0\0\0\0\0\0\0\0\0\0\0\0\0\0\0\0\0\0\0\0\0\0\0\0\0\0\0\0\0\0\0\0\0\0\0\0\0\0\0\0\0\0\0\0\0\0\0\0\0\0\0\0\0\0\0\0\0\0\0\0\0\0\0\0\0\0\0\0\0\0\0\0\0\0\0\0\0\0\0\0\0\0\0\0\0\0\0\0\0\0\0\0\0"..., 10240, 10432) = 10240
fsync(11</tmp/nia-publication-fault-tj331zq_/case/store/incoming>) = 0
pread64(3</tmp/nia-publication-fault-tj331zq_/case/store/objects/0c/a179e6befeb761f3613f1ef57ca892ebc3a6a228dca32f1309f0ac06a7de7e>, "./control\0\0\0\0\0\0\0\0\0\0\0\0\0\0\0\0\0\0\0\0\0\0\0\0\0\0\0\0\0\0\0\0\0\0\0\0\0\0\0\0\0\0\0\0\0\0\0\0\0\0\0\0\0\0\0\0\0\0\0\0\0\0\0\0\0\0\0\0\0\0\0\0\0\0\0\0\0\0\0\0\0\0\0\0\0\0\0"..., 10240, 132) = 10240
write(10</tmp/nia-publication-fault-tj331zq_/case/store/incoming/52cd82b06b354844896a12372d36d787>, "./control\0\0\0\0\0\0\0\0\0\0\0\0\0\0\0\0\0\0\0\0\0\0\0\0\0\0\0\0\0\0\0\0\0\0\0\0\0\0\0\0\0\0\0\0\0\0\0\0\0\0\0\0\0\0\0\0\0\0\0\0\0\0\0\0\0\0\0\0\0\0\0\0\0\0\0\0\0\0\0\0\0\0\0\0\0\0\0"..., 10240) = 10240
fsync(10</tmp/nia-publication-fault-tj331zq_/case/store/incoming/52cd82b06b354844896a12372d36d787>) = 0
renameat2(11</tmp/nia-publication-fault-tj331zq_/case/store/incoming>, "52cd82b06b354844896a12372d36d787", 10</tmp/nia-publication-fault-tj331zq_/case/store/objects/4a>, "36f6eb7c1b236ab6cb28ddb882919e888bf393dfc00d93008ad6730697f8f7", RENAME_NOREPLACE) = -1 EEXIST (File exists)
pread64(10</tmp/nia-publication-fault-tj331zq_/case/store/objects/4a/36f6eb7c1b236ab6cb28ddb882919e888bf393dfc00d93008ad6730697f8f7>, "./control\0\0\0\0\0\0\0\0\0\0\0\0\0\0\0\0\0\0\0\0\0\0\0\0\0\0\0\0\0\0\0\0\0\0\0\0\0\0\0\0\0\0\0\0\0\0\0\0\0\0\0\0\0\0\0\0\0\0\0\0\0\0\0\0\0\0\0\0\0\0\0\0\0\0\0\0\0\0\0\0\0\0\0\0\0\0\0"..., 65536, 0) = 10240
pread64(10</tmp/nia-publication-fault-tj331zq_/case/store/objects/4a/36f6eb7c1b236ab6cb28ddb882919e888bf393dfc00d93008ad6730697f8f7>, "", 55296, 10240) = 0
pread64(10</tmp/nia-publication-fault-tj331zq_/case/store/objects/4a/36f6eb7c1b236ab6cb28ddb882919e888bf393dfc00d93008ad6730697f8f7>, "", 65536, 10240) = 0
fsync(11</tmp/nia-publication-fault-tj331zq_/case/store/incoming>) = 0
pread64(3</tmp/nia-publication-fault-tj331zq_/case/store/objects/4a/36f6eb7c1b236ab6cb28ddb882919e888bf393dfc00d93008ad6730697f8f7>, "./control\0\0\0\0\0\0\0\0\0\0\0\0\0\0\0\0\0\0\0\0\0\0\0\0\0\0\0\0\0\0\0\0\0\0\0\0\0\0\0\0\0\0\0\0\0\0\0\0\0\0\0\0\0\0\0\0\0\0\0\0\0\0\0\0\0\0\0\0\0\0\0\0\0\0\0\0\0\0\0\0\0\0\0\0\0\0\0"..., 65536, 0) = 10240
pread64(3</tmp/nia-publication-fault-tj331zq_/case/store/objects/4a/36f6eb7c1b236ab6cb28ddb882919e888bf393dfc00d93008ad6730697f8f7>, "", 55296, 10240) = 0
pread64(3</tmp/nia-publication-fault-tj331zq_/case/store/objects/4a/36f6eb7c1b236ab6cb28ddb882919e888bf393dfc00d93008ad6730697f8f7>, "", 65536, 10240) = 0
pread64(3</tmp/nia-publication-fault-tj331zq_/case/store/objects/4a/36f6eb7c1b236ab6cb28ddb882919e888bf393dfc00d93008ad6730697f8f7>, "./control\0\0\0\0\0\0\0\0\0\0\0\0\0\0\0\0\0\0\0\0\0\0\0\0\0\0\0\0\0\0\0\0\0\0\0\0\0\0\0\0\0\0\0\0\0\0\0\0\0\0\0\0\0\0\0\0\0\0\0\0\0\0\0\0\0\0\0\0\0\0\0\0\0\0\0\0\0\0\0\0\0\0\0\0\0\0\0"..., 10240, 0) = 10240
fsync(11</tmp/nia-publication-fault-tj331zq_/case/store/incoming>) = 0
write(10</tmp/nia-publication-fault-tj331zq_/case/store/incoming/85828abbe65db7b06c8a1804d45aa35a>, "Package: empty-package\nVersion: 1\nArchitecture: all\nMaintainer: Fixture <fixture@example.invalid"..., 149) = 149
fsync(10</tmp/nia-publication-fault-tj331zq_/case/store/incoming/85828abbe65db7b06c8a1804d45aa35a>) = 0
renameat2(11</tmp/nia-publication-fault-tj331zq_/case/store/incoming>, "85828abbe65db7b06c8a1804d45aa35a", 10</tmp/nia-publication-fault-tj331zq_/case/store/objects/a3>, "1a856f430af395bccd7eb2f142b11ad3ae0fc5daf3acc4ffb341c48a5abd39", RENAME_NOREPLACE) = -1 EEXIST (File exists)
pread64(10</tmp/nia-publication-fault-tj331zq_/case/store/objects/a3/1a856f430af395bccd7eb2f142b11ad3ae0fc5daf3acc4ffb341c48a5abd39>, "Package: empty-package\nVersion: 1\nArchitecture: all\nMaintainer: Fixture <fixture@example.invalid"..., 65536, 0) = 149
pread64(10</tmp/nia-publication-fault-tj331zq_/case/store/objects/a3/1a856f430af395bccd7eb2f142b11ad3ae0fc5daf3acc4ffb341c48a5abd39>, "", 65387, 149) = 0
pread64(10</tmp/nia-publication-fault-tj331zq_/case/store/objects/a3/1a856f430af395bccd7eb2f142b11ad3ae0fc5daf3acc4ffb341c48a5abd39>, "", 65536, 149) = 0
fsync(11</tmp/nia-publication-fault-tj331zq_/case/store/incoming>) = 0
pread64(3</tmp/nia-publication-fault-tj331zq_/case/store/objects/0c/a179e6befeb761f3613f1ef57ca892ebc3a6a228dca32f1309f0ac06a7de7e>, "!<arch>\ndebian-binary/  0           0     0     100644  4         `\n2.0\ncontrol.tar/    0       "..., 65536, 0) = 20672
pread64(3</tmp/nia-publication-fault-tj331zq_/case/store/objects/0c/a179e6befeb761f3613f1ef57ca892ebc3a6a228dca32f1309f0ac06a7de7e>, "", 44864, 20672) = 0
pread64(3</tmp/nia-publication-fault-tj331zq_/case/store/objects/0c/a179e6befeb761f3613f1ef57ca892ebc3a6a228dca32f1309f0ac06a7de7e>, "", 65536, 20672) = 0
pread64(3</tmp/nia-publication-fault-tj331zq_/case/store/objects/4a/36f6eb7c1b236ab6cb28ddb882919e888bf393dfc00d93008ad6730697f8f7>, "./control\0\0\0\0\0\0\0\0\0\0\0\0\0\0\0\0\0\0\0\0\0\0\0\0\0\0\0\0\0\0\0\0\0\0\0\0\0\0\0\0\0\0\0\0\0\0\0\0\0\0\0\0\0\0\0\0\0\0\0\0\0\0\0\0\0\0\0\0\0\0\0\0\0\0\0\0\0\0\0\0\0\0\0\0\0\0\0"..., 65536, 0) = 10240
pread64(3</tmp/nia-publication-fault-tj331zq_/case/store/objects/4a/36f6eb7c1b236ab6cb28ddb882919e888bf393dfc00d93008ad6730697f8f7>, "", 55296, 10240) = 0
pread64(3</tmp/nia-publication-fault-tj331zq_/case/store/objects/4a/36f6eb7c1b236ab6cb28ddb882919e888bf393dfc00d93008ad6730697f8f7>, "", 65536, 10240) = 0
pread64(3</tmp/nia-publication-fault-tj331zq_/case/store/objects/84/ff92691f909a05b224e1c56abb4864f01b4f8e3c854e4bb4c7baf1d3f6d652>, "\0\0\0\0\0\0\0\0\0\0\0\0\0\0\0\0\0\0\0\0\0\0\0\0\0\0\0\0\0\0\0\0\0\0\0\0\0\0\0\0\0\0\0\0\0\0\0\0\0\0\0\0\0\0\0\0\0\0\0\0\0\0\0\0\0\0\0\0\0\0\0\0\0\0\0\0\0\0\0\0\0\0\0\0\0\0\0\0\0\0\0\0\0\0\0\0"..., 65536, 0) = 10240
pread64(3</tmp/nia-publication-fault-tj331zq_/case/store/objects/84/ff92691f909a05b224e1c56abb4864f01b4f8e3c854e4bb4c7baf1d3f6d652>, "", 55296, 10240) = 0
pread64(3</tmp/nia-publication-fault-tj331zq_/case/store/objects/84/ff92691f909a05b224e1c56abb4864f01b4f8e3c854e4bb4c7baf1d3f6d652>, "", 65536, 10240) = 0
pread64(3</tmp/nia-publication-fault-tj331zq_/case/store/objects/8e/e688345e1d9502ee8cd7277a453c30bfb77b947201beb3300e9df2b8ca321d>, "\0\0\0\0\0\0\0\10NIACSEL1\273\343\341b6\331$M\267\345\300\262\251\302\306\27f\270\251!\330\260\227\374\323p\347\177\25.\3311\0\0\0\0\0\0\0\1\f\241y\346\276\376\267a\363a?\36\365|\250\222\353\303\246\242(\334\243/\23\t\360\254\6\247\336~J6\366\353|\33#j"..., 65536, 0) = 152
pread64(3</tmp/nia-publication-fault-tj331zq_/case/store/objects/8e/e688345e1d9502ee8cd7277a453c30bfb77b947201beb3300e9df2b8ca321d>, "", 65384, 152) = 0
pread64(3</tmp/nia-publication-fault-tj331zq_/case/store/objects/8e/e688345e1d9502ee8cd7277a453c30bfb77b947201beb3300e9df2b8ca321d>, "", 65536, 152) = 0
pread64(3</tmp/nia-publication-fault-tj331zq_/case/store/objects/a3/1a856f430af395bccd7eb2f142b11ad3ae0fc5daf3acc4ffb341c48a5abd39>, "Package: empty-package\nVersion: 1\nArchitecture: all\nMaintainer: Fixture <fixture@example.invalid"..., 65536, 0) = 149
pread64(3</tmp/nia-publication-fault-tj331zq_/case/store/objects/a3/1a856f430af395bccd7eb2f142b11ad3ae0fc5daf3acc4ffb341c48a5abd39>, "", 65387, 149) = 0
pread64(3</tmp/nia-publication-fault-tj331zq_/case/store/objects/a3/1a856f430af395bccd7eb2f142b11ad3ae0fc5daf3acc4ffb341c48a5abd39>, "", 65536, 149) = 0
fsync(10</tmp/nia-publication-fault-tj331zq_/case/store/incoming>) = 0
write(3</tmp/nia-publication-fault-tj331zq_/case/store/incoming/fca76c311b95136d0605927a56ecb145>, "NIACLOS1\216\346\2104^\35\225\2\356\214\327'zE<0\277\267{\224r\1\276\2630\16\235\362\270\3122\35\273\343\341b6\331$M\267\345\300\262\251\302\306\27f\270\251!\330\260\227\374\323p\347\177\25.\3311\0\0\0\0\0\0\0\5", 80) = 80
write(3</tmp/nia-publication-fault-tj331zq_/case/store/incoming/fca76c311b95136d0605927a56ecb145>, "\f\241y\346\276\376\267a\363a?\36\365|\250\222\353\303\246\242(\334\243/\23\t\360\254\6\247\336~", 32) = 32
write(3</tmp/nia-publication-fault-tj331zq_/case/store/incoming/fca76c311b95136d0605927a56ecb145>, "J6\366\353|\33#j\266\313(\335\270\202\221\236\210\213\363\223\337\300\r\223\0\212\326s\6\227\370\367", 32) = 32
write(3</tmp/nia-publication-fault-tj331zq_/case/store/incoming/fca76c311b95136d0605927a56ecb145>, "\204\377\222i\37\220\232\5\262$\341\305j\273Hd\360\33O\216<\205NK\264\307\272\361\323\366\326R", 32) = 32
write(3</tmp/nia-publication-fault-tj331zq_/case/store/incoming/fca76c311b95136d0605927a56ecb145>, "\216\346\2104^\35\225\2\356\214\327'zE<0\277\267{\224r\1\276\2630\16\235\362\270\3122\35", 32) = 32
write(3</tmp/nia-publication-fault-tj331zq_/case/store/incoming/fca76c311b95136d0605927a56ecb145>, "\243\32\205oC\n\363\225\274\315~\262\361B\261\32\323\256\17\305\332\363\254\304\377\263A\304\212Z\2759", 32) = 32
fsync(3</tmp/nia-publication-fault-tj331zq_/case/store/incoming/fca76c311b95136d0605927a56ecb145>) = 0
renameat2(10</tmp/nia-publication-fault-tj331zq_/case/store/incoming>, "fca76c311b95136d0605927a56ecb145", 3</tmp/nia-publication-fault-tj331zq_/case/store/objects/32>, "094e7c613fdb6dffb1f27d926b176f7fd8946b8c2cf3ca9e3b95cb91a1a8ca", RENAME_NOREPLACE) = -1 EEXIST (File exists)
pread64(3</tmp/nia-publication-fault-tj331zq_/case/store/objects/32/094e7c613fdb6dffb1f27d926b176f7fd8946b8c2cf3ca9e3b95cb91a1a8ca>, "NIACLOS1\216\346\2104^\35\225\2\356\214\327'zE<0\277\267{\224r\1\276\2630\16\235\362\270\3122\35\273\343\341b6\331$M\267\345\300\262\251\302\306\27f\270\251!\330\260\227\374\323p\347\177\25.\3311\0\0\0\0\0\0\0\5\f\241y\346\276\376\267a\363a?\36\365|\250\222"..., 65536, 0) = 240
pread64(3</tmp/nia-publication-fault-tj331zq_/case/store/objects/32/094e7c613fdb6dffb1f27d926b176f7fd8946b8c2cf3ca9e3b95cb91a1a8ca>, "", 65296, 240) = 0
pread64(3</tmp/nia-publication-fault-tj331zq_/case/store/objects/32/094e7c613fdb6dffb1f27d926b176f7fd8946b8c2cf3ca9e3b95cb91a1a8ca>, "", 65536, 240) = 0
fsync(10</tmp/nia-publication-fault-tj331zq_/case/store/incoming>) = 0
pread64(3</tmp/nia-publication-fault-tj331zq_/case/root/.mission/root.id>, "\37\37\37\37\37\37\37\37\37\37\37\37\37\37\37\37", 16, 0) = 16
pread64(3</tmp/nia-publication-fault-tj331zq_/case/state/root.state>, "MCROOT02\37\37\37\37\37\37\37\37\37\37\37\37\37\37\37\37\0\0\0\0\0\0\0\0================|(\260]\354\310\366\2733\266\317\17dlZ\365\252\200U\340\nL\366\332\32tk\326;\35\36\362\0\0\0\0\0\0\0\0\0\0\0\0\0\0\0\0"..., 192, 0) = 192
fsync(3</tmp/nia-publication-fault-tj331zq_/case/bank/29292929292929292929292929292929/state>) = 0
pread64(3</tmp/nia-publication-fault-tj331zq_/case/bank/29292929292929292929292929292929/state/generation.manifest>, "NIAGEN04))))))))))))))))3333333333333333\0\0\0\0\0\0\0\1\0\0\0\0\0\0\0\2\216\346\2104^\35\225\2\356\214\327'zE<0\277\267{\224r\1\276\2630\16\235\362\270\3122\35\"\"\"\"\"\"\"\""..., 32992, 0) = 288
pread64(3</tmp/nia-publication-fault-tj331zq_/case/bank/29292929292929292929292929292929/state/generation.manifest>, "", 32704, 288) = 0
fsync(3</tmp/nia-publication-fault-tj331zq_/case/bank/29292929292929292929292929292929/state>) = 0
pread64(3</tmp/nia-publication-fault-tj331zq_/case/bank/29292929292929292929292929292929/root/.mission/root.id>, "))))))))))))))))", 16, 0) = 16
pread64(3</tmp/nia-publication-fault-tj331zq_/case/bank/29292929292929292929292929292929/state/root.state>, "MCROOT02))))))))))))))))\0\0\0\0\0\0\0\1\0\0\0\0\0\0\0\0\0\0\0\0\0\0\0\0\0\0\0\0\0\0\0\0\0\0\0\0\0\0\0\0\0\0\0\0\0\0\0\0\0\0\0\0\0\0\0\0\6>\23t\214\2765\223Zh\362\244\350\23\343\4"..., 192, 0) = 192
fsync(3</tmp/nia-publication-fault-tj331zq_/case/store>) = 0
pread64(3</tmp/nia-publication-fault-tj331zq_/case/store/pins/33333333333333333333333333333333>, "EN\16:\276\304-E\373\22\204\265\26:\214\305\301\1\4\312\17\2\177.%\237)jJ\374\31\270", 33, 0) = 32
pread64(3</tmp/nia-publication-fault-tj331zq_/case/store/pins/33333333333333333333333333333333>, "", 1, 32) = 0
pread64(3</tmp/nia-publication-fault-tj331zq_/case/store/objects/8e/e688345e1d9502ee8cd7277a453c30bfb77b947201beb3300e9df2b8ca321d>, "\0\0\0\0\0\0\0\10NIACSEL1\273\343\341b6\331$M\267\345\300\262\251\302\306\27f\270\251!\330\260\227\374\323p\347\177\25.\3311\0\0\0\0\0\0\0\1\f\241y\346\276\376\267a\363a?\36\365|\250\222\353\303\246\242(\334\243/\23\t\360\254\6\247\336~J6\366\353|\33#j"..., 65536, 0) = 152
pread64(3</tmp/nia-publication-fault-tj331zq_/case/store/objects/8e/e688345e1d9502ee8cd7277a453c30bfb77b947201beb3300e9df2b8ca321d>, "", 65384, 152) = 0
pread64(3</tmp/nia-publication-fault-tj331zq_/case/store/objects/8e/e688345e1d9502ee8cd7277a453c30bfb77b947201beb3300e9df2b8ca321d>, "", 65536, 152) = 0
pread64(3</tmp/nia-publication-fault-tj331zq_/case/store/objects/06/3e13748cbe35935a68f2a4e813e304a840ad6be46e05313190b7df3df64069>, "MCPLAN02))))))))))))))))J\221\251af\2333\363\322\2457\334\20\314\305\221\0\0\0\0\0\0\0\0\0\0\0\0\0\0\0\1\0\0\0\0\0\0\0\1\0\0\0\0\0\0\0\2\216\346\2104^\35\225\2\356\214\327'zE<0\277\267{\224r\1\276\263"..., 65536, 0) = 995
pread64(3</tmp/nia-publication-fault-tj331zq_/case/store/objects/06/3e13748cbe35935a68f2a4e813e304a840ad6be46e05313190b7df3df64069>, "", 64541, 995) = 0
pread64(3</tmp/nia-publication-fault-tj331zq_/case/store/objects/06/3e13748cbe35935a68f2a4e813e304a840ad6be46e05313190b7df3df64069>, "", 65536, 995) = 0
pread64(3</tmp/nia-publication-fault-tj331zq_/case/store/objects/06/3e13748cbe35935a68f2a4e813e304a840ad6be46e05313190b7df3df64069>, "MCPLAN02))))))))))))))))J\221\251af\2333\363\322\2457\334\20\314\305\221\0\0\0\0\0\0\0\0\0\0\0\0\0\0\0\1\0\0\0\0\0\0\0\1\0\0\0\0\0\0\0\2\216\346\2104^\35\225\2\356\214\327'zE<0\277\267{\224r\1\276\263"..., 4500000, 0) = 995
pread64(3</tmp/nia-publication-fault-tj331zq_/case/store/objects/06/3e13748cbe35935a68f2a4e813e304a840ad6be46e05313190b7df3df64069>, "", 4499005, 995) = 0
pread64(3</tmp/nia-publication-fault-tj331zq_/case/store/objects/66/a6757151f8ee55db127716c7e3dce0be8074b64e20eda542e5c1e46ca9c41e>, "\7\10\t", 65536, 0) = 3
pread64(3</tmp/nia-publication-fault-tj331zq_/case/store/objects/66/a6757151f8ee55db127716c7e3dce0be8074b64e20eda542e5c1e46ca9c41e>, "", 65533, 3) = 0
pread64(3</tmp/nia-publication-fault-tj331zq_/case/store/objects/66/a6757151f8ee55db127716c7e3dce0be8074b64e20eda542e5c1e46ca9c41e>, "", 65536, 3) = 0
pread64(3</tmp/nia-publication-fault-tj331zq_/case/store/objects/96/a296d224f285c67bee93c30f8a309157f0daa35dc5b87e410b78630a09cfc7>, "\0\0", 65536, 0) = 2
pread64(3</tmp/nia-publication-fault-tj331zq_/case/store/objects/96/a296d224f285c67bee93c30f8a309157f0daa35dc5b87e410b78630a09cfc7>, "", 65534, 2) = 0
pread64(3</tmp/nia-publication-fault-tj331zq_/case/store/objects/96/a296d224f285c67bee93c30f8a309157f0daa35dc5b87e410b78630a09cfc7>, "", 65536, 2) = 0
pread64(3</tmp/nia-publication-fault-tj331zq_/case/store/objects/8e/e688345e1d9502ee8cd7277a453c30bfb77b947201beb3300e9df2b8ca321d>, "\0\0\0\0\0\0\0\10NIACSEL1\273\343\341b6\331$M\267\345\300\262\251\302\306\27f\270\251!\330\260\227\374\323p\347\177\25.\3311\0\0\0\0\0\0\0\1\f\241y\346\276\376\267a\363a?\36\365|\250\222\353\303\246\242(\334\243/\23\t\360\254\6\247\336~J6\366\353|\33#j"..., 65536, 0) = 152
pread64(3</tmp/nia-publication-fault-tj331zq_/case/store/objects/8e/e688345e1d9502ee8cd7277a453c30bfb77b947201beb3300e9df2b8ca321d>, "", 65384, 152) = 0
pread64(3</tmp/nia-publication-fault-tj331zq_/case/store/objects/8e/e688345e1d9502ee8cd7277a453c30bfb77b947201beb3300e9df2b8ca321d>, "", 65536, 152) = 0
pread64(3</tmp/nia-publication-fault-tj331zq_/case/store/objects/96/a296d224f285c67bee93c30f8a309157f0daa35dc5b87e410b78630a09cfc7>, "\0\0", 65536, 0) = 2
pread64(3</tmp/nia-publication-fault-tj331zq_/case/store/objects/96/a296d224f285c67bee93c30f8a309157f0daa35dc5b87e410b78630a09cfc7>, "", 65534, 2) = 0
pread64(3</tmp/nia-publication-fault-tj331zq_/case/store/objects/96/a296d224f285c67bee93c30f8a309157f0daa35dc5b87e410b78630a09cfc7>, "", 65536, 2) = 0
pread64(3</tmp/nia-publication-fault-tj331zq_/case/store/objects/96/a296d224f285c67bee93c30f8a309157f0daa35dc5b87e410b78630a09cfc7>, "\0\0", 65536, 0) = 2
pread64(3</tmp/nia-publication-fault-tj331zq_/case/store/objects/96/a296d224f285c67bee93c30f8a309157f0daa35dc5b87e410b78630a09cfc7>, "", 65534, 2) = 0
pread64(3</tmp/nia-publication-fault-tj331zq_/case/store/objects/96/a296d224f285c67bee93c30f8a309157f0daa35dc5b87e410b78630a09cfc7>, "", 65536, 2) = 0
pread64(3</tmp/nia-publication-fault-tj331zq_/case/store/objects/8e/e688345e1d9502ee8cd7277a453c30bfb77b947201beb3300e9df2b8ca321d>, "\0\0\0\0\0\0\0\10NIACSEL1\273\343\341b6\331$M\267\345\300\262\251\302\306\27f\270\251!\330\260\227\374\323p\347\177\25.\3311\0\0\0\0\0\0\0\1\f\241y\346\276\376\267a\363a?\36\365|\250\222\353\303\246\242(\334\243/\23\t\360\254\6\247\336~J6\366\353|\33#j"..., 65536, 0) = 152
pread64(3</tmp/nia-publication-fault-tj331zq_/case/store/objects/8e/e688345e1d9502ee8cd7277a453c30bfb77b947201beb3300e9df2b8ca321d>, "", 65384, 152) = 0
pread64(3</tmp/nia-publication-fault-tj331zq_/case/store/objects/8e/e688345e1d9502ee8cd7277a453c30bfb77b947201beb3300e9df2b8ca321d>, "", 65536, 152) = 0
pread64(3</tmp/nia-publication-fault-tj331zq_/case/store/objects/b2/d93d1647239d0ba4daeaa2a008547e866b63fe552b7835bb1cf81afd008832>, "NIASPOL1~R\322\ng\4\374Nt{\300\301\330\36\340\226\257\27\360\206\320\344f\21\354\217~\254\226\320\232\"\0\0\0\0\0\0\3\350\0\0\0\0\0\0\0\1GGGGGGGGGGGGGGGGGGGGGGGGGGGGGGGG\212\210\343\335t\t\361\225"..., 65536, 0) = 136
pread64(3</tmp/nia-publication-fault-tj331zq_/case/store/objects/b2/d93d1647239d0ba4daeaa2a008547e866b63fe552b7835bb1cf81afd008832>, "", 65400, 136) = 0
pread64(3</tmp/nia-publication-fault-tj331zq_/case/store/objects/b2/d93d1647239d0ba4daeaa2a008547e866b63fe552b7835bb1cf81afd008832>, "", 65536, 136) = 0
pread64(3</tmp/nia-publication-fault-tj331zq_/case/store/objects/b2/d93d1647239d0ba4daeaa2a008547e866b63fe552b7835bb1cf81afd008832>, "NIASPOL1~R\322\ng\4\374Nt{\300\301\330\36\340\226\257\27\360\206\320\344f\21\354\217~\254\226\320\232\"\0\0\0\0\0\0\3\350\0\0\0\0\0\0\0\1GGGGGGGGGGGGGGGGGGGGGGGGGGGGGGGG\212\210\343\335t\t\361\225"..., 20536, 0) = 136
pread64(3</tmp/nia-publication-fault-tj331zq_/case/store/objects/b2/d93d1647239d0ba4daeaa2a008547e866b63fe552b7835bb1cf81afd008832>, "", 20400, 136) = 0
pread64(3</tmp/nia-publication-fault-tj331zq_/case/store/objects/7e/52d20a6704fc4e747bc0c1d81ee096af17f086d0e46611ec8f7eac96d09a22>, "NIASMAP1\37\37\37\37\37\37\37\37\37\37\37\37\37\37\37\37\0\0\0\0\0\0\0\0\0\0\0\0\0\0\0\0\0\0\0\0\0\0\0\0\0\0\0\0\0\0\0\0\0\0\0\0\0\0\0\0\0\0\0\0\0\0\0\0\0\0\0\0\0\0\0\0\0\0\0\0\0\0\0\0\216\346\2104^\35\225\2"..., 65536, 0) = 256
pread64(3</tmp/nia-publication-fault-tj331zq_/case/store/objects/7e/52d20a6704fc4e747bc0c1d81ee096af17f086d0e46611ec8f7eac96d09a22>, "", 65280, 256) = 0
pread64(3</tmp/nia-publication-fault-tj331zq_/case/store/objects/7e/52d20a6704fc4e747bc0c1d81ee096af17f086d0e46611ec8f7eac96d09a22>, "", 65536, 256) = 0
pread64(3</tmp/nia-publication-fault-tj331zq_/case/store/objects/7e/52d20a6704fc4e747bc0c1d81ee096af17f086d0e46611ec8f7eac96d09a22>, "NIASMAP1\37\37\37\37\37\37\37\37\37\37\37\37\37\37\37\37\0\0\0\0\0\0\0\0\0\0\0\0\0\0\0\0\0\0\0\0\0\0\0\0\0\0\0\0\0\0\0\0\0\0\0\0\0\0\0\0\0\0\0\0\0\0\0\0\0\0\0\0\0\0\0\0\0\0\0\0\0\0\0\0\216\346\2104^\35\225\2"..., 393376, 0) = 256
pread64(3</tmp/nia-publication-fault-tj331zq_/case/store/objects/7e/52d20a6704fc4e747bc0c1d81ee096af17f086d0e46611ec8f7eac96d09a22>, "", 393120, 256) = 0
pread64(3</tmp/nia-publication-fault-tj331zq_/case/store/objects/8e/e688345e1d9502ee8cd7277a453c30bfb77b947201beb3300e9df2b8ca321d>, "\0\0\0\0\0\0\0\10NIACSEL1\273\343\341b6\331$M\267\345\300\262\251\302\306\27f\270\251!\330\260\227\374\323p\347\177\25.\3311\0\0\0\0\0\0\0\1\f\241y\346\276\376\267a\363a?\36\365|\250\222\353\303\246\242(\334\243/\23\t\360\254\6\247\336~J6\366\353|\33#j"..., 65536, 0) = 152
pread64(3</tmp/nia-publication-fault-tj331zq_/case/store/objects/8e/e688345e1d9502ee8cd7277a453c30bfb77b947201beb3300e9df2b8ca321d>, "", 65384, 152) = 0
pread64(3</tmp/nia-publication-fault-tj331zq_/case/store/objects/8e/e688345e1d9502ee8cd7277a453c30bfb77b947201beb3300e9df2b8ca321d>, "", 65536, 152) = 0
pread64(3</tmp/nia-publication-fault-tj331zq_/case/store/objects/32/094e7c613fdb6dffb1f27d926b176f7fd8946b8c2cf3ca9e3b95cb91a1a8ca>, "NIACLOS1\216\346\2104^\35\225\2\356\214\327'zE<0\277\267{\224r\1\276\2630\16\235\362\270\3122\35\273\343\341b6\331$M\267\345\300\262\251\302\306\27f\270\251!\330\260\227\374\323p\347\177\25.\3311\0\0\0\0\0\0\0\5\f\241y\346\276\376\267a\363a?\36\365|\250\222"..., 65536, 0) = 240
pread64(3</tmp/nia-publication-fault-tj331zq_/case/store/objects/32/094e7c613fdb6dffb1f27d926b176f7fd8946b8c2cf3ca9e3b95cb91a1a8ca>, "", 65296, 240) = 0
pread64(3</tmp/nia-publication-fault-tj331zq_/case/store/objects/32/094e7c613fdb6dffb1f27d926b176f7fd8946b8c2cf3ca9e3b95cb91a1a8ca>, "", 65536, 240) = 0
pread64(3</tmp/nia-publication-fault-tj331zq_/case/store/objects/be/79019cd624c1b58af3cac32a235b467dac74ebfc6ee94e6390a198650449a5>, "NIASUP01GGGGGGGGGGGGGGGGGGGGGGGGGGGGGGGGf\246uqQ\370\356U\333\22w\26\307\343\334\340\276\200t\266N \355\245B\345\301\344l\251\304\36\f\241y\346\276\376\267a\363a?\36\365|\250\222\353\303\246\242(\334\243/"..., 65536, 0) = 320
pread64(3</tmp/nia-publication-fault-tj331zq_/case/store/objects/be/79019cd624c1b58af3cac32a235b467dac74ebfc6ee94e6390a198650449a5>, "", 65216, 320) = 0
pread64(3</tmp/nia-publication-fault-tj331zq_/case/store/objects/be/79019cd624c1b58af3cac32a235b467dac74ebfc6ee94e6390a198650449a5>, "", 65536, 320) = 0
pread64(3</tmp/nia-publication-fault-tj331zq_/case/store/objects/be/79019cd624c1b58af3cac32a235b467dac74ebfc6ee94e6390a198650449a5>, "NIASUP01GGGGGGGGGGGGGGGGGGGGGGGGGGGGGGGGf\246uqQ\370\356U\333\22w\26\307\343\334\340\276\200t\266N \355\245B\345\301\344l\251\304\36\f\241y\346\276\376\267a\363a?\36\365|\250\222\353\303\246\242(\334\243/"..., 320, 0) = 320
pread64(3</tmp/nia-publication-fault-tj331zq_/case/store/objects/66/a6757151f8ee55db127716c7e3dce0be8074b64e20eda542e5c1e46ca9c41e>, "\7\10\t", 65536, 0) = 3
pread64(3</tmp/nia-publication-fault-tj331zq_/case/store/objects/66/a6757151f8ee55db127716c7e3dce0be8074b64e20eda542e5c1e46ca9c41e>, "", 65533, 3) = 0
pread64(3</tmp/nia-publication-fault-tj331zq_/case/store/objects/66/a6757151f8ee55db127716c7e3dce0be8074b64e20eda542e5c1e46ca9c41e>, "", 65536, 3) = 0
pread64(3</tmp/nia-publication-fault-tj331zq_/case/store/objects/0c/a179e6befeb761f3613f1ef57ca892ebc3a6a228dca32f1309f0ac06a7de7e>, "!<arch>\ndebian-binary/  0           0     0     100644  4         `\n2.0\ncontrol.tar/    0       "..., 65536, 0) = 20672
pread64(3</tmp/nia-publication-fault-tj331zq_/case/store/objects/0c/a179e6befeb761f3613f1ef57ca892ebc3a6a228dca32f1309f0ac06a7de7e>, "", 44864, 20672) = 0
pread64(3</tmp/nia-publication-fault-tj331zq_/case/store/objects/0c/a179e6befeb761f3613f1ef57ca892ebc3a6a228dca32f1309f0ac06a7de7e>, "", 65536, 20672) = 0
pread64(3</tmp/nia-publication-fault-tj331zq_/case/store/objects/a3/1a856f430af395bccd7eb2f142b11ad3ae0fc5daf3acc4ffb341c48a5abd39>, "Package: empty-package\nVersion: 1\nArchitecture: all\nMaintainer: Fixture <fixture@example.invalid"..., 65536, 0) = 149
pread64(3</tmp/nia-publication-fault-tj331zq_/case/store/objects/a3/1a856f430af395bccd7eb2f142b11ad3ae0fc5daf3acc4ffb341c48a5abd39>, "", 65387, 149) = 0
pread64(3</tmp/nia-publication-fault-tj331zq_/case/store/objects/a3/1a856f430af395bccd7eb2f142b11ad3ae0fc5daf3acc4ffb341c48a5abd39>, "", 65536, 149) = 0
pread64(3</tmp/nia-publication-fault-tj331zq_/case/store/objects/66/a6757151f8ee55db127716c7e3dce0be8074b64e20eda542e5c1e46ca9c41e>, "\7\10\t", 65536, 0) = 3
pread64(3</tmp/nia-publication-fault-tj331zq_/case/store/objects/66/a6757151f8ee55db127716c7e3dce0be8074b64e20eda542e5c1e46ca9c41e>, "", 65533, 3) = 0
pread64(3</tmp/nia-publication-fault-tj331zq_/case/store/objects/66/a6757151f8ee55db127716c7e3dce0be8074b64e20eda542e5c1e46ca9c41e>, "", 65536, 3) = 0
pread64(3</tmp/nia-publication-fault-tj331zq_/case/store/objects/66/a6757151f8ee55db127716c7e3dce0be8074b64e20eda542e5c1e46ca9c41e>, "\7\10\t", 65536, 0) = 3
pread64(3</tmp/nia-publication-fault-tj331zq_/case/store/objects/66/a6757151f8ee55db127716c7e3dce0be8074b64e20eda542e5c1e46ca9c41e>, "", 65533, 3) = 0
pread64(3</tmp/nia-publication-fault-tj331zq_/case/store/objects/66/a6757151f8ee55db127716c7e3dce0be8074b64e20eda542e5c1e46ca9c41e>, "", 65536, 3) = 0
pread64(3</tmp/nia-publication-fault-tj331zq_/case/store/objects/66/a6757151f8ee55db127716c7e3dce0be8074b64e20eda542e5c1e46ca9c41e>, "\7\10\t", 65536, 0) = 3
pread64(3</tmp/nia-publication-fault-tj331zq_/case/store/objects/66/a6757151f8ee55db127716c7e3dce0be8074b64e20eda542e5c1e46ca9c41e>, "", 65533, 3) = 0
pread64(3</tmp/nia-publication-fault-tj331zq_/case/store/objects/66/a6757151f8ee55db127716c7e3dce0be8074b64e20eda542e5c1e46ca9c41e>, "", 65536, 3) = 0
pread64(3</tmp/nia-publication-fault-tj331zq_/case/store/objects/38/c0e841345eeb0948445869eb5553bb39ebf66c24fe6fa00123868f32600451>, "NIAGINT1\37\37\37\37\37\37\37\37\37\37\37\37\37\37\37\37\0\0\0\0\0\0\0\0\0\0\0\0\0\0\0\0\0\0\0\0\0\0\0\0\0\0\0\0\0\0\0\0\216\346\2104^\35\225\2\356\214\327'zE<0\277\267{\224r\1\276\2630\16\235\362\270\3122\0352\tN|a?\333m"..., 65536, 0) = 206
pread64(3</tmp/nia-publication-fault-tj331zq_/case/store/objects/38/c0e841345eeb0948445869eb5553bb39ebf66c24fe6fa00123868f32600451>, "", 65330, 206) = 0
pread64(3</tmp/nia-publication-fault-tj331zq_/case/store/objects/38/c0e841345eeb0948445869eb5553bb39ebf66c24fe6fa00123868f32600451>, "", 65536, 206) = 0
pread64(3</tmp/nia-publication-fault-tj331zq_/case/store/objects/38/c0e841345eeb0948445869eb5553bb39ebf66c24fe6fa00123868f32600451>, "NIAGINT1\37\37\37\37\37\37\37\37\37\37\37\37\37\37\37\37\0\0\0\0\0\0\0\0\0\0\0\0\0\0\0\0\0\0\0\0\0\0\0\0\0\0\0\0\0\0\0\0\216\346\2104^\35\225\2\356\214\327'zE<0\277\267{\224r\1\276\2630\16\235\362\270\3122\0352\tN|a?\333m"..., 1053888, 0) = 206
pread64(3</tmp/nia-publication-fault-tj331zq_/case/store/objects/38/c0e841345eeb0948445869eb5553bb39ebf66c24fe6fa00123868f32600451>, "", 1053682, 206) = 0
pread64(3</tmp/nia-publication-fault-tj331zq_/case/store/objects/32/094e7c613fdb6dffb1f27d926b176f7fd8946b8c2cf3ca9e3b95cb91a1a8ca>, "NIACLOS1\216\346\2104^\35\225\2\356\214\327'zE<0\277\267{\224r\1\276\2630\16\235\362\270\3122\35\273\343\341b6\331$M\267\345\300\262\251\302\306\27f\270\251!\330\260\227\374\323p\347\177\25.\3311\0\0\0\0\0\0\0\5\f\241y\346\276\376\267a\363a?\36\365|\250\222"..., 65536, 0) = 240
pread64(3</tmp/nia-publication-fault-tj331zq_/case/store/objects/32/094e7c613fdb6dffb1f27d926b176f7fd8946b8c2cf3ca9e3b95cb91a1a8ca>, "", 65296, 240) = 0
pread64(3</tmp/nia-publication-fault-tj331zq_/case/store/objects/32/094e7c613fdb6dffb1f27d926b176f7fd8946b8c2cf3ca9e3b95cb91a1a8ca>, "", 65536, 240) = 0
pread64(3</tmp/nia-publication-fault-tj331zq_/case/store/objects/32/094e7c613fdb6dffb1f27d926b176f7fd8946b8c2cf3ca9e3b95cb91a1a8ca>, "NIACLOS1\216\346\2104^\35\225\2\356\214\327'zE<0\277\267{\224r\1\276\2630\16\235\362\270\3122\35\273\343\341b6\331$M\267\345\300\262\251\302\306\27f\270\251!\330\260\227\374\323p\347\177\25.\3311\0\0\0\0\0\0\0\5", 80, 0) = 80
pread64(3</tmp/nia-publication-fault-tj331zq_/case/store/objects/32/094e7c613fdb6dffb1f27d926b176f7fd8946b8c2cf3ca9e3b95cb91a1a8ca>, "\f\241y\346\276\376\267a\363a?\36\365|\250\222\353\303\246\242(\334\243/\23\t\360\254\6\247\336~", 32, 80) = 32
pread64(13</tmp/nia-publication-fault-tj331zq_/case/store/objects/0c/a179e6befeb761f3613f1ef57ca892ebc3a6a228dca32f1309f0ac06a7de7e>, "!<arch>\ndebian-binary/  0           0     0     100644  4         `\n2.0\ncontrol.tar/    0       "..., 65536, 0) = 20672
pread64(13</tmp/nia-publication-fault-tj331zq_/case/store/objects/0c/a179e6befeb761f3613f1ef57ca892ebc3a6a228dca32f1309f0ac06a7de7e>, "", 44864, 20672) = 0
pread64(13</tmp/nia-publication-fault-tj331zq_/case/store/objects/0c/a179e6befeb761f3613f1ef57ca892ebc3a6a228dca32f1309f0ac06a7de7e>, "", 65536, 20672) = 0
pread64(3</tmp/nia-publication-fault-tj331zq_/case/store/objects/32/094e7c613fdb6dffb1f27d926b176f7fd8946b8c2cf3ca9e3b95cb91a1a8ca>, "J6\366\353|\33#j\266\313(\335\270\202\221\236\210\213\363\223\337\300\r\223\0\212\326s\6\227\370\367", 32, 112) = 32
pread64(13</tmp/nia-publication-fault-tj331zq_/case/store/objects/4a/36f6eb7c1b236ab6cb28ddb882919e888bf393dfc00d93008ad6730697f8f7>, "./control\0\0\0\0\0\0\0\0\0\0\0\0\0\0\0\0\0\0\0\0\0\0\0\0\0\0\0\0\0\0\0\0\0\0\0\0\0\0\0\0\0\0\0\0\0\0\0\0\0\0\0\0\0\0\0\0\0\0\0\0\0\0\0\0\0\0\0\0\0\0\0\0\0\0\0\0\0\0\0\0\0\0\0\0\0\0\0"..., 65536, 0) = 10240
pread64(13</tmp/nia-publication-fault-tj331zq_/case/store/objects/4a/36f6eb7c1b236ab6cb28ddb882919e888bf393dfc00d93008ad6730697f8f7>, "", 55296, 10240) = 0
pread64(13</tmp/nia-publication-fault-tj331zq_/case/store/objects/4a/36f6eb7c1b236ab6cb28ddb882919e888bf393dfc00d93008ad6730697f8f7>, "", 65536, 10240) = 0
pread64(3</tmp/nia-publication-fault-tj331zq_/case/store/objects/32/094e7c613fdb6dffb1f27d926b176f7fd8946b8c2cf3ca9e3b95cb91a1a8ca>, "\204\377\222i\37\220\232\5\262$\341\305j\273Hd\360\33O\216<\205NK\264\307\272\361\323\366\326R", 32, 144) = 32
pread64(13</tmp/nia-publication-fault-tj331zq_/case/store/objects/84/ff92691f909a05b224e1c56abb4864f01b4f8e3c854e4bb4c7baf1d3f6d652>, "\0\0\0\0\0\0\0\0\0\0\0\0\0\0\0\0\0\0\0\0\0\0\0\0\0\0\0\0\0\0\0\0\0\0\0\0\0\0\0\0\0\0\0\0\0\0\0\0\0\0\0\0\0\0\0\0\0\0\0\0\0\0\0\0\0\0\0\0\0\0\0\0\0\0\0\0\0\0\0\0\0\0\0\0\0\0\0\0\0\0\0\0\0\0\0\0"..., 65536, 0) = 10240
pread64(13</tmp/nia-publication-fault-tj331zq_/case/store/objects/84/ff92691f909a05b224e1c56abb4864f01b4f8e3c854e4bb4c7baf1d3f6d652>, "", 55296, 10240) = 0
pread64(13</tmp/nia-publication-fault-tj331zq_/case/store/objects/84/ff92691f909a05b224e1c56abb4864f01b4f8e3c854e4bb4c7baf1d3f6d652>, "", 65536, 10240) = 0
pread64(3</tmp/nia-publication-fault-tj331zq_/case/store/objects/32/094e7c613fdb6dffb1f27d926b176f7fd8946b8c2cf3ca9e3b95cb91a1a8ca>, "\216\346\2104^\35\225\2\356\214\327'zE<0\277\267{\224r\1\276\2630\16\235\362\270\3122\35", 32, 176) = 32
pread64(13</tmp/nia-publication-fault-tj331zq_/case/store/objects/8e/e688345e1d9502ee8cd7277a453c30bfb77b947201beb3300e9df2b8ca321d>, "\0\0\0\0\0\0\0\10NIACSEL1\273\343\341b6\331$M\267\345\300\262\251\302\306\27f\270\251!\330\260\227\374\323p\347\177\25.\3311\0\0\0\0\0\0\0\1\f\241y\346\276\376\267a\363a?\36\365|\250\222\353\303\246\242(\334\243/\23\t\360\254\6\247\336~J6\366\353|\33#j"..., 65536, 0) = 152
pread64(13</tmp/nia-publication-fault-tj331zq_/case/store/objects/8e/e688345e1d9502ee8cd7277a453c30bfb77b947201beb3300e9df2b8ca321d>, "", 65384, 152) = 0
pread64(13</tmp/nia-publication-fault-tj331zq_/case/store/objects/8e/e688345e1d9502ee8cd7277a453c30bfb77b947201beb3300e9df2b8ca321d>, "", 65536, 152) = 0
pread64(3</tmp/nia-publication-fault-tj331zq_/case/store/objects/32/094e7c613fdb6dffb1f27d926b176f7fd8946b8c2cf3ca9e3b95cb91a1a8ca>, "\243\32\205oC\n\363\225\274\315~\262\361B\261\32\323\256\17\305\332\363\254\304\377\263A\304\212Z\2759", 32, 208) = 32
pread64(13</tmp/nia-publication-fault-tj331zq_/case/store/objects/a3/1a856f430af395bccd7eb2f142b11ad3ae0fc5daf3acc4ffb341c48a5abd39>, "Package: empty-package\nVersion: 1\nArchitecture: all\nMaintainer: Fixture <fixture@example.invalid"..., 65536, 0) = 149
pread64(13</tmp/nia-publication-fault-tj331zq_/case/store/objects/a3/1a856f430af395bccd7eb2f142b11ad3ae0fc5daf3acc4ffb341c48a5abd39>, "", 65387, 149) = 0
pread64(13</tmp/nia-publication-fault-tj331zq_/case/store/objects/a3/1a856f430af395bccd7eb2f142b11ad3ae0fc5daf3acc4ffb341c48a5abd39>, "", 65536, 149) = 0
pread64(3</tmp/nia-publication-fault-tj331zq_/case/store/objects/8e/e688345e1d9502ee8cd7277a453c30bfb77b947201beb3300e9df2b8ca321d>, "\0\0\0\0\0\0\0\10NIACSEL1\273\343\341b6\331$M\267\345\300\262\251\302\306\27f\270\251!\330\260\227\374\323p\347\177\25.\3311\0\0\0\0\0\0\0\1\f\241y\346\276\376\267a\363a?\36\365|\250\222\353\303\246\242(\334\243/\23\t\360\254\6\247\336~J6\366\353|\33#j"..., 65536, 0) = 152
pread64(3</tmp/nia-publication-fault-tj331zq_/case/store/objects/8e/e688345e1d9502ee8cd7277a453c30bfb77b947201beb3300e9df2b8ca321d>, "", 65384, 152) = 0
pread64(3</tmp/nia-publication-fault-tj331zq_/case/store/objects/8e/e688345e1d9502ee8cd7277a453c30bfb77b947201beb3300e9df2b8ca321d>, "", 65536, 152) = 0
pread64(3</tmp/nia-publication-fault-tj331zq_/case/store/objects/8e/e688345e1d9502ee8cd7277a453c30bfb77b947201beb3300e9df2b8ca321d>, "\0\0\0\0\0\0\0\10NIACSEL1\273\343\341b6\331$M\267\345\300\262\251\302\306\27f\270\251!\330\260\227\374\323p\347\177\25.\3311\0\0\0\0\0\0\0\1\f\241y\346\276\376\267a\363a?\36\365|\250\222\353\303\246\242(\334\243/\23\t\360\254\6\247\336~J6\366\353|\33#j"..., 393272, 0) = 152
pread64(3</tmp/nia-publication-fault-tj331zq_/case/store/objects/8e/e688345e1d9502ee8cd7277a453c30bfb77b947201beb3300e9df2b8ca321d>, "", 393120, 152) = 0
pread64(3</tmp/nia-publication-fault-tj331zq_/case/store/objects/0c/a179e6befeb761f3613f1ef57ca892ebc3a6a228dca32f1309f0ac06a7de7e>, "!<arch>\ndebian-binary/  0           0     0     100644  4         `\n2.0\ncontrol.tar/    0       "..., 65536, 0) = 20672
pread64(3</tmp/nia-publication-fault-tj331zq_/case/store/objects/0c/a179e6befeb761f3613f1ef57ca892ebc3a6a228dca32f1309f0ac06a7de7e>, "", 44864, 20672) = 0
pread64(3</tmp/nia-publication-fault-tj331zq_/case/store/objects/0c/a179e6befeb761f3613f1ef57ca892ebc3a6a228dca32f1309f0ac06a7de7e>, "", 65536, 20672) = 0
pread64(3</tmp/nia-publication-fault-tj331zq_/case/store/objects/0c/a179e6befeb761f3613f1ef57ca892ebc3a6a228dca32f1309f0ac06a7de7e>, "!<arch>\n", 8, 0) = 8
pread64(3</tmp/nia-publication-fault-tj331zq_/case/store/objects/0c/a179e6befeb761f3613f1ef57ca892ebc3a6a228dca32f1309f0ac06a7de7e>, "debian-binary/  0           0     0     100644  4         `\n", 60, 8) = 60
pread64(3</tmp/nia-publication-fault-tj331zq_/case/store/objects/0c/a179e6befeb761f3613f1ef57ca892ebc3a6a228dca32f1309f0ac06a7de7e>, "2.0\n", 4, 68) = 4
pread64(3</tmp/nia-publication-fault-tj331zq_/case/store/objects/0c/a179e6befeb761f3613f1ef57ca892ebc3a6a228dca32f1309f0ac06a7de7e>, "2.0\n", 4, 68) = 4
pread64(3</tmp/nia-publication-fault-tj331zq_/case/store/objects/0c/a179e6befeb761f3613f1ef57ca892ebc3a6a228dca32f1309f0ac06a7de7e>, "control.tar/    0           0     0     100644  10240     `\n", 60, 72) = 60
pread64(3</tmp/nia-publication-fault-tj331zq_/case/store/objects/0c/a179e6befeb761f3613f1ef57ca892ebc3a6a228dca32f1309f0ac06a7de7e>, "./control\0\0\0\0\0\0\0\0\0\0\0\0\0\0\0\0\0\0\0\0\0\0\0\0\0\0\0\0\0\0\0\0\0\0\0\0\0\0\0\0\0\0\0\0\0\0\0\0\0\0\0\0\0\0\0\0\0\0\0\0\0\0\0\0\0\0\0\0\0\0\0\0\0\0\0\0\0\0\0\0\0\0\0\0\0\0\0"..., 10240, 132) = 10240
pread64(3</tmp/nia-publication-fault-tj331zq_/case/store/objects/0c/a179e6befeb761f3613f1ef57ca892ebc3a6a228dca32f1309f0ac06a7de7e>, "data.tar/       0           0     0     100644  10240     `\n", 60, 10372) = 60
pread64(3</tmp/nia-publication-fault-tj331zq_/case/store/objects/0c/a179e6befeb761f3613f1ef57ca892ebc3a6a228dca32f1309f0ac06a7de7e>, "\0\0\0\0\0\0\0\0\0\0\0\0\0\0\0\0\0\0\0\0\0\0\0\0\0\0\0\0\0\0\0\0\0\0\0\0\0\0\0\0\0\0\0\0\0\0\0\0\0\0\0\0\0\0\0\0\0\0\0\0\0\0\0\0\0\0\0\0\0\0\0\0\0\0\0\0\0\0\0\0\0\0\0\0\0\0\0\0\0\0\0\0\0\0\0\0"..., 10240, 10432) = 10240
pread64(3</tmp/nia-publication-fault-tj331zq_/case/store/objects/0c/a179e6befeb761f3613f1ef57ca892ebc3a6a228dca32f1309f0ac06a7de7e>, "!<arch>\ndebian-binary/  0           0     0     100644  4         `\n2.0\ncontrol.tar/    0       "..., 65536, 0) = 20672
pread64(3</tmp/nia-publication-fault-tj331zq_/case/store/objects/0c/a179e6befeb761f3613f1ef57ca892ebc3a6a228dca32f1309f0ac06a7de7e>, "", 44864, 20672) = 0
pread64(3</tmp/nia-publication-fault-tj331zq_/case/store/objects/0c/a179e6befeb761f3613f1ef57ca892ebc3a6a228dca32f1309f0ac06a7de7e>, "", 65536, 20672) = 0
pread64(3</tmp/nia-publication-fault-tj331zq_/case/store/objects/0c/a179e6befeb761f3613f1ef57ca892ebc3a6a228dca32f1309f0ac06a7de7e>, "!<arch>\n", 8, 0) = 8
pread64(3</tmp/nia-publication-fault-tj331zq_/case/store/objects/0c/a179e6befeb761f3613f1ef57ca892ebc3a6a228dca32f1309f0ac06a7de7e>, "debian-binary/  0           0     0     100644  4         `\n", 60, 8) = 60
pread64(3</tmp/nia-publication-fault-tj331zq_/case/store/objects/0c/a179e6befeb761f3613f1ef57ca892ebc3a6a228dca32f1309f0ac06a7de7e>, "2.0\n", 4, 68) = 4
pread64(3</tmp/nia-publication-fault-tj331zq_/case/store/objects/0c/a179e6befeb761f3613f1ef57ca892ebc3a6a228dca32f1309f0ac06a7de7e>, "2.0\n", 4, 68) = 4
pread64(3</tmp/nia-publication-fault-tj331zq_/case/store/objects/0c/a179e6befeb761f3613f1ef57ca892ebc3a6a228dca32f1309f0ac06a7de7e>, "control.tar/    0           0     0     100644  10240     `\n", 60, 72) = 60
pread64(3</tmp/nia-publication-fault-tj331zq_/case/store/objects/0c/a179e6befeb761f3613f1ef57ca892ebc3a6a228dca32f1309f0ac06a7de7e>, "./control\0\0\0\0\0\0\0\0\0\0\0\0\0\0\0\0\0\0\0\0\0\0\0\0\0\0\0\0\0\0\0\0\0\0\0\0\0\0\0\0\0\0\0\0\0\0\0\0\0\0\0\0\0\0\0\0\0\0\0\0\0\0\0\0\0\0\0\0\0\0\0\0\0\0\0\0\0\0\0\0\0\0\0\0\0\0\0"..., 10240, 132) = 10240
pread64(3</tmp/nia-publication-fault-tj331zq_/case/store/objects/0c/a179e6befeb761f3613f1ef57ca892ebc3a6a228dca32f1309f0ac06a7de7e>, "data.tar/       0           0     0     100644  10240     `\n", 60, 10372) = 60
pread64(3</tmp/nia-publication-fault-tj331zq_/case/store/objects/0c/a179e6befeb761f3613f1ef57ca892ebc3a6a228dca32f1309f0ac06a7de7e>, "\0\0\0\0\0\0\0\0\0\0\0\0\0\0\0\0\0\0\0\0\0\0\0\0\0\0\0\0\0\0\0\0\0\0\0\0\0\0\0\0\0\0\0\0\0\0\0\0\0\0\0\0\0\0\0\0\0\0\0\0\0\0\0\0\0\0\0\0\0\0\0\0\0\0\0\0\0\0\0\0\0\0\0\0\0\0\0\0\0\0\0\0\0\0\0\0"..., 10240, 10432) = 10240
fsync(14</tmp/nia-publication-fault-tj331zq_/case/store/incoming>) = 0
pread64(3</tmp/nia-publication-fault-tj331zq_/case/store/objects/0c/a179e6befeb761f3613f1ef57ca892ebc3a6a228dca32f1309f0ac06a7de7e>, "\0\0\0\0\0\0\0\0\0\0\0\0\0\0\0\0\0\0\0\0\0\0\0\0\0\0\0\0\0\0\0\0\0\0\0\0\0\0\0\0\0\0\0\0\0\0\0\0\0\0\0\0\0\0\0\0\0\0\0\0\0\0\0\0\0\0\0\0\0\0\0\0\0\0\0\0\0\0\0\0\0\0\0\0\0\0\0\0\0\0\0\0\0\0\0\0"..., 10240, 10432) = 10240
write(13</tmp/nia-publication-fault-tj331zq_/case/store/incoming/ed844e57dd13d137036e2d95d4d61152>, "\0\0\0\0\0\0\0\0\0\0\0\0\0\0\0\0\0\0\0\0\0\0\0\0\0\0\0\0\0\0\0\0\0\0\0\0\0\0\0\0\0\0\0\0\0\0\0\0\0\0\0\0\0\0\0\0\0\0\0\0\0\0\0\0\0\0\0\0\0\0\0\0\0\0\0\0\0\0\0\0\0\0\0\0\0\0\0\0\0\0\0\0\0\0\0\0"..., 10240) = 10240
fsync(13</tmp/nia-publication-fault-tj331zq_/case/store/incoming/ed844e57dd13d137036e2d95d4d61152>) = 0
renameat2(14</tmp/nia-publication-fault-tj331zq_/case/store/incoming>, "ed844e57dd13d137036e2d95d4d61152", 13</tmp/nia-publication-fault-tj331zq_/case/store/objects/84>, "ff92691f909a05b224e1c56abb4864f01b4f8e3c854e4bb4c7baf1d3f6d652", RENAME_NOREPLACE) = -1 EEXIST (File exists)
pread64(13</tmp/nia-publication-fault-tj331zq_/case/store/objects/84/ff92691f909a05b224e1c56abb4864f01b4f8e3c854e4bb4c7baf1d3f6d652>, "\0\0\0\0\0\0\0\0\0\0\0\0\0\0\0\0\0\0\0\0\0\0\0\0\0\0\0\0\0\0\0\0\0\0\0\0\0\0\0\0\0\0\0\0\0\0\0\0\0\0\0\0\0\0\0\0\0\0\0\0\0\0\0\0\0\0\0\0\0\0\0\0\0\0\0\0\0\0\0\0\0\0\0\0\0\0\0\0\0\0\0\0\0\0\0\0"..., 65536, 0) = 10240
pread64(13</tmp/nia-publication-fault-tj331zq_/case/store/objects/84/ff92691f909a05b224e1c56abb4864f01b4f8e3c854e4bb4c7baf1d3f6d652>, "", 55296, 10240) = 0
pread64(13</tmp/nia-publication-fault-tj331zq_/case/store/objects/84/ff92691f909a05b224e1c56abb4864f01b4f8e3c854e4bb4c7baf1d3f6d652>, "", 65536, 10240) = 0
fsync(14</tmp/nia-publication-fault-tj331zq_/case/store/incoming>) = 0
pread64(3</tmp/nia-publication-fault-tj331zq_/case/store/objects/84/ff92691f909a05b224e1c56abb4864f01b4f8e3c854e4bb4c7baf1d3f6d652>, "\0\0\0\0\0\0\0\0\0\0\0\0\0\0\0\0\0\0\0\0\0\0\0\0\0\0\0\0\0\0\0\0\0\0\0\0\0\0\0\0\0\0\0\0\0\0\0\0\0\0\0\0\0\0\0\0\0\0\0\0\0\0\0\0\0\0\0\0\0\0\0\0\0\0\0\0\0\0\0\0\0\0\0\0\0\0\0\0\0\0\0\0\0\0\0\0"..., 65536, 0) = 10240
pread64(3</tmp/nia-publication-fault-tj331zq_/case/store/objects/84/ff92691f909a05b224e1c56abb4864f01b4f8e3c854e4bb4c7baf1d3f6d652>, "", 55296, 10240) = 0
pread64(3</tmp/nia-publication-fault-tj331zq_/case/store/objects/84/ff92691f909a05b224e1c56abb4864f01b4f8e3c854e4bb4c7baf1d3f6d652>, "", 65536, 10240) = 0
pread64(3</tmp/nia-publication-fault-tj331zq_/case/store/objects/84/ff92691f909a05b224e1c56abb4864f01b4f8e3c854e4bb4c7baf1d3f6d652>, "\0\0\0\0\0\0\0\0\0\0\0\0\0\0\0\0\0\0\0\0\0\0\0\0\0\0\0\0\0\0\0\0\0\0\0\0\0\0\0\0\0\0\0\0\0\0\0\0\0\0\0\0\0\0\0\0\0\0\0\0\0\0\0\0\0\0\0\0\0\0\0\0\0\0\0\0\0\0\0\0\0\0\0\0\0\0\0\0\0\0\0\0\0\0\0\0"..., 10240, 0) = 10240
fsync(14</tmp/nia-publication-fault-tj331zq_/case/store/incoming>) = 0
pread64(3</tmp/nia-publication-fault-tj331zq_/case/store/objects/84/ff92691f909a05b224e1c56abb4864f01b4f8e3c854e4bb4c7baf1d3f6d652>, "\0\0\0\0\0\0\0\0\0\0\0\0\0\0\0\0\0\0\0\0\0\0\0\0\0\0\0\0\0\0\0\0\0\0\0\0\0\0\0\0\0\0\0\0\0\0\0\0\0\0\0\0\0\0\0\0\0\0\0\0\0\0\0\0\0\0\0\0\0\0\0\0\0\0\0\0\0\0\0\0\0\0\0\0\0\0\0\0\0\0\0\0\0\0\0\0"..., 10240, 0) = 10240
write(13</tmp/nia-publication-fault-tj331zq_/case/store/incoming/a4d02a2e63a853929c176a5cf06efbca>, "\0\0\0\0\0\0\0\0\0\0\0\0\0\0\0\0\0\0\0\0\0\0\0\0\0\0\0\0\0\0\0\0\0\0\0\0\0\0\0\0\0\0\0\0\0\0\0\0\0\0\0\0\0\0\0\0\0\0\0\0\0\0\0\0\0\0\0\0\0\0\0\0\0\0\0\0\0\0\0\0\0\0\0\0\0\0\0\0\0\0\0\0\0\0\0\0"..., 10240) = 10240
fsync(13</tmp/nia-publication-fault-tj331zq_/case/store/incoming/a4d02a2e63a853929c176a5cf06efbca>) = 0
renameat2(14</tmp/nia-publication-fault-tj331zq_/case/store/incoming>, "a4d02a2e63a853929c176a5cf06efbca", 13</tmp/nia-publication-fault-tj331zq_/case/store/objects/84>, "ff92691f909a05b224e1c56abb4864f01b4f8e3c854e4bb4c7baf1d3f6d652", RENAME_NOREPLACE) = -1 EEXIST (File exists)
pread64(13</tmp/nia-publication-fault-tj331zq_/case/store/objects/84/ff92691f909a05b224e1c56abb4864f01b4f8e3c854e4bb4c7baf1d3f6d652>, "\0\0\0\0\0\0\0\0\0\0\0\0\0\0\0\0\0\0\0\0\0\0\0\0\0\0\0\0\0\0\0\0\0\0\0\0\0\0\0\0\0\0\0\0\0\0\0\0\0\0\0\0\0\0\0\0\0\0\0\0\0\0\0\0\0\0\0\0\0\0\0\0\0\0\0\0\0\0\0\0\0\0\0\0\0\0\0\0\0\0\0\0\0\0\0\0"..., 65536, 0) = 10240
pread64(13</tmp/nia-publication-fault-tj331zq_/case/store/objects/84/ff92691f909a05b224e1c56abb4864f01b4f8e3c854e4bb4c7baf1d3f6d652>, "", 55296, 10240) = 0
pread64(13</tmp/nia-publication-fault-tj331zq_/case/store/objects/84/ff92691f909a05b224e1c56abb4864f01b4f8e3c854e4bb4c7baf1d3f6d652>, "", 65536, 10240) = 0
fsync(14</tmp/nia-publication-fault-tj331zq_/case/store/incoming>) = 0
pread64(3</tmp/nia-publication-fault-tj331zq_/case/store/objects/84/ff92691f909a05b224e1c56abb4864f01b4f8e3c854e4bb4c7baf1d3f6d652>, "\0\0\0\0\0\0\0\0\0\0\0\0\0\0\0\0\0\0\0\0\0\0\0\0\0\0\0\0\0\0\0\0\0\0\0\0\0\0\0\0\0\0\0\0\0\0\0\0\0\0\0\0\0\0\0\0\0\0\0\0\0\0\0\0\0\0\0\0\0\0\0\0\0\0\0\0\0\0\0\0\0\0\0\0\0\0\0\0\0\0\0\0\0\0\0\0"..., 65536, 0) = 10240
pread64(3</tmp/nia-publication-fault-tj331zq_/case/store/objects/84/ff92691f909a05b224e1c56abb4864f01b4f8e3c854e4bb4c7baf1d3f6d652>, "", 55296, 10240) = 0
pread64(3</tmp/nia-publication-fault-tj331zq_/case/store/objects/84/ff92691f909a05b224e1c56abb4864f01b4f8e3c854e4bb4c7baf1d3f6d652>, "", 65536, 10240) = 0
pread64(3</tmp/nia-publication-fault-tj331zq_/case/store/objects/84/ff92691f909a05b224e1c56abb4864f01b4f8e3c854e4bb4c7baf1d3f6d652>, "\0\0\0\0\0\0\0\0\0\0\0\0\0\0\0\0\0\0\0\0\0\0\0\0\0\0\0\0\0\0\0\0\0\0\0\0\0\0\0\0\0\0\0\0\0\0\0\0\0\0\0\0\0\0\0\0\0\0\0\0\0\0\0\0\0\0\0\0\0\0\0\0\0\0\0\0\0\0\0\0\0\0\0\0\0\0\0\0\0\0\0\0\0\0\0\0"..., 512, 0) = 512
pread64(3</tmp/nia-publication-fault-tj331zq_/case/store/objects/84/ff92691f909a05b224e1c56abb4864f01b4f8e3c854e4bb4c7baf1d3f6d652>, "\0\0\0\0\0\0\0\0\0\0\0\0\0\0\0\0\0\0\0\0\0\0\0\0\0\0\0\0\0\0\0\0\0\0\0\0\0\0\0\0\0\0\0\0\0\0\0\0\0\0\0\0\0\0\0\0\0\0\0\0\0\0\0\0\0\0\0\0\0\0\0\0\0\0\0\0\0\0\0\0\0\0\0\0\0\0\0\0\0\0\0\0\0\0\0\0"..., 9728, 512) = 9728
pread64(3</tmp/nia-publication-fault-tj331zq_/case/store/objects/0c/a179e6befeb761f3613f1ef57ca892ebc3a6a228dca32f1309f0ac06a7de7e>, "!<arch>\ndebian-binary/  0           0     0     100644  4         `\n2.0\ncontrol.tar/    0       "..., 65536, 0) = 20672
pread64(3</tmp/nia-publication-fault-tj331zq_/case/store/objects/0c/a179e6befeb761f3613f1ef57ca892ebc3a6a228dca32f1309f0ac06a7de7e>, "", 44864, 20672) = 0
pread64(3</tmp/nia-publication-fault-tj331zq_/case/store/objects/0c/a179e6befeb761f3613f1ef57ca892ebc3a6a228dca32f1309f0ac06a7de7e>, "", 65536, 20672) = 0
pread64(3</tmp/nia-publication-fault-tj331zq_/case/store/objects/0c/a179e6befeb761f3613f1ef57ca892ebc3a6a228dca32f1309f0ac06a7de7e>, "!<arch>\n", 8, 0) = 8
pread64(3</tmp/nia-publication-fault-tj331zq_/case/store/objects/0c/a179e6befeb761f3613f1ef57ca892ebc3a6a228dca32f1309f0ac06a7de7e>, "debian-binary/  0           0     0     100644  4         `\n", 60, 8) = 60
pread64(3</tmp/nia-publication-fault-tj331zq_/case/store/objects/0c/a179e6befeb761f3613f1ef57ca892ebc3a6a228dca32f1309f0ac06a7de7e>, "2.0\n", 4, 68) = 4
pread64(3</tmp/nia-publication-fault-tj331zq_/case/store/objects/0c/a179e6befeb761f3613f1ef57ca892ebc3a6a228dca32f1309f0ac06a7de7e>, "2.0\n", 4, 68) = 4
pread64(3</tmp/nia-publication-fault-tj331zq_/case/store/objects/0c/a179e6befeb761f3613f1ef57ca892ebc3a6a228dca32f1309f0ac06a7de7e>, "control.tar/    0           0     0     100644  10240     `\n", 60, 72) = 60
pread64(3</tmp/nia-publication-fault-tj331zq_/case/store/objects/0c/a179e6befeb761f3613f1ef57ca892ebc3a6a228dca32f1309f0ac06a7de7e>, "./control\0\0\0\0\0\0\0\0\0\0\0\0\0\0\0\0\0\0\0\0\0\0\0\0\0\0\0\0\0\0\0\0\0\0\0\0\0\0\0\0\0\0\0\0\0\0\0\0\0\0\0\0\0\0\0\0\0\0\0\0\0\0\0\0\0\0\0\0\0\0\0\0\0\0\0\0\0\0\0\0\0\0\0\0\0\0\0"..., 10240, 132) = 10240
pread64(3</tmp/nia-publication-fault-tj331zq_/case/store/objects/0c/a179e6befeb761f3613f1ef57ca892ebc3a6a228dca32f1309f0ac06a7de7e>, "data.tar/       0           0     0     100644  10240     `\n", 60, 10372) = 60
pread64(3</tmp/nia-publication-fault-tj331zq_/case/store/objects/0c/a179e6befeb761f3613f1ef57ca892ebc3a6a228dca32f1309f0ac06a7de7e>, "\0\0\0\0\0\0\0\0\0\0\0\0\0\0\0\0\0\0\0\0\0\0\0\0\0\0\0\0\0\0\0\0\0\0\0\0\0\0\0\0\0\0\0\0\0\0\0\0\0\0\0\0\0\0\0\0\0\0\0\0\0\0\0\0\0\0\0\0\0\0\0\0\0\0\0\0\0\0\0\0\0\0\0\0\0\0\0\0\0\0\0\0\0\0\0\0"..., 10240, 10432) = 10240
pread64(3</tmp/nia-publication-fault-tj331zq_/case/store/objects/0c/a179e6befeb761f3613f1ef57ca892ebc3a6a228dca32f1309f0ac06a7de7e>, "!<arch>\ndebian-binary/  0           0     0     100644  4         `\n2.0\ncontrol.tar/    0       "..., 65536, 0) = 20672
pread64(3</tmp/nia-publication-fault-tj331zq_/case/store/objects/0c/a179e6befeb761f3613f1ef57ca892ebc3a6a228dca32f1309f0ac06a7de7e>, "", 44864, 20672) = 0
pread64(3</tmp/nia-publication-fault-tj331zq_/case/store/objects/0c/a179e6befeb761f3613f1ef57ca892ebc3a6a228dca32f1309f0ac06a7de7e>, "", 65536, 20672) = 0
pread64(3</tmp/nia-publication-fault-tj331zq_/case/store/objects/0c/a179e6befeb761f3613f1ef57ca892ebc3a6a228dca32f1309f0ac06a7de7e>, "!<arch>\n", 8, 0) = 8
pread64(3</tmp/nia-publication-fault-tj331zq_/case/store/objects/0c/a179e6befeb761f3613f1ef57ca892ebc3a6a228dca32f1309f0ac06a7de7e>, "debian-binary/  0           0     0     100644  4         `\n", 60, 8) = 60
pread64(3</tmp/nia-publication-fault-tj331zq_/case/store/objects/0c/a179e6befeb761f3613f1ef57ca892ebc3a6a228dca32f1309f0ac06a7de7e>, "2.0\n", 4, 68) = 4
pread64(3</tmp/nia-publication-fault-tj331zq_/case/store/objects/0c/a179e6befeb761f3613f1ef57ca892ebc3a6a228dca32f1309f0ac06a7de7e>, "2.0\n", 4, 68) = 4
pread64(3</tmp/nia-publication-fault-tj331zq_/case/store/objects/0c/a179e6befeb761f3613f1ef57ca892ebc3a6a228dca32f1309f0ac06a7de7e>, "control.tar/    0           0     0     100644  10240     `\n", 60, 72) = 60
pread64(3</tmp/nia-publication-fault-tj331zq_/case/store/objects/0c/a179e6befeb761f3613f1ef57ca892ebc3a6a228dca32f1309f0ac06a7de7e>, "./control\0\0\0\0\0\0\0\0\0\0\0\0\0\0\0\0\0\0\0\0\0\0\0\0\0\0\0\0\0\0\0\0\0\0\0\0\0\0\0\0\0\0\0\0\0\0\0\0\0\0\0\0\0\0\0\0\0\0\0\0\0\0\0\0\0\0\0\0\0\0\0\0\0\0\0\0\0\0\0\0\0\0\0\0\0\0\0"..., 10240, 132) = 10240
pread64(3</tmp/nia-publication-fault-tj331zq_/case/store/objects/0c/a179e6befeb761f3613f1ef57ca892ebc3a6a228dca32f1309f0ac06a7de7e>, "data.tar/       0           0     0     100644  10240     `\n", 60, 10372) = 60
pread64(3</tmp/nia-publication-fault-tj331zq_/case/store/objects/0c/a179e6befeb761f3613f1ef57ca892ebc3a6a228dca32f1309f0ac06a7de7e>, "\0\0\0\0\0\0\0\0\0\0\0\0\0\0\0\0\0\0\0\0\0\0\0\0\0\0\0\0\0\0\0\0\0\0\0\0\0\0\0\0\0\0\0\0\0\0\0\0\0\0\0\0\0\0\0\0\0\0\0\0\0\0\0\0\0\0\0\0\0\0\0\0\0\0\0\0\0\0\0\0\0\0\0\0\0\0\0\0\0\0\0\0\0\0\0\0"..., 10240, 10432) = 10240
fsync(14</tmp/nia-publication-fault-tj331zq_/case/store/incoming>) = 0
pread64(3</tmp/nia-publication-fault-tj331zq_/case/store/objects/0c/a179e6befeb761f3613f1ef57ca892ebc3a6a228dca32f1309f0ac06a7de7e>, "./control\0\0\0\0\0\0\0\0\0\0\0\0\0\0\0\0\0\0\0\0\0\0\0\0\0\0\0\0\0\0\0\0\0\0\0\0\0\0\0\0\0\0\0\0\0\0\0\0\0\0\0\0\0\0\0\0\0\0\0\0\0\0\0\0\0\0\0\0\0\0\0\0\0\0\0\0\0\0\0\0\0\0\0\0\0\0\0"..., 10240, 132) = 10240
write(13</tmp/nia-publication-fault-tj331zq_/case/store/incoming/089738f83142e0a64f1680fdb6ceec8b>, "./control\0\0\0\0\0\0\0\0\0\0\0\0\0\0\0\0\0\0\0\0\0\0\0\0\0\0\0\0\0\0\0\0\0\0\0\0\0\0\0\0\0\0\0\0\0\0\0\0\0\0\0\0\0\0\0\0\0\0\0\0\0\0\0\0\0\0\0\0\0\0\0\0\0\0\0\0\0\0\0\0\0\0\0\0\0\0\0"..., 10240) = 10240
fsync(13</tmp/nia-publication-fault-tj331zq_/case/store/incoming/089738f83142e0a64f1680fdb6ceec8b>) = 0
renameat2(14</tmp/nia-publication-fault-tj331zq_/case/store/incoming>, "089738f83142e0a64f1680fdb6ceec8b", 13</tmp/nia-publication-fault-tj331zq_/case/store/objects/4a>, "36f6eb7c1b236ab6cb28ddb882919e888bf393dfc00d93008ad6730697f8f7", RENAME_NOREPLACE) = -1 EEXIST (File exists)
pread64(13</tmp/nia-publication-fault-tj331zq_/case/store/objects/4a/36f6eb7c1b236ab6cb28ddb882919e888bf393dfc00d93008ad6730697f8f7>, "./control\0\0\0\0\0\0\0\0\0\0\0\0\0\0\0\0\0\0\0\0\0\0\0\0\0\0\0\0\0\0\0\0\0\0\0\0\0\0\0\0\0\0\0\0\0\0\0\0\0\0\0\0\0\0\0\0\0\0\0\0\0\0\0\0\0\0\0\0\0\0\0\0\0\0\0\0\0\0\0\0\0\0\0\0\0\0\0"..., 65536, 0) = 10240
pread64(13</tmp/nia-publication-fault-tj331zq_/case/store/objects/4a/36f6eb7c1b236ab6cb28ddb882919e888bf393dfc00d93008ad6730697f8f7>, "", 55296, 10240) = 0
pread64(13</tmp/nia-publication-fault-tj331zq_/case/store/objects/4a/36f6eb7c1b236ab6cb28ddb882919e888bf393dfc00d93008ad6730697f8f7>, "", 65536, 10240) = 0
fsync(14</tmp/nia-publication-fault-tj331zq_/case/store/incoming>) = 0
pread64(3</tmp/nia-publication-fault-tj331zq_/case/store/objects/4a/36f6eb7c1b236ab6cb28ddb882919e888bf393dfc00d93008ad6730697f8f7>, "./control\0\0\0\0\0\0\0\0\0\0\0\0\0\0\0\0\0\0\0\0\0\0\0\0\0\0\0\0\0\0\0\0\0\0\0\0\0\0\0\0\0\0\0\0\0\0\0\0\0\0\0\0\0\0\0\0\0\0\0\0\0\0\0\0\0\0\0\0\0\0\0\0\0\0\0\0\0\0\0\0\0\0\0\0\0\0\0"..., 65536, 0) = 10240
pread64(3</tmp/nia-publication-fault-tj331zq_/case/store/objects/4a/36f6eb7c1b236ab6cb28ddb882919e888bf393dfc00d93008ad6730697f8f7>, "", 55296, 10240) = 0
pread64(3</tmp/nia-publication-fault-tj331zq_/case/store/objects/4a/36f6eb7c1b236ab6cb28ddb882919e888bf393dfc00d93008ad6730697f8f7>, "", 65536, 10240) = 0
pread64(3</tmp/nia-publication-fault-tj331zq_/case/store/objects/4a/36f6eb7c1b236ab6cb28ddb882919e888bf393dfc00d93008ad6730697f8f7>, "./control\0\0\0\0\0\0\0\0\0\0\0\0\0\0\0\0\0\0\0\0\0\0\0\0\0\0\0\0\0\0\0\0\0\0\0\0\0\0\0\0\0\0\0\0\0\0\0\0\0\0\0\0\0\0\0\0\0\0\0\0\0\0\0\0\0\0\0\0\0\0\0\0\0\0\0\0\0\0\0\0\0\0\0\0\0\0\0"..., 10240, 0) = 10240
fsync(14</tmp/nia-publication-fault-tj331zq_/case/store/incoming>) = 0
write(13</tmp/nia-publication-fault-tj331zq_/case/store/incoming/36087efa42e29546921a0a14c4e858f4>, "Package: empty-package\nVersion: 1\nArchitecture: all\nMaintainer: Fixture <fixture@example.invalid"..., 149) = 149
fsync(13</tmp/nia-publication-fault-tj331zq_/case/store/incoming/36087efa42e29546921a0a14c4e858f4>) = 0
renameat2(14</tmp/nia-publication-fault-tj331zq_/case/store/incoming>, "36087efa42e29546921a0a14c4e858f4", 13</tmp/nia-publication-fault-tj331zq_/case/store/objects/a3>, "1a856f430af395bccd7eb2f142b11ad3ae0fc5daf3acc4ffb341c48a5abd39", RENAME_NOREPLACE) = -1 EEXIST (File exists)
pread64(13</tmp/nia-publication-fault-tj331zq_/case/store/objects/a3/1a856f430af395bccd7eb2f142b11ad3ae0fc5daf3acc4ffb341c48a5abd39>, "Package: empty-package\nVersion: 1\nArchitecture: all\nMaintainer: Fixture <fixture@example.invalid"..., 65536, 0) = 149
pread64(13</tmp/nia-publication-fault-tj331zq_/case/store/objects/a3/1a856f430af395bccd7eb2f142b11ad3ae0fc5daf3acc4ffb341c48a5abd39>, "", 65387, 149) = 0
pread64(13</tmp/nia-publication-fault-tj331zq_/case/store/objects/a3/1a856f430af395bccd7eb2f142b11ad3ae0fc5daf3acc4ffb341c48a5abd39>, "", 65536, 149) = 0
fsync(14</tmp/nia-publication-fault-tj331zq_/case/store/incoming>) = 0
pread64(3</tmp/nia-publication-fault-tj331zq_/case/store/objects/a3/1a856f430af395bccd7eb2f142b11ad3ae0fc5daf3acc4ffb341c48a5abd39>, "Package: empty-package\nVersion: 1\nArchitecture: all\nMaintainer: Fixture <fixture@example.invalid"..., 65536, 0) = 149
pread64(3</tmp/nia-publication-fault-tj331zq_/case/store/objects/a3/1a856f430af395bccd7eb2f142b11ad3ae0fc5daf3acc4ffb341c48a5abd39>, "", 65387, 149) = 0
pread64(3</tmp/nia-publication-fault-tj331zq_/case/store/objects/a3/1a856f430af395bccd7eb2f142b11ad3ae0fc5daf3acc4ffb341c48a5abd39>, "", 65536, 149) = 0
pread64(3</tmp/nia-publication-fault-tj331zq_/case/store/objects/a3/1a856f430af395bccd7eb2f142b11ad3ae0fc5daf3acc4ffb341c48a5abd39>, "Package: empty-package\nVersion: 1\nArchitecture: all\nMaintainer: Fixture <fixture@example.invalid"..., 16777216, 0) = 149
pread64(3</tmp/nia-publication-fault-tj331zq_/case/store/objects/a3/1a856f430af395bccd7eb2f142b11ad3ae0fc5daf3acc4ffb341c48a5abd39>, "", 16777067, 149) = 0
pread64(3</tmp/nia-publication-fault-tj331zq_/case/store/objects/a3/1a856f430af395bccd7eb2f142b11ad3ae0fc5daf3acc4ffb341c48a5abd39>, "Package: empty-package\nVersion: 1\nArchitecture: all\nMaintainer: Fixture <fixture@example.invalid"..., 65536, 0) = 149
pread64(3</tmp/nia-publication-fault-tj331zq_/case/store/objects/a3/1a856f430af395bccd7eb2f142b11ad3ae0fc5daf3acc4ffb341c48a5abd39>, "", 65387, 149) = 0
pread64(3</tmp/nia-publication-fault-tj331zq_/case/store/objects/a3/1a856f430af395bccd7eb2f142b11ad3ae0fc5daf3acc4ffb341c48a5abd39>, "", 65536, 149) = 0
pread64(3</tmp/nia-publication-fault-tj331zq_/case/store/objects/a3/1a856f430af395bccd7eb2f142b11ad3ae0fc5daf3acc4ffb341c48a5abd39>, "Package: empty-package\nVersion: 1\nArchitecture: all\nMaintainer: Fixture <fixture@example.invalid"..., 16777216, 0) = 149
pread64(3</tmp/nia-publication-fault-tj331zq_/case/store/objects/a3/1a856f430af395bccd7eb2f142b11ad3ae0fc5daf3acc4ffb341c48a5abd39>, "", 16777067, 149) = 0
pread64(3</tmp/nia-publication-fault-tj331zq_/case/store/objects/0c/a179e6befeb761f3613f1ef57ca892ebc3a6a228dca32f1309f0ac06a7de7e>, "!<arch>\ndebian-binary/  0           0     0     100644  4         `\n2.0\ncontrol.tar/    0       "..., 65536, 0) = 20672
pread64(3</tmp/nia-publication-fault-tj331zq_/case/store/objects/0c/a179e6befeb761f3613f1ef57ca892ebc3a6a228dca32f1309f0ac06a7de7e>, "", 44864, 20672) = 0
pread64(3</tmp/nia-publication-fault-tj331zq_/case/store/objects/0c/a179e6befeb761f3613f1ef57ca892ebc3a6a228dca32f1309f0ac06a7de7e>, "", 65536, 20672) = 0
pread64(3</tmp/nia-publication-fault-tj331zq_/case/store/objects/0c/a179e6befeb761f3613f1ef57ca892ebc3a6a228dca32f1309f0ac06a7de7e>, "!<arch>\n", 8, 0) = 8
pread64(3</tmp/nia-publication-fault-tj331zq_/case/store/objects/0c/a179e6befeb761f3613f1ef57ca892ebc3a6a228dca32f1309f0ac06a7de7e>, "debian-binary/  0           0     0     100644  4         `\n", 60, 8) = 60
pread64(3</tmp/nia-publication-fault-tj331zq_/case/store/objects/0c/a179e6befeb761f3613f1ef57ca892ebc3a6a228dca32f1309f0ac06a7de7e>, "2.0\n", 4, 68) = 4
pread64(3</tmp/nia-publication-fault-tj331zq_/case/store/objects/0c/a179e6befeb761f3613f1ef57ca892ebc3a6a228dca32f1309f0ac06a7de7e>, "2.0\n", 4, 68) = 4
pread64(3</tmp/nia-publication-fault-tj331zq_/case/store/objects/0c/a179e6befeb761f3613f1ef57ca892ebc3a6a228dca32f1309f0ac06a7de7e>, "control.tar/    0           0     0     100644  10240     `\n", 60, 72) = 60
pread64(3</tmp/nia-publication-fault-tj331zq_/case/store/objects/0c/a179e6befeb761f3613f1ef57ca892ebc3a6a228dca32f1309f0ac06a7de7e>, "./control\0\0\0\0\0\0\0\0\0\0\0\0\0\0\0\0\0\0\0\0\0\0\0\0\0\0\0\0\0\0\0\0\0\0\0\0\0\0\0\0\0\0\0\0\0\0\0\0\0\0\0\0\0\0\0\0\0\0\0\0\0\0\0\0\0\0\0\0\0\0\0\0\0\0\0\0\0\0\0\0\0\0\0\0\0\0\0"..., 10240, 132) = 10240
pread64(3</tmp/nia-publication-fault-tj331zq_/case/store/objects/0c/a179e6befeb761f3613f1ef57ca892ebc3a6a228dca32f1309f0ac06a7de7e>, "data.tar/       0           0     0     100644  10240     `\n", 60, 10372) = 60
pread64(3</tmp/nia-publication-fault-tj331zq_/case/store/objects/0c/a179e6befeb761f3613f1ef57ca892ebc3a6a228dca32f1309f0ac06a7de7e>, "\0\0\0\0\0\0\0\0\0\0\0\0\0\0\0\0\0\0\0\0\0\0\0\0\0\0\0\0\0\0\0\0\0\0\0\0\0\0\0\0\0\0\0\0\0\0\0\0\0\0\0\0\0\0\0\0\0\0\0\0\0\0\0\0\0\0\0\0\0\0\0\0\0\0\0\0\0\0\0\0\0\0\0\0\0\0\0\0\0\0\0\0\0\0\0\0"..., 10240, 10432) = 10240
pread64(3</tmp/nia-publication-fault-tj331zq_/case/store/objects/0c/a179e6befeb761f3613f1ef57ca892ebc3a6a228dca32f1309f0ac06a7de7e>, "!<arch>\ndebian-binary/  0           0     0     100644  4         `\n2.0\ncontrol.tar/    0       "..., 65536, 0) = 20672
pread64(3</tmp/nia-publication-fault-tj331zq_/case/store/objects/0c/a179e6befeb761f3613f1ef57ca892ebc3a6a228dca32f1309f0ac06a7de7e>, "", 44864, 20672) = 0
pread64(3</tmp/nia-publication-fault-tj331zq_/case/store/objects/0c/a179e6befeb761f3613f1ef57ca892ebc3a6a228dca32f1309f0ac06a7de7e>, "", 65536, 20672) = 0
pread64(3</tmp/nia-publication-fault-tj331zq_/case/store/objects/0c/a179e6befeb761f3613f1ef57ca892ebc3a6a228dca32f1309f0ac06a7de7e>, "!<arch>\n", 8, 0) = 8
pread64(3</tmp/nia-publication-fault-tj331zq_/case/store/objects/0c/a179e6befeb761f3613f1ef57ca892ebc3a6a228dca32f1309f0ac06a7de7e>, "debian-binary/  0           0     0     100644  4         `\n", 60, 8) = 60
pread64(3</tmp/nia-publication-fault-tj331zq_/case/store/objects/0c/a179e6befeb761f3613f1ef57ca892ebc3a6a228dca32f1309f0ac06a7de7e>, "2.0\n", 4, 68) = 4
pread64(3</tmp/nia-publication-fault-tj331zq_/case/store/objects/0c/a179e6befeb761f3613f1ef57ca892ebc3a6a228dca32f1309f0ac06a7de7e>, "2.0\n", 4, 68) = 4
pread64(3</tmp/nia-publication-fault-tj331zq_/case/store/objects/0c/a179e6befeb761f3613f1ef57ca892ebc3a6a228dca32f1309f0ac06a7de7e>, "control.tar/    0           0     0     100644  10240     `\n", 60, 72) = 60
pread64(3</tmp/nia-publication-fault-tj331zq_/case/store/objects/0c/a179e6befeb761f3613f1ef57ca892ebc3a6a228dca32f1309f0ac06a7de7e>, "./control\0\0\0\0\0\0\0\0\0\0\0\0\0\0\0\0\0\0\0\0\0\0\0\0\0\0\0\0\0\0\0\0\0\0\0\0\0\0\0\0\0\0\0\0\0\0\0\0\0\0\0\0\0\0\0\0\0\0\0\0\0\0\0\0\0\0\0\0\0\0\0\0\0\0\0\0\0\0\0\0\0\0\0\0\0\0\0"..., 10240, 132) = 10240
pread64(3</tmp/nia-publication-fault-tj331zq_/case/store/objects/0c/a179e6befeb761f3613f1ef57ca892ebc3a6a228dca32f1309f0ac06a7de7e>, "data.tar/       0           0     0     100644  10240     `\n", 60, 10372) = 60
pread64(3</tmp/nia-publication-fault-tj331zq_/case/store/objects/0c/a179e6befeb761f3613f1ef57ca892ebc3a6a228dca32f1309f0ac06a7de7e>, "\0\0\0\0\0\0\0\0\0\0\0\0\0\0\0\0\0\0\0\0\0\0\0\0\0\0\0\0\0\0\0\0\0\0\0\0\0\0\0\0\0\0\0\0\0\0\0\0\0\0\0\0\0\0\0\0\0\0\0\0\0\0\0\0\0\0\0\0\0\0\0\0\0\0\0\0\0\0\0\0\0\0\0\0\0\0\0\0\0\0\0\0\0\0\0\0"..., 10240, 10432) = 10240
fsync(14</tmp/nia-publication-fault-tj331zq_/case/store/incoming>) = 0
pread64(3</tmp/nia-publication-fault-tj331zq_/case/store/objects/0c/a179e6befeb761f3613f1ef57ca892ebc3a6a228dca32f1309f0ac06a7de7e>, "./control\0\0\0\0\0\0\0\0\0\0\0\0\0\0\0\0\0\0\0\0\0\0\0\0\0\0\0\0\0\0\0\0\0\0\0\0\0\0\0\0\0\0\0\0\0\0\0\0\0\0\0\0\0\0\0\0\0\0\0\0\0\0\0\0\0\0\0\0\0\0\0\0\0\0\0\0\0\0\0\0\0\0\0\0\0\0\0"..., 10240, 132) = 10240
write(13</tmp/nia-publication-fault-tj331zq_/case/store/incoming/487bfe1d6bfab2cd2253ba138354db58>, "./control\0\0\0\0\0\0\0\0\0\0\0\0\0\0\0\0\0\0\0\0\0\0\0\0\0\0\0\0\0\0\0\0\0\0\0\0\0\0\0\0\0\0\0\0\0\0\0\0\0\0\0\0\0\0\0\0\0\0\0\0\0\0\0\0\0\0\0\0\0\0\0\0\0\0\0\0\0\0\0\0\0\0\0\0\0\0\0"..., 10240) = 10240
fsync(13</tmp/nia-publication-fault-tj331zq_/case/store/incoming/487bfe1d6bfab2cd2253ba138354db58>) = 0
renameat2(14</tmp/nia-publication-fault-tj331zq_/case/store/incoming>, "487bfe1d6bfab2cd2253ba138354db58", 13</tmp/nia-publication-fault-tj331zq_/case/store/objects/4a>, "36f6eb7c1b236ab6cb28ddb882919e888bf393dfc00d93008ad6730697f8f7", RENAME_NOREPLACE) = -1 EEXIST (File exists)
pread64(13</tmp/nia-publication-fault-tj331zq_/case/store/objects/4a/36f6eb7c1b236ab6cb28ddb882919e888bf393dfc00d93008ad6730697f8f7>, "./control\0\0\0\0\0\0\0\0\0\0\0\0\0\0\0\0\0\0\0\0\0\0\0\0\0\0\0\0\0\0\0\0\0\0\0\0\0\0\0\0\0\0\0\0\0\0\0\0\0\0\0\0\0\0\0\0\0\0\0\0\0\0\0\0\0\0\0\0\0\0\0\0\0\0\0\0\0\0\0\0\0\0\0\0\0\0\0"..., 65536, 0) = 10240
pread64(13</tmp/nia-publication-fault-tj331zq_/case/store/objects/4a/36f6eb7c1b236ab6cb28ddb882919e888bf393dfc00d93008ad6730697f8f7>, "", 55296, 10240) = 0
pread64(13</tmp/nia-publication-fault-tj331zq_/case/store/objects/4a/36f6eb7c1b236ab6cb28ddb882919e888bf393dfc00d93008ad6730697f8f7>, "", 65536, 10240) = 0
fsync(14</tmp/nia-publication-fault-tj331zq_/case/store/incoming>) = 0
pread64(3</tmp/nia-publication-fault-tj331zq_/case/store/objects/4a/36f6eb7c1b236ab6cb28ddb882919e888bf393dfc00d93008ad6730697f8f7>, "./control\0\0\0\0\0\0\0\0\0\0\0\0\0\0\0\0\0\0\0\0\0\0\0\0\0\0\0\0\0\0\0\0\0\0\0\0\0\0\0\0\0\0\0\0\0\0\0\0\0\0\0\0\0\0\0\0\0\0\0\0\0\0\0\0\0\0\0\0\0\0\0\0\0\0\0\0\0\0\0\0\0\0\0\0\0\0\0"..., 65536, 0) = 10240
pread64(3</tmp/nia-publication-fault-tj331zq_/case/store/objects/4a/36f6eb7c1b236ab6cb28ddb882919e888bf393dfc00d93008ad6730697f8f7>, "", 55296, 10240) = 0
pread64(3</tmp/nia-publication-fault-tj331zq_/case/store/objects/4a/36f6eb7c1b236ab6cb28ddb882919e888bf393dfc00d93008ad6730697f8f7>, "", 65536, 10240) = 0
pread64(3</tmp/nia-publication-fault-tj331zq_/case/store/objects/4a/36f6eb7c1b236ab6cb28ddb882919e888bf393dfc00d93008ad6730697f8f7>, "./control\0\0\0\0\0\0\0\0\0\0\0\0\0\0\0\0\0\0\0\0\0\0\0\0\0\0\0\0\0\0\0\0\0\0\0\0\0\0\0\0\0\0\0\0\0\0\0\0\0\0\0\0\0\0\0\0\0\0\0\0\0\0\0\0\0\0\0\0\0\0\0\0\0\0\0\0\0\0\0\0\0\0\0\0\0\0\0"..., 10240, 0) = 10240
fsync(14</tmp/nia-publication-fault-tj331zq_/case/store/incoming>) = 0
write(13</tmp/nia-publication-fault-tj331zq_/case/store/incoming/8a7dc890441c7ab7a55c9bf79439ba9d>, "Package: empty-package\nVersion: 1\nArchitecture: all\nMaintainer: Fixture <fixture@example.invalid"..., 149) = 149
fsync(13</tmp/nia-publication-fault-tj331zq_/case/store/incoming/8a7dc890441c7ab7a55c9bf79439ba9d>) = 0
renameat2(14</tmp/nia-publication-fault-tj331zq_/case/store/incoming>, "8a7dc890441c7ab7a55c9bf79439ba9d", 13</tmp/nia-publication-fault-tj331zq_/case/store/objects/a3>, "1a856f430af395bccd7eb2f142b11ad3ae0fc5daf3acc4ffb341c48a5abd39", RENAME_NOREPLACE) = -1 EEXIST (File exists)
pread64(13</tmp/nia-publication-fault-tj331zq_/case/store/objects/a3/1a856f430af395bccd7eb2f142b11ad3ae0fc5daf3acc4ffb341c48a5abd39>, "Package: empty-package\nVersion: 1\nArchitecture: all\nMaintainer: Fixture <fixture@example.invalid"..., 65536, 0) = 149
pread64(13</tmp/nia-publication-fault-tj331zq_/case/store/objects/a3/1a856f430af395bccd7eb2f142b11ad3ae0fc5daf3acc4ffb341c48a5abd39>, "", 65387, 149) = 0
pread64(13</tmp/nia-publication-fault-tj331zq_/case/store/objects/a3/1a856f430af395bccd7eb2f142b11ad3ae0fc5daf3acc4ffb341c48a5abd39>, "", 65536, 149) = 0
fsync(14</tmp/nia-publication-fault-tj331zq_/case/store/incoming>) = 0
pread64(3</tmp/nia-publication-fault-tj331zq_/case/store/objects/0c/a179e6befeb761f3613f1ef57ca892ebc3a6a228dca32f1309f0ac06a7de7e>, "!<arch>\ndebian-binary/  0           0     0     100644  4         `\n2.0\ncontrol.tar/    0       "..., 65536, 0) = 20672
pread64(3</tmp/nia-publication-fault-tj331zq_/case/store/objects/0c/a179e6befeb761f3613f1ef57ca892ebc3a6a228dca32f1309f0ac06a7de7e>, "", 44864, 20672) = 0
pread64(3</tmp/nia-publication-fault-tj331zq_/case/store/objects/0c/a179e6befeb761f3613f1ef57ca892ebc3a6a228dca32f1309f0ac06a7de7e>, "", 65536, 20672) = 0
pread64(3</tmp/nia-publication-fault-tj331zq_/case/store/objects/4a/36f6eb7c1b236ab6cb28ddb882919e888bf393dfc00d93008ad6730697f8f7>, "./control\0\0\0\0\0\0\0\0\0\0\0\0\0\0\0\0\0\0\0\0\0\0\0\0\0\0\0\0\0\0\0\0\0\0\0\0\0\0\0\0\0\0\0\0\0\0\0\0\0\0\0\0\0\0\0\0\0\0\0\0\0\0\0\0\0\0\0\0\0\0\0\0\0\0\0\0\0\0\0\0\0\0\0\0\0\0\0"..., 65536, 0) = 10240
pread64(3</tmp/nia-publication-fault-tj331zq_/case/store/objects/4a/36f6eb7c1b236ab6cb28ddb882919e888bf393dfc00d93008ad6730697f8f7>, "", 55296, 10240) = 0
pread64(3</tmp/nia-publication-fault-tj331zq_/case/store/objects/4a/36f6eb7c1b236ab6cb28ddb882919e888bf393dfc00d93008ad6730697f8f7>, "", 65536, 10240) = 0
pread64(3</tmp/nia-publication-fault-tj331zq_/case/store/objects/84/ff92691f909a05b224e1c56abb4864f01b4f8e3c854e4bb4c7baf1d3f6d652>, "\0\0\0\0\0\0\0\0\0\0\0\0\0\0\0\0\0\0\0\0\0\0\0\0\0\0\0\0\0\0\0\0\0\0\0\0\0\0\0\0\0\0\0\0\0\0\0\0\0\0\0\0\0\0\0\0\0\0\0\0\0\0\0\0\0\0\0\0\0\0\0\0\0\0\0\0\0\0\0\0\0\0\0\0\0\0\0\0\0\0\0\0\0\0\0\0"..., 65536, 0) = 10240
pread64(3</tmp/nia-publication-fault-tj331zq_/case/store/objects/84/ff92691f909a05b224e1c56abb4864f01b4f8e3c854e4bb4c7baf1d3f6d652>, "", 55296, 10240) = 0
pread64(3</tmp/nia-publication-fault-tj331zq_/case/store/objects/84/ff92691f909a05b224e1c56abb4864f01b4f8e3c854e4bb4c7baf1d3f6d652>, "", 65536, 10240) = 0
pread64(3</tmp/nia-publication-fault-tj331zq_/case/store/objects/8e/e688345e1d9502ee8cd7277a453c30bfb77b947201beb3300e9df2b8ca321d>, "\0\0\0\0\0\0\0\10NIACSEL1\273\343\341b6\331$M\267\345\300\262\251\302\306\27f\270\251!\330\260\227\374\323p\347\177\25.\3311\0\0\0\0\0\0\0\1\f\241y\346\276\376\267a\363a?\36\365|\250\222\353\303\246\242(\334\243/\23\t\360\254\6\247\336~J6\366\353|\33#j"..., 65536, 0) = 152
pread64(3</tmp/nia-publication-fault-tj331zq_/case/store/objects/8e/e688345e1d9502ee8cd7277a453c30bfb77b947201beb3300e9df2b8ca321d>, "", 65384, 152) = 0
pread64(3</tmp/nia-publication-fault-tj331zq_/case/store/objects/8e/e688345e1d9502ee8cd7277a453c30bfb77b947201beb3300e9df2b8ca321d>, "", 65536, 152) = 0
pread64(3</tmp/nia-publication-fault-tj331zq_/case/store/objects/a3/1a856f430af395bccd7eb2f142b11ad3ae0fc5daf3acc4ffb341c48a5abd39>, "Package: empty-package\nVersion: 1\nArchitecture: all\nMaintainer: Fixture <fixture@example.invalid"..., 65536, 0) = 149
pread64(3</tmp/nia-publication-fault-tj331zq_/case/store/objects/a3/1a856f430af395bccd7eb2f142b11ad3ae0fc5daf3acc4ffb341c48a5abd39>, "", 65387, 149) = 0
pread64(3</tmp/nia-publication-fault-tj331zq_/case/store/objects/a3/1a856f430af395bccd7eb2f142b11ad3ae0fc5daf3acc4ffb341c48a5abd39>, "", 65536, 149) = 0
fsync(13</tmp/nia-publication-fault-tj331zq_/case/store/incoming>) = 0
write(3</tmp/nia-publication-fault-tj331zq_/case/store/incoming/f9ac0f1be95e4ee2feddd77072ebb09b>, "NIACLOS1\216\346\2104^\35\225\2\356\214\327'zE<0\277\267{\224r\1\276\2630\16\235\362\270\3122\35\273\343\341b6\331$M\267\345\300\262\251\302\306\27f\270\251!\330\260\227\374\323p\347\177\25.\3311\0\0\0\0\0\0\0\5", 80) = 80
write(3</tmp/nia-publication-fault-tj331zq_/case/store/incoming/f9ac0f1be95e4ee2feddd77072ebb09b>, "\f\241y\346\276\376\267a\363a?\36\365|\250\222\353\303\246\242(\334\243/\23\t\360\254\6\247\336~", 32) = 32
write(3</tmp/nia-publication-fault-tj331zq_/case/store/incoming/f9ac0f1be95e4ee2feddd77072ebb09b>, "J6\366\353|\33#j\266\313(\335\270\202\221\236\210\213\363\223\337\300\r\223\0\212\326s\6\227\370\367", 32) = 32
write(3</tmp/nia-publication-fault-tj331zq_/case/store/incoming/f9ac0f1be95e4ee2feddd77072ebb09b>, "\204\377\222i\37\220\232\5\262$\341\305j\273Hd\360\33O\216<\205NK\264\307\272\361\323\366\326R", 32) = 32
write(3</tmp/nia-publication-fault-tj331zq_/case/store/incoming/f9ac0f1be95e4ee2feddd77072ebb09b>, "\216\346\2104^\35\225\2\356\214\327'zE<0\277\267{\224r\1\276\2630\16\235\362\270\3122\35", 32) = 32
write(3</tmp/nia-publication-fault-tj331zq_/case/store/incoming/f9ac0f1be95e4ee2feddd77072ebb09b>, "\243\32\205oC\n\363\225\274\315~\262\361B\261\32\323\256\17\305\332\363\254\304\377\263A\304\212Z\2759", 32) = 32
fsync(3</tmp/nia-publication-fault-tj331zq_/case/store/incoming/f9ac0f1be95e4ee2feddd77072ebb09b>) = 0
renameat2(13</tmp/nia-publication-fault-tj331zq_/case/store/incoming>, "f9ac0f1be95e4ee2feddd77072ebb09b", 3</tmp/nia-publication-fault-tj331zq_/case/store/objects/32>, "094e7c613fdb6dffb1f27d926b176f7fd8946b8c2cf3ca9e3b95cb91a1a8ca", RENAME_NOREPLACE) = -1 EEXIST (File exists)
pread64(3</tmp/nia-publication-fault-tj331zq_/case/store/objects/32/094e7c613fdb6dffb1f27d926b176f7fd8946b8c2cf3ca9e3b95cb91a1a8ca>, "NIACLOS1\216\346\2104^\35\225\2\356\214\327'zE<0\277\267{\224r\1\276\2630\16\235\362\270\3122\35\273\343\341b6\331$M\267\345\300\262\251\302\306\27f\270\251!\330\260\227\374\323p\347\177\25.\3311\0\0\0\0\0\0\0\5\f\241y\346\276\376\267a\363a?\36\365|\250\222"..., 65536, 0) = 240
pread64(3</tmp/nia-publication-fault-tj331zq_/case/store/objects/32/094e7c613fdb6dffb1f27d926b176f7fd8946b8c2cf3ca9e3b95cb91a1a8ca>, "", 65296, 240) = 0
pread64(3</tmp/nia-publication-fault-tj331zq_/case/store/objects/32/094e7c613fdb6dffb1f27d926b176f7fd8946b8c2cf3ca9e3b95cb91a1a8ca>, "", 65536, 240) = 0
fsync(13</tmp/nia-publication-fault-tj331zq_/case/store/incoming>) = 0
pread64(3</tmp/nia-publication-fault-tj331zq_/case/store/objects/06/3e13748cbe35935a68f2a4e813e304a840ad6be46e05313190b7df3df64069>, "MCPLAN02))))))))))))))))J\221\251af\2333\363\322\2457\334\20\314\305\221\0\0\0\0\0\0\0\0\0\0\0\0\0\0\0\1\0\0\0\0\0\0\0\1\0\0\0\0\0\0\0\2\216\346\2104^\35\225\2\356\214\327'zE<0\277\267{\224r\1\276\263"..., 65536, 0) = 995
pread64(3</tmp/nia-publication-fault-tj331zq_/case/store/objects/06/3e13748cbe35935a68f2a4e813e304a840ad6be46e05313190b7df3df64069>, "", 64541, 995) = 0
pread64(3</tmp/nia-publication-fault-tj331zq_/case/store/objects/06/3e13748cbe35935a68f2a4e813e304a840ad6be46e05313190b7df3df64069>, "", 65536, 995) = 0
pread64(3</tmp/nia-publication-fault-tj331zq_/case/store/objects/06/3e13748cbe35935a68f2a4e813e304a840ad6be46e05313190b7df3df64069>, "MCPLAN02))))))))))))))))J\221\251af\2333\363\322\2457\334\20\314\305\221\0\0\0\0\0\0\0\0\0\0\0\0\0\0\0\1\0\0\0\0\0\0\0\1\0\0\0\0\0\0\0\2\216\346\2104^\35\225\2\356\214\327'zE<0\277\267{\224r\1\276\263"..., 4500000, 0) = 995
pread64(3</tmp/nia-publication-fault-tj331zq_/case/store/objects/06/3e13748cbe35935a68f2a4e813e304a840ad6be46e05313190b7df3df64069>, "", 4499005, 995) = 0
pread64(3</tmp/nia-publication-fault-tj331zq_/case/store/pins/4a91a961669b33f3d2a537dc10ccc591>, "\6>\23t\214\2765\223Zh\362\244\350\23\343\4\250@\255k\344n\00511\220\267\337=\366@i", 33, 0) = 32
pread64(3</tmp/nia-publication-fault-tj331zq_/case/store/pins/4a91a961669b33f3d2a537dc10ccc591>, "", 1, 32) = 0
fsync(3</tmp/nia-publication-fault-tj331zq_/case/bank/29292929292929292929292929292929/state>) = 0
pread64(13</tmp/nia-publication-fault-tj331zq_/case/bank/29292929292929292929292929292929/state/tx-4a91a961669b33f3d2a537dc10ccc591.log>, "MCLOG002\0\0\0\0\0\0\0\1\0\1\0\0\0\0\0\0))))))))))))))))J\221\251af\2333\363\322\2457\334\20\314\305\221\0\0\0\0\0\0\0\1\0\0\0\0\0\0\0\2\0\0\0\0\0\0\0\0\0\0\0\0\0\0\0\1\6>\23t\214\2765\223"..., 256, 0) = 256
pread64(13</tmp/nia-publication-fault-tj331zq_/case/bank/29292929292929292929292929292929/state/tx-4a91a961669b33f3d2a537dc10ccc591.log>, "MCLOG002\0\0\0\0\0\0\0\2\0\2\0\0\0\0\0\0))))))))))))))))J\221\251af\2333\363\322\2457\334\20\314\305\221\0\0\0\0\0\0\0\1\0\0\0\0\0\0\0\2\0\0\0\0\0\0\0\1\0\0\0\0\0\0\0\1\6>\23t\214\2765\223"..., 256, 256) = 256
pread64(13</tmp/nia-publication-fault-tj331zq_/case/bank/29292929292929292929292929292929/state/tx-4a91a961669b33f3d2a537dc10ccc591.log>, "MCLOG002\0\0\0\0\0\0\0\3\0\3\0\0\0\0\0\0))))))))))))))))J\221\251af\2333\363\322\2457\334\20\314\305\221\0\0\0\0\0\0\0\1\0\0\0\0\0\0\0\2\0\0\0\0\0\0\0\1\0\0\0\0\0\0\0\1\6>\23t\214\2765\223"..., 256, 512) = 256
pread64(13</tmp/nia-publication-fault-tj331zq_/case/bank/29292929292929292929292929292929/state/tx-4a91a961669b33f3d2a537dc10ccc591.log>, "MCLOG002\0\0\0\0\0\0\0\4\0\2\0\0\0\0\0\0))))))))))))))))J\221\251af\2333\363\322\2457\334\20\314\305\221\0\0\0\0\0\0\0\1\0\0\0\0\0\0\0\2\0\0\0\0\0\0\0\2\0\0\0\0\0\0\0\1\6>\23t\214\2765\223"..., 256, 768) = 256
pread64(13</tmp/nia-publication-fault-tj331zq_/case/bank/29292929292929292929292929292929/state/tx-4a91a961669b33f3d2a537dc10ccc591.log>, "MCLOG002\0\0\0\0\0\0\0\5\0\3\0\0\0\0\0\0))))))))))))))))J\221\251af\2333\363\322\2457\334\20\314\305\221\0\0\0\0\0\0\0\1\0\0\0\0\0\0\0\2\0\0\0\0\0\0\0\2\0\0\0\0\0\0\0\1\6>\23t\214\2765\223"..., 256, 1024) = 256
pread64(13</tmp/nia-publication-fault-tj331zq_/case/bank/29292929292929292929292929292929/state/tx-4a91a961669b33f3d2a537dc10ccc591.log>, "MCLOG002\0\0\0\0\0\0\0\6\0\2\0\0\0\0\0\0))))))))))))))))J\221\251af\2333\363\322\2457\334\20\314\305\221\0\0\0\0\0\0\0\1\0\0\0\0\0\0\0\2\0\0\0\0\0\0\0\3\0\0\0\0\0\0\0\1\6>\23t\214\2765\223"..., 256, 1280) = 256
pread64(13</tmp/nia-publication-fault-tj331zq_/case/bank/29292929292929292929292929292929/state/tx-4a91a961669b33f3d2a537dc10ccc591.log>, "MCLOG002\0\0\0\0\0\0\0\7\0\3\0\0\0\0\0\0))))))))))))))))J\221\251af\2333\363\322\2457\334\20\314\305\221\0\0\0\0\0\0\0\1\0\0\0\0\0\0\0\2\0\0\0\0\0\0\0\3\0\0\0\0\0\0\0\1\6>\23t\214\2765\223"..., 256, 1536) = 256
pread64(13</tmp/nia-publication-fault-tj331zq_/case/bank/29292929292929292929292929292929/state/tx-4a91a961669b33f3d2a537dc10ccc591.log>, "MCLOG002\0\0\0\0\0\0\0\10\0\4\0\0\0\0\0\0))))))))))))))))J\221\251af\2333\363\322\2457\334\20\314\305\221\0\0\0\0\0\0\0\1\0\0\0\0\0\0\0\2\0\0\0\0\0\0\0\0\0\0\0\0\0\0\0\1\6>\23t\214\2765\223"..., 256, 1792) = 256
pread64(13</tmp/nia-publication-fault-tj331zq_/case/bank/29292929292929292929292929292929/state/tx-4a91a961669b33f3d2a537dc10ccc591.log>, "MCLOG002\0\0\0\0\0\0\0\t\0\5\0\0\0\0\0\0))))))))))))))))J\221\251af\2333\363\322\2457\334\20\314\305\221\0\0\0\0\0\0\0\1\0\0\0\0\0\0\0\2\0\0\0\0\0\0\0\0\0\0\0\0\0\0\0\1f\246uqQ\370\356U"..., 256, 2048) = 256
pread64(13</tmp/nia-publication-fault-tj331zq_/case/bank/29292929292929292929292929292929/state/tx-4a91a961669b33f3d2a537dc10ccc591.log>, "MCLOG002\0\0\0\0\0\0\0\n\0\6\0\0\0\0\0\0))))))))))))))))J\221\251af\2333\363\322\2457\334\20\314\305\221\0\0\0\0\0\0\0\1\0\0\0\0\0\0\0\2\0\0\0\0\0\0\0\0\0\0\0\0\0\0\0\1f\246uqQ\370\356U"..., 256, 2304) = 256
pread64(13</tmp/nia-publication-fault-tj331zq_/case/bank/29292929292929292929292929292929/state/tx-4a91a961669b33f3d2a537dc10ccc591.log>, "MCLOG002\0\0\0\0\0\0\0\1\0\1\0\0\0\0\0\0))))))))))))))))J\221\251af\2333\363\322\2457\334\20\314\305\221\0\0\0\0\0\0\0\1\0\0\0\0\0\0\0\2\0\0\0\0\0\0\0\0\0\0\0\0\0\0\0\1\6>\23t\214\2765\223"..., 256, 0) = 256
pread64(13</tmp/nia-publication-fault-tj331zq_/case/bank/29292929292929292929292929292929/state/tx-4a91a961669b33f3d2a537dc10ccc591.log>, "MCLOG002\0\0\0\0\0\0\0\2\0\2\0\0\0\0\0\0))))))))))))))))J\221\251af\2333\363\322\2457\334\20\314\305\221\0\0\0\0\0\0\0\1\0\0\0\0\0\0\0\2\0\0\0\0\0\0\0\1\0\0\0\0\0\0\0\1\6>\23t\214\2765\223"..., 256, 256) = 256
pread64(13</tmp/nia-publication-fault-tj331zq_/case/bank/29292929292929292929292929292929/state/tx-4a91a961669b33f3d2a537dc10ccc591.log>, "MCLOG002\0\0\0\0\0\0\0\3\0\3\0\0\0\0\0\0))))))))))))))))J\221\251af\2333\363\322\2457\334\20\314\305\221\0\0\0\0\0\0\0\1\0\0\0\0\0\0\0\2\0\0\0\0\0\0\0\1\0\0\0\0\0\0\0\1\6>\23t\214\2765\223"..., 256, 512) = 256
pread64(13</tmp/nia-publication-fault-tj331zq_/case/bank/29292929292929292929292929292929/state/tx-4a91a961669b33f3d2a537dc10ccc591.log>, "MCLOG002\0\0\0\0\0\0\0\4\0\2\0\0\0\0\0\0))))))))))))))))J\221\251af\2333\363\322\2457\334\20\314\305\221\0\0\0\0\0\0\0\1\0\0\0\0\0\0\0\2\0\0\0\0\0\0\0\2\0\0\0\0\0\0\0\1\6>\23t\214\2765\223"..., 256, 768) = 256
pread64(13</tmp/nia-publication-fault-tj331zq_/case/bank/29292929292929292929292929292929/state/tx-4a91a961669b33f3d2a537dc10ccc591.log>, "MCLOG002\0\0\0\0\0\0\0\5\0\3\0\0\0\0\0\0))))))))))))))))J\221\251af\2333\363\322\2457\334\20\314\305\221\0\0\0\0\0\0\0\1\0\0\0\0\0\0\0\2\0\0\0\0\0\0\0\2\0\0\0\0\0\0\0\1\6>\23t\214\2765\223"..., 256, 1024) = 256
pread64(13</tmp/nia-publication-fault-tj331zq_/case/bank/29292929292929292929292929292929/state/tx-4a91a961669b33f3d2a537dc10ccc591.log>, "MCLOG002\0\0\0\0\0\0\0\6\0\2\0\0\0\0\0\0))))))))))))))))J\221\251af\2333\363\322\2457\334\20\314\305\221\0\0\0\0\0\0\0\1\0\0\0\0\0\0\0\2\0\0\0\0\0\0\0\3\0\0\0\0\0\0\0\1\6>\23t\214\2765\223"..., 256, 1280) = 256
pread64(13</tmp/nia-publication-fault-tj331zq_/case/bank/29292929292929292929292929292929/state/tx-4a91a961669b33f3d2a537dc10ccc591.log>, "MCLOG002\0\0\0\0\0\0\0\7\0\3\0\0\0\0\0\0))))))))))))))))J\221\251af\2333\363\322\2457\334\20\314\305\221\0\0\0\0\0\0\0\1\0\0\0\0\0\0\0\2\0\0\0\0\0\0\0\3\0\0\0\0\0\0\0\1\6>\23t\214\2765\223"..., 256, 1536) = 256
pread64(13</tmp/nia-publication-fault-tj331zq_/case/bank/29292929292929292929292929292929/state/tx-4a91a961669b33f3d2a537dc10ccc591.log>, "MCLOG002\0\0\0\0\0\0\0\10\0\4\0\0\0\0\0\0))))))))))))))))J\221\251af\2333\363\322\2457\334\20\314\305\221\0\0\0\0\0\0\0\1\0\0\0\0\0\0\0\2\0\0\0\0\0\0\0\0\0\0\0\0\0\0\0\1\6>\23t\214\2765\223"..., 256, 1792) = 256
pread64(13</tmp/nia-publication-fault-tj331zq_/case/bank/29292929292929292929292929292929/state/tx-4a91a961669b33f3d2a537dc10ccc591.log>, "MCLOG002\0\0\0\0\0\0\0\t\0\5\0\0\0\0\0\0))))))))))))))))J\221\251af\2333\363\322\2457\334\20\314\305\221\0\0\0\0\0\0\0\1\0\0\0\0\0\0\0\2\0\0\0\0\0\0\0\0\0\0\0\0\0\0\0\1f\246uqQ\370\356U"..., 256, 2048) = 256
pread64(13</tmp/nia-publication-fault-tj331zq_/case/bank/29292929292929292929292929292929/state/tx-4a91a961669b33f3d2a537dc10ccc591.log>, "MCLOG002\0\0\0\0\0\0\0\n\0\6\0\0\0\0\0\0))))))))))))))))J\221\251af\2333\363\322\2457\334\20\314\305\221\0\0\0\0\0\0\0\1\0\0\0\0\0\0\0\2\0\0\0\0\0\0\0\0\0\0\0\0\0\0\0\1f\246uqQ\370\356U"..., 256, 2304) = 256
pread64(3</tmp/nia-publication-fault-tj331zq_/case/bank/29292929292929292929292929292929/root/catalog>, "\0\0\0\0\0\0\0\10NIACSEL1\273\343\341b6\331$M\267\345\300\262\251\302\306\27f\270\251!\330\260\227\374\323p\347\177\25.\3311\0\0\0\0\0\0\0\1\f\241y\346\276\376\267a\363a?\36\365|\250\222\353\303\246\242(\334\243/\23\t\360\254\6\247\336~J6\366\353|\33#j"..., 65536, 0) = 152
pread64(3</tmp/nia-publication-fault-tj331zq_/case/bank/29292929292929292929292929292929/root/catalog>, "", 65384, 152) = 0
pread64(3</tmp/nia-publication-fault-tj331zq_/case/bank/29292929292929292929292929292929/root/catalog>, "", 65536, 152) = 0
pread64(3</tmp/nia-publication-fault-tj331zq_/case/bank/29292929292929292929292929292929/root/tree/version>, "\0\0\0\0\0\0\0\10NIACSEL1\273\343\341b6\331$M\267\345\300\262\251\302\306\27f\270\251!\330\260\227\374\323p\347\177\25.\3311\0\0\0\0\0\0\0\1\f\241y\346\276\376\267a\363a?\36\365|\250\222\353\303\246\242(\334\243/\23\t\360\254\6\247\336~J6\366\353|\33#j"..., 65536, 0) = 152
pread64(3</tmp/nia-publication-fault-tj331zq_/case/bank/29292929292929292929292929292929/root/tree/version>, "", 65384, 152) = 0
pread64(3</tmp/nia-publication-fault-tj331zq_/case/bank/29292929292929292929292929292929/root/tree/version>, "", 65536, 152) = 0
fsync(3</tmp/nia-publication-fault-tj331zq_/case/state>) = 0
pread64(3</tmp/nia-publication-fault-tj331zq_/case/root/.mission/root.id>, "\37\37\37\37\37\37\37\37\37\37\37\37\37\37\37\37", 16, 0) = 16
pread64(3</tmp/nia-publication-fault-tj331zq_/case/state/root.state>, "MCROOT02\37\37\37\37\37\37\37\37\37\37\37\37\37\37\37\37\0\0\0\0\0\0\0\0================|(\260]\354\310\366\2733\266\317\17dlZ\365\252\200U\340\nL\366\332\32tk\326;\35\36\362\0\0\0\0\0\0\0\0\0\0\0\0\0\0\0\0"..., 192, 0) = 192
fsync(3</tmp/nia-publication-fault-tj331zq_/case/store>) = 0
pread64(3</tmp/nia-publication-fault-tj331zq_/case/root/.mission/root.id>, "\37\37\37\37\37\37\37\37\37\37\37\37\37\37\37\37", 16, 0) = 16
pread64(3</tmp/nia-publication-fault-tj331zq_/case/state/root.state>, "MCROOT02\37\37\37\37\37\37\37\37\37\37\37\37\37\37\37\37\0\0\0\0\0\0\0\0================|(\260]\354\310\366\2733\266\317\17dlZ\365\252\200U\340\nL\366\332\32tk\326;\35\36\362\0\0\0\0\0\0\0\0\0\0\0\0\0\0\0\0"..., 192, 0) = 192
pread64(3</tmp/nia-publication-fault-tj331zq_/case/store/objects/21/944ec3a07bc2c4968e56fb8293ef4e32f02aecead46768799ef9a6a96e2705>, "NIAPUB01\37\37\37\37\37\37\37\37\37\37\37\37\37\37\37\37))))))))))))))))EN\16:\276\304-E\373\22\204\265\26:\214\305\301\1\4\312\17\2\177.%\237)jJ\374\31\270\216\346\2104^\35\225\2\356\214\327'zE<0\277\267{\224r\1\276\263"..., 65536, 0) = 192
pread64(3</tmp/nia-publication-fault-tj331zq_/case/store/objects/21/944ec3a07bc2c4968e56fb8293ef4e32f02aecead46768799ef9a6a96e2705>, "", 65344, 192) = 0
pread64(3</tmp/nia-publication-fault-tj331zq_/case/store/objects/21/944ec3a07bc2c4968e56fb8293ef4e32f02aecead46768799ef9a6a96e2705>, "", 65536, 192) = 0
pread64(3</tmp/nia-publication-fault-tj331zq_/case/store/objects/21/944ec3a07bc2c4968e56fb8293ef4e32f02aecead46768799ef9a6a96e2705>, "NIAPUB01\37\37\37\37\37\37\37\37\37\37\37\37\37\37\37\37))))))))))))))))EN\16:\276\304-E\373\22\204\265\26:\214\305\301\1\4\312\17\2\177.%\237)jJ\374\31\270\216\346\2104^\35\225\2\356\214\327'zE<0\277\267{\224r\1\276\263"..., 193, 0) = 192
pread64(3</tmp/nia-publication-fault-tj331zq_/case/store/objects/21/944ec3a07bc2c4968e56fb8293ef4e32f02aecead46768799ef9a6a96e2705>, "", 1, 192) = 0
pread64(3</tmp/nia-publication-fault-tj331zq_/case/store/objects/45/4e0e3abec42d45fb1284b5163a8cc5c10104ca0f027f2e259f296a4afc19b8>, "NIAGEN04))))))))))))))))3333333333333333\0\0\0\0\0\0\0\1\0\0\0\0\0\0\0\2\216\346\2104^\35\225\2\356\214\327'zE<0\277\267{\224r\1\276\2630\16\235\362\270\3122\35\"\"\"\"\"\"\"\""..., 65536, 0) = 288
pread64(3</tmp/nia-publication-fault-tj331zq_/case/store/objects/45/4e0e3abec42d45fb1284b5163a8cc5c10104ca0f027f2e259f296a4afc19b8>, "", 65248, 288) = 0
pread64(3</tmp/nia-publication-fault-tj331zq_/case/store/objects/45/4e0e3abec42d45fb1284b5163a8cc5c10104ca0f027f2e259f296a4afc19b8>, "", 65536, 288) = 0
pread64(3</tmp/nia-publication-fault-tj331zq_/case/store/objects/45/4e0e3abec42d45fb1284b5163a8cc5c10104ca0f027f2e259f296a4afc19b8>, "NIAGEN04))))))))))))))))3333333333333333\0\0\0\0\0\0\0\1\0\0\0\0\0\0\0\2\216\346\2104^\35\225\2\356\214\327'zE<0\277\267{\224r\1\276\2630\16\235\362\270\3122\35\"\"\"\"\"\"\"\""..., 32992, 0) = 288
pread64(3</tmp/nia-publication-fault-tj331zq_/case/store/objects/45/4e0e3abec42d45fb1284b5163a8cc5c10104ca0f027f2e259f296a4afc19b8>, "", 32704, 288) = 0
pread64(3</tmp/nia-publication-fault-tj331zq_/case/store/pins/33333333333333333333333333333333>, "EN\16:\276\304-E\373\22\204\265\26:\214\305\301\1\4\312\17\2\177.%\237)jJ\374\31\270", 33, 0) = 32
pread64(3</tmp/nia-publication-fault-tj331zq_/case/store/pins/33333333333333333333333333333333>, "", 1, 32) = 0
pread64(3</tmp/nia-publication-fault-tj331zq_/case/store/objects/b2/d93d1647239d0ba4daeaa2a008547e866b63fe552b7835bb1cf81afd008832>, "NIASPOL1~R\322\ng\4\374Nt{\300\301\330\36\340\226\257\27\360\206\320\344f\21\354\217~\254\226\320\232\"\0\0\0\0\0\0\3\350\0\0\0\0\0\0\0\1GGGGGGGGGGGGGGGGGGGGGGGGGGGGGGGG\212\210\343\335t\t\361\225"..., 65536, 0) = 136
pread64(3</tmp/nia-publication-fault-tj331zq_/case/store/objects/b2/d93d1647239d0ba4daeaa2a008547e866b63fe552b7835bb1cf81afd008832>, "", 65400, 136) = 0
pread64(3</tmp/nia-publication-fault-tj331zq_/case/store/objects/b2/d93d1647239d0ba4daeaa2a008547e866b63fe552b7835bb1cf81afd008832>, "", 65536, 136) = 0
pread64(3</tmp/nia-publication-fault-tj331zq_/case/store/objects/b2/d93d1647239d0ba4daeaa2a008547e866b63fe552b7835bb1cf81afd008832>, "NIASPOL1~R\322\ng\4\374Nt{\300\301\330\36\340\226\257\27\360\206\320\344f\21\354\217~\254\226\320\232\"\0\0\0\0\0\0\3\350\0\0\0\0\0\0\0\1GGGGGGGGGGGGGGGGGGGGGGGGGGGGGGGG\212\210\343\335t\t\361\225"..., 20536, 0) = 136
pread64(3</tmp/nia-publication-fault-tj331zq_/case/store/objects/b2/d93d1647239d0ba4daeaa2a008547e866b63fe552b7835bb1cf81afd008832>, "", 20400, 136) = 0
pread64(3</tmp/nia-publication-fault-tj331zq_/case/store/objects/7e/52d20a6704fc4e747bc0c1d81ee096af17f086d0e46611ec8f7eac96d09a22>, "NIASMAP1\37\37\37\37\37\37\37\37\37\37\37\37\37\37\37\37\0\0\0\0\0\0\0\0\0\0\0\0\0\0\0\0\0\0\0\0\0\0\0\0\0\0\0\0\0\0\0\0\0\0\0\0\0\0\0\0\0\0\0\0\0\0\0\0\0\0\0\0\0\0\0\0\0\0\0\0\0\0\0\0\216\346\2104^\35\225\2"..., 65536, 0) = 256
pread64(3</tmp/nia-publication-fault-tj331zq_/case/store/objects/7e/52d20a6704fc4e747bc0c1d81ee096af17f086d0e46611ec8f7eac96d09a22>, "", 65280, 256) = 0
pread64(3</tmp/nia-publication-fault-tj331zq_/case/store/objects/7e/52d20a6704fc4e747bc0c1d81ee096af17f086d0e46611ec8f7eac96d09a22>, "", 65536, 256) = 0
pread64(3</tmp/nia-publication-fault-tj331zq_/case/store/objects/7e/52d20a6704fc4e747bc0c1d81ee096af17f086d0e46611ec8f7eac96d09a22>, "NIASMAP1\37\37\37\37\37\37\37\37\37\37\37\37\37\37\37\37\0\0\0\0\0\0\0\0\0\0\0\0\0\0\0\0\0\0\0\0\0\0\0\0\0\0\0\0\0\0\0\0\0\0\0\0\0\0\0\0\0\0\0\0\0\0\0\0\0\0\0\0\0\0\0\0\0\0\0\0\0\0\0\0\216\346\2104^\35\225\2"..., 393376, 0) = 256
pread64(3</tmp/nia-publication-fault-tj331zq_/case/store/objects/7e/52d20a6704fc4e747bc0c1d81ee096af17f086d0e46611ec8f7eac96d09a22>, "", 393120, 256) = 0
pread64(3</tmp/nia-publication-fault-tj331zq_/case/store/objects/8e/e688345e1d9502ee8cd7277a453c30bfb77b947201beb3300e9df2b8ca321d>, "\0\0\0\0\0\0\0\10NIACSEL1\273\343\341b6\331$M\267\345\300\262\251\302\306\27f\270\251!\330\260\227\374\323p\347\177\25.\3311\0\0\0\0\0\0\0\1\f\241y\346\276\376\267a\363a?\36\365|\250\222\353\303\246\242(\334\243/\23\t\360\254\6\247\336~J6\366\353|\33#j"..., 65536, 0) = 152
pread64(3</tmp/nia-publication-fault-tj331zq_/case/store/objects/8e/e688345e1d9502ee8cd7277a453c30bfb77b947201beb3300e9df2b8ca321d>, "", 65384, 152) = 0
pread64(3</tmp/nia-publication-fault-tj331zq_/case/store/objects/8e/e688345e1d9502ee8cd7277a453c30bfb77b947201beb3300e9df2b8ca321d>, "", 65536, 152) = 0
pread64(3</tmp/nia-publication-fault-tj331zq_/case/store/objects/32/094e7c613fdb6dffb1f27d926b176f7fd8946b8c2cf3ca9e3b95cb91a1a8ca>, "NIACLOS1\216\346\2104^\35\225\2\356\214\327'zE<0\277\267{\224r\1\276\2630\16\235\362\270\3122\35\273\343\341b6\331$M\267\345\300\262\251\302\306\27f\270\251!\330\260\227\374\323p\347\177\25.\3311\0\0\0\0\0\0\0\5\f\241y\346\276\376\267a\363a?\36\365|\250\222"..., 65536, 0) = 240
pread64(3</tmp/nia-publication-fault-tj331zq_/case/store/objects/32/094e7c613fdb6dffb1f27d926b176f7fd8946b8c2cf3ca9e3b95cb91a1a8ca>, "", 65296, 240) = 0
pread64(3</tmp/nia-publication-fault-tj331zq_/case/store/objects/32/094e7c613fdb6dffb1f27d926b176f7fd8946b8c2cf3ca9e3b95cb91a1a8ca>, "", 65536, 240) = 0
pread64(3</tmp/nia-publication-fault-tj331zq_/case/store/objects/be/79019cd624c1b58af3cac32a235b467dac74ebfc6ee94e6390a198650449a5>, "NIASUP01GGGGGGGGGGGGGGGGGGGGGGGGGGGGGGGGf\246uqQ\370\356U\333\22w\26\307\343\334\340\276\200t\266N \355\245B\345\301\344l\251\304\36\f\241y\346\276\376\267a\363a?\36\365|\250\222\353\303\246\242(\334\243/"..., 65536, 0) = 320
pread64(3</tmp/nia-publication-fault-tj331zq_/case/store/objects/be/79019cd624c1b58af3cac32a235b467dac74ebfc6ee94e6390a198650449a5>, "", 65216, 320) = 0
pread64(3</tmp/nia-publication-fault-tj331zq_/case/store/objects/be/79019cd624c1b58af3cac32a235b467dac74ebfc6ee94e6390a198650449a5>, "", 65536, 320) = 0
pread64(3</tmp/nia-publication-fault-tj331zq_/case/store/objects/be/79019cd624c1b58af3cac32a235b467dac74ebfc6ee94e6390a198650449a5>, "NIASUP01GGGGGGGGGGGGGGGGGGGGGGGGGGGGGGGGf\246uqQ\370\356U\333\22w\26\307\343\334\340\276\200t\266N \355\245B\345\301\344l\251\304\36\f\241y\346\276\376\267a\363a?\36\365|\250\222\353\303\246\242(\334\243/"..., 320, 0) = 320
pread64(3</tmp/nia-publication-fault-tj331zq_/case/store/objects/66/a6757151f8ee55db127716c7e3dce0be8074b64e20eda542e5c1e46ca9c41e>, "\7\10\t", 65536, 0) = 3
pread64(3</tmp/nia-publication-fault-tj331zq_/case/store/objects/66/a6757151f8ee55db127716c7e3dce0be8074b64e20eda542e5c1e46ca9c41e>, "", 65533, 3) = 0
pread64(3</tmp/nia-publication-fault-tj331zq_/case/store/objects/66/a6757151f8ee55db127716c7e3dce0be8074b64e20eda542e5c1e46ca9c41e>, "", 65536, 3) = 0
pread64(3</tmp/nia-publication-fault-tj331zq_/case/store/objects/0c/a179e6befeb761f3613f1ef57ca892ebc3a6a228dca32f1309f0ac06a7de7e>, "!<arch>\ndebian-binary/  0           0     0     100644  4         `\n2.0\ncontrol.tar/    0       "..., 65536, 0) = 20672
pread64(3</tmp/nia-publication-fault-tj331zq_/case/store/objects/0c/a179e6befeb761f3613f1ef57ca892ebc3a6a228dca32f1309f0ac06a7de7e>, "", 44864, 20672) = 0
pread64(3</tmp/nia-publication-fault-tj331zq_/case/store/objects/0c/a179e6befeb761f3613f1ef57ca892ebc3a6a228dca32f1309f0ac06a7de7e>, "", 65536, 20672) = 0
pread64(3</tmp/nia-publication-fault-tj331zq_/case/store/objects/a3/1a856f430af395bccd7eb2f142b11ad3ae0fc5daf3acc4ffb341c48a5abd39>, "Package: empty-package\nVersion: 1\nArchitecture: all\nMaintainer: Fixture <fixture@example.invalid"..., 65536, 0) = 149
pread64(3</tmp/nia-publication-fault-tj331zq_/case/store/objects/a3/1a856f430af395bccd7eb2f142b11ad3ae0fc5daf3acc4ffb341c48a5abd39>, "", 65387, 149) = 0
pread64(3</tmp/nia-publication-fault-tj331zq_/case/store/objects/a3/1a856f430af395bccd7eb2f142b11ad3ae0fc5daf3acc4ffb341c48a5abd39>, "", 65536, 149) = 0
pread64(3</tmp/nia-publication-fault-tj331zq_/case/store/objects/66/a6757151f8ee55db127716c7e3dce0be8074b64e20eda542e5c1e46ca9c41e>, "\7\10\t", 65536, 0) = 3
pread64(3</tmp/nia-publication-fault-tj331zq_/case/store/objects/66/a6757151f8ee55db127716c7e3dce0be8074b64e20eda542e5c1e46ca9c41e>, "", 65533, 3) = 0
pread64(3</tmp/nia-publication-fault-tj331zq_/case/store/objects/66/a6757151f8ee55db127716c7e3dce0be8074b64e20eda542e5c1e46ca9c41e>, "", 65536, 3) = 0
pread64(3</tmp/nia-publication-fault-tj331zq_/case/store/objects/66/a6757151f8ee55db127716c7e3dce0be8074b64e20eda542e5c1e46ca9c41e>, "\7\10\t", 65536, 0) = 3
pread64(3</tmp/nia-publication-fault-tj331zq_/case/store/objects/66/a6757151f8ee55db127716c7e3dce0be8074b64e20eda542e5c1e46ca9c41e>, "", 65533, 3) = 0
pread64(3</tmp/nia-publication-fault-tj331zq_/case/store/objects/66/a6757151f8ee55db127716c7e3dce0be8074b64e20eda542e5c1e46ca9c41e>, "", 65536, 3) = 0
pread64(3</tmp/nia-publication-fault-tj331zq_/case/store/objects/66/a6757151f8ee55db127716c7e3dce0be8074b64e20eda542e5c1e46ca9c41e>, "\7\10\t", 65536, 0) = 3
pread64(3</tmp/nia-publication-fault-tj331zq_/case/store/objects/66/a6757151f8ee55db127716c7e3dce0be8074b64e20eda542e5c1e46ca9c41e>, "", 65533, 3) = 0
pread64(3</tmp/nia-publication-fault-tj331zq_/case/store/objects/66/a6757151f8ee55db127716c7e3dce0be8074b64e20eda542e5c1e46ca9c41e>, "", 65536, 3) = 0
pread64(3</tmp/nia-publication-fault-tj331zq_/case/store/objects/38/c0e841345eeb0948445869eb5553bb39ebf66c24fe6fa00123868f32600451>, "NIAGINT1\37\37\37\37\37\37\37\37\37\37\37\37\37\37\37\37\0\0\0\0\0\0\0\0\0\0\0\0\0\0\0\0\0\0\0\0\0\0\0\0\0\0\0\0\0\0\0\0\216\346\2104^\35\225\2\356\214\327'zE<0\277\267{\224r\1\276\2630\16\235\362\270\3122\0352\tN|a?\333m"..., 65536, 0) = 206
pread64(3</tmp/nia-publication-fault-tj331zq_/case/store/objects/38/c0e841345eeb0948445869eb5553bb39ebf66c24fe6fa00123868f32600451>, "", 65330, 206) = 0
pread64(3</tmp/nia-publication-fault-tj331zq_/case/store/objects/38/c0e841345eeb0948445869eb5553bb39ebf66c24fe6fa00123868f32600451>, "", 65536, 206) = 0
pread64(3</tmp/nia-publication-fault-tj331zq_/case/store/objects/38/c0e841345eeb0948445869eb5553bb39ebf66c24fe6fa00123868f32600451>, "NIAGINT1\37\37\37\37\37\37\37\37\37\37\37\37\37\37\37\37\0\0\0\0\0\0\0\0\0\0\0\0\0\0\0\0\0\0\0\0\0\0\0\0\0\0\0\0\0\0\0\0\216\346\2104^\35\225\2\356\214\327'zE<0\277\267{\224r\1\276\2630\16\235\362\270\3122\0352\tN|a?\333m"..., 1053888, 0) = 206
pread64(3</tmp/nia-publication-fault-tj331zq_/case/store/objects/38/c0e841345eeb0948445869eb5553bb39ebf66c24fe6fa00123868f32600451>, "", 1053682, 206) = 0
pread64(3</tmp/nia-publication-fault-tj331zq_/case/store/objects/32/094e7c613fdb6dffb1f27d926b176f7fd8946b8c2cf3ca9e3b95cb91a1a8ca>, "NIACLOS1\216\346\2104^\35\225\2\356\214\327'zE<0\277\267{\224r\1\276\2630\16\235\362\270\3122\35\273\343\341b6\331$M\267\345\300\262\251\302\306\27f\270\251!\330\260\227\374\323p\347\177\25.\3311\0\0\0\0\0\0\0\5\f\241y\346\276\376\267a\363a?\36\365|\250\222"..., 65536, 0) = 240
pread64(3</tmp/nia-publication-fault-tj331zq_/case/store/objects/32/094e7c613fdb6dffb1f27d926b176f7fd8946b8c2cf3ca9e3b95cb91a1a8ca>, "", 65296, 240) = 0
pread64(3</tmp/nia-publication-fault-tj331zq_/case/store/objects/32/094e7c613fdb6dffb1f27d926b176f7fd8946b8c2cf3ca9e3b95cb91a1a8ca>, "", 65536, 240) = 0
pread64(3</tmp/nia-publication-fault-tj331zq_/case/store/objects/32/094e7c613fdb6dffb1f27d926b176f7fd8946b8c2cf3ca9e3b95cb91a1a8ca>, "NIACLOS1\216\346\2104^\35\225\2\356\214\327'zE<0\277\267{\224r\1\276\2630\16\235\362\270\3122\35\273\343\341b6\331$M\267\345\300\262\251\302\306\27f\270\251!\330\260\227\374\323p\347\177\25.\3311\0\0\0\0\0\0\0\5", 80, 0) = 80
pread64(3</tmp/nia-publication-fault-tj331zq_/case/store/objects/32/094e7c613fdb6dffb1f27d926b176f7fd8946b8c2cf3ca9e3b95cb91a1a8ca>, "\f\241y\346\276\376\267a\363a?\36\365|\250\222\353\303\246\242(\334\243/\23\t\360\254\6\247\336~", 32, 80) = 32
pread64(16</tmp/nia-publication-fault-tj331zq_/case/store/objects/0c/a179e6befeb761f3613f1ef57ca892ebc3a6a228dca32f1309f0ac06a7de7e>, "!<arch>\ndebian-binary/  0           0     0     100644  4         `\n2.0\ncontrol.tar/    0       "..., 65536, 0) = 20672
pread64(16</tmp/nia-publication-fault-tj331zq_/case/store/objects/0c/a179e6befeb761f3613f1ef57ca892ebc3a6a228dca32f1309f0ac06a7de7e>, "", 44864, 20672) = 0
pread64(16</tmp/nia-publication-fault-tj331zq_/case/store/objects/0c/a179e6befeb761f3613f1ef57ca892ebc3a6a228dca32f1309f0ac06a7de7e>, "", 65536, 20672) = 0
pread64(3</tmp/nia-publication-fault-tj331zq_/case/store/objects/32/094e7c613fdb6dffb1f27d926b176f7fd8946b8c2cf3ca9e3b95cb91a1a8ca>, "J6\366\353|\33#j\266\313(\335\270\202\221\236\210\213\363\223\337\300\r\223\0\212\326s\6\227\370\367", 32, 112) = 32
pread64(16</tmp/nia-publication-fault-tj331zq_/case/store/objects/4a/36f6eb7c1b236ab6cb28ddb882919e888bf393dfc00d93008ad6730697f8f7>, "./control\0\0\0\0\0\0\0\0\0\0\0\0\0\0\0\0\0\0\0\0\0\0\0\0\0\0\0\0\0\0\0\0\0\0\0\0\0\0\0\0\0\0\0\0\0\0\0\0\0\0\0\0\0\0\0\0\0\0\0\0\0\0\0\0\0\0\0\0\0\0\0\0\0\0\0\0\0\0\0\0\0\0\0\0\0\0\0"..., 65536, 0) = 10240
pread64(16</tmp/nia-publication-fault-tj331zq_/case/store/objects/4a/36f6eb7c1b236ab6cb28ddb882919e888bf393dfc00d93008ad6730697f8f7>, "", 55296, 10240) = 0
pread64(16</tmp/nia-publication-fault-tj331zq_/case/store/objects/4a/36f6eb7c1b236ab6cb28ddb882919e888bf393dfc00d93008ad6730697f8f7>, "", 65536, 10240) = 0
pread64(3</tmp/nia-publication-fault-tj331zq_/case/store/objects/32/094e7c613fdb6dffb1f27d926b176f7fd8946b8c2cf3ca9e3b95cb91a1a8ca>, "\204\377\222i\37\220\232\5\262$\341\305j\273Hd\360\33O\216<\205NK\264\307\272\361\323\366\326R", 32, 144) = 32
pread64(16</tmp/nia-publication-fault-tj331zq_/case/store/objects/84/ff92691f909a05b224e1c56abb4864f01b4f8e3c854e4bb4c7baf1d3f6d652>, "\0\0\0\0\0\0\0\0\0\0\0\0\0\0\0\0\0\0\0\0\0\0\0\0\0\0\0\0\0\0\0\0\0\0\0\0\0\0\0\0\0\0\0\0\0\0\0\0\0\0\0\0\0\0\0\0\0\0\0\0\0\0\0\0\0\0\0\0\0\0\0\0\0\0\0\0\0\0\0\0\0\0\0\0\0\0\0\0\0\0\0\0\0\0\0\0"..., 65536, 0) = 10240
pread64(16</tmp/nia-publication-fault-tj331zq_/case/store/objects/84/ff92691f909a05b224e1c56abb4864f01b4f8e3c854e4bb4c7baf1d3f6d652>, "", 55296, 10240) = 0
pread64(16</tmp/nia-publication-fault-tj331zq_/case/store/objects/84/ff92691f909a05b224e1c56abb4864f01b4f8e3c854e4bb4c7baf1d3f6d652>, "", 65536, 10240) = 0
pread64(3</tmp/nia-publication-fault-tj331zq_/case/store/objects/32/094e7c613fdb6dffb1f27d926b176f7fd8946b8c2cf3ca9e3b95cb91a1a8ca>, "\216\346\2104^\35\225\2\356\214\327'zE<0\277\267{\224r\1\276\2630\16\235\362\270\3122\35", 32, 176) = 32
pread64(16</tmp/nia-publication-fault-tj331zq_/case/store/objects/8e/e688345e1d9502ee8cd7277a453c30bfb77b947201beb3300e9df2b8ca321d>, "\0\0\0\0\0\0\0\10NIACSEL1\273\343\341b6\331$M\267\345\300\262\251\302\306\27f\270\251!\330\260\227\374\323p\347\177\25.\3311\0\0\0\0\0\0\0\1\f\241y\346\276\376\267a\363a?\36\365|\250\222\353\303\246\242(\334\243/\23\t\360\254\6\247\336~J6\366\353|\33#j"..., 65536, 0) = 152
pread64(16</tmp/nia-publication-fault-tj331zq_/case/store/objects/8e/e688345e1d9502ee8cd7277a453c30bfb77b947201beb3300e9df2b8ca321d>, "", 65384, 152) = 0
pread64(16</tmp/nia-publication-fault-tj331zq_/case/store/objects/8e/e688345e1d9502ee8cd7277a453c30bfb77b947201beb3300e9df2b8ca321d>, "", 65536, 152) = 0
pread64(3</tmp/nia-publication-fault-tj331zq_/case/store/objects/32/094e7c613fdb6dffb1f27d926b176f7fd8946b8c2cf3ca9e3b95cb91a1a8ca>, "\243\32\205oC\n\363\225\274\315~\262\361B\261\32\323\256\17\305\332\363\254\304\377\263A\304\212Z\2759", 32, 208) = 32
pread64(16</tmp/nia-publication-fault-tj331zq_/case/store/objects/a3/1a856f430af395bccd7eb2f142b11ad3ae0fc5daf3acc4ffb341c48a5abd39>, "Package: empty-package\nVersion: 1\nArchitecture: all\nMaintainer: Fixture <fixture@example.invalid"..., 65536, 0) = 149
pread64(16</tmp/nia-publication-fault-tj331zq_/case/store/objects/a3/1a856f430af395bccd7eb2f142b11ad3ae0fc5daf3acc4ffb341c48a5abd39>, "", 65387, 149) = 0
pread64(16</tmp/nia-publication-fault-tj331zq_/case/store/objects/a3/1a856f430af395bccd7eb2f142b11ad3ae0fc5daf3acc4ffb341c48a5abd39>, "", 65536, 149) = 0
pread64(3</tmp/nia-publication-fault-tj331zq_/case/store/objects/8e/e688345e1d9502ee8cd7277a453c30bfb77b947201beb3300e9df2b8ca321d>, "\0\0\0\0\0\0\0\10NIACSEL1\273\343\341b6\331$M\267\345\300\262\251\302\306\27f\270\251!\330\260\227\374\323p\347\177\25.\3311\0\0\0\0\0\0\0\1\f\241y\346\276\376\267a\363a?\36\365|\250\222\353\303\246\242(\334\243/\23\t\360\254\6\247\336~J6\366\353|\33#j"..., 65536, 0) = 152
pread64(3</tmp/nia-publication-fault-tj331zq_/case/store/objects/8e/e688345e1d9502ee8cd7277a453c30bfb77b947201beb3300e9df2b8ca321d>, "", 65384, 152) = 0
pread64(3</tmp/nia-publication-fault-tj331zq_/case/store/objects/8e/e688345e1d9502ee8cd7277a453c30bfb77b947201beb3300e9df2b8ca321d>, "", 65536, 152) = 0
pread64(3</tmp/nia-publication-fault-tj331zq_/case/store/objects/8e/e688345e1d9502ee8cd7277a453c30bfb77b947201beb3300e9df2b8ca321d>, "\0\0\0\0\0\0\0\10NIACSEL1\273\343\341b6\331$M\267\345\300\262\251\302\306\27f\270\251!\330\260\227\374\323p\347\177\25.\3311\0\0\0\0\0\0\0\1\f\241y\346\276\376\267a\363a?\36\365|\250\222\353\303\246\242(\334\243/\23\t\360\254\6\247\336~J6\366\353|\33#j"..., 393272, 0) = 152
pread64(3</tmp/nia-publication-fault-tj331zq_/case/store/objects/8e/e688345e1d9502ee8cd7277a453c30bfb77b947201beb3300e9df2b8ca321d>, "", 393120, 152) = 0
pread64(3</tmp/nia-publication-fault-tj331zq_/case/store/objects/0c/a179e6befeb761f3613f1ef57ca892ebc3a6a228dca32f1309f0ac06a7de7e>, "!<arch>\ndebian-binary/  0           0     0     100644  4         `\n2.0\ncontrol.tar/    0       "..., 65536, 0) = 20672
pread64(3</tmp/nia-publication-fault-tj331zq_/case/store/objects/0c/a179e6befeb761f3613f1ef57ca892ebc3a6a228dca32f1309f0ac06a7de7e>, "", 44864, 20672) = 0
pread64(3</tmp/nia-publication-fault-tj331zq_/case/store/objects/0c/a179e6befeb761f3613f1ef57ca892ebc3a6a228dca32f1309f0ac06a7de7e>, "", 65536, 20672) = 0
pread64(3</tmp/nia-publication-fault-tj331zq_/case/store/objects/0c/a179e6befeb761f3613f1ef57ca892ebc3a6a228dca32f1309f0ac06a7de7e>, "!<arch>\n", 8, 0) = 8
pread64(3</tmp/nia-publication-fault-tj331zq_/case/store/objects/0c/a179e6befeb761f3613f1ef57ca892ebc3a6a228dca32f1309f0ac06a7de7e>, "debian-binary/  0           0     0     100644  4         `\n", 60, 8) = 60
pread64(3</tmp/nia-publication-fault-tj331zq_/case/store/objects/0c/a179e6befeb761f3613f1ef57ca892ebc3a6a228dca32f1309f0ac06a7de7e>, "2.0\n", 4, 68) = 4
pread64(3</tmp/nia-publication-fault-tj331zq_/case/store/objects/0c/a179e6befeb761f3613f1ef57ca892ebc3a6a228dca32f1309f0ac06a7de7e>, "2.0\n", 4, 68) = 4
pread64(3</tmp/nia-publication-fault-tj331zq_/case/store/objects/0c/a179e6befeb761f3613f1ef57ca892ebc3a6a228dca32f1309f0ac06a7de7e>, "control.tar/    0           0     0     100644  10240     `\n", 60, 72) = 60
pread64(3</tmp/nia-publication-fault-tj331zq_/case/store/objects/0c/a179e6befeb761f3613f1ef57ca892ebc3a6a228dca32f1309f0ac06a7de7e>, "./control\0\0\0\0\0\0\0\0\0\0\0\0\0\0\0\0\0\0\0\0\0\0\0\0\0\0\0\0\0\0\0\0\0\0\0\0\0\0\0\0\0\0\0\0\0\0\0\0\0\0\0\0\0\0\0\0\0\0\0\0\0\0\0\0\0\0\0\0\0\0\0\0\0\0\0\0\0\0\0\0\0\0\0\0\0\0\0"..., 10240, 132) = 10240
pread64(3</tmp/nia-publication-fault-tj331zq_/case/store/objects/0c/a179e6befeb761f3613f1ef57ca892ebc3a6a228dca32f1309f0ac06a7de7e>, "data.tar/       0           0     0     100644  10240     `\n", 60, 10372) = 60
pread64(3</tmp/nia-publication-fault-tj331zq_/case/store/objects/0c/a179e6befeb761f3613f1ef57ca892ebc3a6a228dca32f1309f0ac06a7de7e>, "\0\0\0\0\0\0\0\0\0\0\0\0\0\0\0\0\0\0\0\0\0\0\0\0\0\0\0\0\0\0\0\0\0\0\0\0\0\0\0\0\0\0\0\0\0\0\0\0\0\0\0\0\0\0\0\0\0\0\0\0\0\0\0\0\0\0\0\0\0\0\0\0\0\0\0\0\0\0\0\0\0\0\0\0\0\0\0\0\0\0\0\0\0\0\0\0"..., 10240, 10432) = 10240
pread64(3</tmp/nia-publication-fault-tj331zq_/case/store/objects/0c/a179e6befeb761f3613f1ef57ca892ebc3a6a228dca32f1309f0ac06a7de7e>, "!<arch>\ndebian-binary/  0           0     0     100644  4         `\n2.0\ncontrol.tar/    0       "..., 65536, 0) = 20672
pread64(3</tmp/nia-publication-fault-tj331zq_/case/store/objects/0c/a179e6befeb761f3613f1ef57ca892ebc3a6a228dca32f1309f0ac06a7de7e>, "", 44864, 20672) = 0
pread64(3</tmp/nia-publication-fault-tj331zq_/case/store/objects/0c/a179e6befeb761f3613f1ef57ca892ebc3a6a228dca32f1309f0ac06a7de7e>, "", 65536, 20672) = 0
pread64(3</tmp/nia-publication-fault-tj331zq_/case/store/objects/0c/a179e6befeb761f3613f1ef57ca892ebc3a6a228dca32f1309f0ac06a7de7e>, "!<arch>\n", 8, 0) = 8
pread64(3</tmp/nia-publication-fault-tj331zq_/case/store/objects/0c/a179e6befeb761f3613f1ef57ca892ebc3a6a228dca32f1309f0ac06a7de7e>, "debian-binary/  0           0     0     100644  4         `\n", 60, 8) = 60
pread64(3</tmp/nia-publication-fault-tj331zq_/case/store/objects/0c/a179e6befeb761f3613f1ef57ca892ebc3a6a228dca32f1309f0ac06a7de7e>, "2.0\n", 4, 68) = 4
pread64(3</tmp/nia-publication-fault-tj331zq_/case/store/objects/0c/a179e6befeb761f3613f1ef57ca892ebc3a6a228dca32f1309f0ac06a7de7e>, "2.0\n", 4, 68) = 4
pread64(3</tmp/nia-publication-fault-tj331zq_/case/store/objects/0c/a179e6befeb761f3613f1ef57ca892ebc3a6a228dca32f1309f0ac06a7de7e>, "control.tar/    0           0     0     100644  10240     `\n", 60, 72) = 60
pread64(3</tmp/nia-publication-fault-tj331zq_/case/store/objects/0c/a179e6befeb761f3613f1ef57ca892ebc3a6a228dca32f1309f0ac06a7de7e>, "./control\0\0\0\0\0\0\0\0\0\0\0\0\0\0\0\0\0\0\0\0\0\0\0\0\0\0\0\0\0\0\0\0\0\0\0\0\0\0\0\0\0\0\0\0\0\0\0\0\0\0\0\0\0\0\0\0\0\0\0\0\0\0\0\0\0\0\0\0\0\0\0\0\0\0\0\0\0\0\0\0\0\0\0\0\0\0\0"..., 10240, 132) = 10240
pread64(3</tmp/nia-publication-fault-tj331zq_/case/store/objects/0c/a179e6befeb761f3613f1ef57ca892ebc3a6a228dca32f1309f0ac06a7de7e>, "data.tar/       0           0     0     100644  10240     `\n", 60, 10372) = 60
pread64(3</tmp/nia-publication-fault-tj331zq_/case/store/objects/0c/a179e6befeb761f3613f1ef57ca892ebc3a6a228dca32f1309f0ac06a7de7e>, "\0\0\0\0\0\0\0\0\0\0\0\0\0\0\0\0\0\0\0\0\0\0\0\0\0\0\0\0\0\0\0\0\0\0\0\0\0\0\0\0\0\0\0\0\0\0\0\0\0\0\0\0\0\0\0\0\0\0\0\0\0\0\0\0\0\0\0\0\0\0\0\0\0\0\0\0\0\0\0\0\0\0\0\0\0\0\0\0\0\0\0\0\0\0\0\0"..., 10240, 10432) = 10240
fsync(17</tmp/nia-publication-fault-tj331zq_/case/store/incoming>) = 0
pread64(3</tmp/nia-publication-fault-tj331zq_/case/store/objects/0c/a179e6befeb761f3613f1ef57ca892ebc3a6a228dca32f1309f0ac06a7de7e>, "\0\0\0\0\0\0\0\0\0\0\0\0\0\0\0\0\0\0\0\0\0\0\0\0\0\0\0\0\0\0\0\0\0\0\0\0\0\0\0\0\0\0\0\0\0\0\0\0\0\0\0\0\0\0\0\0\0\0\0\0\0\0\0\0\0\0\0\0\0\0\0\0\0\0\0\0\0\0\0\0\0\0\0\0\0\0\0\0\0\0\0\0\0\0\0\0"..., 10240, 10432) = 10240
write(16</tmp/nia-publication-fault-tj331zq_/case/store/incoming/0ff50512ec7edb9b3a8f1a60afc11874>, "\0\0\0\0\0\0\0\0\0\0\0\0\0\0\0\0\0\0\0\0\0\0\0\0\0\0\0\0\0\0\0\0\0\0\0\0\0\0\0\0\0\0\0\0\0\0\0\0\0\0\0\0\0\0\0\0\0\0\0\0\0\0\0\0\0\0\0\0\0\0\0\0\0\0\0\0\0\0\0\0\0\0\0\0\0\0\0\0\0\0\0\0\0\0\0\0"..., 10240) = 10240
fsync(16</tmp/nia-publication-fault-tj331zq_/case/store/incoming/0ff50512ec7edb9b3a8f1a60afc11874>) = 0
renameat2(17</tmp/nia-publication-fault-tj331zq_/case/store/incoming>, "0ff50512ec7edb9b3a8f1a60afc11874", 16</tmp/nia-publication-fault-tj331zq_/case/store/objects/84>, "ff92691f909a05b224e1c56abb4864f01b4f8e3c854e4bb4c7baf1d3f6d652", RENAME_NOREPLACE) = -1 EEXIST (File exists)
pread64(16</tmp/nia-publication-fault-tj331zq_/case/store/objects/84/ff92691f909a05b224e1c56abb4864f01b4f8e3c854e4bb4c7baf1d3f6d652>, "\0\0\0\0\0\0\0\0\0\0\0\0\0\0\0\0\0\0\0\0\0\0\0\0\0\0\0\0\0\0\0\0\0\0\0\0\0\0\0\0\0\0\0\0\0\0\0\0\0\0\0\0\0\0\0\0\0\0\0\0\0\0\0\0\0\0\0\0\0\0\0\0\0\0\0\0\0\0\0\0\0\0\0\0\0\0\0\0\0\0\0\0\0\0\0\0"..., 65536, 0) = 10240
pread64(16</tmp/nia-publication-fault-tj331zq_/case/store/objects/84/ff92691f909a05b224e1c56abb4864f01b4f8e3c854e4bb4c7baf1d3f6d652>, "", 55296, 10240) = 0
pread64(16</tmp/nia-publication-fault-tj331zq_/case/store/objects/84/ff92691f909a05b224e1c56abb4864f01b4f8e3c854e4bb4c7baf1d3f6d652>, "", 65536, 10240) = 0
fsync(17</tmp/nia-publication-fault-tj331zq_/case/store/incoming>) = 0
pread64(3</tmp/nia-publication-fault-tj331zq_/case/store/objects/84/ff92691f909a05b224e1c56abb4864f01b4f8e3c854e4bb4c7baf1d3f6d652>, "\0\0\0\0\0\0\0\0\0\0\0\0\0\0\0\0\0\0\0\0\0\0\0\0\0\0\0\0\0\0\0\0\0\0\0\0\0\0\0\0\0\0\0\0\0\0\0\0\0\0\0\0\0\0\0\0\0\0\0\0\0\0\0\0\0\0\0\0\0\0\0\0\0\0\0\0\0\0\0\0\0\0\0\0\0\0\0\0\0\0\0\0\0\0\0\0"..., 65536, 0) = 10240
pread64(3</tmp/nia-publication-fault-tj331zq_/case/store/objects/84/ff92691f909a05b224e1c56abb4864f01b4f8e3c854e4bb4c7baf1d3f6d652>, "", 55296, 10240) = 0
pread64(3</tmp/nia-publication-fault-tj331zq_/case/store/objects/84/ff92691f909a05b224e1c56abb4864f01b4f8e3c854e4bb4c7baf1d3f6d652>, "", 65536, 10240) = 0
pread64(3</tmp/nia-publication-fault-tj331zq_/case/store/objects/84/ff92691f909a05b224e1c56abb4864f01b4f8e3c854e4bb4c7baf1d3f6d652>, "\0\0\0\0\0\0\0\0\0\0\0\0\0\0\0\0\0\0\0\0\0\0\0\0\0\0\0\0\0\0\0\0\0\0\0\0\0\0\0\0\0\0\0\0\0\0\0\0\0\0\0\0\0\0\0\0\0\0\0\0\0\0\0\0\0\0\0\0\0\0\0\0\0\0\0\0\0\0\0\0\0\0\0\0\0\0\0\0\0\0\0\0\0\0\0\0"..., 10240, 0) = 10240
fsync(17</tmp/nia-publication-fault-tj331zq_/case/store/incoming>) = 0
pread64(3</tmp/nia-publication-fault-tj331zq_/case/store/objects/84/ff92691f909a05b224e1c56abb4864f01b4f8e3c854e4bb4c7baf1d3f6d652>, "\0\0\0\0\0\0\0\0\0\0\0\0\0\0\0\0\0\0\0\0\0\0\0\0\0\0\0\0\0\0\0\0\0\0\0\0\0\0\0\0\0\0\0\0\0\0\0\0\0\0\0\0\0\0\0\0\0\0\0\0\0\0\0\0\0\0\0\0\0\0\0\0\0\0\0\0\0\0\0\0\0\0\0\0\0\0\0\0\0\0\0\0\0\0\0\0"..., 10240, 0) = 10240
write(16</tmp/nia-publication-fault-tj331zq_/case/store/incoming/1d80769aee1e7d4bd0d74be9fd9e76dc>, "\0\0\0\0\0\0\0\0\0\0\0\0\0\0\0\0\0\0\0\0\0\0\0\0\0\0\0\0\0\0\0\0\0\0\0\0\0\0\0\0\0\0\0\0\0\0\0\0\0\0\0\0\0\0\0\0\0\0\0\0\0\0\0\0\0\0\0\0\0\0\0\0\0\0\0\0\0\0\0\0\0\0\0\0\0\0\0\0\0\0\0\0\0\0\0\0"..., 10240) = 10240
fsync(16</tmp/nia-publication-fault-tj331zq_/case/store/incoming/1d80769aee1e7d4bd0d74be9fd9e76dc>) = 0
renameat2(17</tmp/nia-publication-fault-tj331zq_/case/store/incoming>, "1d80769aee1e7d4bd0d74be9fd9e76dc", 16</tmp/nia-publication-fault-tj331zq_/case/store/objects/84>, "ff92691f909a05b224e1c56abb4864f01b4f8e3c854e4bb4c7baf1d3f6d652", RENAME_NOREPLACE) = -1 EEXIST (File exists)
pread64(16</tmp/nia-publication-fault-tj331zq_/case/store/objects/84/ff92691f909a05b224e1c56abb4864f01b4f8e3c854e4bb4c7baf1d3f6d652>, "\0\0\0\0\0\0\0\0\0\0\0\0\0\0\0\0\0\0\0\0\0\0\0\0\0\0\0\0\0\0\0\0\0\0\0\0\0\0\0\0\0\0\0\0\0\0\0\0\0\0\0\0\0\0\0\0\0\0\0\0\0\0\0\0\0\0\0\0\0\0\0\0\0\0\0\0\0\0\0\0\0\0\0\0\0\0\0\0\0\0\0\0\0\0\0\0"..., 65536, 0) = 10240
pread64(16</tmp/nia-publication-fault-tj331zq_/case/store/objects/84/ff92691f909a05b224e1c56abb4864f01b4f8e3c854e4bb4c7baf1d3f6d652>, "", 55296, 10240) = 0
pread64(16</tmp/nia-publication-fault-tj331zq_/case/store/objects/84/ff92691f909a05b224e1c56abb4864f01b4f8e3c854e4bb4c7baf1d3f6d652>, "", 65536, 10240) = 0
fsync(17</tmp/nia-publication-fault-tj331zq_/case/store/incoming>) = 0
pread64(3</tmp/nia-publication-fault-tj331zq_/case/store/objects/84/ff92691f909a05b224e1c56abb4864f01b4f8e3c854e4bb4c7baf1d3f6d652>, "\0\0\0\0\0\0\0\0\0\0\0\0\0\0\0\0\0\0\0\0\0\0\0\0\0\0\0\0\0\0\0\0\0\0\0\0\0\0\0\0\0\0\0\0\0\0\0\0\0\0\0\0\0\0\0\0\0\0\0\0\0\0\0\0\0\0\0\0\0\0\0\0\0\0\0\0\0\0\0\0\0\0\0\0\0\0\0\0\0\0\0\0\0\0\0\0"..., 65536, 0) = 10240
pread64(3</tmp/nia-publication-fault-tj331zq_/case/store/objects/84/ff92691f909a05b224e1c56abb4864f01b4f8e3c854e4bb4c7baf1d3f6d652>, "", 55296, 10240) = 0
pread64(3</tmp/nia-publication-fault-tj331zq_/case/store/objects/84/ff92691f909a05b224e1c56abb4864f01b4f8e3c854e4bb4c7baf1d3f6d652>, "", 65536, 10240) = 0
pread64(3</tmp/nia-publication-fault-tj331zq_/case/store/objects/84/ff92691f909a05b224e1c56abb4864f01b4f8e3c854e4bb4c7baf1d3f6d652>, "\0\0\0\0\0\0\0\0\0\0\0\0\0\0\0\0\0\0\0\0\0\0\0\0\0\0\0\0\0\0\0\0\0\0\0\0\0\0\0\0\0\0\0\0\0\0\0\0\0\0\0\0\0\0\0\0\0\0\0\0\0\0\0\0\0\0\0\0\0\0\0\0\0\0\0\0\0\0\0\0\0\0\0\0\0\0\0\0\0\0\0\0\0\0\0\0"..., 512, 0) = 512
pread64(3</tmp/nia-publication-fault-tj331zq_/case/store/objects/84/ff92691f909a05b224e1c56abb4864f01b4f8e3c854e4bb4c7baf1d3f6d652>, "\0\0\0\0\0\0\0\0\0\0\0\0\0\0\0\0\0\0\0\0\0\0\0\0\0\0\0\0\0\0\0\0\0\0\0\0\0\0\0\0\0\0\0\0\0\0\0\0\0\0\0\0\0\0\0\0\0\0\0\0\0\0\0\0\0\0\0\0\0\0\0\0\0\0\0\0\0\0\0\0\0\0\0\0\0\0\0\0\0\0\0\0\0\0\0\0"..., 9728, 512) = 9728
pread64(3</tmp/nia-publication-fault-tj331zq_/case/store/objects/0c/a179e6befeb761f3613f1ef57ca892ebc3a6a228dca32f1309f0ac06a7de7e>, "!<arch>\ndebian-binary/  0           0     0     100644  4         `\n2.0\ncontrol.tar/    0       "..., 65536, 0) = 20672
pread64(3</tmp/nia-publication-fault-tj331zq_/case/store/objects/0c/a179e6befeb761f3613f1ef57ca892ebc3a6a228dca32f1309f0ac06a7de7e>, "", 44864, 20672) = 0
pread64(3</tmp/nia-publication-fault-tj331zq_/case/store/objects/0c/a179e6befeb761f3613f1ef57ca892ebc3a6a228dca32f1309f0ac06a7de7e>, "", 65536, 20672) = 0
pread64(3</tmp/nia-publication-fault-tj331zq_/case/store/objects/0c/a179e6befeb761f3613f1ef57ca892ebc3a6a228dca32f1309f0ac06a7de7e>, "!<arch>\n", 8, 0) = 8
pread64(3</tmp/nia-publication-fault-tj331zq_/case/store/objects/0c/a179e6befeb761f3613f1ef57ca892ebc3a6a228dca32f1309f0ac06a7de7e>, "debian-binary/  0           0     0     100644  4         `\n", 60, 8) = 60
pread64(3</tmp/nia-publication-fault-tj331zq_/case/store/objects/0c/a179e6befeb761f3613f1ef57ca892ebc3a6a228dca32f1309f0ac06a7de7e>, "2.0\n", 4, 68) = 4
pread64(3</tmp/nia-publication-fault-tj331zq_/case/store/objects/0c/a179e6befeb761f3613f1ef57ca892ebc3a6a228dca32f1309f0ac06a7de7e>, "2.0\n", 4, 68) = 4
pread64(3</tmp/nia-publication-fault-tj331zq_/case/store/objects/0c/a179e6befeb761f3613f1ef57ca892ebc3a6a228dca32f1309f0ac06a7de7e>, "control.tar/    0           0     0     100644  10240     `\n", 60, 72) = 60
pread64(3</tmp/nia-publication-fault-tj331zq_/case/store/objects/0c/a179e6befeb761f3613f1ef57ca892ebc3a6a228dca32f1309f0ac06a7de7e>, "./control\0\0\0\0\0\0\0\0\0\0\0\0\0\0\0\0\0\0\0\0\0\0\0\0\0\0\0\0\0\0\0\0\0\0\0\0\0\0\0\0\0\0\0\0\0\0\0\0\0\0\0\0\0\0\0\0\0\0\0\0\0\0\0\0\0\0\0\0\0\0\0\0\0\0\0\0\0\0\0\0\0\0\0\0\0\0\0"..., 10240, 132) = 10240
pread64(3</tmp/nia-publication-fault-tj331zq_/case/store/objects/0c/a179e6befeb761f3613f1ef57ca892ebc3a6a228dca32f1309f0ac06a7de7e>, "data.tar/       0           0     0     100644  10240     `\n", 60, 10372) = 60
pread64(3</tmp/nia-publication-fault-tj331zq_/case/store/objects/0c/a179e6befeb761f3613f1ef57ca892ebc3a6a228dca32f1309f0ac06a7de7e>, "\0\0\0\0\0\0\0\0\0\0\0\0\0\0\0\0\0\0\0\0\0\0\0\0\0\0\0\0\0\0\0\0\0\0\0\0\0\0\0\0\0\0\0\0\0\0\0\0\0\0\0\0\0\0\0\0\0\0\0\0\0\0\0\0\0\0\0\0\0\0\0\0\0\0\0\0\0\0\0\0\0\0\0\0\0\0\0\0\0\0\0\0\0\0\0\0"..., 10240, 10432) = 10240
pread64(3</tmp/nia-publication-fault-tj331zq_/case/store/objects/0c/a179e6befeb761f3613f1ef57ca892ebc3a6a228dca32f1309f0ac06a7de7e>, "!<arch>\ndebian-binary/  0           0     0     100644  4         `\n2.0\ncontrol.tar/    0       "..., 65536, 0) = 20672
pread64(3</tmp/nia-publication-fault-tj331zq_/case/store/objects/0c/a179e6befeb761f3613f1ef57ca892ebc3a6a228dca32f1309f0ac06a7de7e>, "", 44864, 20672) = 0
pread64(3</tmp/nia-publication-fault-tj331zq_/case/store/objects/0c/a179e6befeb761f3613f1ef57ca892ebc3a6a228dca32f1309f0ac06a7de7e>, "", 65536, 20672) = 0
pread64(3</tmp/nia-publication-fault-tj331zq_/case/store/objects/0c/a179e6befeb761f3613f1ef57ca892ebc3a6a228dca32f1309f0ac06a7de7e>, "!<arch>\n", 8, 0) = 8
pread64(3</tmp/nia-publication-fault-tj331zq_/case/store/objects/0c/a179e6befeb761f3613f1ef57ca892ebc3a6a228dca32f1309f0ac06a7de7e>, "debian-binary/  0           0     0     100644  4         `\n", 60, 8) = 60
pread64(3</tmp/nia-publication-fault-tj331zq_/case/store/objects/0c/a179e6befeb761f3613f1ef57ca892ebc3a6a228dca32f1309f0ac06a7de7e>, "2.0\n", 4, 68) = 4
pread64(3</tmp/nia-publication-fault-tj331zq_/case/store/objects/0c/a179e6befeb761f3613f1ef57ca892ebc3a6a228dca32f1309f0ac06a7de7e>, "2.0\n", 4, 68) = 4
pread64(3</tmp/nia-publication-fault-tj331zq_/case/store/objects/0c/a179e6befeb761f3613f1ef57ca892ebc3a6a228dca32f1309f0ac06a7de7e>, "control.tar/    0           0     0     100644  10240     `\n", 60, 72) = 60
pread64(3</tmp/nia-publication-fault-tj331zq_/case/store/objects/0c/a179e6befeb761f3613f1ef57ca892ebc3a6a228dca32f1309f0ac06a7de7e>, "./control\0\0\0\0\0\0\0\0\0\0\0\0\0\0\0\0\0\0\0\0\0\0\0\0\0\0\0\0\0\0\0\0\0\0\0\0\0\0\0\0\0\0\0\0\0\0\0\0\0\0\0\0\0\0\0\0\0\0\0\0\0\0\0\0\0\0\0\0\0\0\0\0\0\0\0\0\0\0\0\0\0\0\0\0\0\0\0"..., 10240, 132) = 10240
pread64(3</tmp/nia-publication-fault-tj331zq_/case/store/objects/0c/a179e6befeb761f3613f1ef57ca892ebc3a6a228dca32f1309f0ac06a7de7e>, "data.tar/       0           0     0     100644  10240     `\n", 60, 10372) = 60
pread64(3</tmp/nia-publication-fault-tj331zq_/case/store/objects/0c/a179e6befeb761f3613f1ef57ca892ebc3a6a228dca32f1309f0ac06a7de7e>, "\0\0\0\0\0\0\0\0\0\0\0\0\0\0\0\0\0\0\0\0\0\0\0\0\0\0\0\0\0\0\0\0\0\0\0\0\0\0\0\0\0\0\0\0\0\0\0\0\0\0\0\0\0\0\0\0\0\0\0\0\0\0\0\0\0\0\0\0\0\0\0\0\0\0\0\0\0\0\0\0\0\0\0\0\0\0\0\0\0\0\0\0\0\0\0\0"..., 10240, 10432) = 10240
fsync(17</tmp/nia-publication-fault-tj331zq_/case/store/incoming>) = 0
pread64(3</tmp/nia-publication-fault-tj331zq_/case/store/objects/0c/a179e6befeb761f3613f1ef57ca892ebc3a6a228dca32f1309f0ac06a7de7e>, "./control\0\0\0\0\0\0\0\0\0\0\0\0\0\0\0\0\0\0\0\0\0\0\0\0\0\0\0\0\0\0\0\0\0\0\0\0\0\0\0\0\0\0\0\0\0\0\0\0\0\0\0\0\0\0\0\0\0\0\0\0\0\0\0\0\0\0\0\0\0\0\0\0\0\0\0\0\0\0\0\0\0\0\0\0\0\0\0"..., 10240, 132) = 10240
write(16</tmp/nia-publication-fault-tj331zq_/case/store/incoming/219ddc376204b498fb5902396b527e78>, "./control\0\0\0\0\0\0\0\0\0\0\0\0\0\0\0\0\0\0\0\0\0\0\0\0\0\0\0\0\0\0\0\0\0\0\0\0\0\0\0\0\0\0\0\0\0\0\0\0\0\0\0\0\0\0\0\0\0\0\0\0\0\0\0\0\0\0\0\0\0\0\0\0\0\0\0\0\0\0\0\0\0\0\0\0\0\0\0"..., 10240) = 10240
fsync(16</tmp/nia-publication-fault-tj331zq_/case/store/incoming/219ddc376204b498fb5902396b527e78>) = 0
renameat2(17</tmp/nia-publication-fault-tj331zq_/case/store/incoming>, "219ddc376204b498fb5902396b527e78", 16</tmp/nia-publication-fault-tj331zq_/case/store/objects/4a>, "36f6eb7c1b236ab6cb28ddb882919e888bf393dfc00d93008ad6730697f8f7", RENAME_NOREPLACE) = -1 EEXIST (File exists)
pread64(16</tmp/nia-publication-fault-tj331zq_/case/store/objects/4a/36f6eb7c1b236ab6cb28ddb882919e888bf393dfc00d93008ad6730697f8f7>, "./control\0\0\0\0\0\0\0\0\0\0\0\0\0\0\0\0\0\0\0\0\0\0\0\0\0\0\0\0\0\0\0\0\0\0\0\0\0\0\0\0\0\0\0\0\0\0\0\0\0\0\0\0\0\0\0\0\0\0\0\0\0\0\0\0\0\0\0\0\0\0\0\0\0\0\0\0\0\0\0\0\0\0\0\0\0\0\0"..., 65536, 0) = 10240
pread64(16</tmp/nia-publication-fault-tj331zq_/case/store/objects/4a/36f6eb7c1b236ab6cb28ddb882919e888bf393dfc00d93008ad6730697f8f7>, "", 55296, 10240) = 0
pread64(16</tmp/nia-publication-fault-tj331zq_/case/store/objects/4a/36f6eb7c1b236ab6cb28ddb882919e888bf393dfc00d93008ad6730697f8f7>, "", 65536, 10240) = 0
fsync(17</tmp/nia-publication-fault-tj331zq_/case/store/incoming>) = 0
pread64(3</tmp/nia-publication-fault-tj331zq_/case/store/objects/4a/36f6eb7c1b236ab6cb28ddb882919e888bf393dfc00d93008ad6730697f8f7>, "./control\0\0\0\0\0\0\0\0\0\0\0\0\0\0\0\0\0\0\0\0\0\0\0\0\0\0\0\0\0\0\0\0\0\0\0\0\0\0\0\0\0\0\0\0\0\0\0\0\0\0\0\0\0\0\0\0\0\0\0\0\0\0\0\0\0\0\0\0\0\0\0\0\0\0\0\0\0\0\0\0\0\0\0\0\0\0\0"..., 65536, 0) = 10240
pread64(3</tmp/nia-publication-fault-tj331zq_/case/store/objects/4a/36f6eb7c1b236ab6cb28ddb882919e888bf393dfc00d93008ad6730697f8f7>, "", 55296, 10240) = 0
pread64(3</tmp/nia-publication-fault-tj331zq_/case/store/objects/4a/36f6eb7c1b236ab6cb28ddb882919e888bf393dfc00d93008ad6730697f8f7>, "", 65536, 10240) = 0
pread64(3</tmp/nia-publication-fault-tj331zq_/case/store/objects/4a/36f6eb7c1b236ab6cb28ddb882919e888bf393dfc00d93008ad6730697f8f7>, "./control\0\0\0\0\0\0\0\0\0\0\0\0\0\0\0\0\0\0\0\0\0\0\0\0\0\0\0\0\0\0\0\0\0\0\0\0\0\0\0\0\0\0\0\0\0\0\0\0\0\0\0\0\0\0\0\0\0\0\0\0\0\0\0\0\0\0\0\0\0\0\0\0\0\0\0\0\0\0\0\0\0\0\0\0\0\0\0"..., 10240, 0) = 10240
fsync(17</tmp/nia-publication-fault-tj331zq_/case/store/incoming>) = 0
write(16</tmp/nia-publication-fault-tj331zq_/case/store/incoming/24ec42d3c6f0fa8cdda8c85691819d93>, "Package: empty-package\nVersion: 1\nArchitecture: all\nMaintainer: Fixture <fixture@example.invalid"..., 149) = 149
fsync(16</tmp/nia-publication-fault-tj331zq_/case/store/incoming/24ec42d3c6f0fa8cdda8c85691819d93>) = 0
renameat2(17</tmp/nia-publication-fault-tj331zq_/case/store/incoming>, "24ec42d3c6f0fa8cdda8c85691819d93", 16</tmp/nia-publication-fault-tj331zq_/case/store/objects/a3>, "1a856f430af395bccd7eb2f142b11ad3ae0fc5daf3acc4ffb341c48a5abd39", RENAME_NOREPLACE) = -1 EEXIST (File exists)
pread64(16</tmp/nia-publication-fault-tj331zq_/case/store/objects/a3/1a856f430af395bccd7eb2f142b11ad3ae0fc5daf3acc4ffb341c48a5abd39>, "Package: empty-package\nVersion: 1\nArchitecture: all\nMaintainer: Fixture <fixture@example.invalid"..., 65536, 0) = 149
pread64(16</tmp/nia-publication-fault-tj331zq_/case/store/objects/a3/1a856f430af395bccd7eb2f142b11ad3ae0fc5daf3acc4ffb341c48a5abd39>, "", 65387, 149) = 0
pread64(16</tmp/nia-publication-fault-tj331zq_/case/store/objects/a3/1a856f430af395bccd7eb2f142b11ad3ae0fc5daf3acc4ffb341c48a5abd39>, "", 65536, 149) = 0
fsync(17</tmp/nia-publication-fault-tj331zq_/case/store/incoming>) = 0
pread64(3</tmp/nia-publication-fault-tj331zq_/case/store/objects/a3/1a856f430af395bccd7eb2f142b11ad3ae0fc5daf3acc4ffb341c48a5abd39>, "Package: empty-package\nVersion: 1\nArchitecture: all\nMaintainer: Fixture <fixture@example.invalid"..., 65536, 0) = 149
pread64(3</tmp/nia-publication-fault-tj331zq_/case/store/objects/a3/1a856f430af395bccd7eb2f142b11ad3ae0fc5daf3acc4ffb341c48a5abd39>, "", 65387, 149) = 0
pread64(3</tmp/nia-publication-fault-tj331zq_/case/store/objects/a3/1a856f430af395bccd7eb2f142b11ad3ae0fc5daf3acc4ffb341c48a5abd39>, "", 65536, 149) = 0
pread64(3</tmp/nia-publication-fault-tj331zq_/case/store/objects/a3/1a856f430af395bccd7eb2f142b11ad3ae0fc5daf3acc4ffb341c48a5abd39>, "Package: empty-package\nVersion: 1\nArchitecture: all\nMaintainer: Fixture <fixture@example.invalid"..., 16777216, 0) = 149
pread64(3</tmp/nia-publication-fault-tj331zq_/case/store/objects/a3/1a856f430af395bccd7eb2f142b11ad3ae0fc5daf3acc4ffb341c48a5abd39>, "", 16777067, 149) = 0
pread64(3</tmp/nia-publication-fault-tj331zq_/case/store/objects/a3/1a856f430af395bccd7eb2f142b11ad3ae0fc5daf3acc4ffb341c48a5abd39>, "Package: empty-package\nVersion: 1\nArchitecture: all\nMaintainer: Fixture <fixture@example.invalid"..., 65536, 0) = 149
pread64(3</tmp/nia-publication-fault-tj331zq_/case/store/objects/a3/1a856f430af395bccd7eb2f142b11ad3ae0fc5daf3acc4ffb341c48a5abd39>, "", 65387, 149) = 0
pread64(3</tmp/nia-publication-fault-tj331zq_/case/store/objects/a3/1a856f430af395bccd7eb2f142b11ad3ae0fc5daf3acc4ffb341c48a5abd39>, "", 65536, 149) = 0
pread64(3</tmp/nia-publication-fault-tj331zq_/case/store/objects/a3/1a856f430af395bccd7eb2f142b11ad3ae0fc5daf3acc4ffb341c48a5abd39>, "Package: empty-package\nVersion: 1\nArchitecture: all\nMaintainer: Fixture <fixture@example.invalid"..., 16777216, 0) = 149
pread64(3</tmp/nia-publication-fault-tj331zq_/case/store/objects/a3/1a856f430af395bccd7eb2f142b11ad3ae0fc5daf3acc4ffb341c48a5abd39>, "", 16777067, 149) = 0
pread64(3</tmp/nia-publication-fault-tj331zq_/case/store/objects/0c/a179e6befeb761f3613f1ef57ca892ebc3a6a228dca32f1309f0ac06a7de7e>, "!<arch>\ndebian-binary/  0           0     0     100644  4         `\n2.0\ncontrol.tar/    0       "..., 65536, 0) = 20672
pread64(3</tmp/nia-publication-fault-tj331zq_/case/store/objects/0c/a179e6befeb761f3613f1ef57ca892ebc3a6a228dca32f1309f0ac06a7de7e>, "", 44864, 20672) = 0
pread64(3</tmp/nia-publication-fault-tj331zq_/case/store/objects/0c/a179e6befeb761f3613f1ef57ca892ebc3a6a228dca32f1309f0ac06a7de7e>, "", 65536, 20672) = 0
pread64(3</tmp/nia-publication-fault-tj331zq_/case/store/objects/0c/a179e6befeb761f3613f1ef57ca892ebc3a6a228dca32f1309f0ac06a7de7e>, "!<arch>\n", 8, 0) = 8
pread64(3</tmp/nia-publication-fault-tj331zq_/case/store/objects/0c/a179e6befeb761f3613f1ef57ca892ebc3a6a228dca32f1309f0ac06a7de7e>, "debian-binary/  0           0     0     100644  4         `\n", 60, 8) = 60
pread64(3</tmp/nia-publication-fault-tj331zq_/case/store/objects/0c/a179e6befeb761f3613f1ef57ca892ebc3a6a228dca32f1309f0ac06a7de7e>, "2.0\n", 4, 68) = 4
pread64(3</tmp/nia-publication-fault-tj331zq_/case/store/objects/0c/a179e6befeb761f3613f1ef57ca892ebc3a6a228dca32f1309f0ac06a7de7e>, "2.0\n", 4, 68) = 4
pread64(3</tmp/nia-publication-fault-tj331zq_/case/store/objects/0c/a179e6befeb761f3613f1ef57ca892ebc3a6a228dca32f1309f0ac06a7de7e>, "control.tar/    0           0     0     100644  10240     `\n", 60, 72) = 60
pread64(3</tmp/nia-publication-fault-tj331zq_/case/store/objects/0c/a179e6befeb761f3613f1ef57ca892ebc3a6a228dca32f1309f0ac06a7de7e>, "./control\0\0\0\0\0\0\0\0\0\0\0\0\0\0\0\0\0\0\0\0\0\0\0\0\0\0\0\0\0\0\0\0\0\0\0\0\0\0\0\0\0\0\0\0\0\0\0\0\0\0\0\0\0\0\0\0\0\0\0\0\0\0\0\0\0\0\0\0\0\0\0\0\0\0\0\0\0\0\0\0\0\0\0\0\0\0\0"..., 10240, 132) = 10240
pread64(3</tmp/nia-publication-fault-tj331zq_/case/store/objects/0c/a179e6befeb761f3613f1ef57ca892ebc3a6a228dca32f1309f0ac06a7de7e>, "data.tar/       0           0     0     100644  10240     `\n", 60, 10372) = 60
pread64(3</tmp/nia-publication-fault-tj331zq_/case/store/objects/0c/a179e6befeb761f3613f1ef57ca892ebc3a6a228dca32f1309f0ac06a7de7e>, "\0\0\0\0\0\0\0\0\0\0\0\0\0\0\0\0\0\0\0\0\0\0\0\0\0\0\0\0\0\0\0\0\0\0\0\0\0\0\0\0\0\0\0\0\0\0\0\0\0\0\0\0\0\0\0\0\0\0\0\0\0\0\0\0\0\0\0\0\0\0\0\0\0\0\0\0\0\0\0\0\0\0\0\0\0\0\0\0\0\0\0\0\0\0\0\0"..., 10240, 10432) = 10240
pread64(3</tmp/nia-publication-fault-tj331zq_/case/store/objects/0c/a179e6befeb761f3613f1ef57ca892ebc3a6a228dca32f1309f0ac06a7de7e>, "!<arch>\ndebian-binary/  0           0     0     100644  4         `\n2.0\ncontrol.tar/    0       "..., 65536, 0) = 20672
pread64(3</tmp/nia-publication-fault-tj331zq_/case/store/objects/0c/a179e6befeb761f3613f1ef57ca892ebc3a6a228dca32f1309f0ac06a7de7e>, "", 44864, 20672) = 0
pread64(3</tmp/nia-publication-fault-tj331zq_/case/store/objects/0c/a179e6befeb761f3613f1ef57ca892ebc3a6a228dca32f1309f0ac06a7de7e>, "", 65536, 20672) = 0
pread64(3</tmp/nia-publication-fault-tj331zq_/case/store/objects/0c/a179e6befeb761f3613f1ef57ca892ebc3a6a228dca32f1309f0ac06a7de7e>, "!<arch>\n", 8, 0) = 8
pread64(3</tmp/nia-publication-fault-tj331zq_/case/store/objects/0c/a179e6befeb761f3613f1ef57ca892ebc3a6a228dca32f1309f0ac06a7de7e>, "debian-binary/  0           0     0     100644  4         `\n", 60, 8) = 60
pread64(3</tmp/nia-publication-fault-tj331zq_/case/store/objects/0c/a179e6befeb761f3613f1ef57ca892ebc3a6a228dca32f1309f0ac06a7de7e>, "2.0\n", 4, 68) = 4
pread64(3</tmp/nia-publication-fault-tj331zq_/case/store/objects/0c/a179e6befeb761f3613f1ef57ca892ebc3a6a228dca32f1309f0ac06a7de7e>, "2.0\n", 4, 68) = 4
pread64(3</tmp/nia-publication-fault-tj331zq_/case/store/objects/0c/a179e6befeb761f3613f1ef57ca892ebc3a6a228dca32f1309f0ac06a7de7e>, "control.tar/    0           0     0     100644  10240     `\n", 60, 72) = 60
pread64(3</tmp/nia-publication-fault-tj331zq_/case/store/objects/0c/a179e6befeb761f3613f1ef57ca892ebc3a6a228dca32f1309f0ac06a7de7e>, "./control\0\0\0\0\0\0\0\0\0\0\0\0\0\0\0\0\0\0\0\0\0\0\0\0\0\0\0\0\0\0\0\0\0\0\0\0\0\0\0\0\0\0\0\0\0\0\0\0\0\0\0\0\0\0\0\0\0\0\0\0\0\0\0\0\0\0\0\0\0\0\0\0\0\0\0\0\0\0\0\0\0\0\0\0\0\0\0"..., 10240, 132) = 10240
pread64(3</tmp/nia-publication-fault-tj331zq_/case/store/objects/0c/a179e6befeb761f3613f1ef57ca892ebc3a6a228dca32f1309f0ac06a7de7e>, "data.tar/       0           0     0     100644  10240     `\n", 60, 10372) = 60
pread64(3</tmp/nia-publication-fault-tj331zq_/case/store/objects/0c/a179e6befeb761f3613f1ef57ca892ebc3a6a228dca32f1309f0ac06a7de7e>, "\0\0\0\0\0\0\0\0\0\0\0\0\0\0\0\0\0\0\0\0\0\0\0\0\0\0\0\0\0\0\0\0\0\0\0\0\0\0\0\0\0\0\0\0\0\0\0\0\0\0\0\0\0\0\0\0\0\0\0\0\0\0\0\0\0\0\0\0\0\0\0\0\0\0\0\0\0\0\0\0\0\0\0\0\0\0\0\0\0\0\0\0\0\0\0\0"..., 10240, 10432) = 10240
fsync(17</tmp/nia-publication-fault-tj331zq_/case/store/incoming>) = 0
pread64(3</tmp/nia-publication-fault-tj331zq_/case/store/objects/0c/a179e6befeb761f3613f1ef57ca892ebc3a6a228dca32f1309f0ac06a7de7e>, "./control\0\0\0\0\0\0\0\0\0\0\0\0\0\0\0\0\0\0\0\0\0\0\0\0\0\0\0\0\0\0\0\0\0\0\0\0\0\0\0\0\0\0\0\0\0\0\0\0\0\0\0\0\0\0\0\0\0\0\0\0\0\0\0\0\0\0\0\0\0\0\0\0\0\0\0\0\0\0\0\0\0\0\0\0\0\0\0"..., 10240, 132) = 10240
write(16</tmp/nia-publication-fault-tj331zq_/case/store/incoming/08eb224d92a732ecd245b68370ad9844>, "./control\0\0\0\0\0\0\0\0\0\0\0\0\0\0\0\0\0\0\0\0\0\0\0\0\0\0\0\0\0\0\0\0\0\0\0\0\0\0\0\0\0\0\0\0\0\0\0\0\0\0\0\0\0\0\0\0\0\0\0\0\0\0\0\0\0\0\0\0\0\0\0\0\0\0\0\0\0\0\0\0\0\0\0\0\0\0\0"..., 10240) = 10240
fsync(16</tmp/nia-publication-fault-tj331zq_/case/store/incoming/08eb224d92a732ecd245b68370ad9844>) = 0
renameat2(17</tmp/nia-publication-fault-tj331zq_/case/store/incoming>, "08eb224d92a732ecd245b68370ad9844", 16</tmp/nia-publication-fault-tj331zq_/case/store/objects/4a>, "36f6eb7c1b236ab6cb28ddb882919e888bf393dfc00d93008ad6730697f8f7", RENAME_NOREPLACE) = -1 EEXIST (File exists)
pread64(16</tmp/nia-publication-fault-tj331zq_/case/store/objects/4a/36f6eb7c1b236ab6cb28ddb882919e888bf393dfc00d93008ad6730697f8f7>, "./control\0\0\0\0\0\0\0\0\0\0\0\0\0\0\0\0\0\0\0\0\0\0\0\0\0\0\0\0\0\0\0\0\0\0\0\0\0\0\0\0\0\0\0\0\0\0\0\0\0\0\0\0\0\0\0\0\0\0\0\0\0\0\0\0\0\0\0\0\0\0\0\0\0\0\0\0\0\0\0\0\0\0\0\0\0\0\0"..., 65536, 0) = 10240
pread64(16</tmp/nia-publication-fault-tj331zq_/case/store/objects/4a/36f6eb7c1b236ab6cb28ddb882919e888bf393dfc00d93008ad6730697f8f7>, "", 55296, 10240) = 0
pread64(16</tmp/nia-publication-fault-tj331zq_/case/store/objects/4a/36f6eb7c1b236ab6cb28ddb882919e888bf393dfc00d93008ad6730697f8f7>, "", 65536, 10240) = 0
fsync(17</tmp/nia-publication-fault-tj331zq_/case/store/incoming>) = 0
pread64(3</tmp/nia-publication-fault-tj331zq_/case/store/objects/4a/36f6eb7c1b236ab6cb28ddb882919e888bf393dfc00d93008ad6730697f8f7>, "./control\0\0\0\0\0\0\0\0\0\0\0\0\0\0\0\0\0\0\0\0\0\0\0\0\0\0\0\0\0\0\0\0\0\0\0\0\0\0\0\0\0\0\0\0\0\0\0\0\0\0\0\0\0\0\0\0\0\0\0\0\0\0\0\0\0\0\0\0\0\0\0\0\0\0\0\0\0\0\0\0\0\0\0\0\0\0\0"..., 65536, 0) = 10240
pread64(3</tmp/nia-publication-fault-tj331zq_/case/store/objects/4a/36f6eb7c1b236ab6cb28ddb882919e888bf393dfc00d93008ad6730697f8f7>, "", 55296, 10240) = 0
pread64(3</tmp/nia-publication-fault-tj331zq_/case/store/objects/4a/36f6eb7c1b236ab6cb28ddb882919e888bf393dfc00d93008ad6730697f8f7>, "", 65536, 10240) = 0
pread64(3</tmp/nia-publication-fault-tj331zq_/case/store/objects/4a/36f6eb7c1b236ab6cb28ddb882919e888bf393dfc00d93008ad6730697f8f7>, "./control\0\0\0\0\0\0\0\0\0\0\0\0\0\0\0\0\0\0\0\0\0\0\0\0\0\0\0\0\0\0\0\0\0\0\0\0\0\0\0\0\0\0\0\0\0\0\0\0\0\0\0\0\0\0\0\0\0\0\0\0\0\0\0\0\0\0\0\0\0\0\0\0\0\0\0\0\0\0\0\0\0\0\0\0\0\0\0"..., 10240, 0) = 10240
fsync(17</tmp/nia-publication-fault-tj331zq_/case/store/incoming>) = 0
write(16</tmp/nia-publication-fault-tj331zq_/case/store/incoming/5e3baa9d390bc2c15a24d21542cc2f82>, "Package: empty-package\nVersion: 1\nArchitecture: all\nMaintainer: Fixture <fixture@example.invalid"..., 149) = 149
fsync(16</tmp/nia-publication-fault-tj331zq_/case/store/incoming/5e3baa9d390bc2c15a24d21542cc2f82>) = 0
renameat2(17</tmp/nia-publication-fault-tj331zq_/case/store/incoming>, "5e3baa9d390bc2c15a24d21542cc2f82", 16</tmp/nia-publication-fault-tj331zq_/case/store/objects/a3>, "1a856f430af395bccd7eb2f142b11ad3ae0fc5daf3acc4ffb341c48a5abd39", RENAME_NOREPLACE) = -1 EEXIST (File exists)
pread64(16</tmp/nia-publication-fault-tj331zq_/case/store/objects/a3/1a856f430af395bccd7eb2f142b11ad3ae0fc5daf3acc4ffb341c48a5abd39>, "Package: empty-package\nVersion: 1\nArchitecture: all\nMaintainer: Fixture <fixture@example.invalid"..., 65536, 0) = 149
pread64(16</tmp/nia-publication-fault-tj331zq_/case/store/objects/a3/1a856f430af395bccd7eb2f142b11ad3ae0fc5daf3acc4ffb341c48a5abd39>, "", 65387, 149) = 0
pread64(16</tmp/nia-publication-fault-tj331zq_/case/store/objects/a3/1a856f430af395bccd7eb2f142b11ad3ae0fc5daf3acc4ffb341c48a5abd39>, "", 65536, 149) = 0
fsync(17</tmp/nia-publication-fault-tj331zq_/case/store/incoming>) = 0
pread64(3</tmp/nia-publication-fault-tj331zq_/case/store/objects/0c/a179e6befeb761f3613f1ef57ca892ebc3a6a228dca32f1309f0ac06a7de7e>, "!<arch>\ndebian-binary/  0           0     0     100644  4         `\n2.0\ncontrol.tar/    0       "..., 65536, 0) = 20672
pread64(3</tmp/nia-publication-fault-tj331zq_/case/store/objects/0c/a179e6befeb761f3613f1ef57ca892ebc3a6a228dca32f1309f0ac06a7de7e>, "", 44864, 20672) = 0
pread64(3</tmp/nia-publication-fault-tj331zq_/case/store/objects/0c/a179e6befeb761f3613f1ef57ca892ebc3a6a228dca32f1309f0ac06a7de7e>, "", 65536, 20672) = 0
pread64(3</tmp/nia-publication-fault-tj331zq_/case/store/objects/4a/36f6eb7c1b236ab6cb28ddb882919e888bf393dfc00d93008ad6730697f8f7>, "./control\0\0\0\0\0\0\0\0\0\0\0\0\0\0\0\0\0\0\0\0\0\0\0\0\0\0\0\0\0\0\0\0\0\0\0\0\0\0\0\0\0\0\0\0\0\0\0\0\0\0\0\0\0\0\0\0\0\0\0\0\0\0\0\0\0\0\0\0\0\0\0\0\0\0\0\0\0\0\0\0\0\0\0\0\0\0\0"..., 65536, 0) = 10240
pread64(3</tmp/nia-publication-fault-tj331zq_/case/store/objects/4a/36f6eb7c1b236ab6cb28ddb882919e888bf393dfc00d93008ad6730697f8f7>, "", 55296, 10240) = 0
pread64(3</tmp/nia-publication-fault-tj331zq_/case/store/objects/4a/36f6eb7c1b236ab6cb28ddb882919e888bf393dfc00d93008ad6730697f8f7>, "", 65536, 10240) = 0
pread64(3</tmp/nia-publication-fault-tj331zq_/case/store/objects/84/ff92691f909a05b224e1c56abb4864f01b4f8e3c854e4bb4c7baf1d3f6d652>, "\0\0\0\0\0\0\0\0\0\0\0\0\0\0\0\0\0\0\0\0\0\0\0\0\0\0\0\0\0\0\0\0\0\0\0\0\0\0\0\0\0\0\0\0\0\0\0\0\0\0\0\0\0\0\0\0\0\0\0\0\0\0\0\0\0\0\0\0\0\0\0\0\0\0\0\0\0\0\0\0\0\0\0\0\0\0\0\0\0\0\0\0\0\0\0\0"..., 65536, 0) = 10240
pread64(3</tmp/nia-publication-fault-tj331zq_/case/store/objects/84/ff92691f909a05b224e1c56abb4864f01b4f8e3c854e4bb4c7baf1d3f6d652>, "", 55296, 10240) = 0
pread64(3</tmp/nia-publication-fault-tj331zq_/case/store/objects/84/ff92691f909a05b224e1c56abb4864f01b4f8e3c854e4bb4c7baf1d3f6d652>, "", 65536, 10240) = 0
pread64(3</tmp/nia-publication-fault-tj331zq_/case/store/objects/8e/e688345e1d9502ee8cd7277a453c30bfb77b947201beb3300e9df2b8ca321d>, "\0\0\0\0\0\0\0\10NIACSEL1\273\343\341b6\331$M\267\345\300\262\251\302\306\27f\270\251!\330\260\227\374\323p\347\177\25.\3311\0\0\0\0\0\0\0\1\f\241y\346\276\376\267a\363a?\36\365|\250\222\353\303\246\242(\334\243/\23\t\360\254\6\247\336~J6\366\353|\33#j"..., 65536, 0) = 152
pread64(3</tmp/nia-publication-fault-tj331zq_/case/store/objects/8e/e688345e1d9502ee8cd7277a453c30bfb77b947201beb3300e9df2b8ca321d>, "", 65384, 152) = 0
pread64(3</tmp/nia-publication-fault-tj331zq_/case/store/objects/8e/e688345e1d9502ee8cd7277a453c30bfb77b947201beb3300e9df2b8ca321d>, "", 65536, 152) = 0
pread64(3</tmp/nia-publication-fault-tj331zq_/case/store/objects/a3/1a856f430af395bccd7eb2f142b11ad3ae0fc5daf3acc4ffb341c48a5abd39>, "Package: empty-package\nVersion: 1\nArchitecture: all\nMaintainer: Fixture <fixture@example.invalid"..., 65536, 0) = 149
pread64(3</tmp/nia-publication-fault-tj331zq_/case/store/objects/a3/1a856f430af395bccd7eb2f142b11ad3ae0fc5daf3acc4ffb341c48a5abd39>, "", 65387, 149) = 0
pread64(3</tmp/nia-publication-fault-tj331zq_/case/store/objects/a3/1a856f430af395bccd7eb2f142b11ad3ae0fc5daf3acc4ffb341c48a5abd39>, "", 65536, 149) = 0
fsync(16</tmp/nia-publication-fault-tj331zq_/case/store/incoming>) = 0
write(3</tmp/nia-publication-fault-tj331zq_/case/store/incoming/5dfbbc42effd357914598dd498be71ef>, "NIACLOS1\216\346\2104^\35\225\2\356\214\327'zE<0\277\267{\224r\1\276\2630\16\235\362\270\3122\35\273\343\341b6\331$M\267\345\300\262\251\302\306\27f\270\251!\330\260\227\374\323p\347\177\25.\3311\0\0\0\0\0\0\0\5", 80) = 80
write(3</tmp/nia-publication-fault-tj331zq_/case/store/incoming/5dfbbc42effd357914598dd498be71ef>, "\f\241y\346\276\376\267a\363a?\36\365|\250\222\353\303\246\242(\334\243/\23\t\360\254\6\247\336~", 32) = 32
write(3</tmp/nia-publication-fault-tj331zq_/case/store/incoming/5dfbbc42effd357914598dd498be71ef>, "J6\366\353|\33#j\266\313(\335\270\202\221\236\210\213\363\223\337\300\r\223\0\212\326s\6\227\370\367", 32) = 32
write(3</tmp/nia-publication-fault-tj331zq_/case/store/incoming/5dfbbc42effd357914598dd498be71ef>, "\204\377\222i\37\220\232\5\262$\341\305j\273Hd\360\33O\216<\205NK\264\307\272\361\323\366\326R", 32) = 32
write(3</tmp/nia-publication-fault-tj331zq_/case/store/incoming/5dfbbc42effd357914598dd498be71ef>, "\216\346\2104^\35\225\2\356\214\327'zE<0\277\267{\224r\1\276\2630\16\235\362\270\3122\35", 32) = 32
write(3</tmp/nia-publication-fault-tj331zq_/case/store/incoming/5dfbbc42effd357914598dd498be71ef>, "\243\32\205oC\n\363\225\274\315~\262\361B\261\32\323\256\17\305\332\363\254\304\377\263A\304\212Z\2759", 32) = 32
fsync(3</tmp/nia-publication-fault-tj331zq_/case/store/incoming/5dfbbc42effd357914598dd498be71ef>) = 0
renameat2(16</tmp/nia-publication-fault-tj331zq_/case/store/incoming>, "5dfbbc42effd357914598dd498be71ef", 3</tmp/nia-publication-fault-tj331zq_/case/store/objects/32>, "094e7c613fdb6dffb1f27d926b176f7fd8946b8c2cf3ca9e3b95cb91a1a8ca", RENAME_NOREPLACE) = -1 EEXIST (File exists)
pread64(3</tmp/nia-publication-fault-tj331zq_/case/store/objects/32/094e7c613fdb6dffb1f27d926b176f7fd8946b8c2cf3ca9e3b95cb91a1a8ca>, "NIACLOS1\216\346\2104^\35\225\2\356\214\327'zE<0\277\267{\224r\1\276\2630\16\235\362\270\3122\35\273\343\341b6\331$M\267\345\300\262\251\302\306\27f\270\251!\330\260\227\374\323p\347\177\25.\3311\0\0\0\0\0\0\0\5\f\241y\346\276\376\267a\363a?\36\365|\250\222"..., 65536, 0) = 240
pread64(3</tmp/nia-publication-fault-tj331zq_/case/store/objects/32/094e7c613fdb6dffb1f27d926b176f7fd8946b8c2cf3ca9e3b95cb91a1a8ca>, "", 65296, 240) = 0
pread64(3</tmp/nia-publication-fault-tj331zq_/case/store/objects/32/094e7c613fdb6dffb1f27d926b176f7fd8946b8c2cf3ca9e3b95cb91a1a8ca>, "", 65536, 240) = 0
fsync(16</tmp/nia-publication-fault-tj331zq_/case/store/incoming>) = 0
pread64(3</tmp/nia-publication-fault-tj331zq_/case/store/objects/38/c0e841345eeb0948445869eb5553bb39ebf66c24fe6fa00123868f32600451>, "NIAGINT1\37\37\37\37\37\37\37\37\37\37\37\37\37\37\37\37\0\0\0\0\0\0\0\0\0\0\0\0\0\0\0\0\0\0\0\0\0\0\0\0\0\0\0\0\0\0\0\0\216\346\2104^\35\225\2\356\214\327'zE<0\277\267{\224r\1\276\2630\16\235\362\270\3122\0352\tN|a?\333m"..., 65536, 0) = 206
pread64(3</tmp/nia-publication-fault-tj331zq_/case/store/objects/38/c0e841345eeb0948445869eb5553bb39ebf66c24fe6fa00123868f32600451>, "", 65330, 206) = 0
pread64(3</tmp/nia-publication-fault-tj331zq_/case/store/objects/38/c0e841345eeb0948445869eb5553bb39ebf66c24fe6fa00123868f32600451>, "", 65536, 206) = 0
pread64(3</tmp/nia-publication-fault-tj331zq_/case/store/objects/38/c0e841345eeb0948445869eb5553bb39ebf66c24fe6fa00123868f32600451>, "NIAGINT1\37\37\37\37\37\37\37\37\37\37\37\37\37\37\37\37\0\0\0\0\0\0\0\0\0\0\0\0\0\0\0\0\0\0\0\0\0\0\0\0\0\0\0\0\0\0\0\0\216\346\2104^\35\225\2\356\214\327'zE<0\277\267{\224r\1\276\2630\16\235\362\270\3122\0352\tN|a?\333m"..., 1053888, 0) = 206
pread64(3</tmp/nia-publication-fault-tj331zq_/case/store/objects/38/c0e841345eeb0948445869eb5553bb39ebf66c24fe6fa00123868f32600451>, "", 1053682, 206) = 0
pread64(3</tmp/nia-publication-fault-tj331zq_/case/store/objects/32/094e7c613fdb6dffb1f27d926b176f7fd8946b8c2cf3ca9e3b95cb91a1a8ca>, "NIACLOS1\216\346\2104^\35\225\2\356\214\327'zE<0\277\267{\224r\1\276\2630\16\235\362\270\3122\35\273\343\341b6\331$M\267\345\300\262\251\302\306\27f\270\251!\330\260\227\374\323p\347\177\25.\3311\0\0\0\0\0\0\0\5\f\241y\346\276\376\267a\363a?\36\365|\250\222"..., 65536, 0) = 240
pread64(3</tmp/nia-publication-fault-tj331zq_/case/store/objects/32/094e7c613fdb6dffb1f27d926b176f7fd8946b8c2cf3ca9e3b95cb91a1a8ca>, "", 65296, 240) = 0
pread64(3</tmp/nia-publication-fault-tj331zq_/case/store/objects/32/094e7c613fdb6dffb1f27d926b176f7fd8946b8c2cf3ca9e3b95cb91a1a8ca>, "", 65536, 240) = 0
pread64(3</tmp/nia-publication-fault-tj331zq_/case/store/objects/32/094e7c613fdb6dffb1f27d926b176f7fd8946b8c2cf3ca9e3b95cb91a1a8ca>, "NIACLOS1\216\346\2104^\35\225\2\356\214\327'zE<0\277\267{\224r\1\276\2630\16\235\362\270\3122\35\273\343\341b6\331$M\267\345\300\262\251\302\306\27f\270\251!\330\260\227\374\323p\347\177\25.\3311\0\0\0\0\0\0\0\5", 80, 0) = 80
pread64(3</tmp/nia-publication-fault-tj331zq_/case/store/objects/32/094e7c613fdb6dffb1f27d926b176f7fd8946b8c2cf3ca9e3b95cb91a1a8ca>, "\f\241y\346\276\376\267a\363a?\36\365|\250\222\353\303\246\242(\334\243/\23\t\360\254\6\247\336~", 32, 80) = 32
pread64(16</tmp/nia-publication-fault-tj331zq_/case/store/objects/0c/a179e6befeb761f3613f1ef57ca892ebc3a6a228dca32f1309f0ac06a7de7e>, "!<arch>\ndebian-binary/  0           0     0     100644  4         `\n2.0\ncontrol.tar/    0       "..., 65536, 0) = 20672
pread64(16</tmp/nia-publication-fault-tj331zq_/case/store/objects/0c/a179e6befeb761f3613f1ef57ca892ebc3a6a228dca32f1309f0ac06a7de7e>, "", 44864, 20672) = 0
pread64(16</tmp/nia-publication-fault-tj331zq_/case/store/objects/0c/a179e6befeb761f3613f1ef57ca892ebc3a6a228dca32f1309f0ac06a7de7e>, "", 65536, 20672) = 0
pread64(3</tmp/nia-publication-fault-tj331zq_/case/store/objects/32/094e7c613fdb6dffb1f27d926b176f7fd8946b8c2cf3ca9e3b95cb91a1a8ca>, "J6\366\353|\33#j\266\313(\335\270\202\221\236\210\213\363\223\337\300\r\223\0\212\326s\6\227\370\367", 32, 112) = 32
pread64(16</tmp/nia-publication-fault-tj331zq_/case/store/objects/4a/36f6eb7c1b236ab6cb28ddb882919e888bf393dfc00d93008ad6730697f8f7>, "./control\0\0\0\0\0\0\0\0\0\0\0\0\0\0\0\0\0\0\0\0\0\0\0\0\0\0\0\0\0\0\0\0\0\0\0\0\0\0\0\0\0\0\0\0\0\0\0\0\0\0\0\0\0\0\0\0\0\0\0\0\0\0\0\0\0\0\0\0\0\0\0\0\0\0\0\0\0\0\0\0\0\0\0\0\0\0\0"..., 65536, 0) = 10240
pread64(16</tmp/nia-publication-fault-tj331zq_/case/store/objects/4a/36f6eb7c1b236ab6cb28ddb882919e888bf393dfc00d93008ad6730697f8f7>, "", 55296, 10240) = 0
pread64(16</tmp/nia-publication-fault-tj331zq_/case/store/objects/4a/36f6eb7c1b236ab6cb28ddb882919e888bf393dfc00d93008ad6730697f8f7>, "", 65536, 10240) = 0
pread64(3</tmp/nia-publication-fault-tj331zq_/case/store/objects/32/094e7c613fdb6dffb1f27d926b176f7fd8946b8c2cf3ca9e3b95cb91a1a8ca>, "\204\377\222i\37\220\232\5\262$\341\305j\273Hd\360\33O\216<\205NK\264\307\272\361\323\366\326R", 32, 144) = 32
pread64(16</tmp/nia-publication-fault-tj331zq_/case/store/objects/84/ff92691f909a05b224e1c56abb4864f01b4f8e3c854e4bb4c7baf1d3f6d652>, "\0\0\0\0\0\0\0\0\0\0\0\0\0\0\0\0\0\0\0\0\0\0\0\0\0\0\0\0\0\0\0\0\0\0\0\0\0\0\0\0\0\0\0\0\0\0\0\0\0\0\0\0\0\0\0\0\0\0\0\0\0\0\0\0\0\0\0\0\0\0\0\0\0\0\0\0\0\0\0\0\0\0\0\0\0\0\0\0\0\0\0\0\0\0\0\0"..., 65536, 0) = 10240
pread64(16</tmp/nia-publication-fault-tj331zq_/case/store/objects/84/ff92691f909a05b224e1c56abb4864f01b4f8e3c854e4bb4c7baf1d3f6d652>, "", 55296, 10240) = 0
pread64(16</tmp/nia-publication-fault-tj331zq_/case/store/objects/84/ff92691f909a05b224e1c56abb4864f01b4f8e3c854e4bb4c7baf1d3f6d652>, "", 65536, 10240) = 0
pread64(3</tmp/nia-publication-fault-tj331zq_/case/store/objects/32/094e7c613fdb6dffb1f27d926b176f7fd8946b8c2cf3ca9e3b95cb91a1a8ca>, "\216\346\2104^\35\225\2\356\214\327'zE<0\277\267{\224r\1\276\2630\16\235\362\270\3122\35", 32, 176) = 32
pread64(16</tmp/nia-publication-fault-tj331zq_/case/store/objects/8e/e688345e1d9502ee8cd7277a453c30bfb77b947201beb3300e9df2b8ca321d>, "\0\0\0\0\0\0\0\10NIACSEL1\273\343\341b6\331$M\267\345\300\262\251\302\306\27f\270\251!\330\260\227\374\323p\347\177\25.\3311\0\0\0\0\0\0\0\1\f\241y\346\276\376\267a\363a?\36\365|\250\222\353\303\246\242(\334\243/\23\t\360\254\6\247\336~J6\366\353|\33#j"..., 65536, 0) = 152
pread64(16</tmp/nia-publication-fault-tj331zq_/case/store/objects/8e/e688345e1d9502ee8cd7277a453c30bfb77b947201beb3300e9df2b8ca321d>, "", 65384, 152) = 0
pread64(16</tmp/nia-publication-fault-tj331zq_/case/store/objects/8e/e688345e1d9502ee8cd7277a453c30bfb77b947201beb3300e9df2b8ca321d>, "", 65536, 152) = 0
pread64(3</tmp/nia-publication-fault-tj331zq_/case/store/objects/32/094e7c613fdb6dffb1f27d926b176f7fd8946b8c2cf3ca9e3b95cb91a1a8ca>, "\243\32\205oC\n\363\225\274\315~\262\361B\261\32\323\256\17\305\332\363\254\304\377\263A\304\212Z\2759", 32, 208) = 32
pread64(16</tmp/nia-publication-fault-tj331zq_/case/store/objects/a3/1a856f430af395bccd7eb2f142b11ad3ae0fc5daf3acc4ffb341c48a5abd39>, "Package: empty-package\nVersion: 1\nArchitecture: all\nMaintainer: Fixture <fixture@example.invalid"..., 65536, 0) = 149
pread64(16</tmp/nia-publication-fault-tj331zq_/case/store/objects/a3/1a856f430af395bccd7eb2f142b11ad3ae0fc5daf3acc4ffb341c48a5abd39>, "", 65387, 149) = 0
pread64(16</tmp/nia-publication-fault-tj331zq_/case/store/objects/a3/1a856f430af395bccd7eb2f142b11ad3ae0fc5daf3acc4ffb341c48a5abd39>, "", 65536, 149) = 0
pread64(3</tmp/nia-publication-fault-tj331zq_/case/store/objects/8e/e688345e1d9502ee8cd7277a453c30bfb77b947201beb3300e9df2b8ca321d>, "\0\0\0\0\0\0\0\10NIACSEL1\273\343\341b6\331$M\267\345\300\262\251\302\306\27f\270\251!\330\260\227\374\323p\347\177\25.\3311\0\0\0\0\0\0\0\1\f\241y\346\276\376\267a\363a?\36\365|\250\222\353\303\246\242(\334\243/\23\t\360\254\6\247\336~J6\366\353|\33#j"..., 65536, 0) = 152
pread64(3</tmp/nia-publication-fault-tj331zq_/case/store/objects/8e/e688345e1d9502ee8cd7277a453c30bfb77b947201beb3300e9df2b8ca321d>, "", 65384, 152) = 0
pread64(3</tmp/nia-publication-fault-tj331zq_/case/store/objects/8e/e688345e1d9502ee8cd7277a453c30bfb77b947201beb3300e9df2b8ca321d>, "", 65536, 152) = 0
pread64(3</tmp/nia-publication-fault-tj331zq_/case/store/objects/8e/e688345e1d9502ee8cd7277a453c30bfb77b947201beb3300e9df2b8ca321d>, "\0\0\0\0\0\0\0\10NIACSEL1\273\343\341b6\331$M\267\345\300\262\251\302\306\27f\270\251!\330\260\227\374\323p\347\177\25.\3311\0\0\0\0\0\0\0\1\f\241y\346\276\376\267a\363a?\36\365|\250\222\353\303\246\242(\334\243/\23\t\360\254\6\247\336~J6\366\353|\33#j"..., 393272, 0) = 152
pread64(3</tmp/nia-publication-fault-tj331zq_/case/store/objects/8e/e688345e1d9502ee8cd7277a453c30bfb77b947201beb3300e9df2b8ca321d>, "", 393120, 152) = 0
pread64(3</tmp/nia-publication-fault-tj331zq_/case/store/objects/0c/a179e6befeb761f3613f1ef57ca892ebc3a6a228dca32f1309f0ac06a7de7e>, "!<arch>\ndebian-binary/  0           0     0     100644  4         `\n2.0\ncontrol.tar/    0       "..., 65536, 0) = 20672
pread64(3</tmp/nia-publication-fault-tj331zq_/case/store/objects/0c/a179e6befeb761f3613f1ef57ca892ebc3a6a228dca32f1309f0ac06a7de7e>, "", 44864, 20672) = 0
pread64(3</tmp/nia-publication-fault-tj331zq_/case/store/objects/0c/a179e6befeb761f3613f1ef57ca892ebc3a6a228dca32f1309f0ac06a7de7e>, "", 65536, 20672) = 0
pread64(3</tmp/nia-publication-fault-tj331zq_/case/store/objects/0c/a179e6befeb761f3613f1ef57ca892ebc3a6a228dca32f1309f0ac06a7de7e>, "!<arch>\n", 8, 0) = 8
pread64(3</tmp/nia-publication-fault-tj331zq_/case/store/objects/0c/a179e6befeb761f3613f1ef57ca892ebc3a6a228dca32f1309f0ac06a7de7e>, "debian-binary/  0           0     0     100644  4         `\n", 60, 8) = 60
pread64(3</tmp/nia-publication-fault-tj331zq_/case/store/objects/0c/a179e6befeb761f3613f1ef57ca892ebc3a6a228dca32f1309f0ac06a7de7e>, "2.0\n", 4, 68) = 4
pread64(3</tmp/nia-publication-fault-tj331zq_/case/store/objects/0c/a179e6befeb761f3613f1ef57ca892ebc3a6a228dca32f1309f0ac06a7de7e>, "2.0\n", 4, 68) = 4
pread64(3</tmp/nia-publication-fault-tj331zq_/case/store/objects/0c/a179e6befeb761f3613f1ef57ca892ebc3a6a228dca32f1309f0ac06a7de7e>, "control.tar/    0           0     0     100644  10240     `\n", 60, 72) = 60
pread64(3</tmp/nia-publication-fault-tj331zq_/case/store/objects/0c/a179e6befeb761f3613f1ef57ca892ebc3a6a228dca32f1309f0ac06a7de7e>, "./control\0\0\0\0\0\0\0\0\0\0\0\0\0\0\0\0\0\0\0\0\0\0\0\0\0\0\0\0\0\0\0\0\0\0\0\0\0\0\0\0\0\0\0\0\0\0\0\0\0\0\0\0\0\0\0\0\0\0\0\0\0\0\0\0\0\0\0\0\0\0\0\0\0\0\0\0\0\0\0\0\0\0\0\0\0\0\0"..., 10240, 132) = 10240
pread64(3</tmp/nia-publication-fault-tj331zq_/case/store/objects/0c/a179e6befeb761f3613f1ef57ca892ebc3a6a228dca32f1309f0ac06a7de7e>, "data.tar/       0           0     0     100644  10240     `\n", 60, 10372) = 60
pread64(3</tmp/nia-publication-fault-tj331zq_/case/store/objects/0c/a179e6befeb761f3613f1ef57ca892ebc3a6a228dca32f1309f0ac06a7de7e>, "\0\0\0\0\0\0\0\0\0\0\0\0\0\0\0\0\0\0\0\0\0\0\0\0\0\0\0\0\0\0\0\0\0\0\0\0\0\0\0\0\0\0\0\0\0\0\0\0\0\0\0\0\0\0\0\0\0\0\0\0\0\0\0\0\0\0\0\0\0\0\0\0\0\0\0\0\0\0\0\0\0\0\0\0\0\0\0\0\0\0\0\0\0\0\0\0"..., 10240, 10432) = 10240
pread64(3</tmp/nia-publication-fault-tj331zq_/case/store/objects/0c/a179e6befeb761f3613f1ef57ca892ebc3a6a228dca32f1309f0ac06a7de7e>, "!<arch>\ndebian-binary/  0           0     0     100644  4         `\n2.0\ncontrol.tar/    0       "..., 65536, 0) = 20672
pread64(3</tmp/nia-publication-fault-tj331zq_/case/store/objects/0c/a179e6befeb761f3613f1ef57ca892ebc3a6a228dca32f1309f0ac06a7de7e>, "", 44864, 20672) = 0
pread64(3</tmp/nia-publication-fault-tj331zq_/case/store/objects/0c/a179e6befeb761f3613f1ef57ca892ebc3a6a228dca32f1309f0ac06a7de7e>, "", 65536, 20672) = 0
pread64(3</tmp/nia-publication-fault-tj331zq_/case/store/objects/0c/a179e6befeb761f3613f1ef57ca892ebc3a6a228dca32f1309f0ac06a7de7e>, "!<arch>\n", 8, 0) = 8
pread64(3</tmp/nia-publication-fault-tj331zq_/case/store/objects/0c/a179e6befeb761f3613f1ef57ca892ebc3a6a228dca32f1309f0ac06a7de7e>, "debian-binary/  0           0     0     100644  4         `\n", 60, 8) = 60
pread64(3</tmp/nia-publication-fault-tj331zq_/case/store/objects/0c/a179e6befeb761f3613f1ef57ca892ebc3a6a228dca32f1309f0ac06a7de7e>, "2.0\n", 4, 68) = 4
pread64(3</tmp/nia-publication-fault-tj331zq_/case/store/objects/0c/a179e6befeb761f3613f1ef57ca892ebc3a6a228dca32f1309f0ac06a7de7e>, "2.0\n", 4, 68) = 4
pread64(3</tmp/nia-publication-fault-tj331zq_/case/store/objects/0c/a179e6befeb761f3613f1ef57ca892ebc3a6a228dca32f1309f0ac06a7de7e>, "control.tar/    0           0     0     100644  10240     `\n", 60, 72) = 60
pread64(3</tmp/nia-publication-fault-tj331zq_/case/store/objects/0c/a179e6befeb761f3613f1ef57ca892ebc3a6a228dca32f1309f0ac06a7de7e>, "./control\0\0\0\0\0\0\0\0\0\0\0\0\0\0\0\0\0\0\0\0\0\0\0\0\0\0\0\0\0\0\0\0\0\0\0\0\0\0\0\0\0\0\0\0\0\0\0\0\0\0\0\0\0\0\0\0\0\0\0\0\0\0\0\0\0\0\0\0\0\0\0\0\0\0\0\0\0\0\0\0\0\0\0\0\0\0\0"..., 10240, 132) = 10240
pread64(3</tmp/nia-publication-fault-tj331zq_/case/store/objects/0c/a179e6befeb761f3613f1ef57ca892ebc3a6a228dca32f1309f0ac06a7de7e>, "data.tar/       0           0     0     100644  10240     `\n", 60, 10372) = 60
pread64(3</tmp/nia-publication-fault-tj331zq_/case/store/objects/0c/a179e6befeb761f3613f1ef57ca892ebc3a6a228dca32f1309f0ac06a7de7e>, "\0\0\0\0\0\0\0\0\0\0\0\0\0\0\0\0\0\0\0\0\0\0\0\0\0\0\0\0\0\0\0\0\0\0\0\0\0\0\0\0\0\0\0\0\0\0\0\0\0\0\0\0\0\0\0\0\0\0\0\0\0\0\0\0\0\0\0\0\0\0\0\0\0\0\0\0\0\0\0\0\0\0\0\0\0\0\0\0\0\0\0\0\0\0\0\0"..., 10240, 10432) = 10240
fsync(17</tmp/nia-publication-fault-tj331zq_/case/store/incoming>) = 0
pread64(3</tmp/nia-publication-fault-tj331zq_/case/store/objects/0c/a179e6befeb761f3613f1ef57ca892ebc3a6a228dca32f1309f0ac06a7de7e>, "\0\0\0\0\0\0\0\0\0\0\0\0\0\0\0\0\0\0\0\0\0\0\0\0\0\0\0\0\0\0\0\0\0\0\0\0\0\0\0\0\0\0\0\0\0\0\0\0\0\0\0\0\0\0\0\0\0\0\0\0\0\0\0\0\0\0\0\0\0\0\0\0\0\0\0\0\0\0\0\0\0\0\0\0\0\0\0\0\0\0\0\0\0\0\0\0"..., 10240, 10432) = 10240
write(16</tmp/nia-publication-fault-tj331zq_/case/store/incoming/d7d460345b8b3c98646001d82279f7f4>, "\0\0\0\0\0\0\0\0\0\0\0\0\0\0\0\0\0\0\0\0\0\0\0\0\0\0\0\0\0\0\0\0\0\0\0\0\0\0\0\0\0\0\0\0\0\0\0\0\0\0\0\0\0\0\0\0\0\0\0\0\0\0\0\0\0\0\0\0\0\0\0\0\0\0\0\0\0\0\0\0\0\0\0\0\0\0\0\0\0\0\0\0\0\0\0\0"..., 10240) = 10240
fsync(16</tmp/nia-publication-fault-tj331zq_/case/store/incoming/d7d460345b8b3c98646001d82279f7f4>) = 0
renameat2(17</tmp/nia-publication-fault-tj331zq_/case/store/incoming>, "d7d460345b8b3c98646001d82279f7f4", 16</tmp/nia-publication-fault-tj331zq_/case/store/objects/84>, "ff92691f909a05b224e1c56abb4864f01b4f8e3c854e4bb4c7baf1d3f6d652", RENAME_NOREPLACE) = -1 EEXIST (File exists)
pread64(16</tmp/nia-publication-fault-tj331zq_/case/store/objects/84/ff92691f909a05b224e1c56abb4864f01b4f8e3c854e4bb4c7baf1d3f6d652>, "\0\0\0\0\0\0\0\0\0\0\0\0\0\0\0\0\0\0\0\0\0\0\0\0\0\0\0\0\0\0\0\0\0\0\0\0\0\0\0\0\0\0\0\0\0\0\0\0\0\0\0\0\0\0\0\0\0\0\0\0\0\0\0\0\0\0\0\0\0\0\0\0\0\0\0\0\0\0\0\0\0\0\0\0\0\0\0\0\0\0\0\0\0\0\0\0"..., 65536, 0) = 10240
pread64(16</tmp/nia-publication-fault-tj331zq_/case/store/objects/84/ff92691f909a05b224e1c56abb4864f01b4f8e3c854e4bb4c7baf1d3f6d652>, "", 55296, 10240) = 0
pread64(16</tmp/nia-publication-fault-tj331zq_/case/store/objects/84/ff92691f909a05b224e1c56abb4864f01b4f8e3c854e4bb4c7baf1d3f6d652>, "", 65536, 10240) = 0
fsync(17</tmp/nia-publication-fault-tj331zq_/case/store/incoming>) = 0
pread64(3</tmp/nia-publication-fault-tj331zq_/case/store/objects/84/ff92691f909a05b224e1c56abb4864f01b4f8e3c854e4bb4c7baf1d3f6d652>, "\0\0\0\0\0\0\0\0\0\0\0\0\0\0\0\0\0\0\0\0\0\0\0\0\0\0\0\0\0\0\0\0\0\0\0\0\0\0\0\0\0\0\0\0\0\0\0\0\0\0\0\0\0\0\0\0\0\0\0\0\0\0\0\0\0\0\0\0\0\0\0\0\0\0\0\0\0\0\0\0\0\0\0\0\0\0\0\0\0\0\0\0\0\0\0\0"..., 65536, 0) = 10240
pread64(3</tmp/nia-publication-fault-tj331zq_/case/store/objects/84/ff92691f909a05b224e1c56abb4864f01b4f8e3c854e4bb4c7baf1d3f6d652>, "", 55296, 10240) = 0
pread64(3</tmp/nia-publication-fault-tj331zq_/case/store/objects/84/ff92691f909a05b224e1c56abb4864f01b4f8e3c854e4bb4c7baf1d3f6d652>, "", 65536, 10240) = 0
pread64(3</tmp/nia-publication-fault-tj331zq_/case/store/objects/84/ff92691f909a05b224e1c56abb4864f01b4f8e3c854e4bb4c7baf1d3f6d652>, "\0\0\0\0\0\0\0\0\0\0\0\0\0\0\0\0\0\0\0\0\0\0\0\0\0\0\0\0\0\0\0\0\0\0\0\0\0\0\0\0\0\0\0\0\0\0\0\0\0\0\0\0\0\0\0\0\0\0\0\0\0\0\0\0\0\0\0\0\0\0\0\0\0\0\0\0\0\0\0\0\0\0\0\0\0\0\0\0\0\0\0\0\0\0\0\0"..., 10240, 0) = 10240
fsync(17</tmp/nia-publication-fault-tj331zq_/case/store/incoming>) = 0
pread64(3</tmp/nia-publication-fault-tj331zq_/case/store/objects/84/ff92691f909a05b224e1c56abb4864f01b4f8e3c854e4bb4c7baf1d3f6d652>, "\0\0\0\0\0\0\0\0\0\0\0\0\0\0\0\0\0\0\0\0\0\0\0\0\0\0\0\0\0\0\0\0\0\0\0\0\0\0\0\0\0\0\0\0\0\0\0\0\0\0\0\0\0\0\0\0\0\0\0\0\0\0\0\0\0\0\0\0\0\0\0\0\0\0\0\0\0\0\0\0\0\0\0\0\0\0\0\0\0\0\0\0\0\0\0\0"..., 10240, 0) = 10240
write(16</tmp/nia-publication-fault-tj331zq_/case/store/incoming/28606b5d5cb08256cc146bd0cacd25ce>, "\0\0\0\0\0\0\0\0\0\0\0\0\0\0\0\0\0\0\0\0\0\0\0\0\0\0\0\0\0\0\0\0\0\0\0\0\0\0\0\0\0\0\0\0\0\0\0\0\0\0\0\0\0\0\0\0\0\0\0\0\0\0\0\0\0\0\0\0\0\0\0\0\0\0\0\0\0\0\0\0\0\0\0\0\0\0\0\0\0\0\0\0\0\0\0\0"..., 10240) = 10240
fsync(16</tmp/nia-publication-fault-tj331zq_/case/store/incoming/28606b5d5cb08256cc146bd0cacd25ce>) = 0
renameat2(17</tmp/nia-publication-fault-tj331zq_/case/store/incoming>, "28606b5d5cb08256cc146bd0cacd25ce", 16</tmp/nia-publication-fault-tj331zq_/case/store/objects/84>, "ff92691f909a05b224e1c56abb4864f01b4f8e3c854e4bb4c7baf1d3f6d652", RENAME_NOREPLACE) = -1 EEXIST (File exists)
pread64(16</tmp/nia-publication-fault-tj331zq_/case/store/objects/84/ff92691f909a05b224e1c56abb4864f01b4f8e3c854e4bb4c7baf1d3f6d652>, "\0\0\0\0\0\0\0\0\0\0\0\0\0\0\0\0\0\0\0\0\0\0\0\0\0\0\0\0\0\0\0\0\0\0\0\0\0\0\0\0\0\0\0\0\0\0\0\0\0\0\0\0\0\0\0\0\0\0\0\0\0\0\0\0\0\0\0\0\0\0\0\0\0\0\0\0\0\0\0\0\0\0\0\0\0\0\0\0\0\0\0\0\0\0\0\0"..., 65536, 0) = 10240
pread64(16</tmp/nia-publication-fault-tj331zq_/case/store/objects/84/ff92691f909a05b224e1c56abb4864f01b4f8e3c854e4bb4c7baf1d3f6d652>, "", 55296, 10240) = 0
pread64(16</tmp/nia-publication-fault-tj331zq_/case/store/objects/84/ff92691f909a05b224e1c56abb4864f01b4f8e3c854e4bb4c7baf1d3f6d652>, "", 65536, 10240) = 0
fsync(17</tmp/nia-publication-fault-tj331zq_/case/store/incoming>) = 0
pread64(3</tmp/nia-publication-fault-tj331zq_/case/store/objects/84/ff92691f909a05b224e1c56abb4864f01b4f8e3c854e4bb4c7baf1d3f6d652>, "\0\0\0\0\0\0\0\0\0\0\0\0\0\0\0\0\0\0\0\0\0\0\0\0\0\0\0\0\0\0\0\0\0\0\0\0\0\0\0\0\0\0\0\0\0\0\0\0\0\0\0\0\0\0\0\0\0\0\0\0\0\0\0\0\0\0\0\0\0\0\0\0\0\0\0\0\0\0\0\0\0\0\0\0\0\0\0\0\0\0\0\0\0\0\0\0"..., 65536, 0) = 10240
pread64(3</tmp/nia-publication-fault-tj331zq_/case/store/objects/84/ff92691f909a05b224e1c56abb4864f01b4f8e3c854e4bb4c7baf1d3f6d652>, "", 55296, 10240) = 0
pread64(3</tmp/nia-publication-fault-tj331zq_/case/store/objects/84/ff92691f909a05b224e1c56abb4864f01b4f8e3c854e4bb4c7baf1d3f6d652>, "", 65536, 10240) = 0
pread64(3</tmp/nia-publication-fault-tj331zq_/case/store/objects/84/ff92691f909a05b224e1c56abb4864f01b4f8e3c854e4bb4c7baf1d3f6d652>, "\0\0\0\0\0\0\0\0\0\0\0\0\0\0\0\0\0\0\0\0\0\0\0\0\0\0\0\0\0\0\0\0\0\0\0\0\0\0\0\0\0\0\0\0\0\0\0\0\0\0\0\0\0\0\0\0\0\0\0\0\0\0\0\0\0\0\0\0\0\0\0\0\0\0\0\0\0\0\0\0\0\0\0\0\0\0\0\0\0\0\0\0\0\0\0\0"..., 512, 0) = 512
pread64(3</tmp/nia-publication-fault-tj331zq_/case/store/objects/84/ff92691f909a05b224e1c56abb4864f01b4f8e3c854e4bb4c7baf1d3f6d652>, "\0\0\0\0\0\0\0\0\0\0\0\0\0\0\0\0\0\0\0\0\0\0\0\0\0\0\0\0\0\0\0\0\0\0\0\0\0\0\0\0\0\0\0\0\0\0\0\0\0\0\0\0\0\0\0\0\0\0\0\0\0\0\0\0\0\0\0\0\0\0\0\0\0\0\0\0\0\0\0\0\0\0\0\0\0\0\0\0\0\0\0\0\0\0\0\0"..., 9728, 512) = 9728
pread64(3</tmp/nia-publication-fault-tj331zq_/case/store/objects/0c/a179e6befeb761f3613f1ef57ca892ebc3a6a228dca32f1309f0ac06a7de7e>, "!<arch>\ndebian-binary/  0           0     0     100644  4         `\n2.0\ncontrol.tar/    0       "..., 65536, 0) = 20672
pread64(3</tmp/nia-publication-fault-tj331zq_/case/store/objects/0c/a179e6befeb761f3613f1ef57ca892ebc3a6a228dca32f1309f0ac06a7de7e>, "", 44864, 20672) = 0
pread64(3</tmp/nia-publication-fault-tj331zq_/case/store/objects/0c/a179e6befeb761f3613f1ef57ca892ebc3a6a228dca32f1309f0ac06a7de7e>, "", 65536, 20672) = 0
pread64(3</tmp/nia-publication-fault-tj331zq_/case/store/objects/0c/a179e6befeb761f3613f1ef57ca892ebc3a6a228dca32f1309f0ac06a7de7e>, "!<arch>\n", 8, 0) = 8
pread64(3</tmp/nia-publication-fault-tj331zq_/case/store/objects/0c/a179e6befeb761f3613f1ef57ca892ebc3a6a228dca32f1309f0ac06a7de7e>, "debian-binary/  0           0     0     100644  4         `\n", 60, 8) = 60
pread64(3</tmp/nia-publication-fault-tj331zq_/case/store/objects/0c/a179e6befeb761f3613f1ef57ca892ebc3a6a228dca32f1309f0ac06a7de7e>, "2.0\n", 4, 68) = 4
pread64(3</tmp/nia-publication-fault-tj331zq_/case/store/objects/0c/a179e6befeb761f3613f1ef57ca892ebc3a6a228dca32f1309f0ac06a7de7e>, "2.0\n", 4, 68) = 4
pread64(3</tmp/nia-publication-fault-tj331zq_/case/store/objects/0c/a179e6befeb761f3613f1ef57ca892ebc3a6a228dca32f1309f0ac06a7de7e>, "control.tar/    0           0     0     100644  10240     `\n", 60, 72) = 60
pread64(3</tmp/nia-publication-fault-tj331zq_/case/store/objects/0c/a179e6befeb761f3613f1ef57ca892ebc3a6a228dca32f1309f0ac06a7de7e>, "./control\0\0\0\0\0\0\0\0\0\0\0\0\0\0\0\0\0\0\0\0\0\0\0\0\0\0\0\0\0\0\0\0\0\0\0\0\0\0\0\0\0\0\0\0\0\0\0\0\0\0\0\0\0\0\0\0\0\0\0\0\0\0\0\0\0\0\0\0\0\0\0\0\0\0\0\0\0\0\0\0\0\0\0\0\0\0\0"..., 10240, 132) = 10240
pread64(3</tmp/nia-publication-fault-tj331zq_/case/store/objects/0c/a179e6befeb761f3613f1ef57ca892ebc3a6a228dca32f1309f0ac06a7de7e>, "data.tar/       0           0     0     100644  10240     `\n", 60, 10372) = 60
pread64(3</tmp/nia-publication-fault-tj331zq_/case/store/objects/0c/a179e6befeb761f3613f1ef57ca892ebc3a6a228dca32f1309f0ac06a7de7e>, "\0\0\0\0\0\0\0\0\0\0\0\0\0\0\0\0\0\0\0\0\0\0\0\0\0\0\0\0\0\0\0\0\0\0\0\0\0\0\0\0\0\0\0\0\0\0\0\0\0\0\0\0\0\0\0\0\0\0\0\0\0\0\0\0\0\0\0\0\0\0\0\0\0\0\0\0\0\0\0\0\0\0\0\0\0\0\0\0\0\0\0\0\0\0\0\0"..., 10240, 10432) = 10240
pread64(3</tmp/nia-publication-fault-tj331zq_/case/store/objects/0c/a179e6befeb761f3613f1ef57ca892ebc3a6a228dca32f1309f0ac06a7de7e>, "!<arch>\ndebian-binary/  0           0     0     100644  4         `\n2.0\ncontrol.tar/    0       "..., 65536, 0) = 20672
pread64(3</tmp/nia-publication-fault-tj331zq_/case/store/objects/0c/a179e6befeb761f3613f1ef57ca892ebc3a6a228dca32f1309f0ac06a7de7e>, "", 44864, 20672) = 0
pread64(3</tmp/nia-publication-fault-tj331zq_/case/store/objects/0c/a179e6befeb761f3613f1ef57ca892ebc3a6a228dca32f1309f0ac06a7de7e>, "", 65536, 20672) = 0
pread64(3</tmp/nia-publication-fault-tj331zq_/case/store/objects/0c/a179e6befeb761f3613f1ef57ca892ebc3a6a228dca32f1309f0ac06a7de7e>, "!<arch>\n", 8, 0) = 8
pread64(3</tmp/nia-publication-fault-tj331zq_/case/store/objects/0c/a179e6befeb761f3613f1ef57ca892ebc3a6a228dca32f1309f0ac06a7de7e>, "debian-binary/  0           0     0     100644  4         `\n", 60, 8) = 60
pread64(3</tmp/nia-publication-fault-tj331zq_/case/store/objects/0c/a179e6befeb761f3613f1ef57ca892ebc3a6a228dca32f1309f0ac06a7de7e>, "2.0\n", 4, 68) = 4
pread64(3</tmp/nia-publication-fault-tj331zq_/case/store/objects/0c/a179e6befeb761f3613f1ef57ca892ebc3a6a228dca32f1309f0ac06a7de7e>, "2.0\n", 4, 68) = 4
pread64(3</tmp/nia-publication-fault-tj331zq_/case/store/objects/0c/a179e6befeb761f3613f1ef57ca892ebc3a6a228dca32f1309f0ac06a7de7e>, "control.tar/    0           0     0     100644  10240     `\n", 60, 72) = 60
pread64(3</tmp/nia-publication-fault-tj331zq_/case/store/objects/0c/a179e6befeb761f3613f1ef57ca892ebc3a6a228dca32f1309f0ac06a7de7e>, "./control\0\0\0\0\0\0\0\0\0\0\0\0\0\0\0\0\0\0\0\0\0\0\0\0\0\0\0\0\0\0\0\0\0\0\0\0\0\0\0\0\0\0\0\0\0\0\0\0\0\0\0\0\0\0\0\0\0\0\0\0\0\0\0\0\0\0\0\0\0\0\0\0\0\0\0\0\0\0\0\0\0\0\0\0\0\0\0"..., 10240, 132) = 10240
pread64(3</tmp/nia-publication-fault-tj331zq_/case/store/objects/0c/a179e6befeb761f3613f1ef57ca892ebc3a6a228dca32f1309f0ac06a7de7e>, "data.tar/       0           0     0     100644  10240     `\n", 60, 10372) = 60
pread64(3</tmp/nia-publication-fault-tj331zq_/case/store/objects/0c/a179e6befeb761f3613f1ef57ca892ebc3a6a228dca32f1309f0ac06a7de7e>, "\0\0\0\0\0\0\0\0\0\0\0\0\0\0\0\0\0\0\0\0\0\0\0\0\0\0\0\0\0\0\0\0\0\0\0\0\0\0\0\0\0\0\0\0\0\0\0\0\0\0\0\0\0\0\0\0\0\0\0\0\0\0\0\0\0\0\0\0\0\0\0\0\0\0\0\0\0\0\0\0\0\0\0\0\0\0\0\0\0\0\0\0\0\0\0\0"..., 10240, 10432) = 10240
fsync(17</tmp/nia-publication-fault-tj331zq_/case/store/incoming>) = 0
pread64(3</tmp/nia-publication-fault-tj331zq_/case/store/objects/0c/a179e6befeb761f3613f1ef57ca892ebc3a6a228dca32f1309f0ac06a7de7e>, "./control\0\0\0\0\0\0\0\0\0\0\0\0\0\0\0\0\0\0\0\0\0\0\0\0\0\0\0\0\0\0\0\0\0\0\0\0\0\0\0\0\0\0\0\0\0\0\0\0\0\0\0\0\0\0\0\0\0\0\0\0\0\0\0\0\0\0\0\0\0\0\0\0\0\0\0\0\0\0\0\0\0\0\0\0\0\0\0"..., 10240, 132) = 10240
write(16</tmp/nia-publication-fault-tj331zq_/case/store/incoming/98ca416a93b27a967d614d4521ef483b>, "./control\0\0\0\0\0\0\0\0\0\0\0\0\0\0\0\0\0\0\0\0\0\0\0\0\0\0\0\0\0\0\0\0\0\0\0\0\0\0\0\0\0\0\0\0\0\0\0\0\0\0\0\0\0\0\0\0\0\0\0\0\0\0\0\0\0\0\0\0\0\0\0\0\0\0\0\0\0\0\0\0\0\0\0\0\0\0\0"..., 10240) = 10240
fsync(16</tmp/nia-publication-fault-tj331zq_/case/store/incoming/98ca416a93b27a967d614d4521ef483b>) = 0
renameat2(17</tmp/nia-publication-fault-tj331zq_/case/store/incoming>, "98ca416a93b27a967d614d4521ef483b", 16</tmp/nia-publication-fault-tj331zq_/case/store/objects/4a>, "36f6eb7c1b236ab6cb28ddb882919e888bf393dfc00d93008ad6730697f8f7", RENAME_NOREPLACE) = -1 EEXIST (File exists)
pread64(16</tmp/nia-publication-fault-tj331zq_/case/store/objects/4a/36f6eb7c1b236ab6cb28ddb882919e888bf393dfc00d93008ad6730697f8f7>, "./control\0\0\0\0\0\0\0\0\0\0\0\0\0\0\0\0\0\0\0\0\0\0\0\0\0\0\0\0\0\0\0\0\0\0\0\0\0\0\0\0\0\0\0\0\0\0\0\0\0\0\0\0\0\0\0\0\0\0\0\0\0\0\0\0\0\0\0\0\0\0\0\0\0\0\0\0\0\0\0\0\0\0\0\0\0\0\0"..., 65536, 0) = 10240
pread64(16</tmp/nia-publication-fault-tj331zq_/case/store/objects/4a/36f6eb7c1b236ab6cb28ddb882919e888bf393dfc00d93008ad6730697f8f7>, "", 55296, 10240) = 0
pread64(16</tmp/nia-publication-fault-tj331zq_/case/store/objects/4a/36f6eb7c1b236ab6cb28ddb882919e888bf393dfc00d93008ad6730697f8f7>, "", 65536, 10240) = 0
fsync(17</tmp/nia-publication-fault-tj331zq_/case/store/incoming>) = 0
pread64(3</tmp/nia-publication-fault-tj331zq_/case/store/objects/4a/36f6eb7c1b236ab6cb28ddb882919e888bf393dfc00d93008ad6730697f8f7>, "./control\0\0\0\0\0\0\0\0\0\0\0\0\0\0\0\0\0\0\0\0\0\0\0\0\0\0\0\0\0\0\0\0\0\0\0\0\0\0\0\0\0\0\0\0\0\0\0\0\0\0\0\0\0\0\0\0\0\0\0\0\0\0\0\0\0\0\0\0\0\0\0\0\0\0\0\0\0\0\0\0\0\0\0\0\0\0\0"..., 65536, 0) = 10240
pread64(3</tmp/nia-publication-fault-tj331zq_/case/store/objects/4a/36f6eb7c1b236ab6cb28ddb882919e888bf393dfc00d93008ad6730697f8f7>, "", 55296, 10240) = 0
pread64(3</tmp/nia-publication-fault-tj331zq_/case/store/objects/4a/36f6eb7c1b236ab6cb28ddb882919e888bf393dfc00d93008ad6730697f8f7>, "", 65536, 10240) = 0
pread64(3</tmp/nia-publication-fault-tj331zq_/case/store/objects/4a/36f6eb7c1b236ab6cb28ddb882919e888bf393dfc00d93008ad6730697f8f7>, "./control\0\0\0\0\0\0\0\0\0\0\0\0\0\0\0\0\0\0\0\0\0\0\0\0\0\0\0\0\0\0\0\0\0\0\0\0\0\0\0\0\0\0\0\0\0\0\0\0\0\0\0\0\0\0\0\0\0\0\0\0\0\0\0\0\0\0\0\0\0\0\0\0\0\0\0\0\0\0\0\0\0\0\0\0\0\0\0"..., 10240, 0) = 10240
fsync(17</tmp/nia-publication-fault-tj331zq_/case/store/incoming>) = 0
write(16</tmp/nia-publication-fault-tj331zq_/case/store/incoming/27a1dde203f97bfecc9b74bd80fad77f>, "Package: empty-package\nVersion: 1\nArchitecture: all\nMaintainer: Fixture <fixture@example.invalid"..., 149) = 149
fsync(16</tmp/nia-publication-fault-tj331zq_/case/store/incoming/27a1dde203f97bfecc9b74bd80fad77f>) = 0
renameat2(17</tmp/nia-publication-fault-tj331zq_/case/store/incoming>, "27a1dde203f97bfecc9b74bd80fad77f", 16</tmp/nia-publication-fault-tj331zq_/case/store/objects/a3>, "1a856f430af395bccd7eb2f142b11ad3ae0fc5daf3acc4ffb341c48a5abd39", RENAME_NOREPLACE) = -1 EEXIST (File exists)
pread64(16</tmp/nia-publication-fault-tj331zq_/case/store/objects/a3/1a856f430af395bccd7eb2f142b11ad3ae0fc5daf3acc4ffb341c48a5abd39>, "Package: empty-package\nVersion: 1\nArchitecture: all\nMaintainer: Fixture <fixture@example.invalid"..., 65536, 0) = 149
pread64(16</tmp/nia-publication-fault-tj331zq_/case/store/objects/a3/1a856f430af395bccd7eb2f142b11ad3ae0fc5daf3acc4ffb341c48a5abd39>, "", 65387, 149) = 0
pread64(16</tmp/nia-publication-fault-tj331zq_/case/store/objects/a3/1a856f430af395bccd7eb2f142b11ad3ae0fc5daf3acc4ffb341c48a5abd39>, "", 65536, 149) = 0
fsync(17</tmp/nia-publication-fault-tj331zq_/case/store/incoming>) = 0
pread64(3</tmp/nia-publication-fault-tj331zq_/case/store/objects/a3/1a856f430af395bccd7eb2f142b11ad3ae0fc5daf3acc4ffb341c48a5abd39>, "Package: empty-package\nVersion: 1\nArchitecture: all\nMaintainer: Fixture <fixture@example.invalid"..., 65536, 0) = 149
pread64(3</tmp/nia-publication-fault-tj331zq_/case/store/objects/a3/1a856f430af395bccd7eb2f142b11ad3ae0fc5daf3acc4ffb341c48a5abd39>, "", 65387, 149) = 0
pread64(3</tmp/nia-publication-fault-tj331zq_/case/store/objects/a3/1a856f430af395bccd7eb2f142b11ad3ae0fc5daf3acc4ffb341c48a5abd39>, "", 65536, 149) = 0
pread64(3</tmp/nia-publication-fault-tj331zq_/case/store/objects/a3/1a856f430af395bccd7eb2f142b11ad3ae0fc5daf3acc4ffb341c48a5abd39>, "Package: empty-package\nVersion: 1\nArchitecture: all\nMaintainer: Fixture <fixture@example.invalid"..., 16777216, 0) = 149
pread64(3</tmp/nia-publication-fault-tj331zq_/case/store/objects/a3/1a856f430af395bccd7eb2f142b11ad3ae0fc5daf3acc4ffb341c48a5abd39>, "", 16777067, 149) = 0
pread64(3</tmp/nia-publication-fault-tj331zq_/case/store/objects/a3/1a856f430af395bccd7eb2f142b11ad3ae0fc5daf3acc4ffb341c48a5abd39>, "Package: empty-package\nVersion: 1\nArchitecture: all\nMaintainer: Fixture <fixture@example.invalid"..., 65536, 0) = 149
pread64(3</tmp/nia-publication-fault-tj331zq_/case/store/objects/a3/1a856f430af395bccd7eb2f142b11ad3ae0fc5daf3acc4ffb341c48a5abd39>, "", 65387, 149) = 0
pread64(3</tmp/nia-publication-fault-tj331zq_/case/store/objects/a3/1a856f430af395bccd7eb2f142b11ad3ae0fc5daf3acc4ffb341c48a5abd39>, "", 65536, 149) = 0
pread64(3</tmp/nia-publication-fault-tj331zq_/case/store/objects/a3/1a856f430af395bccd7eb2f142b11ad3ae0fc5daf3acc4ffb341c48a5abd39>, "Package: empty-package\nVersion: 1\nArchitecture: all\nMaintainer: Fixture <fixture@example.invalid"..., 16777216, 0) = 149
pread64(3</tmp/nia-publication-fault-tj331zq_/case/store/objects/a3/1a856f430af395bccd7eb2f142b11ad3ae0fc5daf3acc4ffb341c48a5abd39>, "", 16777067, 149) = 0
pread64(3</tmp/nia-publication-fault-tj331zq_/case/store/objects/0c/a179e6befeb761f3613f1ef57ca892ebc3a6a228dca32f1309f0ac06a7de7e>, "!<arch>\ndebian-binary/  0           0     0     100644  4         `\n2.0\ncontrol.tar/    0       "..., 65536, 0) = 20672
pread64(3</tmp/nia-publication-fault-tj331zq_/case/store/objects/0c/a179e6befeb761f3613f1ef57ca892ebc3a6a228dca32f1309f0ac06a7de7e>, "", 44864, 20672) = 0
pread64(3</tmp/nia-publication-fault-tj331zq_/case/store/objects/0c/a179e6befeb761f3613f1ef57ca892ebc3a6a228dca32f1309f0ac06a7de7e>, "", 65536, 20672) = 0
pread64(3</tmp/nia-publication-fault-tj331zq_/case/store/objects/0c/a179e6befeb761f3613f1ef57ca892ebc3a6a228dca32f1309f0ac06a7de7e>, "!<arch>\n", 8, 0) = 8
pread64(3</tmp/nia-publication-fault-tj331zq_/case/store/objects/0c/a179e6befeb761f3613f1ef57ca892ebc3a6a228dca32f1309f0ac06a7de7e>, "debian-binary/  0           0     0     100644  4         `\n", 60, 8) = 60
pread64(3</tmp/nia-publication-fault-tj331zq_/case/store/objects/0c/a179e6befeb761f3613f1ef57ca892ebc3a6a228dca32f1309f0ac06a7de7e>, "2.0\n", 4, 68) = 4
pread64(3</tmp/nia-publication-fault-tj331zq_/case/store/objects/0c/a179e6befeb761f3613f1ef57ca892ebc3a6a228dca32f1309f0ac06a7de7e>, "2.0\n", 4, 68) = 4
pread64(3</tmp/nia-publication-fault-tj331zq_/case/store/objects/0c/a179e6befeb761f3613f1ef57ca892ebc3a6a228dca32f1309f0ac06a7de7e>, "control.tar/    0           0     0     100644  10240     `\n", 60, 72) = 60
pread64(3</tmp/nia-publication-fault-tj331zq_/case/store/objects/0c/a179e6befeb761f3613f1ef57ca892ebc3a6a228dca32f1309f0ac06a7de7e>, "./control\0\0\0\0\0\0\0\0\0\0\0\0\0\0\0\0\0\0\0\0\0\0\0\0\0\0\0\0\0\0\0\0\0\0\0\0\0\0\0\0\0\0\0\0\0\0\0\0\0\0\0\0\0\0\0\0\0\0\0\0\0\0\0\0\0\0\0\0\0\0\0\0\0\0\0\0\0\0\0\0\0\0\0\0\0\0\0"..., 10240, 132) = 10240
pread64(3</tmp/nia-publication-fault-tj331zq_/case/store/objects/0c/a179e6befeb761f3613f1ef57ca892ebc3a6a228dca32f1309f0ac06a7de7e>, "data.tar/       0           0     0     100644  10240     `\n", 60, 10372) = 60
pread64(3</tmp/nia-publication-fault-tj331zq_/case/store/objects/0c/a179e6befeb761f3613f1ef57ca892ebc3a6a228dca32f1309f0ac06a7de7e>, "\0\0\0\0\0\0\0\0\0\0\0\0\0\0\0\0\0\0\0\0\0\0\0\0\0\0\0\0\0\0\0\0\0\0\0\0\0\0\0\0\0\0\0\0\0\0\0\0\0\0\0\0\0\0\0\0\0\0\0\0\0\0\0\0\0\0\0\0\0\0\0\0\0\0\0\0\0\0\0\0\0\0\0\0\0\0\0\0\0\0\0\0\0\0\0\0"..., 10240, 10432) = 10240
pread64(3</tmp/nia-publication-fault-tj331zq_/case/store/objects/0c/a179e6befeb761f3613f1ef57ca892ebc3a6a228dca32f1309f0ac06a7de7e>, "!<arch>\ndebian-binary/  0           0     0     100644  4         `\n2.0\ncontrol.tar/    0       "..., 65536, 0) = 20672
pread64(3</tmp/nia-publication-fault-tj331zq_/case/store/objects/0c/a179e6befeb761f3613f1ef57ca892ebc3a6a228dca32f1309f0ac06a7de7e>, "", 44864, 20672) = 0
pread64(3</tmp/nia-publication-fault-tj331zq_/case/store/objects/0c/a179e6befeb761f3613f1ef57ca892ebc3a6a228dca32f1309f0ac06a7de7e>, "", 65536, 20672) = 0
pread64(3</tmp/nia-publication-fault-tj331zq_/case/store/objects/0c/a179e6befeb761f3613f1ef57ca892ebc3a6a228dca32f1309f0ac06a7de7e>, "!<arch>\n", 8, 0) = 8
pread64(3</tmp/nia-publication-fault-tj331zq_/case/store/objects/0c/a179e6befeb761f3613f1ef57ca892ebc3a6a228dca32f1309f0ac06a7de7e>, "debian-binary/  0           0     0     100644  4         `\n", 60, 8) = 60
pread64(3</tmp/nia-publication-fault-tj331zq_/case/store/objects/0c/a179e6befeb761f3613f1ef57ca892ebc3a6a228dca32f1309f0ac06a7de7e>, "2.0\n", 4, 68) = 4
pread64(3</tmp/nia-publication-fault-tj331zq_/case/store/objects/0c/a179e6befeb761f3613f1ef57ca892ebc3a6a228dca32f1309f0ac06a7de7e>, "2.0\n", 4, 68) = 4
pread64(3</tmp/nia-publication-fault-tj331zq_/case/store/objects/0c/a179e6befeb761f3613f1ef57ca892ebc3a6a228dca32f1309f0ac06a7de7e>, "control.tar/    0           0     0     100644  10240     `\n", 60, 72) = 60
pread64(3</tmp/nia-publication-fault-tj331zq_/case/store/objects/0c/a179e6befeb761f3613f1ef57ca892ebc3a6a228dca32f1309f0ac06a7de7e>, "./control\0\0\0\0\0\0\0\0\0\0\0\0\0\0\0\0\0\0\0\0\0\0\0\0\0\0\0\0\0\0\0\0\0\0\0\0\0\0\0\0\0\0\0\0\0\0\0\0\0\0\0\0\0\0\0\0\0\0\0\0\0\0\0\0\0\0\0\0\0\0\0\0\0\0\0\0\0\0\0\0\0\0\0\0\0\0\0"..., 10240, 132) = 10240
pread64(3</tmp/nia-publication-fault-tj331zq_/case/store/objects/0c/a179e6befeb761f3613f1ef57ca892ebc3a6a228dca32f1309f0ac06a7de7e>, "data.tar/       0           0     0     100644  10240     `\n", 60, 10372) = 60
pread64(3</tmp/nia-publication-fault-tj331zq_/case/store/objects/0c/a179e6befeb761f3613f1ef57ca892ebc3a6a228dca32f1309f0ac06a7de7e>, "\0\0\0\0\0\0\0\0\0\0\0\0\0\0\0\0\0\0\0\0\0\0\0\0\0\0\0\0\0\0\0\0\0\0\0\0\0\0\0\0\0\0\0\0\0\0\0\0\0\0\0\0\0\0\0\0\0\0\0\0\0\0\0\0\0\0\0\0\0\0\0\0\0\0\0\0\0\0\0\0\0\0\0\0\0\0\0\0\0\0\0\0\0\0\0\0"..., 10240, 10432) = 10240
fsync(17</tmp/nia-publication-fault-tj331zq_/case/store/incoming>) = 0
pread64(3</tmp/nia-publication-fault-tj331zq_/case/store/objects/0c/a179e6befeb761f3613f1ef57ca892ebc3a6a228dca32f1309f0ac06a7de7e>, "./control\0\0\0\0\0\0\0\0\0\0\0\0\0\0\0\0\0\0\0\0\0\0\0\0\0\0\0\0\0\0\0\0\0\0\0\0\0\0\0\0\0\0\0\0\0\0\0\0\0\0\0\0\0\0\0\0\0\0\0\0\0\0\0\0\0\0\0\0\0\0\0\0\0\0\0\0\0\0\0\0\0\0\0\0\0\0\0"..., 10240, 132) = 10240
write(16</tmp/nia-publication-fault-tj331zq_/case/store/incoming/70f6aae3b1773149dc3e556fa25fd075>, "./control\0\0\0\0\0\0\0\0\0\0\0\0\0\0\0\0\0\0\0\0\0\0\0\0\0\0\0\0\0\0\0\0\0\0\0\0\0\0\0\0\0\0\0\0\0\0\0\0\0\0\0\0\0\0\0\0\0\0\0\0\0\0\0\0\0\0\0\0\0\0\0\0\0\0\0\0\0\0\0\0\0\0\0\0\0\0\0"..., 10240) = 10240
fsync(16</tmp/nia-publication-fault-tj331zq_/case/store/incoming/70f6aae3b1773149dc3e556fa25fd075>) = 0
renameat2(17</tmp/nia-publication-fault-tj331zq_/case/store/incoming>, "70f6aae3b1773149dc3e556fa25fd075", 16</tmp/nia-publication-fault-tj331zq_/case/store/objects/4a>, "36f6eb7c1b236ab6cb28ddb882919e888bf393dfc00d93008ad6730697f8f7", RENAME_NOREPLACE) = -1 EEXIST (File exists)
pread64(16</tmp/nia-publication-fault-tj331zq_/case/store/objects/4a/36f6eb7c1b236ab6cb28ddb882919e888bf393dfc00d93008ad6730697f8f7>, "./control\0\0\0\0\0\0\0\0\0\0\0\0\0\0\0\0\0\0\0\0\0\0\0\0\0\0\0\0\0\0\0\0\0\0\0\0\0\0\0\0\0\0\0\0\0\0\0\0\0\0\0\0\0\0\0\0\0\0\0\0\0\0\0\0\0\0\0\0\0\0\0\0\0\0\0\0\0\0\0\0\0\0\0\0\0\0\0"..., 65536, 0) = 10240
pread64(16</tmp/nia-publication-fault-tj331zq_/case/store/objects/4a/36f6eb7c1b236ab6cb28ddb882919e888bf393dfc00d93008ad6730697f8f7>, "", 55296, 10240) = 0
pread64(16</tmp/nia-publication-fault-tj331zq_/case/store/objects/4a/36f6eb7c1b236ab6cb28ddb882919e888bf393dfc00d93008ad6730697f8f7>, "", 65536, 10240) = 0
fsync(17</tmp/nia-publication-fault-tj331zq_/case/store/incoming>) = 0
pread64(3</tmp/nia-publication-fault-tj331zq_/case/store/objects/4a/36f6eb7c1b236ab6cb28ddb882919e888bf393dfc00d93008ad6730697f8f7>, "./control\0\0\0\0\0\0\0\0\0\0\0\0\0\0\0\0\0\0\0\0\0\0\0\0\0\0\0\0\0\0\0\0\0\0\0\0\0\0\0\0\0\0\0\0\0\0\0\0\0\0\0\0\0\0\0\0\0\0\0\0\0\0\0\0\0\0\0\0\0\0\0\0\0\0\0\0\0\0\0\0\0\0\0\0\0\0\0"..., 65536, 0) = 10240
pread64(3</tmp/nia-publication-fault-tj331zq_/case/store/objects/4a/36f6eb7c1b236ab6cb28ddb882919e888bf393dfc00d93008ad6730697f8f7>, "", 55296, 10240) = 0
pread64(3</tmp/nia-publication-fault-tj331zq_/case/store/objects/4a/36f6eb7c1b236ab6cb28ddb882919e888bf393dfc00d93008ad6730697f8f7>, "", 65536, 10240) = 0
pread64(3</tmp/nia-publication-fault-tj331zq_/case/store/objects/4a/36f6eb7c1b236ab6cb28ddb882919e888bf393dfc00d93008ad6730697f8f7>, "./control\0\0\0\0\0\0\0\0\0\0\0\0\0\0\0\0\0\0\0\0\0\0\0\0\0\0\0\0\0\0\0\0\0\0\0\0\0\0\0\0\0\0\0\0\0\0\0\0\0\0\0\0\0\0\0\0\0\0\0\0\0\0\0\0\0\0\0\0\0\0\0\0\0\0\0\0\0\0\0\0\0\0\0\0\0\0\0"..., 10240, 0) = 10240
fsync(17</tmp/nia-publication-fault-tj331zq_/case/store/incoming>) = 0
write(16</tmp/nia-publication-fault-tj331zq_/case/store/incoming/4fe7347bffc4700aa2fe7d8eb80b575f>, "Package: empty-package\nVersion: 1\nArchitecture: all\nMaintainer: Fixture <fixture@example.invalid"..., 149) = 149
fsync(16</tmp/nia-publication-fault-tj331zq_/case/store/incoming/4fe7347bffc4700aa2fe7d8eb80b575f>) = 0
renameat2(17</tmp/nia-publication-fault-tj331zq_/case/store/incoming>, "4fe7347bffc4700aa2fe7d8eb80b575f", 16</tmp/nia-publication-fault-tj331zq_/case/store/objects/a3>, "1a856f430af395bccd7eb2f142b11ad3ae0fc5daf3acc4ffb341c48a5abd39", RENAME_NOREPLACE) = -1 EEXIST (File exists)
pread64(16</tmp/nia-publication-fault-tj331zq_/case/store/objects/a3/1a856f430af395bccd7eb2f142b11ad3ae0fc5daf3acc4ffb341c48a5abd39>, "Package: empty-package\nVersion: 1\nArchitecture: all\nMaintainer: Fixture <fixture@example.invalid"..., 65536, 0) = 149
pread64(16</tmp/nia-publication-fault-tj331zq_/case/store/objects/a3/1a856f430af395bccd7eb2f142b11ad3ae0fc5daf3acc4ffb341c48a5abd39>, "", 65387, 149) = 0
pread64(16</tmp/nia-publication-fault-tj331zq_/case/store/objects/a3/1a856f430af395bccd7eb2f142b11ad3ae0fc5daf3acc4ffb341c48a5abd39>, "", 65536, 149) = 0
fsync(17</tmp/nia-publication-fault-tj331zq_/case/store/incoming>) = 0
pread64(3</tmp/nia-publication-fault-tj331zq_/case/store/objects/0c/a179e6befeb761f3613f1ef57ca892ebc3a6a228dca32f1309f0ac06a7de7e>, "!<arch>\ndebian-binary/  0           0     0     100644  4         `\n2.0\ncontrol.tar/    0       "..., 65536, 0) = 20672
pread64(3</tmp/nia-publication-fault-tj331zq_/case/store/objects/0c/a179e6befeb761f3613f1ef57ca892ebc3a6a228dca32f1309f0ac06a7de7e>, "", 44864, 20672) = 0
pread64(3</tmp/nia-publication-fault-tj331zq_/case/store/objects/0c/a179e6befeb761f3613f1ef57ca892ebc3a6a228dca32f1309f0ac06a7de7e>, "", 65536, 20672) = 0
pread64(3</tmp/nia-publication-fault-tj331zq_/case/store/objects/4a/36f6eb7c1b236ab6cb28ddb882919e888bf393dfc00d93008ad6730697f8f7>, "./control\0\0\0\0\0\0\0\0\0\0\0\0\0\0\0\0\0\0\0\0\0\0\0\0\0\0\0\0\0\0\0\0\0\0\0\0\0\0\0\0\0\0\0\0\0\0\0\0\0\0\0\0\0\0\0\0\0\0\0\0\0\0\0\0\0\0\0\0\0\0\0\0\0\0\0\0\0\0\0\0\0\0\0\0\0\0\0"..., 65536, 0) = 10240
pread64(3</tmp/nia-publication-fault-tj331zq_/case/store/objects/4a/36f6eb7c1b236ab6cb28ddb882919e888bf393dfc00d93008ad6730697f8f7>, "", 55296, 10240) = 0
pread64(3</tmp/nia-publication-fault-tj331zq_/case/store/objects/4a/36f6eb7c1b236ab6cb28ddb882919e888bf393dfc00d93008ad6730697f8f7>, "", 65536, 10240) = 0
pread64(3</tmp/nia-publication-fault-tj331zq_/case/store/objects/84/ff92691f909a05b224e1c56abb4864f01b4f8e3c854e4bb4c7baf1d3f6d652>, "\0\0\0\0\0\0\0\0\0\0\0\0\0\0\0\0\0\0\0\0\0\0\0\0\0\0\0\0\0\0\0\0\0\0\0\0\0\0\0\0\0\0\0\0\0\0\0\0\0\0\0\0\0\0\0\0\0\0\0\0\0\0\0\0\0\0\0\0\0\0\0\0\0\0\0\0\0\0\0\0\0\0\0\0\0\0\0\0\0\0\0\0\0\0\0\0"..., 65536, 0) = 10240
pread64(3</tmp/nia-publication-fault-tj331zq_/case/store/objects/84/ff92691f909a05b224e1c56abb4864f01b4f8e3c854e4bb4c7baf1d3f6d652>, "", 55296, 10240) = 0
pread64(3</tmp/nia-publication-fault-tj331zq_/case/store/objects/84/ff92691f909a05b224e1c56abb4864f01b4f8e3c854e4bb4c7baf1d3f6d652>, "", 65536, 10240) = 0
pread64(3</tmp/nia-publication-fault-tj331zq_/case/store/objects/8e/e688345e1d9502ee8cd7277a453c30bfb77b947201beb3300e9df2b8ca321d>, "\0\0\0\0\0\0\0\10NIACSEL1\273\343\341b6\331$M\267\345\300\262\251\302\306\27f\270\251!\330\260\227\374\323p\347\177\25.\3311\0\0\0\0\0\0\0\1\f\241y\346\276\376\267a\363a?\36\365|\250\222\353\303\246\242(\334\243/\23\t\360\254\6\247\336~J6\366\353|\33#j"..., 65536, 0) = 152
pread64(3</tmp/nia-publication-fault-tj331zq_/case/store/objects/8e/e688345e1d9502ee8cd7277a453c30bfb77b947201beb3300e9df2b8ca321d>, "", 65384, 152) = 0
pread64(3</tmp/nia-publication-fault-tj331zq_/case/store/objects/8e/e688345e1d9502ee8cd7277a453c30bfb77b947201beb3300e9df2b8ca321d>, "", 65536, 152) = 0
pread64(3</tmp/nia-publication-fault-tj331zq_/case/store/objects/a3/1a856f430af395bccd7eb2f142b11ad3ae0fc5daf3acc4ffb341c48a5abd39>, "Package: empty-package\nVersion: 1\nArchitecture: all\nMaintainer: Fixture <fixture@example.invalid"..., 65536, 0) = 149
pread64(3</tmp/nia-publication-fault-tj331zq_/case/store/objects/a3/1a856f430af395bccd7eb2f142b11ad3ae0fc5daf3acc4ffb341c48a5abd39>, "", 65387, 149) = 0
pread64(3</tmp/nia-publication-fault-tj331zq_/case/store/objects/a3/1a856f430af395bccd7eb2f142b11ad3ae0fc5daf3acc4ffb341c48a5abd39>, "", 65536, 149) = 0
fsync(16</tmp/nia-publication-fault-tj331zq_/case/store/incoming>) = 0
write(3</tmp/nia-publication-fault-tj331zq_/case/store/incoming/a945a97f8013484f3242c0fb1ece9965>, "NIACLOS1\216\346\2104^\35\225\2\356\214\327'zE<0\277\267{\224r\1\276\2630\16\235\362\270\3122\35\273\343\341b6\331$M\267\345\300\262\251\302\306\27f\270\251!\330\260\227\374\323p\347\177\25.\3311\0\0\0\0\0\0\0\5", 80) = 80
write(3</tmp/nia-publication-fault-tj331zq_/case/store/incoming/a945a97f8013484f3242c0fb1ece9965>, "\f\241y\346\276\376\267a\363a?\36\365|\250\222\353\303\246\242(\334\243/\23\t\360\254\6\247\336~", 32) = 32
write(3</tmp/nia-publication-fault-tj331zq_/case/store/incoming/a945a97f8013484f3242c0fb1ece9965>, "J6\366\353|\33#j\266\313(\335\270\202\221\236\210\213\363\223\337\300\r\223\0\212\326s\6\227\370\367", 32) = 32
write(3</tmp/nia-publication-fault-tj331zq_/case/store/incoming/a945a97f8013484f3242c0fb1ece9965>, "\204\377\222i\37\220\232\5\262$\341\305j\273Hd\360\33O\216<\205NK\264\307\272\361\323\366\326R", 32) = 32
write(3</tmp/nia-publication-fault-tj331zq_/case/store/incoming/a945a97f8013484f3242c0fb1ece9965>, "\216\346\2104^\35\225\2\356\214\327'zE<0\277\267{\224r\1\276\2630\16\235\362\270\3122\35", 32) = 32
write(3</tmp/nia-publication-fault-tj331zq_/case/store/incoming/a945a97f8013484f3242c0fb1ece9965>, "\243\32\205oC\n\363\225\274\315~\262\361B\261\32\323\256\17\305\332\363\254\304\377\263A\304\212Z\2759", 32) = 32
fsync(3</tmp/nia-publication-fault-tj331zq_/case/store/incoming/a945a97f8013484f3242c0fb1ece9965>) = 0
renameat2(16</tmp/nia-publication-fault-tj331zq_/case/store/incoming>, "a945a97f8013484f3242c0fb1ece9965", 3</tmp/nia-publication-fault-tj331zq_/case/store/objects/32>, "094e7c613fdb6dffb1f27d926b176f7fd8946b8c2cf3ca9e3b95cb91a1a8ca", RENAME_NOREPLACE) = -1 EEXIST (File exists)
pread64(3</tmp/nia-publication-fault-tj331zq_/case/store/objects/32/094e7c613fdb6dffb1f27d926b176f7fd8946b8c2cf3ca9e3b95cb91a1a8ca>, "NIACLOS1\216\346\2104^\35\225\2\356\214\327'zE<0\277\267{\224r\1\276\2630\16\235\362\270\3122\35\273\343\341b6\331$M\267\345\300\262\251\302\306\27f\270\251!\330\260\227\374\323p\347\177\25.\3311\0\0\0\0\0\0\0\5\f\241y\346\276\376\267a\363a?\36\365|\250\222"..., 65536, 0) = 240
pread64(3</tmp/nia-publication-fault-tj331zq_/case/store/objects/32/094e7c613fdb6dffb1f27d926b176f7fd8946b8c2cf3ca9e3b95cb91a1a8ca>, "", 65296, 240) = 0
pread64(3</tmp/nia-publication-fault-tj331zq_/case/store/objects/32/094e7c613fdb6dffb1f27d926b176f7fd8946b8c2cf3ca9e3b95cb91a1a8ca>, "", 65536, 240) = 0
fsync(16</tmp/nia-publication-fault-tj331zq_/case/store/incoming>) = 0
pread64(3</tmp/nia-publication-fault-tj331zq_/case/store/objects/8e/e688345e1d9502ee8cd7277a453c30bfb77b947201beb3300e9df2b8ca321d>, "\0\0\0\0\0\0\0\10NIACSEL1\273\343\341b6\331$M\267\345\300\262\251\302\306\27f\270\251!\330\260\227\374\323p\347\177\25.\3311\0\0\0\0\0\0\0\1\f\241y\346\276\376\267a\363a?\36\365|\250\222\353\303\246\242(\334\243/\23\t\360\254\6\247\336~J6\366\353|\33#j"..., 65536, 0) = 152
pread64(3</tmp/nia-publication-fault-tj331zq_/case/store/objects/8e/e688345e1d9502ee8cd7277a453c30bfb77b947201beb3300e9df2b8ca321d>, "", 65384, 152) = 0
pread64(3</tmp/nia-publication-fault-tj331zq_/case/store/objects/8e/e688345e1d9502ee8cd7277a453c30bfb77b947201beb3300e9df2b8ca321d>, "", 65536, 152) = 0
pread64(3</tmp/nia-publication-fault-tj331zq_/case/store/objects/8e/e688345e1d9502ee8cd7277a453c30bfb77b947201beb3300e9df2b8ca321d>, "\0\0\0\0\0\0\0\10NIACSEL1\273\343\341b6\331$M\267\345\300\262\251\302\306\27f\270\251!\330\260\227\374\323p\347\177\25.\3311\0\0\0\0\0\0\0\1\f\241y\346\276\376\267a\363a?\36\365|\250\222\353\303\246\242(\334\243/\23\t\360\254\6\247\336~J6\366\353|\33#j"..., 393272, 0) = 152
pread64(3</tmp/nia-publication-fault-tj331zq_/case/store/objects/8e/e688345e1d9502ee8cd7277a453c30bfb77b947201beb3300e9df2b8ca321d>, "", 393120, 152) = 0
pread64(3</tmp/nia-publication-fault-tj331zq_/case/store/objects/0c/a179e6befeb761f3613f1ef57ca892ebc3a6a228dca32f1309f0ac06a7de7e>, "!<arch>\ndebian-binary/  0           0     0     100644  4         `\n2.0\ncontrol.tar/    0       "..., 65536, 0) = 20672
pread64(3</tmp/nia-publication-fault-tj331zq_/case/store/objects/0c/a179e6befeb761f3613f1ef57ca892ebc3a6a228dca32f1309f0ac06a7de7e>, "", 44864, 20672) = 0
pread64(3</tmp/nia-publication-fault-tj331zq_/case/store/objects/0c/a179e6befeb761f3613f1ef57ca892ebc3a6a228dca32f1309f0ac06a7de7e>, "", 65536, 20672) = 0
pread64(3</tmp/nia-publication-fault-tj331zq_/case/store/objects/0c/a179e6befeb761f3613f1ef57ca892ebc3a6a228dca32f1309f0ac06a7de7e>, "!<arch>\n", 8, 0) = 8
pread64(3</tmp/nia-publication-fault-tj331zq_/case/store/objects/0c/a179e6befeb761f3613f1ef57ca892ebc3a6a228dca32f1309f0ac06a7de7e>, "debian-binary/  0           0     0     100644  4         `\n", 60, 8) = 60
pread64(3</tmp/nia-publication-fault-tj331zq_/case/store/objects/0c/a179e6befeb761f3613f1ef57ca892ebc3a6a228dca32f1309f0ac06a7de7e>, "2.0\n", 4, 68) = 4
pread64(3</tmp/nia-publication-fault-tj331zq_/case/store/objects/0c/a179e6befeb761f3613f1ef57ca892ebc3a6a228dca32f1309f0ac06a7de7e>, "2.0\n", 4, 68) = 4
pread64(3</tmp/nia-publication-fault-tj331zq_/case/store/objects/0c/a179e6befeb761f3613f1ef57ca892ebc3a6a228dca32f1309f0ac06a7de7e>, "control.tar/    0           0     0     100644  10240     `\n", 60, 72) = 60
pread64(3</tmp/nia-publication-fault-tj331zq_/case/store/objects/0c/a179e6befeb761f3613f1ef57ca892ebc3a6a228dca32f1309f0ac06a7de7e>, "./control\0\0\0\0\0\0\0\0\0\0\0\0\0\0\0\0\0\0\0\0\0\0\0\0\0\0\0\0\0\0\0\0\0\0\0\0\0\0\0\0\0\0\0\0\0\0\0\0\0\0\0\0\0\0\0\0\0\0\0\0\0\0\0\0\0\0\0\0\0\0\0\0\0\0\0\0\0\0\0\0\0\0\0\0\0\0\0"..., 10240, 132) = 10240
pread64(3</tmp/nia-publication-fault-tj331zq_/case/store/objects/0c/a179e6befeb761f3613f1ef57ca892ebc3a6a228dca32f1309f0ac06a7de7e>, "data.tar/       0           0     0     100644  10240     `\n", 60, 10372) = 60
pread64(3</tmp/nia-publication-fault-tj331zq_/case/store/objects/0c/a179e6befeb761f3613f1ef57ca892ebc3a6a228dca32f1309f0ac06a7de7e>, "\0\0\0\0\0\0\0\0\0\0\0\0\0\0\0\0\0\0\0\0\0\0\0\0\0\0\0\0\0\0\0\0\0\0\0\0\0\0\0\0\0\0\0\0\0\0\0\0\0\0\0\0\0\0\0\0\0\0\0\0\0\0\0\0\0\0\0\0\0\0\0\0\0\0\0\0\0\0\0\0\0\0\0\0\0\0\0\0\0\0\0\0\0\0\0\0"..., 10240, 10432) = 10240
pread64(3</tmp/nia-publication-fault-tj331zq_/case/store/objects/0c/a179e6befeb761f3613f1ef57ca892ebc3a6a228dca32f1309f0ac06a7de7e>, "!<arch>\ndebian-binary/  0           0     0     100644  4         `\n2.0\ncontrol.tar/    0       "..., 65536, 0) = 20672
pread64(3</tmp/nia-publication-fault-tj331zq_/case/store/objects/0c/a179e6befeb761f3613f1ef57ca892ebc3a6a228dca32f1309f0ac06a7de7e>, "", 44864, 20672) = 0
pread64(3</tmp/nia-publication-fault-tj331zq_/case/store/objects/0c/a179e6befeb761f3613f1ef57ca892ebc3a6a228dca32f1309f0ac06a7de7e>, "", 65536, 20672) = 0
pread64(3</tmp/nia-publication-fault-tj331zq_/case/store/objects/0c/a179e6befeb761f3613f1ef57ca892ebc3a6a228dca32f1309f0ac06a7de7e>, "!<arch>\n", 8, 0) = 8
pread64(3</tmp/nia-publication-fault-tj331zq_/case/store/objects/0c/a179e6befeb761f3613f1ef57ca892ebc3a6a228dca32f1309f0ac06a7de7e>, "debian-binary/  0           0     0     100644  4         `\n", 60, 8) = 60
pread64(3</tmp/nia-publication-fault-tj331zq_/case/store/objects/0c/a179e6befeb761f3613f1ef57ca892ebc3a6a228dca32f1309f0ac06a7de7e>, "2.0\n", 4, 68) = 4
pread64(3</tmp/nia-publication-fault-tj331zq_/case/store/objects/0c/a179e6befeb761f3613f1ef57ca892ebc3a6a228dca32f1309f0ac06a7de7e>, "2.0\n", 4, 68) = 4
pread64(3</tmp/nia-publication-fault-tj331zq_/case/store/objects/0c/a179e6befeb761f3613f1ef57ca892ebc3a6a228dca32f1309f0ac06a7de7e>, "control.tar/    0           0     0     100644  10240     `\n", 60, 72) = 60
pread64(3</tmp/nia-publication-fault-tj331zq_/case/store/objects/0c/a179e6befeb761f3613f1ef57ca892ebc3a6a228dca32f1309f0ac06a7de7e>, "./control\0\0\0\0\0\0\0\0\0\0\0\0\0\0\0\0\0\0\0\0\0\0\0\0\0\0\0\0\0\0\0\0\0\0\0\0\0\0\0\0\0\0\0\0\0\0\0\0\0\0\0\0\0\0\0\0\0\0\0\0\0\0\0\0\0\0\0\0\0\0\0\0\0\0\0\0\0\0\0\0\0\0\0\0\0\0\0"..., 10240, 132) = 10240
pread64(3</tmp/nia-publication-fault-tj331zq_/case/store/objects/0c/a179e6befeb761f3613f1ef57ca892ebc3a6a228dca32f1309f0ac06a7de7e>, "data.tar/       0           0     0     100644  10240     `\n", 60, 10372) = 60
pread64(3</tmp/nia-publication-fault-tj331zq_/case/store/objects/0c/a179e6befeb761f3613f1ef57ca892ebc3a6a228dca32f1309f0ac06a7de7e>, "\0\0\0\0\0\0\0\0\0\0\0\0\0\0\0\0\0\0\0\0\0\0\0\0\0\0\0\0\0\0\0\0\0\0\0\0\0\0\0\0\0\0\0\0\0\0\0\0\0\0\0\0\0\0\0\0\0\0\0\0\0\0\0\0\0\0\0\0\0\0\0\0\0\0\0\0\0\0\0\0\0\0\0\0\0\0\0\0\0\0\0\0\0\0\0\0"..., 10240, 10432) = 10240
fsync(17</tmp/nia-publication-fault-tj331zq_/case/store/incoming>) = 0
pread64(3</tmp/nia-publication-fault-tj331zq_/case/store/objects/0c/a179e6befeb761f3613f1ef57ca892ebc3a6a228dca32f1309f0ac06a7de7e>, "\0\0\0\0\0\0\0\0\0\0\0\0\0\0\0\0\0\0\0\0\0\0\0\0\0\0\0\0\0\0\0\0\0\0\0\0\0\0\0\0\0\0\0\0\0\0\0\0\0\0\0\0\0\0\0\0\0\0\0\0\0\0\0\0\0\0\0\0\0\0\0\0\0\0\0\0\0\0\0\0\0\0\0\0\0\0\0\0\0\0\0\0\0\0\0\0"..., 10240, 10432) = 10240
write(16</tmp/nia-publication-fault-tj331zq_/case/store/incoming/a3c77c960653acb64dc01fb4d3e7b70b>, "\0\0\0\0\0\0\0\0\0\0\0\0\0\0\0\0\0\0\0\0\0\0\0\0\0\0\0\0\0\0\0\0\0\0\0\0\0\0\0\0\0\0\0\0\0\0\0\0\0\0\0\0\0\0\0\0\0\0\0\0\0\0\0\0\0\0\0\0\0\0\0\0\0\0\0\0\0\0\0\0\0\0\0\0\0\0\0\0\0\0\0\0\0\0\0\0"..., 10240) = 10240
fsync(16</tmp/nia-publication-fault-tj331zq_/case/store/incoming/a3c77c960653acb64dc01fb4d3e7b70b>) = 0
renameat2(17</tmp/nia-publication-fault-tj331zq_/case/store/incoming>, "a3c77c960653acb64dc01fb4d3e7b70b", 16</tmp/nia-publication-fault-tj331zq_/case/store/objects/84>, "ff92691f909a05b224e1c56abb4864f01b4f8e3c854e4bb4c7baf1d3f6d652", RENAME_NOREPLACE) = -1 EEXIST (File exists)
pread64(16</tmp/nia-publication-fault-tj331zq_/case/store/objects/84/ff92691f909a05b224e1c56abb4864f01b4f8e3c854e4bb4c7baf1d3f6d652>, "\0\0\0\0\0\0\0\0\0\0\0\0\0\0\0\0\0\0\0\0\0\0\0\0\0\0\0\0\0\0\0\0\0\0\0\0\0\0\0\0\0\0\0\0\0\0\0\0\0\0\0\0\0\0\0\0\0\0\0\0\0\0\0\0\0\0\0\0\0\0\0\0\0\0\0\0\0\0\0\0\0\0\0\0\0\0\0\0\0\0\0\0\0\0\0\0"..., 65536, 0) = 10240
pread64(16</tmp/nia-publication-fault-tj331zq_/case/store/objects/84/ff92691f909a05b224e1c56abb4864f01b4f8e3c854e4bb4c7baf1d3f6d652>, "", 55296, 10240) = 0
pread64(16</tmp/nia-publication-fault-tj331zq_/case/store/objects/84/ff92691f909a05b224e1c56abb4864f01b4f8e3c854e4bb4c7baf1d3f6d652>, "", 65536, 10240) = 0
fsync(17</tmp/nia-publication-fault-tj331zq_/case/store/incoming>) = 0
pread64(3</tmp/nia-publication-fault-tj331zq_/case/store/objects/84/ff92691f909a05b224e1c56abb4864f01b4f8e3c854e4bb4c7baf1d3f6d652>, "\0\0\0\0\0\0\0\0\0\0\0\0\0\0\0\0\0\0\0\0\0\0\0\0\0\0\0\0\0\0\0\0\0\0\0\0\0\0\0\0\0\0\0\0\0\0\0\0\0\0\0\0\0\0\0\0\0\0\0\0\0\0\0\0\0\0\0\0\0\0\0\0\0\0\0\0\0\0\0\0\0\0\0\0\0\0\0\0\0\0\0\0\0\0\0\0"..., 65536, 0) = 10240
pread64(3</tmp/nia-publication-fault-tj331zq_/case/store/objects/84/ff92691f909a05b224e1c56abb4864f01b4f8e3c854e4bb4c7baf1d3f6d652>, "", 55296, 10240) = 0
pread64(3</tmp/nia-publication-fault-tj331zq_/case/store/objects/84/ff92691f909a05b224e1c56abb4864f01b4f8e3c854e4bb4c7baf1d3f6d652>, "", 65536, 10240) = 0
pread64(3</tmp/nia-publication-fault-tj331zq_/case/store/objects/84/ff92691f909a05b224e1c56abb4864f01b4f8e3c854e4bb4c7baf1d3f6d652>, "\0\0\0\0\0\0\0\0\0\0\0\0\0\0\0\0\0\0\0\0\0\0\0\0\0\0\0\0\0\0\0\0\0\0\0\0\0\0\0\0\0\0\0\0\0\0\0\0\0\0\0\0\0\0\0\0\0\0\0\0\0\0\0\0\0\0\0\0\0\0\0\0\0\0\0\0\0\0\0\0\0\0\0\0\0\0\0\0\0\0\0\0\0\0\0\0"..., 10240, 0) = 10240
fsync(17</tmp/nia-publication-fault-tj331zq_/case/store/incoming>) = 0
pread64(3</tmp/nia-publication-fault-tj331zq_/case/store/objects/84/ff92691f909a05b224e1c56abb4864f01b4f8e3c854e4bb4c7baf1d3f6d652>, "\0\0\0\0\0\0\0\0\0\0\0\0\0\0\0\0\0\0\0\0\0\0\0\0\0\0\0\0\0\0\0\0\0\0\0\0\0\0\0\0\0\0\0\0\0\0\0\0\0\0\0\0\0\0\0\0\0\0\0\0\0\0\0\0\0\0\0\0\0\0\0\0\0\0\0\0\0\0\0\0\0\0\0\0\0\0\0\0\0\0\0\0\0\0\0\0"..., 10240, 0) = 10240
write(16</tmp/nia-publication-fault-tj331zq_/case/store/incoming/4c55e6df0e49b52f57e7dc1b639371f7>, "\0\0\0\0\0\0\0\0\0\0\0\0\0\0\0\0\0\0\0\0\0\0\0\0\0\0\0\0\0\0\0\0\0\0\0\0\0\0\0\0\0\0\0\0\0\0\0\0\0\0\0\0\0\0\0\0\0\0\0\0\0\0\0\0\0\0\0\0\0\0\0\0\0\0\0\0\0\0\0\0\0\0\0\0\0\0\0\0\0\0\0\0\0\0\0\0"..., 10240) = 10240
fsync(16</tmp/nia-publication-fault-tj331zq_/case/store/incoming/4c55e6df0e49b52f57e7dc1b639371f7>) = 0
renameat2(17</tmp/nia-publication-fault-tj331zq_/case/store/incoming>, "4c55e6df0e49b52f57e7dc1b639371f7", 16</tmp/nia-publication-fault-tj331zq_/case/store/objects/84>, "ff92691f909a05b224e1c56abb4864f01b4f8e3c854e4bb4c7baf1d3f6d652", RENAME_NOREPLACE) = -1 EEXIST (File exists)
pread64(16</tmp/nia-publication-fault-tj331zq_/case/store/objects/84/ff92691f909a05b224e1c56abb4864f01b4f8e3c854e4bb4c7baf1d3f6d652>, "\0\0\0\0\0\0\0\0\0\0\0\0\0\0\0\0\0\0\0\0\0\0\0\0\0\0\0\0\0\0\0\0\0\0\0\0\0\0\0\0\0\0\0\0\0\0\0\0\0\0\0\0\0\0\0\0\0\0\0\0\0\0\0\0\0\0\0\0\0\0\0\0\0\0\0\0\0\0\0\0\0\0\0\0\0\0\0\0\0\0\0\0\0\0\0\0"..., 65536, 0) = 10240
pread64(16</tmp/nia-publication-fault-tj331zq_/case/store/objects/84/ff92691f909a05b224e1c56abb4864f01b4f8e3c854e4bb4c7baf1d3f6d652>, "", 55296, 10240) = 0
pread64(16</tmp/nia-publication-fault-tj331zq_/case/store/objects/84/ff92691f909a05b224e1c56abb4864f01b4f8e3c854e4bb4c7baf1d3f6d652>, "", 65536, 10240) = 0
fsync(17</tmp/nia-publication-fault-tj331zq_/case/store/incoming>) = 0
pread64(3</tmp/nia-publication-fault-tj331zq_/case/store/objects/84/ff92691f909a05b224e1c56abb4864f01b4f8e3c854e4bb4c7baf1d3f6d652>, "\0\0\0\0\0\0\0\0\0\0\0\0\0\0\0\0\0\0\0\0\0\0\0\0\0\0\0\0\0\0\0\0\0\0\0\0\0\0\0\0\0\0\0\0\0\0\0\0\0\0\0\0\0\0\0\0\0\0\0\0\0\0\0\0\0\0\0\0\0\0\0\0\0\0\0\0\0\0\0\0\0\0\0\0\0\0\0\0\0\0\0\0\0\0\0\0"..., 65536, 0) = 10240
pread64(3</tmp/nia-publication-fault-tj331zq_/case/store/objects/84/ff92691f909a05b224e1c56abb4864f01b4f8e3c854e4bb4c7baf1d3f6d652>, "", 55296, 10240) = 0
pread64(3</tmp/nia-publication-fault-tj331zq_/case/store/objects/84/ff92691f909a05b224e1c56abb4864f01b4f8e3c854e4bb4c7baf1d3f6d652>, "", 65536, 10240) = 0
pread64(3</tmp/nia-publication-fault-tj331zq_/case/store/objects/84/ff92691f909a05b224e1c56abb4864f01b4f8e3c854e4bb4c7baf1d3f6d652>, "\0\0\0\0\0\0\0\0\0\0\0\0\0\0\0\0\0\0\0\0\0\0\0\0\0\0\0\0\0\0\0\0\0\0\0\0\0\0\0\0\0\0\0\0\0\0\0\0\0\0\0\0\0\0\0\0\0\0\0\0\0\0\0\0\0\0\0\0\0\0\0\0\0\0\0\0\0\0\0\0\0\0\0\0\0\0\0\0\0\0\0\0\0\0\0\0"..., 512, 0) = 512
pread64(3</tmp/nia-publication-fault-tj331zq_/case/store/objects/84/ff92691f909a05b224e1c56abb4864f01b4f8e3c854e4bb4c7baf1d3f6d652>, "\0\0\0\0\0\0\0\0\0\0\0\0\0\0\0\0\0\0\0\0\0\0\0\0\0\0\0\0\0\0\0\0\0\0\0\0\0\0\0\0\0\0\0\0\0\0\0\0\0\0\0\0\0\0\0\0\0\0\0\0\0\0\0\0\0\0\0\0\0\0\0\0\0\0\0\0\0\0\0\0\0\0\0\0\0\0\0\0\0\0\0\0\0\0\0\0"..., 9728, 512) = 9728
pread64(3</tmp/nia-publication-fault-tj331zq_/case/store/objects/0c/a179e6befeb761f3613f1ef57ca892ebc3a6a228dca32f1309f0ac06a7de7e>, "!<arch>\ndebian-binary/  0           0     0     100644  4         `\n2.0\ncontrol.tar/    0       "..., 65536, 0) = 20672
pread64(3</tmp/nia-publication-fault-tj331zq_/case/store/objects/0c/a179e6befeb761f3613f1ef57ca892ebc3a6a228dca32f1309f0ac06a7de7e>, "", 44864, 20672) = 0
pread64(3</tmp/nia-publication-fault-tj331zq_/case/store/objects/0c/a179e6befeb761f3613f1ef57ca892ebc3a6a228dca32f1309f0ac06a7de7e>, "", 65536, 20672) = 0
pread64(3</tmp/nia-publication-fault-tj331zq_/case/store/objects/0c/a179e6befeb761f3613f1ef57ca892ebc3a6a228dca32f1309f0ac06a7de7e>, "!<arch>\n", 8, 0) = 8
pread64(3</tmp/nia-publication-fault-tj331zq_/case/store/objects/0c/a179e6befeb761f3613f1ef57ca892ebc3a6a228dca32f1309f0ac06a7de7e>, "debian-binary/  0           0     0     100644  4         `\n", 60, 8) = 60
pread64(3</tmp/nia-publication-fault-tj331zq_/case/store/objects/0c/a179e6befeb761f3613f1ef57ca892ebc3a6a228dca32f1309f0ac06a7de7e>, "2.0\n", 4, 68) = 4
pread64(3</tmp/nia-publication-fault-tj331zq_/case/store/objects/0c/a179e6befeb761f3613f1ef57ca892ebc3a6a228dca32f1309f0ac06a7de7e>, "2.0\n", 4, 68) = 4
pread64(3</tmp/nia-publication-fault-tj331zq_/case/store/objects/0c/a179e6befeb761f3613f1ef57ca892ebc3a6a228dca32f1309f0ac06a7de7e>, "control.tar/    0           0     0     100644  10240     `\n", 60, 72) = 60
pread64(3</tmp/nia-publication-fault-tj331zq_/case/store/objects/0c/a179e6befeb761f3613f1ef57ca892ebc3a6a228dca32f1309f0ac06a7de7e>, "./control\0\0\0\0\0\0\0\0\0\0\0\0\0\0\0\0\0\0\0\0\0\0\0\0\0\0\0\0\0\0\0\0\0\0\0\0\0\0\0\0\0\0\0\0\0\0\0\0\0\0\0\0\0\0\0\0\0\0\0\0\0\0\0\0\0\0\0\0\0\0\0\0\0\0\0\0\0\0\0\0\0\0\0\0\0\0\0"..., 10240, 132) = 10240
pread64(3</tmp/nia-publication-fault-tj331zq_/case/store/objects/0c/a179e6befeb761f3613f1ef57ca892ebc3a6a228dca32f1309f0ac06a7de7e>, "data.tar/       0           0     0     100644  10240     `\n", 60, 10372) = 60
pread64(3</tmp/nia-publication-fault-tj331zq_/case/store/objects/0c/a179e6befeb761f3613f1ef57ca892ebc3a6a228dca32f1309f0ac06a7de7e>, "\0\0\0\0\0\0\0\0\0\0\0\0\0\0\0\0\0\0\0\0\0\0\0\0\0\0\0\0\0\0\0\0\0\0\0\0\0\0\0\0\0\0\0\0\0\0\0\0\0\0\0\0\0\0\0\0\0\0\0\0\0\0\0\0\0\0\0\0\0\0\0\0\0\0\0\0\0\0\0\0\0\0\0\0\0\0\0\0\0\0\0\0\0\0\0\0"..., 10240, 10432) = 10240
pread64(3</tmp/nia-publication-fault-tj331zq_/case/store/objects/0c/a179e6befeb761f3613f1ef57ca892ebc3a6a228dca32f1309f0ac06a7de7e>, "!<arch>\ndebian-binary/  0           0     0     100644  4         `\n2.0\ncontrol.tar/    0       "..., 65536, 0) = 20672
pread64(3</tmp/nia-publication-fault-tj331zq_/case/store/objects/0c/a179e6befeb761f3613f1ef57ca892ebc3a6a228dca32f1309f0ac06a7de7e>, "", 44864, 20672) = 0
pread64(3</tmp/nia-publication-fault-tj331zq_/case/store/objects/0c/a179e6befeb761f3613f1ef57ca892ebc3a6a228dca32f1309f0ac06a7de7e>, "", 65536, 20672) = 0
pread64(3</tmp/nia-publication-fault-tj331zq_/case/store/objects/0c/a179e6befeb761f3613f1ef57ca892ebc3a6a228dca32f1309f0ac06a7de7e>, "!<arch>\n", 8, 0) = 8
pread64(3</tmp/nia-publication-fault-tj331zq_/case/store/objects/0c/a179e6befeb761f3613f1ef57ca892ebc3a6a228dca32f1309f0ac06a7de7e>, "debian-binary/  0           0     0     100644  4         `\n", 60, 8) = 60
pread64(3</tmp/nia-publication-fault-tj331zq_/case/store/objects/0c/a179e6befeb761f3613f1ef57ca892ebc3a6a228dca32f1309f0ac06a7de7e>, "2.0\n", 4, 68) = 4
pread64(3</tmp/nia-publication-fault-tj331zq_/case/store/objects/0c/a179e6befeb761f3613f1ef57ca892ebc3a6a228dca32f1309f0ac06a7de7e>, "2.0\n", 4, 68) = 4
pread64(3</tmp/nia-publication-fault-tj331zq_/case/store/objects/0c/a179e6befeb761f3613f1ef57ca892ebc3a6a228dca32f1309f0ac06a7de7e>, "control.tar/    0           0     0     100644  10240     `\n", 60, 72) = 60
pread64(3</tmp/nia-publication-fault-tj331zq_/case/store/objects/0c/a179e6befeb761f3613f1ef57ca892ebc3a6a228dca32f1309f0ac06a7de7e>, "./control\0\0\0\0\0\0\0\0\0\0\0\0\0\0\0\0\0\0\0\0\0\0\0\0\0\0\0\0\0\0\0\0\0\0\0\0\0\0\0\0\0\0\0\0\0\0\0\0\0\0\0\0\0\0\0\0\0\0\0\0\0\0\0\0\0\0\0\0\0\0\0\0\0\0\0\0\0\0\0\0\0\0\0\0\0\0\0"..., 10240, 132) = 10240
pread64(3</tmp/nia-publication-fault-tj331zq_/case/store/objects/0c/a179e6befeb761f3613f1ef57ca892ebc3a6a228dca32f1309f0ac06a7de7e>, "data.tar/       0           0     0     100644  10240     `\n", 60, 10372) = 60
pread64(3</tmp/nia-publication-fault-tj331zq_/case/store/objects/0c/a179e6befeb761f3613f1ef57ca892ebc3a6a228dca32f1309f0ac06a7de7e>, "\0\0\0\0\0\0\0\0\0\0\0\0\0\0\0\0\0\0\0\0\0\0\0\0\0\0\0\0\0\0\0\0\0\0\0\0\0\0\0\0\0\0\0\0\0\0\0\0\0\0\0\0\0\0\0\0\0\0\0\0\0\0\0\0\0\0\0\0\0\0\0\0\0\0\0\0\0\0\0\0\0\0\0\0\0\0\0\0\0\0\0\0\0\0\0\0"..., 10240, 10432) = 10240
fsync(17</tmp/nia-publication-fault-tj331zq_/case/store/incoming>) = 0
pread64(3</tmp/nia-publication-fault-tj331zq_/case/store/objects/0c/a179e6befeb761f3613f1ef57ca892ebc3a6a228dca32f1309f0ac06a7de7e>, "./control\0\0\0\0\0\0\0\0\0\0\0\0\0\0\0\0\0\0\0\0\0\0\0\0\0\0\0\0\0\0\0\0\0\0\0\0\0\0\0\0\0\0\0\0\0\0\0\0\0\0\0\0\0\0\0\0\0\0\0\0\0\0\0\0\0\0\0\0\0\0\0\0\0\0\0\0\0\0\0\0\0\0\0\0\0\0\0"..., 10240, 132) = 10240
write(16</tmp/nia-publication-fault-tj331zq_/case/store/incoming/a5f5044b1aa91bf30fd6e1274d2a52f1>, "./control\0\0\0\0\0\0\0\0\0\0\0\0\0\0\0\0\0\0\0\0\0\0\0\0\0\0\0\0\0\0\0\0\0\0\0\0\0\0\0\0\0\0\0\0\0\0\0\0\0\0\0\0\0\0\0\0\0\0\0\0\0\0\0\0\0\0\0\0\0\0\0\0\0\0\0\0\0\0\0\0\0\0\0\0\0\0\0"..., 10240) = 10240
fsync(16</tmp/nia-publication-fault-tj331zq_/case/store/incoming/a5f5044b1aa91bf30fd6e1274d2a52f1>) = 0
renameat2(17</tmp/nia-publication-fault-tj331zq_/case/store/incoming>, "a5f5044b1aa91bf30fd6e1274d2a52f1", 16</tmp/nia-publication-fault-tj331zq_/case/store/objects/4a>, "36f6eb7c1b236ab6cb28ddb882919e888bf393dfc00d93008ad6730697f8f7", RENAME_NOREPLACE) = -1 EEXIST (File exists)
pread64(16</tmp/nia-publication-fault-tj331zq_/case/store/objects/4a/36f6eb7c1b236ab6cb28ddb882919e888bf393dfc00d93008ad6730697f8f7>, "./control\0\0\0\0\0\0\0\0\0\0\0\0\0\0\0\0\0\0\0\0\0\0\0\0\0\0\0\0\0\0\0\0\0\0\0\0\0\0\0\0\0\0\0\0\0\0\0\0\0\0\0\0\0\0\0\0\0\0\0\0\0\0\0\0\0\0\0\0\0\0\0\0\0\0\0\0\0\0\0\0\0\0\0\0\0\0\0"..., 65536, 0) = 10240
pread64(16</tmp/nia-publication-fault-tj331zq_/case/store/objects/4a/36f6eb7c1b236ab6cb28ddb882919e888bf393dfc00d93008ad6730697f8f7>, "", 55296, 10240) = 0
pread64(16</tmp/nia-publication-fault-tj331zq_/case/store/objects/4a/36f6eb7c1b236ab6cb28ddb882919e888bf393dfc00d93008ad6730697f8f7>, "", 65536, 10240) = 0
fsync(17</tmp/nia-publication-fault-tj331zq_/case/store/incoming>) = 0
pread64(3</tmp/nia-publication-fault-tj331zq_/case/store/objects/4a/36f6eb7c1b236ab6cb28ddb882919e888bf393dfc00d93008ad6730697f8f7>, "./control\0\0\0\0\0\0\0\0\0\0\0\0\0\0\0\0\0\0\0\0\0\0\0\0\0\0\0\0\0\0\0\0\0\0\0\0\0\0\0\0\0\0\0\0\0\0\0\0\0\0\0\0\0\0\0\0\0\0\0\0\0\0\0\0\0\0\0\0\0\0\0\0\0\0\0\0\0\0\0\0\0\0\0\0\0\0\0"..., 65536, 0) = 10240
pread64(3</tmp/nia-publication-fault-tj331zq_/case/store/objects/4a/36f6eb7c1b236ab6cb28ddb882919e888bf393dfc00d93008ad6730697f8f7>, "", 55296, 10240) = 0
pread64(3</tmp/nia-publication-fault-tj331zq_/case/store/objects/4a/36f6eb7c1b236ab6cb28ddb882919e888bf393dfc00d93008ad6730697f8f7>, "", 65536, 10240) = 0
pread64(3</tmp/nia-publication-fault-tj331zq_/case/store/objects/4a/36f6eb7c1b236ab6cb28ddb882919e888bf393dfc00d93008ad6730697f8f7>, "./control\0\0\0\0\0\0\0\0\0\0\0\0\0\0\0\0\0\0\0\0\0\0\0\0\0\0\0\0\0\0\0\0\0\0\0\0\0\0\0\0\0\0\0\0\0\0\0\0\0\0\0\0\0\0\0\0\0\0\0\0\0\0\0\0\0\0\0\0\0\0\0\0\0\0\0\0\0\0\0\0\0\0\0\0\0\0\0"..., 10240, 0) = 10240
fsync(17</tmp/nia-publication-fault-tj331zq_/case/store/incoming>) = 0
write(16</tmp/nia-publication-fault-tj331zq_/case/store/incoming/7631f231c678aea94d2ef560379d3e0b>, "Package: empty-package\nVersion: 1\nArchitecture: all\nMaintainer: Fixture <fixture@example.invalid"..., 149) = 149
fsync(16</tmp/nia-publication-fault-tj331zq_/case/store/incoming/7631f231c678aea94d2ef560379d3e0b>) = 0
renameat2(17</tmp/nia-publication-fault-tj331zq_/case/store/incoming>, "7631f231c678aea94d2ef560379d3e0b", 16</tmp/nia-publication-fault-tj331zq_/case/store/objects/a3>, "1a856f430af395bccd7eb2f142b11ad3ae0fc5daf3acc4ffb341c48a5abd39", RENAME_NOREPLACE) = -1 EEXIST (File exists)
pread64(16</tmp/nia-publication-fault-tj331zq_/case/store/objects/a3/1a856f430af395bccd7eb2f142b11ad3ae0fc5daf3acc4ffb341c48a5abd39>, "Package: empty-package\nVersion: 1\nArchitecture: all\nMaintainer: Fixture <fixture@example.invalid"..., 65536, 0) = 149
pread64(16</tmp/nia-publication-fault-tj331zq_/case/store/objects/a3/1a856f430af395bccd7eb2f142b11ad3ae0fc5daf3acc4ffb341c48a5abd39>, "", 65387, 149) = 0
pread64(16</tmp/nia-publication-fault-tj331zq_/case/store/objects/a3/1a856f430af395bccd7eb2f142b11ad3ae0fc5daf3acc4ffb341c48a5abd39>, "", 65536, 149) = 0
fsync(17</tmp/nia-publication-fault-tj331zq_/case/store/incoming>) = 0
pread64(3</tmp/nia-publication-fault-tj331zq_/case/store/objects/a3/1a856f430af395bccd7eb2f142b11ad3ae0fc5daf3acc4ffb341c48a5abd39>, "Package: empty-package\nVersion: 1\nArchitecture: all\nMaintainer: Fixture <fixture@example.invalid"..., 65536, 0) = 149
pread64(3</tmp/nia-publication-fault-tj331zq_/case/store/objects/a3/1a856f430af395bccd7eb2f142b11ad3ae0fc5daf3acc4ffb341c48a5abd39>, "", 65387, 149) = 0
pread64(3</tmp/nia-publication-fault-tj331zq_/case/store/objects/a3/1a856f430af395bccd7eb2f142b11ad3ae0fc5daf3acc4ffb341c48a5abd39>, "", 65536, 149) = 0
pread64(3</tmp/nia-publication-fault-tj331zq_/case/store/objects/a3/1a856f430af395bccd7eb2f142b11ad3ae0fc5daf3acc4ffb341c48a5abd39>, "Package: empty-package\nVersion: 1\nArchitecture: all\nMaintainer: Fixture <fixture@example.invalid"..., 16777216, 0) = 149
pread64(3</tmp/nia-publication-fault-tj331zq_/case/store/objects/a3/1a856f430af395bccd7eb2f142b11ad3ae0fc5daf3acc4ffb341c48a5abd39>, "", 16777067, 149) = 0
pread64(3</tmp/nia-publication-fault-tj331zq_/case/store/objects/a3/1a856f430af395bccd7eb2f142b11ad3ae0fc5daf3acc4ffb341c48a5abd39>, "Package: empty-package\nVersion: 1\nArchitecture: all\nMaintainer: Fixture <fixture@example.invalid"..., 65536, 0) = 149
pread64(3</tmp/nia-publication-fault-tj331zq_/case/store/objects/a3/1a856f430af395bccd7eb2f142b11ad3ae0fc5daf3acc4ffb341c48a5abd39>, "", 65387, 149) = 0
pread64(3</tmp/nia-publication-fault-tj331zq_/case/store/objects/a3/1a856f430af395bccd7eb2f142b11ad3ae0fc5daf3acc4ffb341c48a5abd39>, "", 65536, 149) = 0
pread64(3</tmp/nia-publication-fault-tj331zq_/case/store/objects/a3/1a856f430af395bccd7eb2f142b11ad3ae0fc5daf3acc4ffb341c48a5abd39>, "Package: empty-package\nVersion: 1\nArchitecture: all\nMaintainer: Fixture <fixture@example.invalid"..., 16777216, 0) = 149
pread64(3</tmp/nia-publication-fault-tj331zq_/case/store/objects/a3/1a856f430af395bccd7eb2f142b11ad3ae0fc5daf3acc4ffb341c48a5abd39>, "", 16777067, 149) = 0
pread64(3</tmp/nia-publication-fault-tj331zq_/case/state/root.state>, "MCROOT02\37\37\37\37\37\37\37\37\37\37\37\37\37\37\37\37\0\0\0\0\0\0\0\0================|(\260]\354\310\366\2733\266\317\17dlZ\365\252\200U\340\nL\366\332\32tk\326;\35\36\362\0\0\0\0\0\0\0\0\0\0\0\0\0\0\0\0"..., 192, 0) = 192
pread64(3</tmp/nia-publication-fault-tj331zq_/case/store/objects/7c/28b05decc8f6bb33b6cf0f646c5af5aa8055e00a4cf6da1a746bd63b1d1ef2>, "MCPLAN02\37\37\37\37\37\37\37\37\37\37\37\37\37\37\37\37================\0\0\0\0\0\0\0\0\0\0\0\0\0\0\0\1\0\0\0\0\0\0\0\1\0\0\0\0\0\0\0\2\216\346\2104^\35\225\2\356\214\327'zE<0\277\267{\224r\1\276\263"..., 4500000, 0) = 467
pread64(3</tmp/nia-publication-fault-tj331zq_/case/store/objects/7c/28b05decc8f6bb33b6cf0f646c5af5aa8055e00a4cf6da1a746bd63b1d1ef2>, "", 4499533, 467) = 0
pread64(3</tmp/nia-publication-fault-tj331zq_/case/store/pins/3d3d3d3d3d3d3d3d3d3d3d3d3d3d3d3d>, "|(\260]\354\310\366\2733\266\317\17dlZ\365\252\200U\340\nL\366\332\32tk\326;\35\36\362", 33, 0) = 32
pread64(3</tmp/nia-publication-fault-tj331zq_/case/store/pins/3d3d3d3d3d3d3d3d3d3d3d3d3d3d3d3d>, "", 1, 32) = 0
pread64(3</tmp/nia-publication-fault-tj331zq_/case/state/tx-3d3d3d3d3d3d3d3d3d3d3d3d3d3d3d3d.log>, "MCLOG002\0\0\0\0\0\0\0\1\0\1\0\0\0\0\0\0\37\37\37\37\37\37\37\37\37\37\37\37\37\37\37\37================\0\0\0\0\0\0\0\1\0\0\0\0\0\0\0\2\0\0\0\0\0\0\0\0\0\0\0\0\0\0\0\1|(\260]\354\310\366\273"..., 256, 0) = 256
pread64(3</tmp/nia-publication-fault-tj331zq_/case/state/tx-3d3d3d3d3d3d3d3d3d3d3d3d3d3d3d3d.log>, "MCLOG002\0\0\0\0\0\0\0\2\0\2\0\0\0\0\0\0\37\37\37\37\37\37\37\37\37\37\37\37\37\37\37\37================\0\0\0\0\0\0\0\1\0\0\0\0\0\0\0\2\0\0\0\0\0\0\0\1\0\0\0\0\0\0\0\1|(\260]\354\310\366\273"..., 256, 256) = 256
pread64(3</tmp/nia-publication-fault-tj331zq_/case/state/tx-3d3d3d3d3d3d3d3d3d3d3d3d3d3d3d3d.log>, "MCLOG002\0\0\0\0\0\0\0\3\0\3\0\0\0\0\0\0\37\37\37\37\37\37\37\37\37\37\37\37\37\37\37\37================\0\0\0\0\0\0\0\1\0\0\0\0\0\0\0\2\0\0\0\0\0\0\0\1\0\0\0\0\0\0\0\1|(\260]\354\310\366\273"..., 256, 512) = 256
pread64(3</tmp/nia-publication-fault-tj331zq_/case/state/tx-3d3d3d3d3d3d3d3d3d3d3d3d3d3d3d3d.log>, "MCLOG002\0\0\0\0\0\0\0\4\0\4\0\0\0\0\0\0\37\37\37\37\37\37\37\37\37\37\37\37\37\37\37\37================\0\0\0\0\0\0\0\1\0\0\0\0\0\0\0\2\0\0\0\0\0\0\0\0\0\0\0\0\0\0\0\1|(\260]\354\310\366\273"..., 256, 768) = 256
pread64(18</tmp/nia-publication-fault-tj331zq_/case/state/root.state>, "MCROOT02\37\37\37\37\37\37\37\37\37\37\37\37\37\37\37\37\0\0\0\0\0\0\0\0================|(\260]\354\310\366\2733\266\317\17dlZ\365\252\200U\340\nL\366\332\32tk\326;\35\36\362\0\0\0\0\0\0\0\0\0\0\0\0\0\0\0\0"..., 192, 0) = 192
pread64(3</tmp/nia-publication-fault-tj331zq_/case/store/objects/b2/d93d1647239d0ba4daeaa2a008547e866b63fe552b7835bb1cf81afd008832>, "NIASPOL1~R\322\ng\4\374Nt{\300\301\330\36\340\226\257\27\360\206\320\344f\21\354\217~\254\226\320\232\"\0\0\0\0\0\0\3\350\0\0\0\0\0\0\0\1GGGGGGGGGGGGGGGGGGGGGGGGGGGGGGGG\212\210\343\335t\t\361\225"..., 65536, 0) = 136
pread64(3</tmp/nia-publication-fault-tj331zq_/case/store/objects/b2/d93d1647239d0ba4daeaa2a008547e866b63fe552b7835bb1cf81afd008832>, "", 65400, 136) = 0
pread64(3</tmp/nia-publication-fault-tj331zq_/case/store/objects/b2/d93d1647239d0ba4daeaa2a008547e866b63fe552b7835bb1cf81afd008832>, "", 65536, 136) = 0
pread64(3</tmp/nia-publication-fault-tj331zq_/case/store/objects/b2/d93d1647239d0ba4daeaa2a008547e866b63fe552b7835bb1cf81afd008832>, "NIASPOL1~R\322\ng\4\374Nt{\300\301\330\36\340\226\257\27\360\206\320\344f\21\354\217~\254\226\320\232\"\0\0\0\0\0\0\3\350\0\0\0\0\0\0\0\1GGGGGGGGGGGGGGGGGGGGGGGGGGGGGGGG\212\210\343\335t\t\361\225"..., 20536, 0) = 136
pread64(3</tmp/nia-publication-fault-tj331zq_/case/store/objects/b2/d93d1647239d0ba4daeaa2a008547e866b63fe552b7835bb1cf81afd008832>, "", 20400, 136) = 0
pread64(3</tmp/nia-publication-fault-tj331zq_/case/store/objects/b2/d93d1647239d0ba4daeaa2a008547e866b63fe552b7835bb1cf81afd008832>, "NIASPOL1~R\322\ng\4\374Nt{\300\301\330\36\340\226\257\27\360\206\320\344f\21\354\217~\254\226\320\232\"\0\0\0\0\0\0\3\350\0\0\0\0\0\0\0\1GGGGGGGGGGGGGGGGGGGGGGGGGGGGGGGG\212\210\343\335t\t\361\225"..., 65536, 0) = 136
pread64(3</tmp/nia-publication-fault-tj331zq_/case/store/objects/b2/d93d1647239d0ba4daeaa2a008547e866b63fe552b7835bb1cf81afd008832>, "", 65400, 136) = 0
pread64(3</tmp/nia-publication-fault-tj331zq_/case/store/objects/b2/d93d1647239d0ba4daeaa2a008547e866b63fe552b7835bb1cf81afd008832>, "", 65536, 136) = 0
pread64(3</tmp/nia-publication-fault-tj331zq_/case/store/objects/b2/d93d1647239d0ba4daeaa2a008547e866b63fe552b7835bb1cf81afd008832>, "NIASPOL1~R\322\ng\4\374Nt{\300\301\330\36\340\226\257\27\360\206\320\344f\21\354\217~\254\226\320\232\"\0\0\0\0\0\0\3\350\0\0\0\0\0\0\0\1GGGGGGGGGGGGGGGGGGGGGGGGGGGGGGGG\212\210\343\335t\t\361\225"..., 20536, 0) = 136
pread64(3</tmp/nia-publication-fault-tj331zq_/case/store/objects/b2/d93d1647239d0ba4daeaa2a008547e866b63fe552b7835bb1cf81afd008832>, "", 20400, 136) = 0
pread64(3</tmp/nia-publication-fault-tj331zq_/case/store/objects/7e/52d20a6704fc4e747bc0c1d81ee096af17f086d0e46611ec8f7eac96d09a22>, "NIASMAP1\37\37\37\37\37\37\37\37\37\37\37\37\37\37\37\37\0\0\0\0\0\0\0\0\0\0\0\0\0\0\0\0\0\0\0\0\0\0\0\0\0\0\0\0\0\0\0\0\0\0\0\0\0\0\0\0\0\0\0\0\0\0\0\0\0\0\0\0\0\0\0\0\0\0\0\0\0\0\0\0\216\346\2104^\35\225\2"..., 65536, 0) = 256
pread64(3</tmp/nia-publication-fault-tj331zq_/case/store/objects/7e/52d20a6704fc4e747bc0c1d81ee096af17f086d0e46611ec8f7eac96d09a22>, "", 65280, 256) = 0
pread64(3</tmp/nia-publication-fault-tj331zq_/case/store/objects/7e/52d20a6704fc4e747bc0c1d81ee096af17f086d0e46611ec8f7eac96d09a22>, "", 65536, 256) = 0
pread64(3</tmp/nia-publication-fault-tj331zq_/case/store/objects/7e/52d20a6704fc4e747bc0c1d81ee096af17f086d0e46611ec8f7eac96d09a22>, "NIASMAP1\37\37\37\37\37\37\37\37\37\37\37\37\37\37\37\37\0\0\0\0\0\0\0\0\0\0\0\0\0\0\0\0\0\0\0\0\0\0\0\0\0\0\0\0\0\0\0\0\0\0\0\0\0\0\0\0\0\0\0\0\0\0\0\0\0\0\0\0\0\0\0\0\0\0\0\0\0\0\0\0\216\346\2104^\35\225\2"..., 393376, 0) = 256
pread64(3</tmp/nia-publication-fault-tj331zq_/case/store/objects/7e/52d20a6704fc4e747bc0c1d81ee096af17f086d0e46611ec8f7eac96d09a22>, "", 393120, 256) = 0
pread64(3</tmp/nia-publication-fault-tj331zq_/case/store/objects/be/79019cd624c1b58af3cac32a235b467dac74ebfc6ee94e6390a198650449a5>, "NIASUP01GGGGGGGGGGGGGGGGGGGGGGGGGGGGGGGGf\246uqQ\370\356U\333\22w\26\307\343\334\340\276\200t\266N \355\245B\345\301\344l\251\304\36\f\241y\346\276\376\267a\363a?\36\365|\250\222\353\303\246\242(\334\243/"..., 65536, 0) = 320
pread64(3</tmp/nia-publication-fault-tj331zq_/case/store/objects/be/79019cd624c1b58af3cac32a235b467dac74ebfc6ee94e6390a198650449a5>, "", 65216, 320) = 0
pread64(3</tmp/nia-publication-fault-tj331zq_/case/store/objects/be/79019cd624c1b58af3cac32a235b467dac74ebfc6ee94e6390a198650449a5>, "", 65536, 320) = 0
pread64(3</tmp/nia-publication-fault-tj331zq_/case/store/objects/be/79019cd624c1b58af3cac32a235b467dac74ebfc6ee94e6390a198650449a5>, "NIASUP01GGGGGGGGGGGGGGGGGGGGGGGGGGGGGGGGf\246uqQ\370\356U\333\22w\26\307\343\334\340\276\200t\266N \355\245B\345\301\344l\251\304\36\f\241y\346\276\376\267a\363a?\36\365|\250\222\353\303\246\242(\334\243/"..., 320, 0) = 320
pread64(3</tmp/nia-publication-fault-tj331zq_/case/store/objects/66/a6757151f8ee55db127716c7e3dce0be8074b64e20eda542e5c1e46ca9c41e>, "\7\10\t", 65536, 0) = 3
pread64(3</tmp/nia-publication-fault-tj331zq_/case/store/objects/66/a6757151f8ee55db127716c7e3dce0be8074b64e20eda542e5c1e46ca9c41e>, "", 65533, 3) = 0
pread64(3</tmp/nia-publication-fault-tj331zq_/case/store/objects/66/a6757151f8ee55db127716c7e3dce0be8074b64e20eda542e5c1e46ca9c41e>, "", 65536, 3) = 0
pread64(3</tmp/nia-publication-fault-tj331zq_/case/store/objects/0c/a179e6befeb761f3613f1ef57ca892ebc3a6a228dca32f1309f0ac06a7de7e>, "!<arch>\ndebian-binary/  0           0     0     100644  4         `\n2.0\ncontrol.tar/    0       "..., 65536, 0) = 20672
pread64(3</tmp/nia-publication-fault-tj331zq_/case/store/objects/0c/a179e6befeb761f3613f1ef57ca892ebc3a6a228dca32f1309f0ac06a7de7e>, "", 44864, 20672) = 0
pread64(3</tmp/nia-publication-fault-tj331zq_/case/store/objects/0c/a179e6befeb761f3613f1ef57ca892ebc3a6a228dca32f1309f0ac06a7de7e>, "", 65536, 20672) = 0
pread64(3</tmp/nia-publication-fault-tj331zq_/case/store/objects/a3/1a856f430af395bccd7eb2f142b11ad3ae0fc5daf3acc4ffb341c48a5abd39>, "Package: empty-package\nVersion: 1\nArchitecture: all\nMaintainer: Fixture <fixture@example.invalid"..., 65536, 0) = 149
pread64(3</tmp/nia-publication-fault-tj331zq_/case/store/objects/a3/1a856f430af395bccd7eb2f142b11ad3ae0fc5daf3acc4ffb341c48a5abd39>, "", 65387, 149) = 0
pread64(3</tmp/nia-publication-fault-tj331zq_/case/store/objects/a3/1a856f430af395bccd7eb2f142b11ad3ae0fc5daf3acc4ffb341c48a5abd39>, "", 65536, 149) = 0
pread64(3</tmp/nia-publication-fault-tj331zq_/case/store/objects/66/a6757151f8ee55db127716c7e3dce0be8074b64e20eda542e5c1e46ca9c41e>, "\7\10\t", 65536, 0) = 3
pread64(3</tmp/nia-publication-fault-tj331zq_/case/store/objects/66/a6757151f8ee55db127716c7e3dce0be8074b64e20eda542e5c1e46ca9c41e>, "", 65533, 3) = 0
pread64(3</tmp/nia-publication-fault-tj331zq_/case/store/objects/66/a6757151f8ee55db127716c7e3dce0be8074b64e20eda542e5c1e46ca9c41e>, "", 65536, 3) = 0
pread64(3</tmp/nia-publication-fault-tj331zq_/case/store/objects/66/a6757151f8ee55db127716c7e3dce0be8074b64e20eda542e5c1e46ca9c41e>, "\7\10\t", 65536, 0) = 3
pread64(3</tmp/nia-publication-fault-tj331zq_/case/store/objects/66/a6757151f8ee55db127716c7e3dce0be8074b64e20eda542e5c1e46ca9c41e>, "", 65533, 3) = 0
pread64(3</tmp/nia-publication-fault-tj331zq_/case/store/objects/66/a6757151f8ee55db127716c7e3dce0be8074b64e20eda542e5c1e46ca9c41e>, "", 65536, 3) = 0
pread64(3</tmp/nia-publication-fault-tj331zq_/case/store/objects/66/a6757151f8ee55db127716c7e3dce0be8074b64e20eda542e5c1e46ca9c41e>, "\7\10\t", 65536, 0) = 3
pread64(3</tmp/nia-publication-fault-tj331zq_/case/store/objects/66/a6757151f8ee55db127716c7e3dce0be8074b64e20eda542e5c1e46ca9c41e>, "", 65533, 3) = 0
pread64(3</tmp/nia-publication-fault-tj331zq_/case/store/objects/66/a6757151f8ee55db127716c7e3dce0be8074b64e20eda542e5c1e46ca9c41e>, "", 65536, 3) = 0
pread64(3</tmp/nia-publication-fault-tj331zq_/case/store/objects/be/79019cd624c1b58af3cac32a235b467dac74ebfc6ee94e6390a198650449a5>, "NIASUP01GGGGGGGGGGGGGGGGGGGGGGGGGGGGGGGGf\246uqQ\370\356U\333\22w\26\307\343\334\340\276\200t\266N \355\245B\345\301\344l\251\304\36\f\241y\346\276\376\267a\363a?\36\365|\250\222\353\303\246\242(\334\243/"..., 65536, 0) = 320
pread64(3</tmp/nia-publication-fault-tj331zq_/case/store/objects/be/79019cd624c1b58af3cac32a235b467dac74ebfc6ee94e6390a198650449a5>, "", 65216, 320) = 0
pread64(3</tmp/nia-publication-fault-tj331zq_/case/store/objects/be/79019cd624c1b58af3cac32a235b467dac74ebfc6ee94e6390a198650449a5>, "", 65536, 320) = 0
pread64(3</tmp/nia-publication-fault-tj331zq_/case/store/objects/be/79019cd624c1b58af3cac32a235b467dac74ebfc6ee94e6390a198650449a5>, "NIASUP01GGGGGGGGGGGGGGGGGGGGGGGGGGGGGGGGf\246uqQ\370\356U\333\22w\26\307\343\334\340\276\200t\266N \355\245B\345\301\344l\251\304\36\f\241y\346\276\376\267a\363a?\36\365|\250\222\353\303\246\242(\334\243/"..., 320, 0) = 320
pread64(3</tmp/nia-publication-fault-tj331zq_/case/store/objects/66/a6757151f8ee55db127716c7e3dce0be8074b64e20eda542e5c1e46ca9c41e>, "\7\10\t", 65536, 0) = 3
pread64(3</tmp/nia-publication-fault-tj331zq_/case/store/objects/66/a6757151f8ee55db127716c7e3dce0be8074b64e20eda542e5c1e46ca9c41e>, "", 65533, 3) = 0
pread64(3</tmp/nia-publication-fault-tj331zq_/case/store/objects/66/a6757151f8ee55db127716c7e3dce0be8074b64e20eda542e5c1e46ca9c41e>, "", 65536, 3) = 0
pread64(3</tmp/nia-publication-fault-tj331zq_/case/store/objects/0c/a179e6befeb761f3613f1ef57ca892ebc3a6a228dca32f1309f0ac06a7de7e>, "!<arch>\ndebian-binary/  0           0     0     100644  4         `\n2.0\ncontrol.tar/    0       "..., 65536, 0) = 20672
pread64(3</tmp/nia-publication-fault-tj331zq_/case/store/objects/0c/a179e6befeb761f3613f1ef57ca892ebc3a6a228dca32f1309f0ac06a7de7e>, "", 44864, 20672) = 0
pread64(3</tmp/nia-publication-fault-tj331zq_/case/store/objects/0c/a179e6befeb761f3613f1ef57ca892ebc3a6a228dca32f1309f0ac06a7de7e>, "", 65536, 20672) = 0
pread64(3</tmp/nia-publication-fault-tj331zq_/case/store/objects/a3/1a856f430af395bccd7eb2f142b11ad3ae0fc5daf3acc4ffb341c48a5abd39>, "Package: empty-package\nVersion: 1\nArchitecture: all\nMaintainer: Fixture <fixture@example.invalid"..., 65536, 0) = 149
pread64(3</tmp/nia-publication-fault-tj331zq_/case/store/objects/a3/1a856f430af395bccd7eb2f142b11ad3ae0fc5daf3acc4ffb341c48a5abd39>, "", 65387, 149) = 0
pread64(3</tmp/nia-publication-fault-tj331zq_/case/store/objects/a3/1a856f430af395bccd7eb2f142b11ad3ae0fc5daf3acc4ffb341c48a5abd39>, "", 65536, 149) = 0
pread64(3</tmp/nia-publication-fault-tj331zq_/case/store/objects/66/a6757151f8ee55db127716c7e3dce0be8074b64e20eda542e5c1e46ca9c41e>, "\7\10\t", 65536, 0) = 3
pread64(3</tmp/nia-publication-fault-tj331zq_/case/store/objects/66/a6757151f8ee55db127716c7e3dce0be8074b64e20eda542e5c1e46ca9c41e>, "", 65533, 3) = 0
pread64(3</tmp/nia-publication-fault-tj331zq_/case/store/objects/66/a6757151f8ee55db127716c7e3dce0be8074b64e20eda542e5c1e46ca9c41e>, "", 65536, 3) = 0
pread64(3</tmp/nia-publication-fault-tj331zq_/case/store/objects/66/a6757151f8ee55db127716c7e3dce0be8074b64e20eda542e5c1e46ca9c41e>, "\7\10\t", 65536, 0) = 3
pread64(3</tmp/nia-publication-fault-tj331zq_/case/store/objects/66/a6757151f8ee55db127716c7e3dce0be8074b64e20eda542e5c1e46ca9c41e>, "", 65533, 3) = 0
pread64(3</tmp/nia-publication-fault-tj331zq_/case/store/objects/66/a6757151f8ee55db127716c7e3dce0be8074b64e20eda542e5c1e46ca9c41e>, "", 65536, 3) = 0
pread64(3</tmp/nia-publication-fault-tj331zq_/case/store/objects/66/a6757151f8ee55db127716c7e3dce0be8074b64e20eda542e5c1e46ca9c41e>, "\7\10\t", 65536, 0) = 3
pread64(3</tmp/nia-publication-fault-tj331zq_/case/store/objects/66/a6757151f8ee55db127716c7e3dce0be8074b64e20eda542e5c1e46ca9c41e>, "", 65533, 3) = 0
pread64(3</tmp/nia-publication-fault-tj331zq_/case/store/objects/66/a6757151f8ee55db127716c7e3dce0be8074b64e20eda542e5c1e46ca9c41e>, "", 65536, 3) = 0
pread64(3</tmp/nia-publication-fault-tj331zq_/case/store/objects/be/79019cd624c1b58af3cac32a235b467dac74ebfc6ee94e6390a198650449a5>, "NIASUP01GGGGGGGGGGGGGGGGGGGGGGGGGGGGGGGGf\246uqQ\370\356U\333\22w\26\307\343\334\340\276\200t\266N \355\245B\345\301\344l\251\304\36\f\241y\346\276\376\267a\363a?\36\365|\250\222\353\303\246\242(\334\243/"..., 65536, 0) = 320
pread64(3</tmp/nia-publication-fault-tj331zq_/case/store/objects/be/79019cd624c1b58af3cac32a235b467dac74ebfc6ee94e6390a198650449a5>, "", 65216, 320) = 0
pread64(3</tmp/nia-publication-fault-tj331zq_/case/store/objects/be/79019cd624c1b58af3cac32a235b467dac74ebfc6ee94e6390a198650449a5>, "", 65536, 320) = 0
pread64(3</tmp/nia-publication-fault-tj331zq_/case/store/objects/be/79019cd624c1b58af3cac32a235b467dac74ebfc6ee94e6390a198650449a5>, "NIASUP01GGGGGGGGGGGGGGGGGGGGGGGGGGGGGGGGf\246uqQ\370\356U\333\22w\26\307\343\334\340\276\200t\266N \355\245B\345\301\344l\251\304\36\f\241y\346\276\376\267a\363a?\36\365|\250\222\353\303\246\242(\334\243/"..., 320, 0) = 320
pread64(3</tmp/nia-publication-fault-tj331zq_/case/store/objects/66/a6757151f8ee55db127716c7e3dce0be8074b64e20eda542e5c1e46ca9c41e>, "\7\10\t", 65536, 0) = 3
pread64(3</tmp/nia-publication-fault-tj331zq_/case/store/objects/66/a6757151f8ee55db127716c7e3dce0be8074b64e20eda542e5c1e46ca9c41e>, "", 65533, 3) = 0
pread64(3</tmp/nia-publication-fault-tj331zq_/case/store/objects/66/a6757151f8ee55db127716c7e3dce0be8074b64e20eda542e5c1e46ca9c41e>, "", 65536, 3) = 0
pread64(3</tmp/nia-publication-fault-tj331zq_/case/store/objects/0c/a179e6befeb761f3613f1ef57ca892ebc3a6a228dca32f1309f0ac06a7de7e>, "!<arch>\ndebian-binary/  0           0     0     100644  4         `\n2.0\ncontrol.tar/    0       "..., 65536, 0) = 20672
pread64(3</tmp/nia-publication-fault-tj331zq_/case/store/objects/0c/a179e6befeb761f3613f1ef57ca892ebc3a6a228dca32f1309f0ac06a7de7e>, "", 44864, 20672) = 0
pread64(3</tmp/nia-publication-fault-tj331zq_/case/store/objects/0c/a179e6befeb761f3613f1ef57ca892ebc3a6a228dca32f1309f0ac06a7de7e>, "", 65536, 20672) = 0
pread64(3</tmp/nia-publication-fault-tj331zq_/case/store/objects/a3/1a856f430af395bccd7eb2f142b11ad3ae0fc5daf3acc4ffb341c48a5abd39>, "Package: empty-package\nVersion: 1\nArchitecture: all\nMaintainer: Fixture <fixture@example.invalid"..., 65536, 0) = 149
pread64(3</tmp/nia-publication-fault-tj331zq_/case/store/objects/a3/1a856f430af395bccd7eb2f142b11ad3ae0fc5daf3acc4ffb341c48a5abd39>, "", 65387, 149) = 0
pread64(3</tmp/nia-publication-fault-tj331zq_/case/store/objects/a3/1a856f430af395bccd7eb2f142b11ad3ae0fc5daf3acc4ffb341c48a5abd39>, "", 65536, 149) = 0
pread64(3</tmp/nia-publication-fault-tj331zq_/case/store/objects/66/a6757151f8ee55db127716c7e3dce0be8074b64e20eda542e5c1e46ca9c41e>, "\7\10\t", 65536, 0) = 3
pread64(3</tmp/nia-publication-fault-tj331zq_/case/store/objects/66/a6757151f8ee55db127716c7e3dce0be8074b64e20eda542e5c1e46ca9c41e>, "", 65533, 3) = 0
pread64(3</tmp/nia-publication-fault-tj331zq_/case/store/objects/66/a6757151f8ee55db127716c7e3dce0be8074b64e20eda542e5c1e46ca9c41e>, "", 65536, 3) = 0
pread64(3</tmp/nia-publication-fault-tj331zq_/case/store/objects/66/a6757151f8ee55db127716c7e3dce0be8074b64e20eda542e5c1e46ca9c41e>, "\7\10\t", 65536, 0) = 3
pread64(3</tmp/nia-publication-fault-tj331zq_/case/store/objects/66/a6757151f8ee55db127716c7e3dce0be8074b64e20eda542e5c1e46ca9c41e>, "", 65533, 3) = 0
pread64(3</tmp/nia-publication-fault-tj331zq_/case/store/objects/66/a6757151f8ee55db127716c7e3dce0be8074b64e20eda542e5c1e46ca9c41e>, "", 65536, 3) = 0
pread64(3</tmp/nia-publication-fault-tj331zq_/case/store/objects/66/a6757151f8ee55db127716c7e3dce0be8074b64e20eda542e5c1e46ca9c41e>, "\7\10\t", 65536, 0) = 3
pread64(3</tmp/nia-publication-fault-tj331zq_/case/store/objects/66/a6757151f8ee55db127716c7e3dce0be8074b64e20eda542e5c1e46ca9c41e>, "", 65533, 3) = 0
pread64(3</tmp/nia-publication-fault-tj331zq_/case/store/objects/66/a6757151f8ee55db127716c7e3dce0be8074b64e20eda542e5c1e46ca9c41e>, "", 65536, 3) = 0
pread64(3</tmp/nia-publication-fault-tj331zq_/case/store/objects/0c/a179e6befeb761f3613f1ef57ca892ebc3a6a228dca32f1309f0ac06a7de7e>, "!<arch>\ndebian-binary/  0           0     0     100644  4         `\n2.0\ncontrol.tar/    0       "..., 65536, 0) = 20672
pread64(3</tmp/nia-publication-fault-tj331zq_/case/store/objects/0c/a179e6befeb761f3613f1ef57ca892ebc3a6a228dca32f1309f0ac06a7de7e>, "", 44864, 20672) = 0
pread64(3</tmp/nia-publication-fault-tj331zq_/case/store/objects/0c/a179e6befeb761f3613f1ef57ca892ebc3a6a228dca32f1309f0ac06a7de7e>, "", 65536, 20672) = 0
pread64(3</tmp/nia-publication-fault-tj331zq_/case/store/objects/0c/a179e6befeb761f3613f1ef57ca892ebc3a6a228dca32f1309f0ac06a7de7e>, "!<arch>\n", 8, 0) = 8
pread64(3</tmp/nia-publication-fault-tj331zq_/case/store/objects/0c/a179e6befeb761f3613f1ef57ca892ebc3a6a228dca32f1309f0ac06a7de7e>, "debian-binary/  0           0     0     100644  4         `\n", 60, 8) = 60
pread64(3</tmp/nia-publication-fault-tj331zq_/case/store/objects/0c/a179e6befeb761f3613f1ef57ca892ebc3a6a228dca32f1309f0ac06a7de7e>, "2.0\n", 4, 68) = 4
pread64(3</tmp/nia-publication-fault-tj331zq_/case/store/objects/0c/a179e6befeb761f3613f1ef57ca892ebc3a6a228dca32f1309f0ac06a7de7e>, "2.0\n", 4, 68) = 4
pread64(3</tmp/nia-publication-fault-tj331zq_/case/store/objects/0c/a179e6befeb761f3613f1ef57ca892ebc3a6a228dca32f1309f0ac06a7de7e>, "control.tar/    0           0     0     100644  10240     `\n", 60, 72) = 60
pread64(3</tmp/nia-publication-fault-tj331zq_/case/store/objects/0c/a179e6befeb761f3613f1ef57ca892ebc3a6a228dca32f1309f0ac06a7de7e>, "./control\0\0\0\0\0\0\0\0\0\0\0\0\0\0\0\0\0\0\0\0\0\0\0\0\0\0\0\0\0\0\0\0\0\0\0\0\0\0\0\0\0\0\0\0\0\0\0\0\0\0\0\0\0\0\0\0\0\0\0\0\0\0\0\0\0\0\0\0\0\0\0\0\0\0\0\0\0\0\0\0\0\0\0\0\0\0\0"..., 10240, 132) = 10240
pread64(3</tmp/nia-publication-fault-tj331zq_/case/store/objects/0c/a179e6befeb761f3613f1ef57ca892ebc3a6a228dca32f1309f0ac06a7de7e>, "data.tar/       0           0     0     100644  10240     `\n", 60, 10372) = 60
pread64(3</tmp/nia-publication-fault-tj331zq_/case/store/objects/0c/a179e6befeb761f3613f1ef57ca892ebc3a6a228dca32f1309f0ac06a7de7e>, "\0\0\0\0\0\0\0\0\0\0\0\0\0\0\0\0\0\0\0\0\0\0\0\0\0\0\0\0\0\0\0\0\0\0\0\0\0\0\0\0\0\0\0\0\0\0\0\0\0\0\0\0\0\0\0\0\0\0\0\0\0\0\0\0\0\0\0\0\0\0\0\0\0\0\0\0\0\0\0\0\0\0\0\0\0\0\0\0\0\0\0\0\0\0\0\0"..., 10240, 10432) = 10240
pread64(3</tmp/nia-publication-fault-tj331zq_/case/store/objects/0c/a179e6befeb761f3613f1ef57ca892ebc3a6a228dca32f1309f0ac06a7de7e>, "!<arch>\ndebian-binary/  0           0     0     100644  4         `\n2.0\ncontrol.tar/    0       "..., 65536, 0) = 20672
pread64(3</tmp/nia-publication-fault-tj331zq_/case/store/objects/0c/a179e6befeb761f3613f1ef57ca892ebc3a6a228dca32f1309f0ac06a7de7e>, "", 44864, 20672) = 0
pread64(3</tmp/nia-publication-fault-tj331zq_/case/store/objects/0c/a179e6befeb761f3613f1ef57ca892ebc3a6a228dca32f1309f0ac06a7de7e>, "", 65536, 20672) = 0
pread64(3</tmp/nia-publication-fault-tj331zq_/case/store/objects/0c/a179e6befeb761f3613f1ef57ca892ebc3a6a228dca32f1309f0ac06a7de7e>, "!<arch>\n", 8, 0) = 8
pread64(3</tmp/nia-publication-fault-tj331zq_/case/store/objects/0c/a179e6befeb761f3613f1ef57ca892ebc3a6a228dca32f1309f0ac06a7de7e>, "debian-binary/  0           0     0     100644  4         `\n", 60, 8) = 60
pread64(3</tmp/nia-publication-fault-tj331zq_/case/store/objects/0c/a179e6befeb761f3613f1ef57ca892ebc3a6a228dca32f1309f0ac06a7de7e>, "2.0\n", 4, 68) = 4
pread64(3</tmp/nia-publication-fault-tj331zq_/case/store/objects/0c/a179e6befeb761f3613f1ef57ca892ebc3a6a228dca32f1309f0ac06a7de7e>, "2.0\n", 4, 68) = 4
pread64(3</tmp/nia-publication-fault-tj331zq_/case/store/objects/0c/a179e6befeb761f3613f1ef57ca892ebc3a6a228dca32f1309f0ac06a7de7e>, "control.tar/    0           0     0     100644  10240     `\n", 60, 72) = 60
pread64(3</tmp/nia-publication-fault-tj331zq_/case/store/objects/0c/a179e6befeb761f3613f1ef57ca892ebc3a6a228dca32f1309f0ac06a7de7e>, "./control\0\0\0\0\0\0\0\0\0\0\0\0\0\0\0\0\0\0\0\0\0\0\0\0\0\0\0\0\0\0\0\0\0\0\0\0\0\0\0\0\0\0\0\0\0\0\0\0\0\0\0\0\0\0\0\0\0\0\0\0\0\0\0\0\0\0\0\0\0\0\0\0\0\0\0\0\0\0\0\0\0\0\0\0\0\0\0"..., 10240, 132) = 10240
pread64(3</tmp/nia-publication-fault-tj331zq_/case/store/objects/0c/a179e6befeb761f3613f1ef57ca892ebc3a6a228dca32f1309f0ac06a7de7e>, "data.tar/       0           0     0     100644  10240     `\n", 60, 10372) = 60
pread64(3</tmp/nia-publication-fault-tj331zq_/case/store/objects/0c/a179e6befeb761f3613f1ef57ca892ebc3a6a228dca32f1309f0ac06a7de7e>, "\0\0\0\0\0\0\0\0\0\0\0\0\0\0\0\0\0\0\0\0\0\0\0\0\0\0\0\0\0\0\0\0\0\0\0\0\0\0\0\0\0\0\0\0\0\0\0\0\0\0\0\0\0\0\0\0\0\0\0\0\0\0\0\0\0\0\0\0\0\0\0\0\0\0\0\0\0\0\0\0\0\0\0\0\0\0\0\0\0\0\0\0\0\0\0\0"..., 10240, 10432) = 10240
fsync(17</tmp/nia-publication-fault-tj331zq_/case/store/incoming>) = 0
pread64(3</tmp/nia-publication-fault-tj331zq_/case/store/objects/0c/a179e6befeb761f3613f1ef57ca892ebc3a6a228dca32f1309f0ac06a7de7e>, "./control\0\0\0\0\0\0\0\0\0\0\0\0\0\0\0\0\0\0\0\0\0\0\0\0\0\0\0\0\0\0\0\0\0\0\0\0\0\0\0\0\0\0\0\0\0\0\0\0\0\0\0\0\0\0\0\0\0\0\0\0\0\0\0\0\0\0\0\0\0\0\0\0\0\0\0\0\0\0\0\0\0\0\0\0\0\0\0"..., 10240, 132) = 10240
write(16</tmp/nia-publication-fault-tj331zq_/case/store/incoming/0e456ddaba87a8a5b28424866833a24d>, "./control\0\0\0\0\0\0\0\0\0\0\0\0\0\0\0\0\0\0\0\0\0\0\0\0\0\0\0\0\0\0\0\0\0\0\0\0\0\0\0\0\0\0\0\0\0\0\0\0\0\0\0\0\0\0\0\0\0\0\0\0\0\0\0\0\0\0\0\0\0\0\0\0\0\0\0\0\0\0\0\0\0\0\0\0\0\0\0"..., 10240) = 10240
fsync(16</tmp/nia-publication-fault-tj331zq_/case/store/incoming/0e456ddaba87a8a5b28424866833a24d>) = 0
renameat2(17</tmp/nia-publication-fault-tj331zq_/case/store/incoming>, "0e456ddaba87a8a5b28424866833a24d", 16</tmp/nia-publication-fault-tj331zq_/case/store/objects/4a>, "36f6eb7c1b236ab6cb28ddb882919e888bf393dfc00d93008ad6730697f8f7", RENAME_NOREPLACE) = -1 EEXIST (File exists)
pread64(16</tmp/nia-publication-fault-tj331zq_/case/store/objects/4a/36f6eb7c1b236ab6cb28ddb882919e888bf393dfc00d93008ad6730697f8f7>, "./control\0\0\0\0\0\0\0\0\0\0\0\0\0\0\0\0\0\0\0\0\0\0\0\0\0\0\0\0\0\0\0\0\0\0\0\0\0\0\0\0\0\0\0\0\0\0\0\0\0\0\0\0\0\0\0\0\0\0\0\0\0\0\0\0\0\0\0\0\0\0\0\0\0\0\0\0\0\0\0\0\0\0\0\0\0\0\0"..., 65536, 0) = 10240
pread64(16</tmp/nia-publication-fault-tj331zq_/case/store/objects/4a/36f6eb7c1b236ab6cb28ddb882919e888bf393dfc00d93008ad6730697f8f7>, "", 55296, 10240) = 0
pread64(16</tmp/nia-publication-fault-tj331zq_/case/store/objects/4a/36f6eb7c1b236ab6cb28ddb882919e888bf393dfc00d93008ad6730697f8f7>, "", 65536, 10240) = 0
fsync(17</tmp/nia-publication-fault-tj331zq_/case/store/incoming>) = 0
pread64(3</tmp/nia-publication-fault-tj331zq_/case/store/objects/4a/36f6eb7c1b236ab6cb28ddb882919e888bf393dfc00d93008ad6730697f8f7>, "./control\0\0\0\0\0\0\0\0\0\0\0\0\0\0\0\0\0\0\0\0\0\0\0\0\0\0\0\0\0\0\0\0\0\0\0\0\0\0\0\0\0\0\0\0\0\0\0\0\0\0\0\0\0\0\0\0\0\0\0\0\0\0\0\0\0\0\0\0\0\0\0\0\0\0\0\0\0\0\0\0\0\0\0\0\0\0\0"..., 65536, 0) = 10240
pread64(3</tmp/nia-publication-fault-tj331zq_/case/store/objects/4a/36f6eb7c1b236ab6cb28ddb882919e888bf393dfc00d93008ad6730697f8f7>, "", 55296, 10240) = 0
pread64(3</tmp/nia-publication-fault-tj331zq_/case/store/objects/4a/36f6eb7c1b236ab6cb28ddb882919e888bf393dfc00d93008ad6730697f8f7>, "", 65536, 10240) = 0
pread64(3</tmp/nia-publication-fault-tj331zq_/case/store/objects/4a/36f6eb7c1b236ab6cb28ddb882919e888bf393dfc00d93008ad6730697f8f7>, "./control\0\0\0\0\0\0\0\0\0\0\0\0\0\0\0\0\0\0\0\0\0\0\0\0\0\0\0\0\0\0\0\0\0\0\0\0\0\0\0\0\0\0\0\0\0\0\0\0\0\0\0\0\0\0\0\0\0\0\0\0\0\0\0\0\0\0\0\0\0\0\0\0\0\0\0\0\0\0\0\0\0\0\0\0\0\0\0"..., 10240, 0) = 10240
fsync(17</tmp/nia-publication-fault-tj331zq_/case/store/incoming>) = 0
write(16</tmp/nia-publication-fault-tj331zq_/case/store/incoming/599b59249379ce05c2774a7bc9ad0d2a>, "Package: empty-package\nVersion: 1\nArchitecture: all\nMaintainer: Fixture <fixture@example.invalid"..., 149) = 149
fsync(16</tmp/nia-publication-fault-tj331zq_/case/store/incoming/599b59249379ce05c2774a7bc9ad0d2a>) = 0
renameat2(17</tmp/nia-publication-fault-tj331zq_/case/store/incoming>, "599b59249379ce05c2774a7bc9ad0d2a", 16</tmp/nia-publication-fault-tj331zq_/case/store/objects/a3>, "1a856f430af395bccd7eb2f142b11ad3ae0fc5daf3acc4ffb341c48a5abd39", RENAME_NOREPLACE) = -1 EEXIST (File exists)
pread64(16</tmp/nia-publication-fault-tj331zq_/case/store/objects/a3/1a856f430af395bccd7eb2f142b11ad3ae0fc5daf3acc4ffb341c48a5abd39>, "Package: empty-package\nVersion: 1\nArchitecture: all\nMaintainer: Fixture <fixture@example.invalid"..., 65536, 0) = 149
pread64(16</tmp/nia-publication-fault-tj331zq_/case/store/objects/a3/1a856f430af395bccd7eb2f142b11ad3ae0fc5daf3acc4ffb341c48a5abd39>, "", 65387, 149) = 0
pread64(16</tmp/nia-publication-fault-tj331zq_/case/store/objects/a3/1a856f430af395bccd7eb2f142b11ad3ae0fc5daf3acc4ffb341c48a5abd39>, "", 65536, 149) = 0
fsync(17</tmp/nia-publication-fault-tj331zq_/case/store/incoming>) = 0
pread64(3</tmp/nia-publication-fault-tj331zq_/case/store/objects/a3/1a856f430af395bccd7eb2f142b11ad3ae0fc5daf3acc4ffb341c48a5abd39>, "Package: empty-package\nVersion: 1\nArchitecture: all\nMaintainer: Fixture <fixture@example.invalid"..., 65536, 0) = 149
pread64(3</tmp/nia-publication-fault-tj331zq_/case/store/objects/a3/1a856f430af395bccd7eb2f142b11ad3ae0fc5daf3acc4ffb341c48a5abd39>, "", 65387, 149) = 0
pread64(3</tmp/nia-publication-fault-tj331zq_/case/store/objects/a3/1a856f430af395bccd7eb2f142b11ad3ae0fc5daf3acc4ffb341c48a5abd39>, "", 65536, 149) = 0
pread64(3</tmp/nia-publication-fault-tj331zq_/case/store/objects/a3/1a856f430af395bccd7eb2f142b11ad3ae0fc5daf3acc4ffb341c48a5abd39>, "Package: empty-package\nVersion: 1\nArchitecture: all\nMaintainer: Fixture <fixture@example.invalid"..., 16777216, 0) = 149
pread64(3</tmp/nia-publication-fault-tj331zq_/case/store/objects/a3/1a856f430af395bccd7eb2f142b11ad3ae0fc5daf3acc4ffb341c48a5abd39>, "", 16777067, 149) = 0
pread64(3</tmp/nia-publication-fault-tj331zq_/case/store/objects/32/094e7c613fdb6dffb1f27d926b176f7fd8946b8c2cf3ca9e3b95cb91a1a8ca>, "NIACLOS1\216\346\2104^\35\225\2\356\214\327'zE<0\277\267{\224r\1\276\2630\16\235\362\270\3122\35\273\343\341b6\331$M\267\345\300\262\251\302\306\27f\270\251!\330\260\227\374\323p\347\177\25.\3311\0\0\0\0\0\0\0\5\f\241y\346\276\376\267a\363a?\36\365|\250\222"..., 65536, 0) = 240
pread64(3</tmp/nia-publication-fault-tj331zq_/case/store/objects/32/094e7c613fdb6dffb1f27d926b176f7fd8946b8c2cf3ca9e3b95cb91a1a8ca>, "", 65296, 240) = 0
pread64(3</tmp/nia-publication-fault-tj331zq_/case/store/objects/32/094e7c613fdb6dffb1f27d926b176f7fd8946b8c2cf3ca9e3b95cb91a1a8ca>, "", 65536, 240) = 0
pread64(3</tmp/nia-publication-fault-tj331zq_/case/store/objects/32/094e7c613fdb6dffb1f27d926b176f7fd8946b8c2cf3ca9e3b95cb91a1a8ca>, "NIACLOS1\216\346\2104^\35\225\2\356\214\327'zE<0\277\267{\224r\1\276\2630\16\235\362\270\3122\35\273\343\341b6\331$M\267\345\300\262\251\302\306\27f\270\251!\330\260\227\374\323p\347\177\25.\3311\0\0\0\0\0\0\0\5", 80, 0) = 80
pread64(3</tmp/nia-publication-fault-tj331zq_/case/store/objects/32/094e7c613fdb6dffb1f27d926b176f7fd8946b8c2cf3ca9e3b95cb91a1a8ca>, "\f\241y\346\276\376\267a\363a?\36\365|\250\222\353\303\246\242(\334\243/\23\t\360\254\6\247\336~", 32, 80) = 32
pread64(16</tmp/nia-publication-fault-tj331zq_/case/store/objects/0c/a179e6befeb761f3613f1ef57ca892ebc3a6a228dca32f1309f0ac06a7de7e>, "!<arch>\ndebian-binary/  0           0     0     100644  4         `\n2.0\ncontrol.tar/    0       "..., 65536, 0) = 20672
pread64(16</tmp/nia-publication-fault-tj331zq_/case/store/objects/0c/a179e6befeb761f3613f1ef57ca892ebc3a6a228dca32f1309f0ac06a7de7e>, "", 44864, 20672) = 0
pread64(16</tmp/nia-publication-fault-tj331zq_/case/store/objects/0c/a179e6befeb761f3613f1ef57ca892ebc3a6a228dca32f1309f0ac06a7de7e>, "", 65536, 20672) = 0
pread64(3</tmp/nia-publication-fault-tj331zq_/case/store/objects/32/094e7c613fdb6dffb1f27d926b176f7fd8946b8c2cf3ca9e3b95cb91a1a8ca>, "J6\366\353|\33#j\266\313(\335\270\202\221\236\210\213\363\223\337\300\r\223\0\212\326s\6\227\370\367", 32, 112) = 32
pread64(16</tmp/nia-publication-fault-tj331zq_/case/store/objects/4a/36f6eb7c1b236ab6cb28ddb882919e888bf393dfc00d93008ad6730697f8f7>, "./control\0\0\0\0\0\0\0\0\0\0\0\0\0\0\0\0\0\0\0\0\0\0\0\0\0\0\0\0\0\0\0\0\0\0\0\0\0\0\0\0\0\0\0\0\0\0\0\0\0\0\0\0\0\0\0\0\0\0\0\0\0\0\0\0\0\0\0\0\0\0\0\0\0\0\0\0\0\0\0\0\0\0\0\0\0\0\0"..., 65536, 0) = 10240
pread64(16</tmp/nia-publication-fault-tj331zq_/case/store/objects/4a/36f6eb7c1b236ab6cb28ddb882919e888bf393dfc00d93008ad6730697f8f7>, "", 55296, 10240) = 0
pread64(16</tmp/nia-publication-fault-tj331zq_/case/store/objects/4a/36f6eb7c1b236ab6cb28ddb882919e888bf393dfc00d93008ad6730697f8f7>, "", 65536, 10240) = 0
pread64(3</tmp/nia-publication-fault-tj331zq_/case/store/objects/32/094e7c613fdb6dffb1f27d926b176f7fd8946b8c2cf3ca9e3b95cb91a1a8ca>, "\204\377\222i\37\220\232\5\262$\341\305j\273Hd\360\33O\216<\205NK\264\307\272\361\323\366\326R", 32, 144) = 32
pread64(16</tmp/nia-publication-fault-tj331zq_/case/store/objects/84/ff92691f909a05b224e1c56abb4864f01b4f8e3c854e4bb4c7baf1d3f6d652>, "\0\0\0\0\0\0\0\0\0\0\0\0\0\0\0\0\0\0\0\0\0\0\0\0\0\0\0\0\0\0\0\0\0\0\0\0\0\0\0\0\0\0\0\0\0\0\0\0\0\0\0\0\0\0\0\0\0\0\0\0\0\0\0\0\0\0\0\0\0\0\0\0\0\0\0\0\0\0\0\0\0\0\0\0\0\0\0\0\0\0\0\0\0\0\0\0"..., 65536, 0) = 10240
pread64(16</tmp/nia-publication-fault-tj331zq_/case/store/objects/84/ff92691f909a05b224e1c56abb4864f01b4f8e3c854e4bb4c7baf1d3f6d652>, "", 55296, 10240) = 0
pread64(16</tmp/nia-publication-fault-tj331zq_/case/store/objects/84/ff92691f909a05b224e1c56abb4864f01b4f8e3c854e4bb4c7baf1d3f6d652>, "", 65536, 10240) = 0
pread64(3</tmp/nia-publication-fault-tj331zq_/case/store/objects/32/094e7c613fdb6dffb1f27d926b176f7fd8946b8c2cf3ca9e3b95cb91a1a8ca>, "\216\346\2104^\35\225\2\356\214\327'zE<0\277\267{\224r\1\276\2630\16\235\362\270\3122\35", 32, 176) = 32
pread64(16</tmp/nia-publication-fault-tj331zq_/case/store/objects/8e/e688345e1d9502ee8cd7277a453c30bfb77b947201beb3300e9df2b8ca321d>, "\0\0\0\0\0\0\0\10NIACSEL1\273\343\341b6\331$M\267\345\300\262\251\302\306\27f\270\251!\330\260\227\374\323p\347\177\25.\3311\0\0\0\0\0\0\0\1\f\241y\346\276\376\267a\363a?\36\365|\250\222\353\303\246\242(\334\243/\23\t\360\254\6\247\336~J6\366\353|\33#j"..., 65536, 0) = 152
pread64(16</tmp/nia-publication-fault-tj331zq_/case/store/objects/8e/e688345e1d9502ee8cd7277a453c30bfb77b947201beb3300e9df2b8ca321d>, "", 65384, 152) = 0
pread64(16</tmp/nia-publication-fault-tj331zq_/case/store/objects/8e/e688345e1d9502ee8cd7277a453c30bfb77b947201beb3300e9df2b8ca321d>, "", 65536, 152) = 0
pread64(3</tmp/nia-publication-fault-tj331zq_/case/store/objects/32/094e7c613fdb6dffb1f27d926b176f7fd8946b8c2cf3ca9e3b95cb91a1a8ca>, "\243\32\205oC\n\363\225\274\315~\262\361B\261\32\323\256\17\305\332\363\254\304\377\263A\304\212Z\2759", 32, 208) = 32
pread64(16</tmp/nia-publication-fault-tj331zq_/case/store/objects/a3/1a856f430af395bccd7eb2f142b11ad3ae0fc5daf3acc4ffb341c48a5abd39>, "Package: empty-package\nVersion: 1\nArchitecture: all\nMaintainer: Fixture <fixture@example.invalid"..., 65536, 0) = 149
pread64(16</tmp/nia-publication-fault-tj331zq_/case/store/objects/a3/1a856f430af395bccd7eb2f142b11ad3ae0fc5daf3acc4ffb341c48a5abd39>, "", 65387, 149) = 0
pread64(16</tmp/nia-publication-fault-tj331zq_/case/store/objects/a3/1a856f430af395bccd7eb2f142b11ad3ae0fc5daf3acc4ffb341c48a5abd39>, "", 65536, 149) = 0
pread64(3</tmp/nia-publication-fault-tj331zq_/case/store/objects/8e/e688345e1d9502ee8cd7277a453c30bfb77b947201beb3300e9df2b8ca321d>, "\0\0\0\0\0\0\0\10NIACSEL1\273\343\341b6\331$M\267\345\300\262\251\302\306\27f\270\251!\330\260\227\374\323p\347\177\25.\3311\0\0\0\0\0\0\0\1\f\241y\346\276\376\267a\363a?\36\365|\250\222\353\303\246\242(\334\243/\23\t\360\254\6\247\336~J6\366\353|\33#j"..., 65536, 0) = 152
pread64(3</tmp/nia-publication-fault-tj331zq_/case/store/objects/8e/e688345e1d9502ee8cd7277a453c30bfb77b947201beb3300e9df2b8ca321d>, "", 65384, 152) = 0
pread64(3</tmp/nia-publication-fault-tj331zq_/case/store/objects/8e/e688345e1d9502ee8cd7277a453c30bfb77b947201beb3300e9df2b8ca321d>, "", 65536, 152) = 0
pread64(3</tmp/nia-publication-fault-tj331zq_/case/store/objects/8e/e688345e1d9502ee8cd7277a453c30bfb77b947201beb3300e9df2b8ca321d>, "\0\0\0\0\0\0\0\10NIACSEL1\273\343\341b6\331$M\267\345\300\262\251\302\306\27f\270\251!\330\260\227\374\323p\347\177\25.\3311\0\0\0\0\0\0\0\1\f\241y\346\276\376\267a\363a?\36\365|\250\222\353\303\246\242(\334\243/\23\t\360\254\6\247\336~J6\366\353|\33#j"..., 393272, 0) = 152
pread64(3</tmp/nia-publication-fault-tj331zq_/case/store/objects/8e/e688345e1d9502ee8cd7277a453c30bfb77b947201beb3300e9df2b8ca321d>, "", 393120, 152) = 0
pread64(3</tmp/nia-publication-fault-tj331zq_/case/store/objects/0c/a179e6befeb761f3613f1ef57ca892ebc3a6a228dca32f1309f0ac06a7de7e>, "!<arch>\ndebian-binary/  0           0     0     100644  4         `\n2.0\ncontrol.tar/    0       "..., 65536, 0) = 20672
pread64(3</tmp/nia-publication-fault-tj331zq_/case/store/objects/0c/a179e6befeb761f3613f1ef57ca892ebc3a6a228dca32f1309f0ac06a7de7e>, "", 44864, 20672) = 0
pread64(3</tmp/nia-publication-fault-tj331zq_/case/store/objects/0c/a179e6befeb761f3613f1ef57ca892ebc3a6a228dca32f1309f0ac06a7de7e>, "", 65536, 20672) = 0
pread64(3</tmp/nia-publication-fault-tj331zq_/case/store/objects/0c/a179e6befeb761f3613f1ef57ca892ebc3a6a228dca32f1309f0ac06a7de7e>, "!<arch>\n", 8, 0) = 8
pread64(3</tmp/nia-publication-fault-tj331zq_/case/store/objects/0c/a179e6befeb761f3613f1ef57ca892ebc3a6a228dca32f1309f0ac06a7de7e>, "debian-binary/  0           0     0     100644  4         `\n", 60, 8) = 60
pread64(3</tmp/nia-publication-fault-tj331zq_/case/store/objects/0c/a179e6befeb761f3613f1ef57ca892ebc3a6a228dca32f1309f0ac06a7de7e>, "2.0\n", 4, 68) = 4
pread64(3</tmp/nia-publication-fault-tj331zq_/case/store/objects/0c/a179e6befeb761f3613f1ef57ca892ebc3a6a228dca32f1309f0ac06a7de7e>, "2.0\n", 4, 68) = 4
pread64(3</tmp/nia-publication-fault-tj331zq_/case/store/objects/0c/a179e6befeb761f3613f1ef57ca892ebc3a6a228dca32f1309f0ac06a7de7e>, "control.tar/    0           0     0     100644  10240     `\n", 60, 72) = 60
pread64(3</tmp/nia-publication-fault-tj331zq_/case/store/objects/0c/a179e6befeb761f3613f1ef57ca892ebc3a6a228dca32f1309f0ac06a7de7e>, "./control\0\0\0\0\0\0\0\0\0\0\0\0\0\0\0\0\0\0\0\0\0\0\0\0\0\0\0\0\0\0\0\0\0\0\0\0\0\0\0\0\0\0\0\0\0\0\0\0\0\0\0\0\0\0\0\0\0\0\0\0\0\0\0\0\0\0\0\0\0\0\0\0\0\0\0\0\0\0\0\0\0\0\0\0\0\0\0"..., 10240, 132) = 10240
pread64(3</tmp/nia-publication-fault-tj331zq_/case/store/objects/0c/a179e6befeb761f3613f1ef57ca892ebc3a6a228dca32f1309f0ac06a7de7e>, "data.tar/       0           0     0     100644  10240     `\n", 60, 10372) = 60
pread64(3</tmp/nia-publication-fault-tj331zq_/case/store/objects/0c/a179e6befeb761f3613f1ef57ca892ebc3a6a228dca32f1309f0ac06a7de7e>, "\0\0\0\0\0\0\0\0\0\0\0\0\0\0\0\0\0\0\0\0\0\0\0\0\0\0\0\0\0\0\0\0\0\0\0\0\0\0\0\0\0\0\0\0\0\0\0\0\0\0\0\0\0\0\0\0\0\0\0\0\0\0\0\0\0\0\0\0\0\0\0\0\0\0\0\0\0\0\0\0\0\0\0\0\0\0\0\0\0\0\0\0\0\0\0\0"..., 10240, 10432) = 10240
pread64(3</tmp/nia-publication-fault-tj331zq_/case/store/objects/0c/a179e6befeb761f3613f1ef57ca892ebc3a6a228dca32f1309f0ac06a7de7e>, "!<arch>\ndebian-binary/  0           0     0     100644  4         `\n2.0\ncontrol.tar/    0       "..., 65536, 0) = 20672
pread64(3</tmp/nia-publication-fault-tj331zq_/case/store/objects/0c/a179e6befeb761f3613f1ef57ca892ebc3a6a228dca32f1309f0ac06a7de7e>, "", 44864, 20672) = 0
pread64(3</tmp/nia-publication-fault-tj331zq_/case/store/objects/0c/a179e6befeb761f3613f1ef57ca892ebc3a6a228dca32f1309f0ac06a7de7e>, "", 65536, 20672) = 0
pread64(3</tmp/nia-publication-fault-tj331zq_/case/store/objects/0c/a179e6befeb761f3613f1ef57ca892ebc3a6a228dca32f1309f0ac06a7de7e>, "!<arch>\n", 8, 0) = 8
pread64(3</tmp/nia-publication-fault-tj331zq_/case/store/objects/0c/a179e6befeb761f3613f1ef57ca892ebc3a6a228dca32f1309f0ac06a7de7e>, "debian-binary/  0           0     0     100644  4         `\n", 60, 8) = 60
pread64(3</tmp/nia-publication-fault-tj331zq_/case/store/objects/0c/a179e6befeb761f3613f1ef57ca892ebc3a6a228dca32f1309f0ac06a7de7e>, "2.0\n", 4, 68) = 4
pread64(3</tmp/nia-publication-fault-tj331zq_/case/store/objects/0c/a179e6befeb761f3613f1ef57ca892ebc3a6a228dca32f1309f0ac06a7de7e>, "2.0\n", 4, 68) = 4
pread64(3</tmp/nia-publication-fault-tj331zq_/case/store/objects/0c/a179e6befeb761f3613f1ef57ca892ebc3a6a228dca32f1309f0ac06a7de7e>, "control.tar/    0           0     0     100644  10240     `\n", 60, 72) = 60
pread64(3</tmp/nia-publication-fault-tj331zq_/case/store/objects/0c/a179e6befeb761f3613f1ef57ca892ebc3a6a228dca32f1309f0ac06a7de7e>, "./control\0\0\0\0\0\0\0\0\0\0\0\0\0\0\0\0\0\0\0\0\0\0\0\0\0\0\0\0\0\0\0\0\0\0\0\0\0\0\0\0\0\0\0\0\0\0\0\0\0\0\0\0\0\0\0\0\0\0\0\0\0\0\0\0\0\0\0\0\0\0\0\0\0\0\0\0\0\0\0\0\0\0\0\0\0\0\0"..., 10240, 132) = 10240
pread64(3</tmp/nia-publication-fault-tj331zq_/case/store/objects/0c/a179e6befeb761f3613f1ef57ca892ebc3a6a228dca32f1309f0ac06a7de7e>, "data.tar/       0           0     0     100644  10240     `\n", 60, 10372) = 60
pread64(3</tmp/nia-publication-fault-tj331zq_/case/store/objects/0c/a179e6befeb761f3613f1ef57ca892ebc3a6a228dca32f1309f0ac06a7de7e>, "\0\0\0\0\0\0\0\0\0\0\0\0\0\0\0\0\0\0\0\0\0\0\0\0\0\0\0\0\0\0\0\0\0\0\0\0\0\0\0\0\0\0\0\0\0\0\0\0\0\0\0\0\0\0\0\0\0\0\0\0\0\0\0\0\0\0\0\0\0\0\0\0\0\0\0\0\0\0\0\0\0\0\0\0\0\0\0\0\0\0\0\0\0\0\0\0"..., 10240, 10432) = 10240
fsync(17</tmp/nia-publication-fault-tj331zq_/case/store/incoming>) = 0
pread64(3</tmp/nia-publication-fault-tj331zq_/case/store/objects/0c/a179e6befeb761f3613f1ef57ca892ebc3a6a228dca32f1309f0ac06a7de7e>, "\0\0\0\0\0\0\0\0\0\0\0\0\0\0\0\0\0\0\0\0\0\0\0\0\0\0\0\0\0\0\0\0\0\0\0\0\0\0\0\0\0\0\0\0\0\0\0\0\0\0\0\0\0\0\0\0\0\0\0\0\0\0\0\0\0\0\0\0\0\0\0\0\0\0\0\0\0\0\0\0\0\0\0\0\0\0\0\0\0\0\0\0\0\0\0\0"..., 10240, 10432) = 10240
write(16</tmp/nia-publication-fault-tj331zq_/case/store/incoming/892e868efe5aeccca77df58ed45f67a7>, "\0\0\0\0\0\0\0\0\0\0\0\0\0\0\0\0\0\0\0\0\0\0\0\0\0\0\0\0\0\0\0\0\0\0\0\0\0\0\0\0\0\0\0\0\0\0\0\0\0\0\0\0\0\0\0\0\0\0\0\0\0\0\0\0\0\0\0\0\0\0\0\0\0\0\0\0\0\0\0\0\0\0\0\0\0\0\0\0\0\0\0\0\0\0\0\0"..., 10240) = 10240
fsync(16</tmp/nia-publication-fault-tj331zq_/case/store/incoming/892e868efe5aeccca77df58ed45f67a7>) = 0
renameat2(17</tmp/nia-publication-fault-tj331zq_/case/store/incoming>, "892e868efe5aeccca77df58ed45f67a7", 16</tmp/nia-publication-fault-tj331zq_/case/store/objects/84>, "ff92691f909a05b224e1c56abb4864f01b4f8e3c854e4bb4c7baf1d3f6d652", RENAME_NOREPLACE) = -1 EEXIST (File exists)
pread64(16</tmp/nia-publication-fault-tj331zq_/case/store/objects/84/ff92691f909a05b224e1c56abb4864f01b4f8e3c854e4bb4c7baf1d3f6d652>, "\0\0\0\0\0\0\0\0\0\0\0\0\0\0\0\0\0\0\0\0\0\0\0\0\0\0\0\0\0\0\0\0\0\0\0\0\0\0\0\0\0\0\0\0\0\0\0\0\0\0\0\0\0\0\0\0\0\0\0\0\0\0\0\0\0\0\0\0\0\0\0\0\0\0\0\0\0\0\0\0\0\0\0\0\0\0\0\0\0\0\0\0\0\0\0\0"..., 65536, 0) = 10240
pread64(16</tmp/nia-publication-fault-tj331zq_/case/store/objects/84/ff92691f909a05b224e1c56abb4864f01b4f8e3c854e4bb4c7baf1d3f6d652>, "", 55296, 10240) = 0
pread64(16</tmp/nia-publication-fault-tj331zq_/case/store/objects/84/ff92691f909a05b224e1c56abb4864f01b4f8e3c854e4bb4c7baf1d3f6d652>, "", 65536, 10240) = 0
fsync(17</tmp/nia-publication-fault-tj331zq_/case/store/incoming>) = 0
pread64(3</tmp/nia-publication-fault-tj331zq_/case/store/objects/84/ff92691f909a05b224e1c56abb4864f01b4f8e3c854e4bb4c7baf1d3f6d652>, "\0\0\0\0\0\0\0\0\0\0\0\0\0\0\0\0\0\0\0\0\0\0\0\0\0\0\0\0\0\0\0\0\0\0\0\0\0\0\0\0\0\0\0\0\0\0\0\0\0\0\0\0\0\0\0\0\0\0\0\0\0\0\0\0\0\0\0\0\0\0\0\0\0\0\0\0\0\0\0\0\0\0\0\0\0\0\0\0\0\0\0\0\0\0\0\0"..., 65536, 0) = 10240
pread64(3</tmp/nia-publication-fault-tj331zq_/case/store/objects/84/ff92691f909a05b224e1c56abb4864f01b4f8e3c854e4bb4c7baf1d3f6d652>, "", 55296, 10240) = 0
pread64(3</tmp/nia-publication-fault-tj331zq_/case/store/objects/84/ff92691f909a05b224e1c56abb4864f01b4f8e3c854e4bb4c7baf1d3f6d652>, "", 65536, 10240) = 0
pread64(3</tmp/nia-publication-fault-tj331zq_/case/store/objects/84/ff92691f909a05b224e1c56abb4864f01b4f8e3c854e4bb4c7baf1d3f6d652>, "\0\0\0\0\0\0\0\0\0\0\0\0\0\0\0\0\0\0\0\0\0\0\0\0\0\0\0\0\0\0\0\0\0\0\0\0\0\0\0\0\0\0\0\0\0\0\0\0\0\0\0\0\0\0\0\0\0\0\0\0\0\0\0\0\0\0\0\0\0\0\0\0\0\0\0\0\0\0\0\0\0\0\0\0\0\0\0\0\0\0\0\0\0\0\0\0"..., 10240, 0) = 10240
fsync(17</tmp/nia-publication-fault-tj331zq_/case/store/incoming>) = 0
pread64(3</tmp/nia-publication-fault-tj331zq_/case/store/objects/84/ff92691f909a05b224e1c56abb4864f01b4f8e3c854e4bb4c7baf1d3f6d652>, "\0\0\0\0\0\0\0\0\0\0\0\0\0\0\0\0\0\0\0\0\0\0\0\0\0\0\0\0\0\0\0\0\0\0\0\0\0\0\0\0\0\0\0\0\0\0\0\0\0\0\0\0\0\0\0\0\0\0\0\0\0\0\0\0\0\0\0\0\0\0\0\0\0\0\0\0\0\0\0\0\0\0\0\0\0\0\0\0\0\0\0\0\0\0\0\0"..., 10240, 0) = 10240
write(16</tmp/nia-publication-fault-tj331zq_/case/store/incoming/4b3fd4c830534e12dc3a4a2583612e5b>, "\0\0\0\0\0\0\0\0\0\0\0\0\0\0\0\0\0\0\0\0\0\0\0\0\0\0\0\0\0\0\0\0\0\0\0\0\0\0\0\0\0\0\0\0\0\0\0\0\0\0\0\0\0\0\0\0\0\0\0\0\0\0\0\0\0\0\0\0\0\0\0\0\0\0\0\0\0\0\0\0\0\0\0\0\0\0\0\0\0\0\0\0\0\0\0\0"..., 10240) = 10240
fsync(16</tmp/nia-publication-fault-tj331zq_/case/store/incoming/4b3fd4c830534e12dc3a4a2583612e5b>) = 0
renameat2(17</tmp/nia-publication-fault-tj331zq_/case/store/incoming>, "4b3fd4c830534e12dc3a4a2583612e5b", 16</tmp/nia-publication-fault-tj331zq_/case/store/objects/84>, "ff92691f909a05b224e1c56abb4864f01b4f8e3c854e4bb4c7baf1d3f6d652", RENAME_NOREPLACE) = -1 EEXIST (File exists)
pread64(16</tmp/nia-publication-fault-tj331zq_/case/store/objects/84/ff92691f909a05b224e1c56abb4864f01b4f8e3c854e4bb4c7baf1d3f6d652>, "\0\0\0\0\0\0\0\0\0\0\0\0\0\0\0\0\0\0\0\0\0\0\0\0\0\0\0\0\0\0\0\0\0\0\0\0\0\0\0\0\0\0\0\0\0\0\0\0\0\0\0\0\0\0\0\0\0\0\0\0\0\0\0\0\0\0\0\0\0\0\0\0\0\0\0\0\0\0\0\0\0\0\0\0\0\0\0\0\0\0\0\0\0\0\0\0"..., 65536, 0) = 10240
pread64(16</tmp/nia-publication-fault-tj331zq_/case/store/objects/84/ff92691f909a05b224e1c56abb4864f01b4f8e3c854e4bb4c7baf1d3f6d652>, "", 55296, 10240) = 0
pread64(16</tmp/nia-publication-fault-tj331zq_/case/store/objects/84/ff92691f909a05b224e1c56abb4864f01b4f8e3c854e4bb4c7baf1d3f6d652>, "", 65536, 10240) = 0
fsync(17</tmp/nia-publication-fault-tj331zq_/case/store/incoming>) = 0
pread64(3</tmp/nia-publication-fault-tj331zq_/case/store/objects/84/ff92691f909a05b224e1c56abb4864f01b4f8e3c854e4bb4c7baf1d3f6d652>, "\0\0\0\0\0\0\0\0\0\0\0\0\0\0\0\0\0\0\0\0\0\0\0\0\0\0\0\0\0\0\0\0\0\0\0\0\0\0\0\0\0\0\0\0\0\0\0\0\0\0\0\0\0\0\0\0\0\0\0\0\0\0\0\0\0\0\0\0\0\0\0\0\0\0\0\0\0\0\0\0\0\0\0\0\0\0\0\0\0\0\0\0\0\0\0\0"..., 65536, 0) = 10240
pread64(3</tmp/nia-publication-fault-tj331zq_/case/store/objects/84/ff92691f909a05b224e1c56abb4864f01b4f8e3c854e4bb4c7baf1d3f6d652>, "", 55296, 10240) = 0
pread64(3</tmp/nia-publication-fault-tj331zq_/case/store/objects/84/ff92691f909a05b224e1c56abb4864f01b4f8e3c854e4bb4c7baf1d3f6d652>, "", 65536, 10240) = 0
pread64(3</tmp/nia-publication-fault-tj331zq_/case/store/objects/84/ff92691f909a05b224e1c56abb4864f01b4f8e3c854e4bb4c7baf1d3f6d652>, "\0\0\0\0\0\0\0\0\0\0\0\0\0\0\0\0\0\0\0\0\0\0\0\0\0\0\0\0\0\0\0\0\0\0\0\0\0\0\0\0\0\0\0\0\0\0\0\0\0\0\0\0\0\0\0\0\0\0\0\0\0\0\0\0\0\0\0\0\0\0\0\0\0\0\0\0\0\0\0\0\0\0\0\0\0\0\0\0\0\0\0\0\0\0\0\0"..., 512, 0) = 512
pread64(3</tmp/nia-publication-fault-tj331zq_/case/store/objects/84/ff92691f909a05b224e1c56abb4864f01b4f8e3c854e4bb4c7baf1d3f6d652>, "\0\0\0\0\0\0\0\0\0\0\0\0\0\0\0\0\0\0\0\0\0\0\0\0\0\0\0\0\0\0\0\0\0\0\0\0\0\0\0\0\0\0\0\0\0\0\0\0\0\0\0\0\0\0\0\0\0\0\0\0\0\0\0\0\0\0\0\0\0\0\0\0\0\0\0\0\0\0\0\0\0\0\0\0\0\0\0\0\0\0\0\0\0\0\0\0"..., 9728, 512) = 9728
pread64(3</tmp/nia-publication-fault-tj331zq_/case/store/objects/0c/a179e6befeb761f3613f1ef57ca892ebc3a6a228dca32f1309f0ac06a7de7e>, "!<arch>\ndebian-binary/  0           0     0     100644  4         `\n2.0\ncontrol.tar/    0       "..., 65536, 0) = 20672
pread64(3</tmp/nia-publication-fault-tj331zq_/case/store/objects/0c/a179e6befeb761f3613f1ef57ca892ebc3a6a228dca32f1309f0ac06a7de7e>, "", 44864, 20672) = 0
pread64(3</tmp/nia-publication-fault-tj331zq_/case/store/objects/0c/a179e6befeb761f3613f1ef57ca892ebc3a6a228dca32f1309f0ac06a7de7e>, "", 65536, 20672) = 0
pread64(3</tmp/nia-publication-fault-tj331zq_/case/store/objects/0c/a179e6befeb761f3613f1ef57ca892ebc3a6a228dca32f1309f0ac06a7de7e>, "!<arch>\n", 8, 0) = 8
pread64(3</tmp/nia-publication-fault-tj331zq_/case/store/objects/0c/a179e6befeb761f3613f1ef57ca892ebc3a6a228dca32f1309f0ac06a7de7e>, "debian-binary/  0           0     0     100644  4         `\n", 60, 8) = 60
pread64(3</tmp/nia-publication-fault-tj331zq_/case/store/objects/0c/a179e6befeb761f3613f1ef57ca892ebc3a6a228dca32f1309f0ac06a7de7e>, "2.0\n", 4, 68) = 4
pread64(3</tmp/nia-publication-fault-tj331zq_/case/store/objects/0c/a179e6befeb761f3613f1ef57ca892ebc3a6a228dca32f1309f0ac06a7de7e>, "2.0\n", 4, 68) = 4
pread64(3</tmp/nia-publication-fault-tj331zq_/case/store/objects/0c/a179e6befeb761f3613f1ef57ca892ebc3a6a228dca32f1309f0ac06a7de7e>, "control.tar/    0           0     0     100644  10240     `\n", 60, 72) = 60
pread64(3</tmp/nia-publication-fault-tj331zq_/case/store/objects/0c/a179e6befeb761f3613f1ef57ca892ebc3a6a228dca32f1309f0ac06a7de7e>, "./control\0\0\0\0\0\0\0\0\0\0\0\0\0\0\0\0\0\0\0\0\0\0\0\0\0\0\0\0\0\0\0\0\0\0\0\0\0\0\0\0\0\0\0\0\0\0\0\0\0\0\0\0\0\0\0\0\0\0\0\0\0\0\0\0\0\0\0\0\0\0\0\0\0\0\0\0\0\0\0\0\0\0\0\0\0\0\0"..., 10240, 132) = 10240
pread64(3</tmp/nia-publication-fault-tj331zq_/case/store/objects/0c/a179e6befeb761f3613f1ef57ca892ebc3a6a228dca32f1309f0ac06a7de7e>, "data.tar/       0           0     0     100644  10240     `\n", 60, 10372) = 60
pread64(3</tmp/nia-publication-fault-tj331zq_/case/store/objects/0c/a179e6befeb761f3613f1ef57ca892ebc3a6a228dca32f1309f0ac06a7de7e>, "\0\0\0\0\0\0\0\0\0\0\0\0\0\0\0\0\0\0\0\0\0\0\0\0\0\0\0\0\0\0\0\0\0\0\0\0\0\0\0\0\0\0\0\0\0\0\0\0\0\0\0\0\0\0\0\0\0\0\0\0\0\0\0\0\0\0\0\0\0\0\0\0\0\0\0\0\0\0\0\0\0\0\0\0\0\0\0\0\0\0\0\0\0\0\0\0"..., 10240, 10432) = 10240
pread64(3</tmp/nia-publication-fault-tj331zq_/case/store/objects/0c/a179e6befeb761f3613f1ef57ca892ebc3a6a228dca32f1309f0ac06a7de7e>, "!<arch>\ndebian-binary/  0           0     0     100644  4         `\n2.0\ncontrol.tar/    0       "..., 65536, 0) = 20672
pread64(3</tmp/nia-publication-fault-tj331zq_/case/store/objects/0c/a179e6befeb761f3613f1ef57ca892ebc3a6a228dca32f1309f0ac06a7de7e>, "", 44864, 20672) = 0
pread64(3</tmp/nia-publication-fault-tj331zq_/case/store/objects/0c/a179e6befeb761f3613f1ef57ca892ebc3a6a228dca32f1309f0ac06a7de7e>, "", 65536, 20672) = 0
pread64(3</tmp/nia-publication-fault-tj331zq_/case/store/objects/0c/a179e6befeb761f3613f1ef57ca892ebc3a6a228dca32f1309f0ac06a7de7e>, "!<arch>\n", 8, 0) = 8
pread64(3</tmp/nia-publication-fault-tj331zq_/case/store/objects/0c/a179e6befeb761f3613f1ef57ca892ebc3a6a228dca32f1309f0ac06a7de7e>, "debian-binary/  0           0     0     100644  4         `\n", 60, 8) = 60
pread64(3</tmp/nia-publication-fault-tj331zq_/case/store/objects/0c/a179e6befeb761f3613f1ef57ca892ebc3a6a228dca32f1309f0ac06a7de7e>, "2.0\n", 4, 68) = 4
pread64(3</tmp/nia-publication-fault-tj331zq_/case/store/objects/0c/a179e6befeb761f3613f1ef57ca892ebc3a6a228dca32f1309f0ac06a7de7e>, "2.0\n", 4, 68) = 4
pread64(3</tmp/nia-publication-fault-tj331zq_/case/store/objects/0c/a179e6befeb761f3613f1ef57ca892ebc3a6a228dca32f1309f0ac06a7de7e>, "control.tar/    0           0     0     100644  10240     `\n", 60, 72) = 60
pread64(3</tmp/nia-publication-fault-tj331zq_/case/store/objects/0c/a179e6befeb761f3613f1ef57ca892ebc3a6a228dca32f1309f0ac06a7de7e>, "./control\0\0\0\0\0\0\0\0\0\0\0\0\0\0\0\0\0\0\0\0\0\0\0\0\0\0\0\0\0\0\0\0\0\0\0\0\0\0\0\0\0\0\0\0\0\0\0\0\0\0\0\0\0\0\0\0\0\0\0\0\0\0\0\0\0\0\0\0\0\0\0\0\0\0\0\0\0\0\0\0\0\0\0\0\0\0\0"..., 10240, 132) = 10240
pread64(3</tmp/nia-publication-fault-tj331zq_/case/store/objects/0c/a179e6befeb761f3613f1ef57ca892ebc3a6a228dca32f1309f0ac06a7de7e>, "data.tar/       0           0     0     100644  10240     `\n", 60, 10372) = 60
pread64(3</tmp/nia-publication-fault-tj331zq_/case/store/objects/0c/a179e6befeb761f3613f1ef57ca892ebc3a6a228dca32f1309f0ac06a7de7e>, "\0\0\0\0\0\0\0\0\0\0\0\0\0\0\0\0\0\0\0\0\0\0\0\0\0\0\0\0\0\0\0\0\0\0\0\0\0\0\0\0\0\0\0\0\0\0\0\0\0\0\0\0\0\0\0\0\0\0\0\0\0\0\0\0\0\0\0\0\0\0\0\0\0\0\0\0\0\0\0\0\0\0\0\0\0\0\0\0\0\0\0\0\0\0\0\0"..., 10240, 10432) = 10240
fsync(17</tmp/nia-publication-fault-tj331zq_/case/store/incoming>) = 0
pread64(3</tmp/nia-publication-fault-tj331zq_/case/store/objects/0c/a179e6befeb761f3613f1ef57ca892ebc3a6a228dca32f1309f0ac06a7de7e>, "./control\0\0\0\0\0\0\0\0\0\0\0\0\0\0\0\0\0\0\0\0\0\0\0\0\0\0\0\0\0\0\0\0\0\0\0\0\0\0\0\0\0\0\0\0\0\0\0\0\0\0\0\0\0\0\0\0\0\0\0\0\0\0\0\0\0\0\0\0\0\0\0\0\0\0\0\0\0\0\0\0\0\0\0\0\0\0\0"..., 10240, 132) = 10240
write(16</tmp/nia-publication-fault-tj331zq_/case/store/incoming/ffde1b6c1e48b363a5193efbdcdc0888>, "./control\0\0\0\0\0\0\0\0\0\0\0\0\0\0\0\0\0\0\0\0\0\0\0\0\0\0\0\0\0\0\0\0\0\0\0\0\0\0\0\0\0\0\0\0\0\0\0\0\0\0\0\0\0\0\0\0\0\0\0\0\0\0\0\0\0\0\0\0\0\0\0\0\0\0\0\0\0\0\0\0\0\0\0\0\0\0\0"..., 10240) = 10240
fsync(16</tmp/nia-publication-fault-tj331zq_/case/store/incoming/ffde1b6c1e48b363a5193efbdcdc0888>) = 0
renameat2(17</tmp/nia-publication-fault-tj331zq_/case/store/incoming>, "ffde1b6c1e48b363a5193efbdcdc0888", 16</tmp/nia-publication-fault-tj331zq_/case/store/objects/4a>, "36f6eb7c1b236ab6cb28ddb882919e888bf393dfc00d93008ad6730697f8f7", RENAME_NOREPLACE) = -1 EEXIST (File exists)
pread64(16</tmp/nia-publication-fault-tj331zq_/case/store/objects/4a/36f6eb7c1b236ab6cb28ddb882919e888bf393dfc00d93008ad6730697f8f7>, "./control\0\0\0\0\0\0\0\0\0\0\0\0\0\0\0\0\0\0\0\0\0\0\0\0\0\0\0\0\0\0\0\0\0\0\0\0\0\0\0\0\0\0\0\0\0\0\0\0\0\0\0\0\0\0\0\0\0\0\0\0\0\0\0\0\0\0\0\0\0\0\0\0\0\0\0\0\0\0\0\0\0\0\0\0\0\0\0"..., 65536, 0) = 10240
pread64(16</tmp/nia-publication-fault-tj331zq_/case/store/objects/4a/36f6eb7c1b236ab6cb28ddb882919e888bf393dfc00d93008ad6730697f8f7>, "", 55296, 10240) = 0
pread64(16</tmp/nia-publication-fault-tj331zq_/case/store/objects/4a/36f6eb7c1b236ab6cb28ddb882919e888bf393dfc00d93008ad6730697f8f7>, "", 65536, 10240) = 0
fsync(17</tmp/nia-publication-fault-tj331zq_/case/store/incoming>) = 0
pread64(3</tmp/nia-publication-fault-tj331zq_/case/store/objects/4a/36f6eb7c1b236ab6cb28ddb882919e888bf393dfc00d93008ad6730697f8f7>, "./control\0\0\0\0\0\0\0\0\0\0\0\0\0\0\0\0\0\0\0\0\0\0\0\0\0\0\0\0\0\0\0\0\0\0\0\0\0\0\0\0\0\0\0\0\0\0\0\0\0\0\0\0\0\0\0\0\0\0\0\0\0\0\0\0\0\0\0\0\0\0\0\0\0\0\0\0\0\0\0\0\0\0\0\0\0\0\0"..., 65536, 0) = 10240
pread64(3</tmp/nia-publication-fault-tj331zq_/case/store/objects/4a/36f6eb7c1b236ab6cb28ddb882919e888bf393dfc00d93008ad6730697f8f7>, "", 55296, 10240) = 0
pread64(3</tmp/nia-publication-fault-tj331zq_/case/store/objects/4a/36f6eb7c1b236ab6cb28ddb882919e888bf393dfc00d93008ad6730697f8f7>, "", 65536, 10240) = 0
pread64(3</tmp/nia-publication-fault-tj331zq_/case/store/objects/4a/36f6eb7c1b236ab6cb28ddb882919e888bf393dfc00d93008ad6730697f8f7>, "./control\0\0\0\0\0\0\0\0\0\0\0\0\0\0\0\0\0\0\0\0\0\0\0\0\0\0\0\0\0\0\0\0\0\0\0\0\0\0\0\0\0\0\0\0\0\0\0\0\0\0\0\0\0\0\0\0\0\0\0\0\0\0\0\0\0\0\0\0\0\0\0\0\0\0\0\0\0\0\0\0\0\0\0\0\0\0\0"..., 10240, 0) = 10240
fsync(17</tmp/nia-publication-fault-tj331zq_/case/store/incoming>) = 0
write(16</tmp/nia-publication-fault-tj331zq_/case/store/incoming/eb8e9595f7c328a0a0214ef3bada0cff>, "Package: empty-package\nVersion: 1\nArchitecture: all\nMaintainer: Fixture <fixture@example.invalid"..., 149) = 149
fsync(16</tmp/nia-publication-fault-tj331zq_/case/store/incoming/eb8e9595f7c328a0a0214ef3bada0cff>) = 0
renameat2(17</tmp/nia-publication-fault-tj331zq_/case/store/incoming>, "eb8e9595f7c328a0a0214ef3bada0cff", 16</tmp/nia-publication-fault-tj331zq_/case/store/objects/a3>, "1a856f430af395bccd7eb2f142b11ad3ae0fc5daf3acc4ffb341c48a5abd39", RENAME_NOREPLACE) = -1 EEXIST (File exists)
pread64(16</tmp/nia-publication-fault-tj331zq_/case/store/objects/a3/1a856f430af395bccd7eb2f142b11ad3ae0fc5daf3acc4ffb341c48a5abd39>, "Package: empty-package\nVersion: 1\nArchitecture: all\nMaintainer: Fixture <fixture@example.invalid"..., 65536, 0) = 149
pread64(16</tmp/nia-publication-fault-tj331zq_/case/store/objects/a3/1a856f430af395bccd7eb2f142b11ad3ae0fc5daf3acc4ffb341c48a5abd39>, "", 65387, 149) = 0
pread64(16</tmp/nia-publication-fault-tj331zq_/case/store/objects/a3/1a856f430af395bccd7eb2f142b11ad3ae0fc5daf3acc4ffb341c48a5abd39>, "", 65536, 149) = 0
fsync(17</tmp/nia-publication-fault-tj331zq_/case/store/incoming>) = 0
pread64(3</tmp/nia-publication-fault-tj331zq_/case/store/objects/a3/1a856f430af395bccd7eb2f142b11ad3ae0fc5daf3acc4ffb341c48a5abd39>, "Package: empty-package\nVersion: 1\nArchitecture: all\nMaintainer: Fixture <fixture@example.invalid"..., 65536, 0) = 149
pread64(3</tmp/nia-publication-fault-tj331zq_/case/store/objects/a3/1a856f430af395bccd7eb2f142b11ad3ae0fc5daf3acc4ffb341c48a5abd39>, "", 65387, 149) = 0
pread64(3</tmp/nia-publication-fault-tj331zq_/case/store/objects/a3/1a856f430af395bccd7eb2f142b11ad3ae0fc5daf3acc4ffb341c48a5abd39>, "", 65536, 149) = 0
pread64(3</tmp/nia-publication-fault-tj331zq_/case/store/objects/a3/1a856f430af395bccd7eb2f142b11ad3ae0fc5daf3acc4ffb341c48a5abd39>, "Package: empty-package\nVersion: 1\nArchitecture: all\nMaintainer: Fixture <fixture@example.invalid"..., 16777216, 0) = 149
pread64(3</tmp/nia-publication-fault-tj331zq_/case/store/objects/a3/1a856f430af395bccd7eb2f142b11ad3ae0fc5daf3acc4ffb341c48a5abd39>, "", 16777067, 149) = 0
pread64(3</tmp/nia-publication-fault-tj331zq_/case/store/objects/a3/1a856f430af395bccd7eb2f142b11ad3ae0fc5daf3acc4ffb341c48a5abd39>, "Package: empty-package\nVersion: 1\nArchitecture: all\nMaintainer: Fixture <fixture@example.invalid"..., 65536, 0) = 149
pread64(3</tmp/nia-publication-fault-tj331zq_/case/store/objects/a3/1a856f430af395bccd7eb2f142b11ad3ae0fc5daf3acc4ffb341c48a5abd39>, "", 65387, 149) = 0
pread64(3</tmp/nia-publication-fault-tj331zq_/case/store/objects/a3/1a856f430af395bccd7eb2f142b11ad3ae0fc5daf3acc4ffb341c48a5abd39>, "", 65536, 149) = 0
pread64(3</tmp/nia-publication-fault-tj331zq_/case/store/objects/a3/1a856f430af395bccd7eb2f142b11ad3ae0fc5daf3acc4ffb341c48a5abd39>, "Package: empty-package\nVersion: 1\nArchitecture: all\nMaintainer: Fixture <fixture@example.invalid"..., 16777216, 0) = 149
pread64(3</tmp/nia-publication-fault-tj331zq_/case/store/objects/a3/1a856f430af395bccd7eb2f142b11ad3ae0fc5daf3acc4ffb341c48a5abd39>, "", 16777067, 149) = 0
pread64(3</tmp/nia-publication-fault-tj331zq_/case/store/objects/0c/a179e6befeb761f3613f1ef57ca892ebc3a6a228dca32f1309f0ac06a7de7e>, "!<arch>\ndebian-binary/  0           0     0     100644  4         `\n2.0\ncontrol.tar/    0       "..., 65536, 0) = 20672
pread64(3</tmp/nia-publication-fault-tj331zq_/case/store/objects/0c/a179e6befeb761f3613f1ef57ca892ebc3a6a228dca32f1309f0ac06a7de7e>, "", 44864, 20672) = 0
pread64(3</tmp/nia-publication-fault-tj331zq_/case/store/objects/0c/a179e6befeb761f3613f1ef57ca892ebc3a6a228dca32f1309f0ac06a7de7e>, "", 65536, 20672) = 0
pread64(3</tmp/nia-publication-fault-tj331zq_/case/store/objects/0c/a179e6befeb761f3613f1ef57ca892ebc3a6a228dca32f1309f0ac06a7de7e>, "!<arch>\n", 8, 0) = 8
pread64(3</tmp/nia-publication-fault-tj331zq_/case/store/objects/0c/a179e6befeb761f3613f1ef57ca892ebc3a6a228dca32f1309f0ac06a7de7e>, "debian-binary/  0           0     0     100644  4         `\n", 60, 8) = 60
pread64(3</tmp/nia-publication-fault-tj331zq_/case/store/objects/0c/a179e6befeb761f3613f1ef57ca892ebc3a6a228dca32f1309f0ac06a7de7e>, "2.0\n", 4, 68) = 4
pread64(3</tmp/nia-publication-fault-tj331zq_/case/store/objects/0c/a179e6befeb761f3613f1ef57ca892ebc3a6a228dca32f1309f0ac06a7de7e>, "2.0\n", 4, 68) = 4
pread64(3</tmp/nia-publication-fault-tj331zq_/case/store/objects/0c/a179e6befeb761f3613f1ef57ca892ebc3a6a228dca32f1309f0ac06a7de7e>, "control.tar/    0           0     0     100644  10240     `\n", 60, 72) = 60
pread64(3</tmp/nia-publication-fault-tj331zq_/case/store/objects/0c/a179e6befeb761f3613f1ef57ca892ebc3a6a228dca32f1309f0ac06a7de7e>, "./control\0\0\0\0\0\0\0\0\0\0\0\0\0\0\0\0\0\0\0\0\0\0\0\0\0\0\0\0\0\0\0\0\0\0\0\0\0\0\0\0\0\0\0\0\0\0\0\0\0\0\0\0\0\0\0\0\0\0\0\0\0\0\0\0\0\0\0\0\0\0\0\0\0\0\0\0\0\0\0\0\0\0\0\0\0\0\0"..., 10240, 132) = 10240
pread64(3</tmp/nia-publication-fault-tj331zq_/case/store/objects/0c/a179e6befeb761f3613f1ef57ca892ebc3a6a228dca32f1309f0ac06a7de7e>, "data.tar/       0           0     0     100644  10240     `\n", 60, 10372) = 60
pread64(3</tmp/nia-publication-fault-tj331zq_/case/store/objects/0c/a179e6befeb761f3613f1ef57ca892ebc3a6a228dca32f1309f0ac06a7de7e>, "\0\0\0\0\0\0\0\0\0\0\0\0\0\0\0\0\0\0\0\0\0\0\0\0\0\0\0\0\0\0\0\0\0\0\0\0\0\0\0\0\0\0\0\0\0\0\0\0\0\0\0\0\0\0\0\0\0\0\0\0\0\0\0\0\0\0\0\0\0\0\0\0\0\0\0\0\0\0\0\0\0\0\0\0\0\0\0\0\0\0\0\0\0\0\0\0"..., 10240, 10432) = 10240
pread64(3</tmp/nia-publication-fault-tj331zq_/case/store/objects/0c/a179e6befeb761f3613f1ef57ca892ebc3a6a228dca32f1309f0ac06a7de7e>, "!<arch>\ndebian-binary/  0           0     0     100644  4         `\n2.0\ncontrol.tar/    0       "..., 65536, 0) = 20672
pread64(3</tmp/nia-publication-fault-tj331zq_/case/store/objects/0c/a179e6befeb761f3613f1ef57ca892ebc3a6a228dca32f1309f0ac06a7de7e>, "", 44864, 20672) = 0
pread64(3</tmp/nia-publication-fault-tj331zq_/case/store/objects/0c/a179e6befeb761f3613f1ef57ca892ebc3a6a228dca32f1309f0ac06a7de7e>, "", 65536, 20672) = 0
pread64(3</tmp/nia-publication-fault-tj331zq_/case/store/objects/0c/a179e6befeb761f3613f1ef57ca892ebc3a6a228dca32f1309f0ac06a7de7e>, "!<arch>\n", 8, 0) = 8
pread64(3</tmp/nia-publication-fault-tj331zq_/case/store/objects/0c/a179e6befeb761f3613f1ef57ca892ebc3a6a228dca32f1309f0ac06a7de7e>, "debian-binary/  0           0     0     100644  4         `\n", 60, 8) = 60
pread64(3</tmp/nia-publication-fault-tj331zq_/case/store/objects/0c/a179e6befeb761f3613f1ef57ca892ebc3a6a228dca32f1309f0ac06a7de7e>, "2.0\n", 4, 68) = 4
pread64(3</tmp/nia-publication-fault-tj331zq_/case/store/objects/0c/a179e6befeb761f3613f1ef57ca892ebc3a6a228dca32f1309f0ac06a7de7e>, "2.0\n", 4, 68) = 4
pread64(3</tmp/nia-publication-fault-tj331zq_/case/store/objects/0c/a179e6befeb761f3613f1ef57ca892ebc3a6a228dca32f1309f0ac06a7de7e>, "control.tar/    0           0     0     100644  10240     `\n", 60, 72) = 60
pread64(3</tmp/nia-publication-fault-tj331zq_/case/store/objects/0c/a179e6befeb761f3613f1ef57ca892ebc3a6a228dca32f1309f0ac06a7de7e>, "./control\0\0\0\0\0\0\0\0\0\0\0\0\0\0\0\0\0\0\0\0\0\0\0\0\0\0\0\0\0\0\0\0\0\0\0\0\0\0\0\0\0\0\0\0\0\0\0\0\0\0\0\0\0\0\0\0\0\0\0\0\0\0\0\0\0\0\0\0\0\0\0\0\0\0\0\0\0\0\0\0\0\0\0\0\0\0\0"..., 10240, 132) = 10240
pread64(3</tmp/nia-publication-fault-tj331zq_/case/store/objects/0c/a179e6befeb761f3613f1ef57ca892ebc3a6a228dca32f1309f0ac06a7de7e>, "data.tar/       0           0     0     100644  10240     `\n", 60, 10372) = 60
pread64(3</tmp/nia-publication-fault-tj331zq_/case/store/objects/0c/a179e6befeb761f3613f1ef57ca892ebc3a6a228dca32f1309f0ac06a7de7e>, "\0\0\0\0\0\0\0\0\0\0\0\0\0\0\0\0\0\0\0\0\0\0\0\0\0\0\0\0\0\0\0\0\0\0\0\0\0\0\0\0\0\0\0\0\0\0\0\0\0\0\0\0\0\0\0\0\0\0\0\0\0\0\0\0\0\0\0\0\0\0\0\0\0\0\0\0\0\0\0\0\0\0\0\0\0\0\0\0\0\0\0\0\0\0\0\0"..., 10240, 10432) = 10240
fsync(17</tmp/nia-publication-fault-tj331zq_/case/store/incoming>) = 0
pread64(3</tmp/nia-publication-fault-tj331zq_/case/store/objects/0c/a179e6befeb761f3613f1ef57ca892ebc3a6a228dca32f1309f0ac06a7de7e>, "./control\0\0\0\0\0\0\0\0\0\0\0\0\0\0\0\0\0\0\0\0\0\0\0\0\0\0\0\0\0\0\0\0\0\0\0\0\0\0\0\0\0\0\0\0\0\0\0\0\0\0\0\0\0\0\0\0\0\0\0\0\0\0\0\0\0\0\0\0\0\0\0\0\0\0\0\0\0\0\0\0\0\0\0\0\0\0\0"..., 10240, 132) = 10240
write(16</tmp/nia-publication-fault-tj331zq_/case/store/incoming/7d74c8c83ef3f25972edaf59536adff0>, "./control\0\0\0\0\0\0\0\0\0\0\0\0\0\0\0\0\0\0\0\0\0\0\0\0\0\0\0\0\0\0\0\0\0\0\0\0\0\0\0\0\0\0\0\0\0\0\0\0\0\0\0\0\0\0\0\0\0\0\0\0\0\0\0\0\0\0\0\0\0\0\0\0\0\0\0\0\0\0\0\0\0\0\0\0\0\0\0"..., 10240) = 10240
fsync(16</tmp/nia-publication-fault-tj331zq_/case/store/incoming/7d74c8c83ef3f25972edaf59536adff0>) = 0
renameat2(17</tmp/nia-publication-fault-tj331zq_/case/store/incoming>, "7d74c8c83ef3f25972edaf59536adff0", 16</tmp/nia-publication-fault-tj331zq_/case/store/objects/4a>, "36f6eb7c1b236ab6cb28ddb882919e888bf393dfc00d93008ad6730697f8f7", RENAME_NOREPLACE) = -1 EEXIST (File exists)
pread64(16</tmp/nia-publication-fault-tj331zq_/case/store/objects/4a/36f6eb7c1b236ab6cb28ddb882919e888bf393dfc00d93008ad6730697f8f7>, "./control\0\0\0\0\0\0\0\0\0\0\0\0\0\0\0\0\0\0\0\0\0\0\0\0\0\0\0\0\0\0\0\0\0\0\0\0\0\0\0\0\0\0\0\0\0\0\0\0\0\0\0\0\0\0\0\0\0\0\0\0\0\0\0\0\0\0\0\0\0\0\0\0\0\0\0\0\0\0\0\0\0\0\0\0\0\0\0"..., 65536, 0) = 10240
pread64(16</tmp/nia-publication-fault-tj331zq_/case/store/objects/4a/36f6eb7c1b236ab6cb28ddb882919e888bf393dfc00d93008ad6730697f8f7>, "", 55296, 10240) = 0
pread64(16</tmp/nia-publication-fault-tj331zq_/case/store/objects/4a/36f6eb7c1b236ab6cb28ddb882919e888bf393dfc00d93008ad6730697f8f7>, "", 65536, 10240) = 0
fsync(17</tmp/nia-publication-fault-tj331zq_/case/store/incoming>) = 0
pread64(3</tmp/nia-publication-fault-tj331zq_/case/store/objects/4a/36f6eb7c1b236ab6cb28ddb882919e888bf393dfc00d93008ad6730697f8f7>, "./control\0\0\0\0\0\0\0\0\0\0\0\0\0\0\0\0\0\0\0\0\0\0\0\0\0\0\0\0\0\0\0\0\0\0\0\0\0\0\0\0\0\0\0\0\0\0\0\0\0\0\0\0\0\0\0\0\0\0\0\0\0\0\0\0\0\0\0\0\0\0\0\0\0\0\0\0\0\0\0\0\0\0\0\0\0\0\0"..., 65536, 0) = 10240
pread64(3</tmp/nia-publication-fault-tj331zq_/case/store/objects/4a/36f6eb7c1b236ab6cb28ddb882919e888bf393dfc00d93008ad6730697f8f7>, "", 55296, 10240) = 0
pread64(3</tmp/nia-publication-fault-tj331zq_/case/store/objects/4a/36f6eb7c1b236ab6cb28ddb882919e888bf393dfc00d93008ad6730697f8f7>, "", 65536, 10240) = 0
pread64(3</tmp/nia-publication-fault-tj331zq_/case/store/objects/4a/36f6eb7c1b236ab6cb28ddb882919e888bf393dfc00d93008ad6730697f8f7>, "./control\0\0\0\0\0\0\0\0\0\0\0\0\0\0\0\0\0\0\0\0\0\0\0\0\0\0\0\0\0\0\0\0\0\0\0\0\0\0\0\0\0\0\0\0\0\0\0\0\0\0\0\0\0\0\0\0\0\0\0\0\0\0\0\0\0\0\0\0\0\0\0\0\0\0\0\0\0\0\0\0\0\0\0\0\0\0\0"..., 10240, 0) = 10240
fsync(17</tmp/nia-publication-fault-tj331zq_/case/store/incoming>) = 0
write(16</tmp/nia-publication-fault-tj331zq_/case/store/incoming/ec3d230242ebe28303265982e158d634>, "Package: empty-package\nVersion: 1\nArchitecture: all\nMaintainer: Fixture <fixture@example.invalid"..., 149) = 149
fsync(16</tmp/nia-publication-fault-tj331zq_/case/store/incoming/ec3d230242ebe28303265982e158d634>) = 0
renameat2(17</tmp/nia-publication-fault-tj331zq_/case/store/incoming>, "ec3d230242ebe28303265982e158d634", 16</tmp/nia-publication-fault-tj331zq_/case/store/objects/a3>, "1a856f430af395bccd7eb2f142b11ad3ae0fc5daf3acc4ffb341c48a5abd39", RENAME_NOREPLACE) = -1 EEXIST (File exists)
pread64(16</tmp/nia-publication-fault-tj331zq_/case/store/objects/a3/1a856f430af395bccd7eb2f142b11ad3ae0fc5daf3acc4ffb341c48a5abd39>, "Package: empty-package\nVersion: 1\nArchitecture: all\nMaintainer: Fixture <fixture@example.invalid"..., 65536, 0) = 149
pread64(16</tmp/nia-publication-fault-tj331zq_/case/store/objects/a3/1a856f430af395bccd7eb2f142b11ad3ae0fc5daf3acc4ffb341c48a5abd39>, "", 65387, 149) = 0
pread64(16</tmp/nia-publication-fault-tj331zq_/case/store/objects/a3/1a856f430af395bccd7eb2f142b11ad3ae0fc5daf3acc4ffb341c48a5abd39>, "", 65536, 149) = 0
fsync(17</tmp/nia-publication-fault-tj331zq_/case/store/incoming>) = 0
pread64(3</tmp/nia-publication-fault-tj331zq_/case/store/objects/0c/a179e6befeb761f3613f1ef57ca892ebc3a6a228dca32f1309f0ac06a7de7e>, "!<arch>\ndebian-binary/  0           0     0     100644  4         `\n2.0\ncontrol.tar/    0       "..., 65536, 0) = 20672
pread64(3</tmp/nia-publication-fault-tj331zq_/case/store/objects/0c/a179e6befeb761f3613f1ef57ca892ebc3a6a228dca32f1309f0ac06a7de7e>, "", 44864, 20672) = 0
pread64(3</tmp/nia-publication-fault-tj331zq_/case/store/objects/0c/a179e6befeb761f3613f1ef57ca892ebc3a6a228dca32f1309f0ac06a7de7e>, "", 65536, 20672) = 0
pread64(3</tmp/nia-publication-fault-tj331zq_/case/store/objects/4a/36f6eb7c1b236ab6cb28ddb882919e888bf393dfc00d93008ad6730697f8f7>, "./control\0\0\0\0\0\0\0\0\0\0\0\0\0\0\0\0\0\0\0\0\0\0\0\0\0\0\0\0\0\0\0\0\0\0\0\0\0\0\0\0\0\0\0\0\0\0\0\0\0\0\0\0\0\0\0\0\0\0\0\0\0\0\0\0\0\0\0\0\0\0\0\0\0\0\0\0\0\0\0\0\0\0\0\0\0\0\0"..., 65536, 0) = 10240
pread64(3</tmp/nia-publication-fault-tj331zq_/case/store/objects/4a/36f6eb7c1b236ab6cb28ddb882919e888bf393dfc00d93008ad6730697f8f7>, "", 55296, 10240) = 0
pread64(3</tmp/nia-publication-fault-tj331zq_/case/store/objects/4a/36f6eb7c1b236ab6cb28ddb882919e888bf393dfc00d93008ad6730697f8f7>, "", 65536, 10240) = 0
pread64(3</tmp/nia-publication-fault-tj331zq_/case/store/objects/84/ff92691f909a05b224e1c56abb4864f01b4f8e3c854e4bb4c7baf1d3f6d652>, "\0\0\0\0\0\0\0\0\0\0\0\0\0\0\0\0\0\0\0\0\0\0\0\0\0\0\0\0\0\0\0\0\0\0\0\0\0\0\0\0\0\0\0\0\0\0\0\0\0\0\0\0\0\0\0\0\0\0\0\0\0\0\0\0\0\0\0\0\0\0\0\0\0\0\0\0\0\0\0\0\0\0\0\0\0\0\0\0\0\0\0\0\0\0\0\0"..., 65536, 0) = 10240
pread64(3</tmp/nia-publication-fault-tj331zq_/case/store/objects/84/ff92691f909a05b224e1c56abb4864f01b4f8e3c854e4bb4c7baf1d3f6d652>, "", 55296, 10240) = 0
pread64(3</tmp/nia-publication-fault-tj331zq_/case/store/objects/84/ff92691f909a05b224e1c56abb4864f01b4f8e3c854e4bb4c7baf1d3f6d652>, "", 65536, 10240) = 0
pread64(3</tmp/nia-publication-fault-tj331zq_/case/store/objects/8e/e688345e1d9502ee8cd7277a453c30bfb77b947201beb3300e9df2b8ca321d>, "\0\0\0\0\0\0\0\10NIACSEL1\273\343\341b6\331$M\267\345\300\262\251\302\306\27f\270\251!\330\260\227\374\323p\347\177\25.\3311\0\0\0\0\0\0\0\1\f\241y\346\276\376\267a\363a?\36\365|\250\222\353\303\246\242(\334\243/\23\t\360\254\6\247\336~J6\366\353|\33#j"..., 65536, 0) = 152
pread64(3</tmp/nia-publication-fault-tj331zq_/case/store/objects/8e/e688345e1d9502ee8cd7277a453c30bfb77b947201beb3300e9df2b8ca321d>, "", 65384, 152) = 0
pread64(3</tmp/nia-publication-fault-tj331zq_/case/store/objects/8e/e688345e1d9502ee8cd7277a453c30bfb77b947201beb3300e9df2b8ca321d>, "", 65536, 152) = 0
pread64(3</tmp/nia-publication-fault-tj331zq_/case/store/objects/a3/1a856f430af395bccd7eb2f142b11ad3ae0fc5daf3acc4ffb341c48a5abd39>, "Package: empty-package\nVersion: 1\nArchitecture: all\nMaintainer: Fixture <fixture@example.invalid"..., 65536, 0) = 149
pread64(3</tmp/nia-publication-fault-tj331zq_/case/store/objects/a3/1a856f430af395bccd7eb2f142b11ad3ae0fc5daf3acc4ffb341c48a5abd39>, "", 65387, 149) = 0
pread64(3</tmp/nia-publication-fault-tj331zq_/case/store/objects/a3/1a856f430af395bccd7eb2f142b11ad3ae0fc5daf3acc4ffb341c48a5abd39>, "", 65536, 149) = 0
fsync(16</tmp/nia-publication-fault-tj331zq_/case/store/incoming>) = 0
write(3</tmp/nia-publication-fault-tj331zq_/case/store/incoming/bb27b85509b36735c0e49b823224aa20>, "NIACLOS1\216\346\2104^\35\225\2\356\214\327'zE<0\277\267{\224r\1\276\2630\16\235\362\270\3122\35\273\343\341b6\331$M\267\345\300\262\251\302\306\27f\270\251!\330\260\227\374\323p\347\177\25.\3311\0\0\0\0\0\0\0\5", 80) = 80
write(3</tmp/nia-publication-fault-tj331zq_/case/store/incoming/bb27b85509b36735c0e49b823224aa20>, "\f\241y\346\276\376\267a\363a?\36\365|\250\222\353\303\246\242(\334\243/\23\t\360\254\6\247\336~", 32) = 32
write(3</tmp/nia-publication-fault-tj331zq_/case/store/incoming/bb27b85509b36735c0e49b823224aa20>, "J6\366\353|\33#j\266\313(\335\270\202\221\236\210\213\363\223\337\300\r\223\0\212\326s\6\227\370\367", 32) = 32
write(3</tmp/nia-publication-fault-tj331zq_/case/store/incoming/bb27b85509b36735c0e49b823224aa20>, "\204\377\222i\37\220\232\5\262$\341\305j\273Hd\360\33O\216<\205NK\264\307\272\361\323\366\326R", 32) = 32
write(3</tmp/nia-publication-fault-tj331zq_/case/store/incoming/bb27b85509b36735c0e49b823224aa20>, "\216\346\2104^\35\225\2\356\214\327'zE<0\277\267{\224r\1\276\2630\16\235\362\270\3122\35", 32) = 32
write(3</tmp/nia-publication-fault-tj331zq_/case/store/incoming/bb27b85509b36735c0e49b823224aa20>, "\243\32\205oC\n\363\225\274\315~\262\361B\261\32\323\256\17\305\332\363\254\304\377\263A\304\212Z\2759", 32) = 32
fsync(3</tmp/nia-publication-fault-tj331zq_/case/store/incoming/bb27b85509b36735c0e49b823224aa20>) = 0
renameat2(16</tmp/nia-publication-fault-tj331zq_/case/store/incoming>, "bb27b85509b36735c0e49b823224aa20", 3</tmp/nia-publication-fault-tj331zq_/case/store/objects/32>, "094e7c613fdb6dffb1f27d926b176f7fd8946b8c2cf3ca9e3b95cb91a1a8ca", RENAME_NOREPLACE) = -1 EEXIST (File exists)
pread64(3</tmp/nia-publication-fault-tj331zq_/case/store/objects/32/094e7c613fdb6dffb1f27d926b176f7fd8946b8c2cf3ca9e3b95cb91a1a8ca>, "NIACLOS1\216\346\2104^\35\225\2\356\214\327'zE<0\277\267{\224r\1\276\2630\16\235\362\270\3122\35\273\343\341b6\331$M\267\345\300\262\251\302\306\27f\270\251!\330\260\227\374\323p\347\177\25.\3311\0\0\0\0\0\0\0\5\f\241y\346\276\376\267a\363a?\36\365|\250\222"..., 65536, 0) = 240
pread64(3</tmp/nia-publication-fault-tj331zq_/case/store/objects/32/094e7c613fdb6dffb1f27d926b176f7fd8946b8c2cf3ca9e3b95cb91a1a8ca>, "", 65296, 240) = 0
pread64(3</tmp/nia-publication-fault-tj331zq_/case/store/objects/32/094e7c613fdb6dffb1f27d926b176f7fd8946b8c2cf3ca9e3b95cb91a1a8ca>, "", 65536, 240) = 0
fsync(16</tmp/nia-publication-fault-tj331zq_/case/store/incoming>) = 0
pread64(3</tmp/nia-publication-fault-tj331zq_/case/store/objects/8e/e688345e1d9502ee8cd7277a453c30bfb77b947201beb3300e9df2b8ca321d>, "\0\0\0\0\0\0\0\10NIACSEL1\273\343\341b6\331$M\267\345\300\262\251\302\306\27f\270\251!\330\260\227\374\323p\347\177\25.\3311\0\0\0\0\0\0\0\1\f\241y\346\276\376\267a\363a?\36\365|\250\222\353\303\246\242(\334\243/\23\t\360\254\6\247\336~J6\366\353|\33#j"..., 65536, 0) = 152
pread64(3</tmp/nia-publication-fault-tj331zq_/case/store/objects/8e/e688345e1d9502ee8cd7277a453c30bfb77b947201beb3300e9df2b8ca321d>, "", 65384, 152) = 0
pread64(3</tmp/nia-publication-fault-tj331zq_/case/store/objects/8e/e688345e1d9502ee8cd7277a453c30bfb77b947201beb3300e9df2b8ca321d>, "", 65536, 152) = 0
pread64(3</tmp/nia-publication-fault-tj331zq_/case/store/objects/8e/e688345e1d9502ee8cd7277a453c30bfb77b947201beb3300e9df2b8ca321d>, "\0\0\0\0\0\0\0\10NIACSEL1\273\343\341b6\331$M\267\345\300\262\251\302\306\27f\270\251!\330\260\227\374\323p\347\177\25.\3311\0\0\0\0\0\0\0\1\f\241y\346\276\376\267a\363a?\36\365|\250\222\353\303\246\242(\334\243/\23\t\360\254\6\247\336~J6\366\353|\33#j"..., 393272, 0) = 152
pread64(3</tmp/nia-publication-fault-tj331zq_/case/store/objects/8e/e688345e1d9502ee8cd7277a453c30bfb77b947201beb3300e9df2b8ca321d>, "", 393120, 152) = 0
pread64(3</tmp/nia-publication-fault-tj331zq_/case/store/objects/0c/a179e6befeb761f3613f1ef57ca892ebc3a6a228dca32f1309f0ac06a7de7e>, "!<arch>\ndebian-binary/  0           0     0     100644  4         `\n2.0\ncontrol.tar/    0       "..., 65536, 0) = 20672
pread64(3</tmp/nia-publication-fault-tj331zq_/case/store/objects/0c/a179e6befeb761f3613f1ef57ca892ebc3a6a228dca32f1309f0ac06a7de7e>, "", 44864, 20672) = 0
pread64(3</tmp/nia-publication-fault-tj331zq_/case/store/objects/0c/a179e6befeb761f3613f1ef57ca892ebc3a6a228dca32f1309f0ac06a7de7e>, "", 65536, 20672) = 0
pread64(3</tmp/nia-publication-fault-tj331zq_/case/store/objects/0c/a179e6befeb761f3613f1ef57ca892ebc3a6a228dca32f1309f0ac06a7de7e>, "!<arch>\n", 8, 0) = 8
pread64(3</tmp/nia-publication-fault-tj331zq_/case/store/objects/0c/a179e6befeb761f3613f1ef57ca892ebc3a6a228dca32f1309f0ac06a7de7e>, "debian-binary/  0           0     0     100644  4         `\n", 60, 8) = 60
pread64(3</tmp/nia-publication-fault-tj331zq_/case/store/objects/0c/a179e6befeb761f3613f1ef57ca892ebc3a6a228dca32f1309f0ac06a7de7e>, "2.0\n", 4, 68) = 4
pread64(3</tmp/nia-publication-fault-tj331zq_/case/store/objects/0c/a179e6befeb761f3613f1ef57ca892ebc3a6a228dca32f1309f0ac06a7de7e>, "2.0\n", 4, 68) = 4
pread64(3</tmp/nia-publication-fault-tj331zq_/case/store/objects/0c/a179e6befeb761f3613f1ef57ca892ebc3a6a228dca32f1309f0ac06a7de7e>, "control.tar/    0           0     0     100644  10240     `\n", 60, 72) = 60
pread64(3</tmp/nia-publication-fault-tj331zq_/case/store/objects/0c/a179e6befeb761f3613f1ef57ca892ebc3a6a228dca32f1309f0ac06a7de7e>, "./control\0\0\0\0\0\0\0\0\0\0\0\0\0\0\0\0\0\0\0\0\0\0\0\0\0\0\0\0\0\0\0\0\0\0\0\0\0\0\0\0\0\0\0\0\0\0\0\0\0\0\0\0\0\0\0\0\0\0\0\0\0\0\0\0\0\0\0\0\0\0\0\0\0\0\0\0\0\0\0\0\0\0\0\0\0\0\0"..., 10240, 132) = 10240
pread64(3</tmp/nia-publication-fault-tj331zq_/case/store/objects/0c/a179e6befeb761f3613f1ef57ca892ebc3a6a228dca32f1309f0ac06a7de7e>, "data.tar/       0           0     0     100644  10240     `\n", 60, 10372) = 60
pread64(3</tmp/nia-publication-fault-tj331zq_/case/store/objects/0c/a179e6befeb761f3613f1ef57ca892ebc3a6a228dca32f1309f0ac06a7de7e>, "\0\0\0\0\0\0\0\0\0\0\0\0\0\0\0\0\0\0\0\0\0\0\0\0\0\0\0\0\0\0\0\0\0\0\0\0\0\0\0\0\0\0\0\0\0\0\0\0\0\0\0\0\0\0\0\0\0\0\0\0\0\0\0\0\0\0\0\0\0\0\0\0\0\0\0\0\0\0\0\0\0\0\0\0\0\0\0\0\0\0\0\0\0\0\0\0"..., 10240, 10432) = 10240
pread64(3</tmp/nia-publication-fault-tj331zq_/case/store/objects/0c/a179e6befeb761f3613f1ef57ca892ebc3a6a228dca32f1309f0ac06a7de7e>, "!<arch>\ndebian-binary/  0           0     0     100644  4         `\n2.0\ncontrol.tar/    0       "..., 65536, 0) = 20672
pread64(3</tmp/nia-publication-fault-tj331zq_/case/store/objects/0c/a179e6befeb761f3613f1ef57ca892ebc3a6a228dca32f1309f0ac06a7de7e>, "", 44864, 20672) = 0
pread64(3</tmp/nia-publication-fault-tj331zq_/case/store/objects/0c/a179e6befeb761f3613f1ef57ca892ebc3a6a228dca32f1309f0ac06a7de7e>, "", 65536, 20672) = 0
pread64(3</tmp/nia-publication-fault-tj331zq_/case/store/objects/0c/a179e6befeb761f3613f1ef57ca892ebc3a6a228dca32f1309f0ac06a7de7e>, "!<arch>\n", 8, 0) = 8
pread64(3</tmp/nia-publication-fault-tj331zq_/case/store/objects/0c/a179e6befeb761f3613f1ef57ca892ebc3a6a228dca32f1309f0ac06a7de7e>, "debian-binary/  0           0     0     100644  4         `\n", 60, 8) = 60
pread64(3</tmp/nia-publication-fault-tj331zq_/case/store/objects/0c/a179e6befeb761f3613f1ef57ca892ebc3a6a228dca32f1309f0ac06a7de7e>, "2.0\n", 4, 68) = 4
pread64(3</tmp/nia-publication-fault-tj331zq_/case/store/objects/0c/a179e6befeb761f3613f1ef57ca892ebc3a6a228dca32f1309f0ac06a7de7e>, "2.0\n", 4, 68) = 4
pread64(3</tmp/nia-publication-fault-tj331zq_/case/store/objects/0c/a179e6befeb761f3613f1ef57ca892ebc3a6a228dca32f1309f0ac06a7de7e>, "control.tar/    0           0     0     100644  10240     `\n", 60, 72) = 60
pread64(3</tmp/nia-publication-fault-tj331zq_/case/store/objects/0c/a179e6befeb761f3613f1ef57ca892ebc3a6a228dca32f1309f0ac06a7de7e>, "./control\0\0\0\0\0\0\0\0\0\0\0\0\0\0\0\0\0\0\0\0\0\0\0\0\0\0\0\0\0\0\0\0\0\0\0\0\0\0\0\0\0\0\0\0\0\0\0\0\0\0\0\0\0\0\0\0\0\0\0\0\0\0\0\0\0\0\0\0\0\0\0\0\0\0\0\0\0\0\0\0\0\0\0\0\0\0\0"..., 10240, 132) = 10240
pread64(3</tmp/nia-publication-fault-tj331zq_/case/store/objects/0c/a179e6befeb761f3613f1ef57ca892ebc3a6a228dca32f1309f0ac06a7de7e>, "data.tar/       0           0     0     100644  10240     `\n", 60, 10372) = 60
pread64(3</tmp/nia-publication-fault-tj331zq_/case/store/objects/0c/a179e6befeb761f3613f1ef57ca892ebc3a6a228dca32f1309f0ac06a7de7e>, "\0\0\0\0\0\0\0\0\0\0\0\0\0\0\0\0\0\0\0\0\0\0\0\0\0\0\0\0\0\0\0\0\0\0\0\0\0\0\0\0\0\0\0\0\0\0\0\0\0\0\0\0\0\0\0\0\0\0\0\0\0\0\0\0\0\0\0\0\0\0\0\0\0\0\0\0\0\0\0\0\0\0\0\0\0\0\0\0\0\0\0\0\0\0\0\0"..., 10240, 10432) = 10240
fsync(17</tmp/nia-publication-fault-tj331zq_/case/store/incoming>) = 0
pread64(3</tmp/nia-publication-fault-tj331zq_/case/store/objects/0c/a179e6befeb761f3613f1ef57ca892ebc3a6a228dca32f1309f0ac06a7de7e>, "\0\0\0\0\0\0\0\0\0\0\0\0\0\0\0\0\0\0\0\0\0\0\0\0\0\0\0\0\0\0\0\0\0\0\0\0\0\0\0\0\0\0\0\0\0\0\0\0\0\0\0\0\0\0\0\0\0\0\0\0\0\0\0\0\0\0\0\0\0\0\0\0\0\0\0\0\0\0\0\0\0\0\0\0\0\0\0\0\0\0\0\0\0\0\0\0"..., 10240, 10432) = 10240
write(16</tmp/nia-publication-fault-tj331zq_/case/store/incoming/dc0e6b6cc5a931bbeff00908c3816986>, "\0\0\0\0\0\0\0\0\0\0\0\0\0\0\0\0\0\0\0\0\0\0\0\0\0\0\0\0\0\0\0\0\0\0\0\0\0\0\0\0\0\0\0\0\0\0\0\0\0\0\0\0\0\0\0\0\0\0\0\0\0\0\0\0\0\0\0\0\0\0\0\0\0\0\0\0\0\0\0\0\0\0\0\0\0\0\0\0\0\0\0\0\0\0\0\0"..., 10240) = 10240
fsync(16</tmp/nia-publication-fault-tj331zq_/case/store/incoming/dc0e6b6cc5a931bbeff00908c3816986>) = 0
renameat2(17</tmp/nia-publication-fault-tj331zq_/case/store/incoming>, "dc0e6b6cc5a931bbeff00908c3816986", 16</tmp/nia-publication-fault-tj331zq_/case/store/objects/84>, "ff92691f909a05b224e1c56abb4864f01b4f8e3c854e4bb4c7baf1d3f6d652", RENAME_NOREPLACE) = -1 EEXIST (File exists)
pread64(16</tmp/nia-publication-fault-tj331zq_/case/store/objects/84/ff92691f909a05b224e1c56abb4864f01b4f8e3c854e4bb4c7baf1d3f6d652>, "\0\0\0\0\0\0\0\0\0\0\0\0\0\0\0\0\0\0\0\0\0\0\0\0\0\0\0\0\0\0\0\0\0\0\0\0\0\0\0\0\0\0\0\0\0\0\0\0\0\0\0\0\0\0\0\0\0\0\0\0\0\0\0\0\0\0\0\0\0\0\0\0\0\0\0\0\0\0\0\0\0\0\0\0\0\0\0\0\0\0\0\0\0\0\0\0"..., 65536, 0) = 10240
pread64(16</tmp/nia-publication-fault-tj331zq_/case/store/objects/84/ff92691f909a05b224e1c56abb4864f01b4f8e3c854e4bb4c7baf1d3f6d652>, "", 55296, 10240) = 0
pread64(16</tmp/nia-publication-fault-tj331zq_/case/store/objects/84/ff92691f909a05b224e1c56abb4864f01b4f8e3c854e4bb4c7baf1d3f6d652>, "", 65536, 10240) = 0
fsync(17</tmp/nia-publication-fault-tj331zq_/case/store/incoming>) = 0
pread64(3</tmp/nia-publication-fault-tj331zq_/case/store/objects/84/ff92691f909a05b224e1c56abb4864f01b4f8e3c854e4bb4c7baf1d3f6d652>, "\0\0\0\0\0\0\0\0\0\0\0\0\0\0\0\0\0\0\0\0\0\0\0\0\0\0\0\0\0\0\0\0\0\0\0\0\0\0\0\0\0\0\0\0\0\0\0\0\0\0\0\0\0\0\0\0\0\0\0\0\0\0\0\0\0\0\0\0\0\0\0\0\0\0\0\0\0\0\0\0\0\0\0\0\0\0\0\0\0\0\0\0\0\0\0\0"..., 65536, 0) = 10240
pread64(3</tmp/nia-publication-fault-tj331zq_/case/store/objects/84/ff92691f909a05b224e1c56abb4864f01b4f8e3c854e4bb4c7baf1d3f6d652>, "", 55296, 10240) = 0
pread64(3</tmp/nia-publication-fault-tj331zq_/case/store/objects/84/ff92691f909a05b224e1c56abb4864f01b4f8e3c854e4bb4c7baf1d3f6d652>, "", 65536, 10240) = 0
pread64(3</tmp/nia-publication-fault-tj331zq_/case/store/objects/84/ff92691f909a05b224e1c56abb4864f01b4f8e3c854e4bb4c7baf1d3f6d652>, "\0\0\0\0\0\0\0\0\0\0\0\0\0\0\0\0\0\0\0\0\0\0\0\0\0\0\0\0\0\0\0\0\0\0\0\0\0\0\0\0\0\0\0\0\0\0\0\0\0\0\0\0\0\0\0\0\0\0\0\0\0\0\0\0\0\0\0\0\0\0\0\0\0\0\0\0\0\0\0\0\0\0\0\0\0\0\0\0\0\0\0\0\0\0\0\0"..., 10240, 0) = 10240
fsync(17</tmp/nia-publication-fault-tj331zq_/case/store/incoming>) = 0
pread64(3</tmp/nia-publication-fault-tj331zq_/case/store/objects/84/ff92691f909a05b224e1c56abb4864f01b4f8e3c854e4bb4c7baf1d3f6d652>, "\0\0\0\0\0\0\0\0\0\0\0\0\0\0\0\0\0\0\0\0\0\0\0\0\0\0\0\0\0\0\0\0\0\0\0\0\0\0\0\0\0\0\0\0\0\0\0\0\0\0\0\0\0\0\0\0\0\0\0\0\0\0\0\0\0\0\0\0\0\0\0\0\0\0\0\0\0\0\0\0\0\0\0\0\0\0\0\0\0\0\0\0\0\0\0\0"..., 10240, 0) = 10240
write(16</tmp/nia-publication-fault-tj331zq_/case/store/incoming/311ec0de9b36213c0b3237307b4f1cb3>, "\0\0\0\0\0\0\0\0\0\0\0\0\0\0\0\0\0\0\0\0\0\0\0\0\0\0\0\0\0\0\0\0\0\0\0\0\0\0\0\0\0\0\0\0\0\0\0\0\0\0\0\0\0\0\0\0\0\0\0\0\0\0\0\0\0\0\0\0\0\0\0\0\0\0\0\0\0\0\0\0\0\0\0\0\0\0\0\0\0\0\0\0\0\0\0\0"..., 10240) = 10240
fsync(16</tmp/nia-publication-fault-tj331zq_/case/store/incoming/311ec0de9b36213c0b3237307b4f1cb3>) = 0
renameat2(17</tmp/nia-publication-fault-tj331zq_/case/store/incoming>, "311ec0de9b36213c0b3237307b4f1cb3", 16</tmp/nia-publication-fault-tj331zq_/case/store/objects/84>, "ff92691f909a05b224e1c56abb4864f01b4f8e3c854e4bb4c7baf1d3f6d652", RENAME_NOREPLACE) = -1 EEXIST (File exists)
pread64(16</tmp/nia-publication-fault-tj331zq_/case/store/objects/84/ff92691f909a05b224e1c56abb4864f01b4f8e3c854e4bb4c7baf1d3f6d652>, "\0\0\0\0\0\0\0\0\0\0\0\0\0\0\0\0\0\0\0\0\0\0\0\0\0\0\0\0\0\0\0\0\0\0\0\0\0\0\0\0\0\0\0\0\0\0\0\0\0\0\0\0\0\0\0\0\0\0\0\0\0\0\0\0\0\0\0\0\0\0\0\0\0\0\0\0\0\0\0\0\0\0\0\0\0\0\0\0\0\0\0\0\0\0\0\0"..., 65536, 0) = 10240
pread64(16</tmp/nia-publication-fault-tj331zq_/case/store/objects/84/ff92691f909a05b224e1c56abb4864f01b4f8e3c854e4bb4c7baf1d3f6d652>, "", 55296, 10240) = 0
pread64(16</tmp/nia-publication-fault-tj331zq_/case/store/objects/84/ff92691f909a05b224e1c56abb4864f01b4f8e3c854e4bb4c7baf1d3f6d652>, "", 65536, 10240) = 0
fsync(17</tmp/nia-publication-fault-tj331zq_/case/store/incoming>) = 0
pread64(3</tmp/nia-publication-fault-tj331zq_/case/store/objects/84/ff92691f909a05b224e1c56abb4864f01b4f8e3c854e4bb4c7baf1d3f6d652>, "\0\0\0\0\0\0\0\0\0\0\0\0\0\0\0\0\0\0\0\0\0\0\0\0\0\0\0\0\0\0\0\0\0\0\0\0\0\0\0\0\0\0\0\0\0\0\0\0\0\0\0\0\0\0\0\0\0\0\0\0\0\0\0\0\0\0\0\0\0\0\0\0\0\0\0\0\0\0\0\0\0\0\0\0\0\0\0\0\0\0\0\0\0\0\0\0"..., 65536, 0) = 10240
pread64(3</tmp/nia-publication-fault-tj331zq_/case/store/objects/84/ff92691f909a05b224e1c56abb4864f01b4f8e3c854e4bb4c7baf1d3f6d652>, "", 55296, 10240) = 0
pread64(3</tmp/nia-publication-fault-tj331zq_/case/store/objects/84/ff92691f909a05b224e1c56abb4864f01b4f8e3c854e4bb4c7baf1d3f6d652>, "", 65536, 10240) = 0
pread64(3</tmp/nia-publication-fault-tj331zq_/case/store/objects/84/ff92691f909a05b224e1c56abb4864f01b4f8e3c854e4bb4c7baf1d3f6d652>, "\0\0\0\0\0\0\0\0\0\0\0\0\0\0\0\0\0\0\0\0\0\0\0\0\0\0\0\0\0\0\0\0\0\0\0\0\0\0\0\0\0\0\0\0\0\0\0\0\0\0\0\0\0\0\0\0\0\0\0\0\0\0\0\0\0\0\0\0\0\0\0\0\0\0\0\0\0\0\0\0\0\0\0\0\0\0\0\0\0\0\0\0\0\0\0\0"..., 512, 0) = 512
pread64(3</tmp/nia-publication-fault-tj331zq_/case/store/objects/84/ff92691f909a05b224e1c56abb4864f01b4f8e3c854e4bb4c7baf1d3f6d652>, "\0\0\0\0\0\0\0\0\0\0\0\0\0\0\0\0\0\0\0\0\0\0\0\0\0\0\0\0\0\0\0\0\0\0\0\0\0\0\0\0\0\0\0\0\0\0\0\0\0\0\0\0\0\0\0\0\0\0\0\0\0\0\0\0\0\0\0\0\0\0\0\0\0\0\0\0\0\0\0\0\0\0\0\0\0\0\0\0\0\0\0\0\0\0\0\0"..., 9728, 512) = 9728
pread64(3</tmp/nia-publication-fault-tj331zq_/case/store/objects/0c/a179e6befeb761f3613f1ef57ca892ebc3a6a228dca32f1309f0ac06a7de7e>, "!<arch>\ndebian-binary/  0           0     0     100644  4         `\n2.0\ncontrol.tar/    0       "..., 65536, 0) = 20672
pread64(3</tmp/nia-publication-fault-tj331zq_/case/store/objects/0c/a179e6befeb761f3613f1ef57ca892ebc3a6a228dca32f1309f0ac06a7de7e>, "", 44864, 20672) = 0
pread64(3</tmp/nia-publication-fault-tj331zq_/case/store/objects/0c/a179e6befeb761f3613f1ef57ca892ebc3a6a228dca32f1309f0ac06a7de7e>, "", 65536, 20672) = 0
pread64(3</tmp/nia-publication-fault-tj331zq_/case/store/objects/0c/a179e6befeb761f3613f1ef57ca892ebc3a6a228dca32f1309f0ac06a7de7e>, "!<arch>\n", 8, 0) = 8
pread64(3</tmp/nia-publication-fault-tj331zq_/case/store/objects/0c/a179e6befeb761f3613f1ef57ca892ebc3a6a228dca32f1309f0ac06a7de7e>, "debian-binary/  0           0     0     100644  4         `\n", 60, 8) = 60
pread64(3</tmp/nia-publication-fault-tj331zq_/case/store/objects/0c/a179e6befeb761f3613f1ef57ca892ebc3a6a228dca32f1309f0ac06a7de7e>, "2.0\n", 4, 68) = 4
pread64(3</tmp/nia-publication-fault-tj331zq_/case/store/objects/0c/a179e6befeb761f3613f1ef57ca892ebc3a6a228dca32f1309f0ac06a7de7e>, "2.0\n", 4, 68) = 4
pread64(3</tmp/nia-publication-fault-tj331zq_/case/store/objects/0c/a179e6befeb761f3613f1ef57ca892ebc3a6a228dca32f1309f0ac06a7de7e>, "control.tar/    0           0     0     100644  10240     `\n", 60, 72) = 60
pread64(3</tmp/nia-publication-fault-tj331zq_/case/store/objects/0c/a179e6befeb761f3613f1ef57ca892ebc3a6a228dca32f1309f0ac06a7de7e>, "./control\0\0\0\0\0\0\0\0\0\0\0\0\0\0\0\0\0\0\0\0\0\0\0\0\0\0\0\0\0\0\0\0\0\0\0\0\0\0\0\0\0\0\0\0\0\0\0\0\0\0\0\0\0\0\0\0\0\0\0\0\0\0\0\0\0\0\0\0\0\0\0\0\0\0\0\0\0\0\0\0\0\0\0\0\0\0\0"..., 10240, 132) = 10240
pread64(3</tmp/nia-publication-fault-tj331zq_/case/store/objects/0c/a179e6befeb761f3613f1ef57ca892ebc3a6a228dca32f1309f0ac06a7de7e>, "data.tar/       0           0     0     100644  10240     `\n", 60, 10372) = 60
pread64(3</tmp/nia-publication-fault-tj331zq_/case/store/objects/0c/a179e6befeb761f3613f1ef57ca892ebc3a6a228dca32f1309f0ac06a7de7e>, "\0\0\0\0\0\0\0\0\0\0\0\0\0\0\0\0\0\0\0\0\0\0\0\0\0\0\0\0\0\0\0\0\0\0\0\0\0\0\0\0\0\0\0\0\0\0\0\0\0\0\0\0\0\0\0\0\0\0\0\0\0\0\0\0\0\0\0\0\0\0\0\0\0\0\0\0\0\0\0\0\0\0\0\0\0\0\0\0\0\0\0\0\0\0\0\0"..., 10240, 10432) = 10240
pread64(3</tmp/nia-publication-fault-tj331zq_/case/store/objects/0c/a179e6befeb761f3613f1ef57ca892ebc3a6a228dca32f1309f0ac06a7de7e>, "!<arch>\ndebian-binary/  0           0     0     100644  4         `\n2.0\ncontrol.tar/    0       "..., 65536, 0) = 20672
pread64(3</tmp/nia-publication-fault-tj331zq_/case/store/objects/0c/a179e6befeb761f3613f1ef57ca892ebc3a6a228dca32f1309f0ac06a7de7e>, "", 44864, 20672) = 0
pread64(3</tmp/nia-publication-fault-tj331zq_/case/store/objects/0c/a179e6befeb761f3613f1ef57ca892ebc3a6a228dca32f1309f0ac06a7de7e>, "", 65536, 20672) = 0
pread64(3</tmp/nia-publication-fault-tj331zq_/case/store/objects/0c/a179e6befeb761f3613f1ef57ca892ebc3a6a228dca32f1309f0ac06a7de7e>, "!<arch>\n", 8, 0) = 8
pread64(3</tmp/nia-publication-fault-tj331zq_/case/store/objects/0c/a179e6befeb761f3613f1ef57ca892ebc3a6a228dca32f1309f0ac06a7de7e>, "debian-binary/  0           0     0     100644  4         `\n", 60, 8) = 60
pread64(3</tmp/nia-publication-fault-tj331zq_/case/store/objects/0c/a179e6befeb761f3613f1ef57ca892ebc3a6a228dca32f1309f0ac06a7de7e>, "2.0\n", 4, 68) = 4
pread64(3</tmp/nia-publication-fault-tj331zq_/case/store/objects/0c/a179e6befeb761f3613f1ef57ca892ebc3a6a228dca32f1309f0ac06a7de7e>, "2.0\n", 4, 68) = 4
pread64(3</tmp/nia-publication-fault-tj331zq_/case/store/objects/0c/a179e6befeb761f3613f1ef57ca892ebc3a6a228dca32f1309f0ac06a7de7e>, "control.tar/    0           0     0     100644  10240     `\n", 60, 72) = 60
pread64(3</tmp/nia-publication-fault-tj331zq_/case/store/objects/0c/a179e6befeb761f3613f1ef57ca892ebc3a6a228dca32f1309f0ac06a7de7e>, "./control\0\0\0\0\0\0\0\0\0\0\0\0\0\0\0\0\0\0\0\0\0\0\0\0\0\0\0\0\0\0\0\0\0\0\0\0\0\0\0\0\0\0\0\0\0\0\0\0\0\0\0\0\0\0\0\0\0\0\0\0\0\0\0\0\0\0\0\0\0\0\0\0\0\0\0\0\0\0\0\0\0\0\0\0\0\0\0"..., 10240, 132) = 10240
pread64(3</tmp/nia-publication-fault-tj331zq_/case/store/objects/0c/a179e6befeb761f3613f1ef57ca892ebc3a6a228dca32f1309f0ac06a7de7e>, "data.tar/       0           0     0     100644  10240     `\n", 60, 10372) = 60
pread64(3</tmp/nia-publication-fault-tj331zq_/case/store/objects/0c/a179e6befeb761f3613f1ef57ca892ebc3a6a228dca32f1309f0ac06a7de7e>, "\0\0\0\0\0\0\0\0\0\0\0\0\0\0\0\0\0\0\0\0\0\0\0\0\0\0\0\0\0\0\0\0\0\0\0\0\0\0\0\0\0\0\0\0\0\0\0\0\0\0\0\0\0\0\0\0\0\0\0\0\0\0\0\0\0\0\0\0\0\0\0\0\0\0\0\0\0\0\0\0\0\0\0\0\0\0\0\0\0\0\0\0\0\0\0\0"..., 10240, 10432) = 10240
fsync(17</tmp/nia-publication-fault-tj331zq_/case/store/incoming>) = 0
pread64(3</tmp/nia-publication-fault-tj331zq_/case/store/objects/0c/a179e6befeb761f3613f1ef57ca892ebc3a6a228dca32f1309f0ac06a7de7e>, "./control\0\0\0\0\0\0\0\0\0\0\0\0\0\0\0\0\0\0\0\0\0\0\0\0\0\0\0\0\0\0\0\0\0\0\0\0\0\0\0\0\0\0\0\0\0\0\0\0\0\0\0\0\0\0\0\0\0\0\0\0\0\0\0\0\0\0\0\0\0\0\0\0\0\0\0\0\0\0\0\0\0\0\0\0\0\0\0"..., 10240, 132) = 10240
write(16</tmp/nia-publication-fault-tj331zq_/case/store/incoming/8ae4ee8077d5f8be6cc58d5bca7fc5d8>, "./control\0\0\0\0\0\0\0\0\0\0\0\0\0\0\0\0\0\0\0\0\0\0\0\0\0\0\0\0\0\0\0\0\0\0\0\0\0\0\0\0\0\0\0\0\0\0\0\0\0\0\0\0\0\0\0\0\0\0\0\0\0\0\0\0\0\0\0\0\0\0\0\0\0\0\0\0\0\0\0\0\0\0\0\0\0\0\0"..., 10240) = 10240
fsync(16</tmp/nia-publication-fault-tj331zq_/case/store/incoming/8ae4ee8077d5f8be6cc58d5bca7fc5d8>) = 0
renameat2(17</tmp/nia-publication-fault-tj331zq_/case/store/incoming>, "8ae4ee8077d5f8be6cc58d5bca7fc5d8", 16</tmp/nia-publication-fault-tj331zq_/case/store/objects/4a>, "36f6eb7c1b236ab6cb28ddb882919e888bf393dfc00d93008ad6730697f8f7", RENAME_NOREPLACE) = -1 EEXIST (File exists)
pread64(16</tmp/nia-publication-fault-tj331zq_/case/store/objects/4a/36f6eb7c1b236ab6cb28ddb882919e888bf393dfc00d93008ad6730697f8f7>, "./control\0\0\0\0\0\0\0\0\0\0\0\0\0\0\0\0\0\0\0\0\0\0\0\0\0\0\0\0\0\0\0\0\0\0\0\0\0\0\0\0\0\0\0\0\0\0\0\0\0\0\0\0\0\0\0\0\0\0\0\0\0\0\0\0\0\0\0\0\0\0\0\0\0\0\0\0\0\0\0\0\0\0\0\0\0\0\0"..., 65536, 0) = 10240
pread64(16</tmp/nia-publication-fault-tj331zq_/case/store/objects/4a/36f6eb7c1b236ab6cb28ddb882919e888bf393dfc00d93008ad6730697f8f7>, "", 55296, 10240) = 0
pread64(16</tmp/nia-publication-fault-tj331zq_/case/store/objects/4a/36f6eb7c1b236ab6cb28ddb882919e888bf393dfc00d93008ad6730697f8f7>, "", 65536, 10240) = 0
fsync(17</tmp/nia-publication-fault-tj331zq_/case/store/incoming>) = 0
pread64(3</tmp/nia-publication-fault-tj331zq_/case/store/objects/4a/36f6eb7c1b236ab6cb28ddb882919e888bf393dfc00d93008ad6730697f8f7>, "./control\0\0\0\0\0\0\0\0\0\0\0\0\0\0\0\0\0\0\0\0\0\0\0\0\0\0\0\0\0\0\0\0\0\0\0\0\0\0\0\0\0\0\0\0\0\0\0\0\0\0\0\0\0\0\0\0\0\0\0\0\0\0\0\0\0\0\0\0\0\0\0\0\0\0\0\0\0\0\0\0\0\0\0\0\0\0\0"..., 65536, 0) = 10240
pread64(3</tmp/nia-publication-fault-tj331zq_/case/store/objects/4a/36f6eb7c1b236ab6cb28ddb882919e888bf393dfc00d93008ad6730697f8f7>, "", 55296, 10240) = 0
pread64(3</tmp/nia-publication-fault-tj331zq_/case/store/objects/4a/36f6eb7c1b236ab6cb28ddb882919e888bf393dfc00d93008ad6730697f8f7>, "", 65536, 10240) = 0
pread64(3</tmp/nia-publication-fault-tj331zq_/case/store/objects/4a/36f6eb7c1b236ab6cb28ddb882919e888bf393dfc00d93008ad6730697f8f7>, "./control\0\0\0\0\0\0\0\0\0\0\0\0\0\0\0\0\0\0\0\0\0\0\0\0\0\0\0\0\0\0\0\0\0\0\0\0\0\0\0\0\0\0\0\0\0\0\0\0\0\0\0\0\0\0\0\0\0\0\0\0\0\0\0\0\0\0\0\0\0\0\0\0\0\0\0\0\0\0\0\0\0\0\0\0\0\0\0"..., 10240, 0) = 10240
fsync(17</tmp/nia-publication-fault-tj331zq_/case/store/incoming>) = 0
write(16</tmp/nia-publication-fault-tj331zq_/case/store/incoming/337803c8d989f168ddff4259332855ec>, "Package: empty-package\nVersion: 1\nArchitecture: all\nMaintainer: Fixture <fixture@example.invalid"..., 149) = 149
fsync(16</tmp/nia-publication-fault-tj331zq_/case/store/incoming/337803c8d989f168ddff4259332855ec>) = 0
renameat2(17</tmp/nia-publication-fault-tj331zq_/case/store/incoming>, "337803c8d989f168ddff4259332855ec", 16</tmp/nia-publication-fault-tj331zq_/case/store/objects/a3>, "1a856f430af395bccd7eb2f142b11ad3ae0fc5daf3acc4ffb341c48a5abd39", RENAME_NOREPLACE) = -1 EEXIST (File exists)
pread64(16</tmp/nia-publication-fault-tj331zq_/case/store/objects/a3/1a856f430af395bccd7eb2f142b11ad3ae0fc5daf3acc4ffb341c48a5abd39>, "Package: empty-package\nVersion: 1\nArchitecture: all\nMaintainer: Fixture <fixture@example.invalid"..., 65536, 0) = 149
pread64(16</tmp/nia-publication-fault-tj331zq_/case/store/objects/a3/1a856f430af395bccd7eb2f142b11ad3ae0fc5daf3acc4ffb341c48a5abd39>, "", 65387, 149) = 0
pread64(16</tmp/nia-publication-fault-tj331zq_/case/store/objects/a3/1a856f430af395bccd7eb2f142b11ad3ae0fc5daf3acc4ffb341c48a5abd39>, "", 65536, 149) = 0
fsync(17</tmp/nia-publication-fault-tj331zq_/case/store/incoming>) = 0
pread64(3</tmp/nia-publication-fault-tj331zq_/case/store/objects/a3/1a856f430af395bccd7eb2f142b11ad3ae0fc5daf3acc4ffb341c48a5abd39>, "Package: empty-package\nVersion: 1\nArchitecture: all\nMaintainer: Fixture <fixture@example.invalid"..., 65536, 0) = 149
pread64(3</tmp/nia-publication-fault-tj331zq_/case/store/objects/a3/1a856f430af395bccd7eb2f142b11ad3ae0fc5daf3acc4ffb341c48a5abd39>, "", 65387, 149) = 0
pread64(3</tmp/nia-publication-fault-tj331zq_/case/store/objects/a3/1a856f430af395bccd7eb2f142b11ad3ae0fc5daf3acc4ffb341c48a5abd39>, "", 65536, 149) = 0
pread64(3</tmp/nia-publication-fault-tj331zq_/case/store/objects/a3/1a856f430af395bccd7eb2f142b11ad3ae0fc5daf3acc4ffb341c48a5abd39>, "Package: empty-package\nVersion: 1\nArchitecture: all\nMaintainer: Fixture <fixture@example.invalid"..., 16777216, 0) = 149
pread64(3</tmp/nia-publication-fault-tj331zq_/case/store/objects/a3/1a856f430af395bccd7eb2f142b11ad3ae0fc5daf3acc4ffb341c48a5abd39>, "", 16777067, 149) = 0
pread64(3</tmp/nia-publication-fault-tj331zq_/case/store/objects/a3/1a856f430af395bccd7eb2f142b11ad3ae0fc5daf3acc4ffb341c48a5abd39>, "Package: empty-package\nVersion: 1\nArchitecture: all\nMaintainer: Fixture <fixture@example.invalid"..., 65536, 0) = 149
pread64(3</tmp/nia-publication-fault-tj331zq_/case/store/objects/a3/1a856f430af395bccd7eb2f142b11ad3ae0fc5daf3acc4ffb341c48a5abd39>, "", 65387, 149) = 0
pread64(3</tmp/nia-publication-fault-tj331zq_/case/store/objects/a3/1a856f430af395bccd7eb2f142b11ad3ae0fc5daf3acc4ffb341c48a5abd39>, "", 65536, 149) = 0
pread64(3</tmp/nia-publication-fault-tj331zq_/case/store/objects/a3/1a856f430af395bccd7eb2f142b11ad3ae0fc5daf3acc4ffb341c48a5abd39>, "Package: empty-package\nVersion: 1\nArchitecture: all\nMaintainer: Fixture <fixture@example.invalid"..., 16777216, 0) = 149
pread64(3</tmp/nia-publication-fault-tj331zq_/case/store/objects/a3/1a856f430af395bccd7eb2f142b11ad3ae0fc5daf3acc4ffb341c48a5abd39>, "", 16777067, 149) = 0
pread64(3</tmp/nia-publication-fault-tj331zq_/case/store/objects/7c/28b05decc8f6bb33b6cf0f646c5af5aa8055e00a4cf6da1a746bd63b1d1ef2>, "MCPLAN02\37\37\37\37\37\37\37\37\37\37\37\37\37\37\37\37================\0\0\0\0\0\0\0\0\0\0\0\0\0\0\0\1\0\0\0\0\0\0\0\1\0\0\0\0\0\0\0\2\216\346\2104^\35\225\2\356\214\327'zE<0\277\267{\224r\1\276\263"..., 65536, 0) = 467
pread64(3</tmp/nia-publication-fault-tj331zq_/case/store/objects/7c/28b05decc8f6bb33b6cf0f646c5af5aa8055e00a4cf6da1a746bd63b1d1ef2>, "", 65069, 467) = 0
pread64(3</tmp/nia-publication-fault-tj331zq_/case/store/objects/7c/28b05decc8f6bb33b6cf0f646c5af5aa8055e00a4cf6da1a746bd63b1d1ef2>, "", 65536, 467) = 0
pread64(3</tmp/nia-publication-fault-tj331zq_/case/store/objects/7c/28b05decc8f6bb33b6cf0f646c5af5aa8055e00a4cf6da1a746bd63b1d1ef2>, "MCPLAN02\37\37\37\37\37\37\37\37\37\37\37\37\37\37\37\37================\0\0\0\0\0\0\0\0\0\0\0\0\0\0\0\1\0\0\0\0\0\0\0\1\0\0\0\0\0\0\0\2\216\346\2104^\35\225\2\356\214\327'zE<0\277\267{\224r\1\276\263"..., 4500000, 0) = 467
pread64(3</tmp/nia-publication-fault-tj331zq_/case/store/objects/7c/28b05decc8f6bb33b6cf0f646c5af5aa8055e00a4cf6da1a746bd63b1d1ef2>, "", 4499533, 467) = 0
pread64(3</tmp/nia-publication-fault-tj331zq_/case/store/pins/3d3d3d3d3d3d3d3d3d3d3d3d3d3d3d3d>, "|(\260]\354\310\366\2733\266\317\17dlZ\365\252\200U\340\nL\366\332\32tk\326;\35\36\362", 33, 0) = 32
pread64(3</tmp/nia-publication-fault-tj331zq_/case/store/pins/3d3d3d3d3d3d3d3d3d3d3d3d3d3d3d3d>, "", 1, 32) = 0
fsync(3</tmp/nia-publication-fault-tj331zq_/case/state>) = 0
pread64(16</tmp/nia-publication-fault-tj331zq_/case/state/tx-3d3d3d3d3d3d3d3d3d3d3d3d3d3d3d3d.log>, "MCLOG002\0\0\0\0\0\0\0\1\0\1\0\0\0\0\0\0\37\37\37\37\37\37\37\37\37\37\37\37\37\37\37\37================\0\0\0\0\0\0\0\1\0\0\0\0\0\0\0\2\0\0\0\0\0\0\0\0\0\0\0\0\0\0\0\1|(\260]\354\310\366\273"..., 256, 0) = 256
pread64(16</tmp/nia-publication-fault-tj331zq_/case/state/tx-3d3d3d3d3d3d3d3d3d3d3d3d3d3d3d3d.log>, "MCLOG002\0\0\0\0\0\0\0\2\0\2\0\0\0\0\0\0\37\37\37\37\37\37\37\37\37\37\37\37\37\37\37\37================\0\0\0\0\0\0\0\1\0\0\0\0\0\0\0\2\0\0\0\0\0\0\0\1\0\0\0\0\0\0\0\1|(\260]\354\310\366\273"..., 256, 256) = 256
pread64(16</tmp/nia-publication-fault-tj331zq_/case/state/tx-3d3d3d3d3d3d3d3d3d3d3d3d3d3d3d3d.log>, "MCLOG002\0\0\0\0\0\0\0\3\0\3\0\0\0\0\0\0\37\37\37\37\37\37\37\37\37\37\37\37\37\37\37\37================\0\0\0\0\0\0\0\1\0\0\0\0\0\0\0\2\0\0\0\0\0\0\0\1\0\0\0\0\0\0\0\1|(\260]\354\310\366\273"..., 256, 512) = 256
pread64(16</tmp/nia-publication-fault-tj331zq_/case/state/tx-3d3d3d3d3d3d3d3d3d3d3d3d3d3d3d3d.log>, "MCLOG002\0\0\0\0\0\0\0\4\0\4\0\0\0\0\0\0\37\37\37\37\37\37\37\37\37\37\37\37\37\37\37\37================\0\0\0\0\0\0\0\1\0\0\0\0\0\0\0\2\0\0\0\0\0\0\0\0\0\0\0\0\0\0\0\1|(\260]\354\310\366\273"..., 256, 768) = 256
pread64(16</tmp/nia-publication-fault-tj331zq_/case/state/tx-3d3d3d3d3d3d3d3d3d3d3d3d3d3d3d3d.log>, "MCLOG002\0\0\0\0\0\0\0\1\0\1\0\0\0\0\0\0\37\37\37\37\37\37\37\37\37\37\37\37\37\37\37\37================\0\0\0\0\0\0\0\1\0\0\0\0\0\0\0\2\0\0\0\0\0\0\0\0\0\0\0\0\0\0\0\1|(\260]\354\310\366\273"..., 256, 0) = 256
pread64(16</tmp/nia-publication-fault-tj331zq_/case/state/tx-3d3d3d3d3d3d3d3d3d3d3d3d3d3d3d3d.log>, "MCLOG002\0\0\0\0\0\0\0\2\0\2\0\0\0\0\0\0\37\37\37\37\37\37\37\37\37\37\37\37\37\37\37\37================\0\0\0\0\0\0\0\1\0\0\0\0\0\0\0\2\0\0\0\0\0\0\0\1\0\0\0\0\0\0\0\1|(\260]\354\310\366\273"..., 256, 256) = 256
pread64(16</tmp/nia-publication-fault-tj331zq_/case/state/tx-3d3d3d3d3d3d3d3d3d3d3d3d3d3d3d3d.log>, "MCLOG002\0\0\0\0\0\0\0\3\0\3\0\0\0\0\0\0\37\37\37\37\37\37\37\37\37\37\37\37\37\37\37\37================\0\0\0\0\0\0\0\1\0\0\0\0\0\0\0\2\0\0\0\0\0\0\0\1\0\0\0\0\0\0\0\1|(\260]\354\310\366\273"..., 256, 512) = 256
pread64(16</tmp/nia-publication-fault-tj331zq_/case/state/tx-3d3d3d3d3d3d3d3d3d3d3d3d3d3d3d3d.log>, "MCLOG002\0\0\0\0\0\0\0\4\0\4\0\0\0\0\0\0\37\37\37\37\37\37\37\37\37\37\37\37\37\37\37\37================\0\0\0\0\0\0\0\1\0\0\0\0\0\0\0\2\0\0\0\0\0\0\0\0\0\0\0\0\0\0\0\1|(\260]\354\310\366\273"..., 256, 768) = 256
pread64(3</tmp/nia-publication-fault-tj331zq_/case/state/root.state>, "MCROOT02\37\37\37\37\37\37\37\37\37\37\37\37\37\37\37\37\0\0\0\0\0\0\0\0================|(\260]\354\310\366\2733\266\317\17dlZ\365\252\200U\340\nL\366\332\32tk\326;\35\36\362\0\0\0\0\0\0\0\0\0\0\0\0\0\0\0\0"..., 192, 0) = 192
pread64(3</tmp/nia-publication-fault-tj331zq_/case/store/objects/7c/28b05decc8f6bb33b6cf0f646c5af5aa8055e00a4cf6da1a746bd63b1d1ef2>, "MCPLAN02\37\37\37\37\37\37\37\37\37\37\37\37\37\37\37\37================\0\0\0\0\0\0\0\0\0\0\0\0\0\0\0\1\0\0\0\0\0\0\0\1\0\0\0\0\0\0\0\2\216\346\2104^\35\225\2\356\214\327'zE<0\277\267{\224r\1\276\263"..., 4500000, 0) = 467
pread64(3</tmp/nia-publication-fault-tj331zq_/case/store/objects/7c/28b05decc8f6bb33b6cf0f646c5af5aa8055e00a4cf6da1a746bd63b1d1ef2>, "", 4499533, 467) = 0
pread64(3</tmp/nia-publication-fault-tj331zq_/case/store/pins/3d3d3d3d3d3d3d3d3d3d3d3d3d3d3d3d>, "|(\260]\354\310\366\2733\266\317\17dlZ\365\252\200U\340\nL\366\332\32tk\326;\35\36\362", 33, 0) = 32
pread64(3</tmp/nia-publication-fault-tj331zq_/case/store/pins/3d3d3d3d3d3d3d3d3d3d3d3d3d3d3d3d>, "", 1, 32) = 0
pread64(3</tmp/nia-publication-fault-tj331zq_/case/state/tx-3d3d3d3d3d3d3d3d3d3d3d3d3d3d3d3d.log>, "MCLOG002\0\0\0\0\0\0\0\1\0\1\0\0\0\0\0\0\37\37\37\37\37\37\37\37\37\37\37\37\37\37\37\37================\0\0\0\0\0\0\0\1\0\0\0\0\0\0\0\2\0\0\0\0\0\0\0\0\0\0\0\0\0\0\0\1|(\260]\354\310\366\273"..., 256, 0) = 256
pread64(3</tmp/nia-publication-fault-tj331zq_/case/state/tx-3d3d3d3d3d3d3d3d3d3d3d3d3d3d3d3d.log>, "MCLOG002\0\0\0\0\0\0\0\2\0\2\0\0\0\0\0\0\37\37\37\37\37\37\37\37\37\37\37\37\37\37\37\37================\0\0\0\0\0\0\0\1\0\0\0\0\0\0\0\2\0\0\0\0\0\0\0\1\0\0\0\0\0\0\0\1|(\260]\354\310\366\273"..., 256, 256) = 256
pread64(3</tmp/nia-publication-fault-tj331zq_/case/state/tx-3d3d3d3d3d3d3d3d3d3d3d3d3d3d3d3d.log>, "MCLOG002\0\0\0\0\0\0\0\3\0\3\0\0\0\0\0\0\37\37\37\37\37\37\37\37\37\37\37\37\37\37\37\37================\0\0\0\0\0\0\0\1\0\0\0\0\0\0\0\2\0\0\0\0\0\0\0\1\0\0\0\0\0\0\0\1|(\260]\354\310\366\273"..., 256, 512) = 256
pread64(3</tmp/nia-publication-fault-tj331zq_/case/state/tx-3d3d3d3d3d3d3d3d3d3d3d3d3d3d3d3d.log>, "MCLOG002\0\0\0\0\0\0\0\4\0\4\0\0\0\0\0\0\37\37\37\37\37\37\37\37\37\37\37\37\37\37\37\37================\0\0\0\0\0\0\0\1\0\0\0\0\0\0\0\2\0\0\0\0\0\0\0\0\0\0\0\0\0\0\0\1|(\260]\354\310\366\273"..., 256, 768) = 256
pread64(19</tmp/nia-publication-fault-tj331zq_/case/state/root.state>, "MCROOT02\37\37\37\37\37\37\37\37\37\37\37\37\37\37\37\37\0\0\0\0\0\0\0\0================|(\260]\354\310\366\2733\266\317\17dlZ\365\252\200U\340\nL\366\332\32tk\326;\35\36\362\0\0\0\0\0\0\0\0\0\0\0\0\0\0\0\0"..., 192, 0) = 192
pread64(16</tmp/nia-publication-fault-tj331zq_/case/state/tx-3d3d3d3d3d3d3d3d3d3d3d3d3d3d3d3d.log>, "MCLOG002\0\0\0\0\0\0\0\1\0\1\0\0\0\0\0\0\37\37\37\37\37\37\37\37\37\37\37\37\37\37\37\37================\0\0\0\0\0\0\0\1\0\0\0\0\0\0\0\2\0\0\0\0\0\0\0\0\0\0\0\0\0\0\0\1|(\260]\354\310\366\273"..., 256, 0) = 256
pread64(16</tmp/nia-publication-fault-tj331zq_/case/state/tx-3d3d3d3d3d3d3d3d3d3d3d3d3d3d3d3d.log>, "MCLOG002\0\0\0\0\0\0\0\2\0\2\0\0\0\0\0\0\37\37\37\37\37\37\37\37\37\37\37\37\37\37\37\37================\0\0\0\0\0\0\0\1\0\0\0\0\0\0\0\2\0\0\0\0\0\0\0\1\0\0\0\0\0\0\0\1|(\260]\354\310\366\273"..., 256, 256) = 256
pread64(16</tmp/nia-publication-fault-tj331zq_/case/state/tx-3d3d3d3d3d3d3d3d3d3d3d3d3d3d3d3d.log>, "MCLOG002\0\0\0\0\0\0\0\3\0\3\0\0\0\0\0\0\37\37\37\37\37\37\37\37\37\37\37\37\37\37\37\37================\0\0\0\0\0\0\0\1\0\0\0\0\0\0\0\2\0\0\0\0\0\0\0\1\0\0\0\0\0\0\0\1|(\260]\354\310\366\273"..., 256, 512) = 256
pread64(16</tmp/nia-publication-fault-tj331zq_/case/state/tx-3d3d3d3d3d3d3d3d3d3d3d3d3d3d3d3d.log>, "MCLOG002\0\0\0\0\0\0\0\4\0\4\0\0\0\0\0\0\37\37\37\37\37\37\37\37\37\37\37\37\37\37\37\37================\0\0\0\0\0\0\0\1\0\0\0\0\0\0\0\2\0\0\0\0\0\0\0\0\0\0\0\0\0\0\0\1|(\260]\354\310\366\273"..., 256, 768) = 256
pread64(16</tmp/nia-publication-fault-tj331zq_/case/state/tx-3d3d3d3d3d3d3d3d3d3d3d3d3d3d3d3d.log>, "MCLOG002\0\0\0\0\0\0\0\1\0\1\0\0\0\0\0\0\37\37\37\37\37\37\37\37\37\37\37\37\37\37\37\37================\0\0\0\0\0\0\0\1\0\0\0\0\0\0\0\2\0\0\0\0\0\0\0\0\0\0\0\0\0\0\0\1|(\260]\354\310\366\273"..., 256, 0) = 256
pread64(16</tmp/nia-publication-fault-tj331zq_/case/state/tx-3d3d3d3d3d3d3d3d3d3d3d3d3d3d3d3d.log>, "MCLOG002\0\0\0\0\0\0\0\2\0\2\0\0\0\0\0\0\37\37\37\37\37\37\37\37\37\37\37\37\37\37\37\37================\0\0\0\0\0\0\0\1\0\0\0\0\0\0\0\2\0\0\0\0\0\0\0\1\0\0\0\0\0\0\0\1|(\260]\354\310\366\273"..., 256, 256) = 256
pread64(16</tmp/nia-publication-fault-tj331zq_/case/state/tx-3d3d3d3d3d3d3d3d3d3d3d3d3d3d3d3d.log>, "MCLOG002\0\0\0\0\0\0\0\3\0\3\0\0\0\0\0\0\37\37\37\37\37\37\37\37\37\37\37\37\37\37\37\37================\0\0\0\0\0\0\0\1\0\0\0\0\0\0\0\2\0\0\0\0\0\0\0\1\0\0\0\0\0\0\0\1|(\260]\354\310\366\273"..., 256, 512) = 256
pread64(16</tmp/nia-publication-fault-tj331zq_/case/state/tx-3d3d3d3d3d3d3d3d3d3d3d3d3d3d3d3d.log>, "MCLOG002\0\0\0\0\0\0\0\4\0\4\0\0\0\0\0\0\37\37\37\37\37\37\37\37\37\37\37\37\37\37\37\37================\0\0\0\0\0\0\0\1\0\0\0\0\0\0\0\2\0\0\0\0\0\0\0\0\0\0\0\0\0\0\0\1|(\260]\354\310\366\273"..., 256, 768) = 256
pread64(3</tmp/nia-publication-fault-tj331zq_/case/root/generation.next>, "NIAPUB01\37\37\37\37\37\37\37\37\37\37\37\37\37\37\37\37))))))))))))))))EN\16:\276\304-E\373\22\204\265\26:\214\305\301\1\4\312\17\2\177.%\237)jJ\374\31\270\216\346\2104^\35\225\2\356\214\327'zE<0\277\267{\224r\1\276\263"..., 65536, 0) = 192
pread64(3</tmp/nia-publication-fault-tj331zq_/case/root/generation.next>, "", 65344, 192) = 0
pread64(3</tmp/nia-publication-fault-tj331zq_/case/root/generation.next>, "", 65536, 192) = 0
pread64(16</tmp/nia-publication-fault-tj331zq_/case/state/tx-3d3d3d3d3d3d3d3d3d3d3d3d3d3d3d3d.log>, "MCLOG002\0\0\0\0\0\0\0\1\0\1\0\0\0\0\0\0\37\37\37\37\37\37\37\37\37\37\37\37\37\37\37\37================\0\0\0\0\0\0\0\1\0\0\0\0\0\0\0\2\0\0\0\0\0\0\0\0\0\0\0\0\0\0\0\1|(\260]\354\310\366\273"..., 256, 0) = 256
pread64(16</tmp/nia-publication-fault-tj331zq_/case/state/tx-3d3d3d3d3d3d3d3d3d3d3d3d3d3d3d3d.log>, "MCLOG002\0\0\0\0\0\0\0\2\0\2\0\0\0\0\0\0\37\37\37\37\37\37\37\37\37\37\37\37\37\37\37\37================\0\0\0\0\0\0\0\1\0\0\0\0\0\0\0\2\0\0\0\0\0\0\0\1\0\0\0\0\0\0\0\1|(\260]\354\310\366\273"..., 256, 256) = 256
pread64(16</tmp/nia-publication-fault-tj331zq_/case/state/tx-3d3d3d3d3d3d3d3d3d3d3d3d3d3d3d3d.log>, "MCLOG002\0\0\0\0\0\0\0\3\0\3\0\0\0\0\0\0\37\37\37\37\37\37\37\37\37\37\37\37\37\37\37\37================\0\0\0\0\0\0\0\1\0\0\0\0\0\0\0\2\0\0\0\0\0\0\0\1\0\0\0\0\0\0\0\1|(\260]\354\310\366\273"..., 256, 512) = 256
pread64(16</tmp/nia-publication-fault-tj331zq_/case/state/tx-3d3d3d3d3d3d3d3d3d3d3d3d3d3d3d3d.log>, "MCLOG002\0\0\0\0\0\0\0\4\0\4\0\0\0\0\0\0\37\37\37\37\37\37\37\37\37\37\37\37\37\37\37\37================\0\0\0\0\0\0\0\1\0\0\0\0\0\0\0\2\0\0\0\0\0\0\0\0\0\0\0\0\0\0\0\1|(\260]\354\310\366\273"..., 256, 768) = 256
pread64(3</tmp/nia-publication-fault-tj331zq_/case/store/objects/66/a6757151f8ee55db127716c7e3dce0be8074b64e20eda542e5c1e46ca9c41e>, "\7\10\t", 65536, 0) = 3
pread64(3</tmp/nia-publication-fault-tj331zq_/case/store/objects/66/a6757151f8ee55db127716c7e3dce0be8074b64e20eda542e5c1e46ca9c41e>, "", 65533, 3) = 0
pread64(3</tmp/nia-publication-fault-tj331zq_/case/store/objects/66/a6757151f8ee55db127716c7e3dce0be8074b64e20eda542e5c1e46ca9c41e>, "", 65536, 3) = 0
pread64(16</tmp/nia-publication-fault-tj331zq_/case/state/tx-3d3d3d3d3d3d3d3d3d3d3d3d3d3d3d3d.log>, "MCLOG002\0\0\0\0\0\0\0\1\0\1\0\0\0\0\0\0\37\37\37\37\37\37\37\37\37\37\37\37\37\37\37\37================\0\0\0\0\0\0\0\1\0\0\0\0\0\0\0\2\0\0\0\0\0\0\0\0\0\0\0\0\0\0\0\1|(\260]\354\310\366\273"..., 256, 0) = 256
pread64(16</tmp/nia-publication-fault-tj331zq_/case/state/tx-3d3d3d3d3d3d3d3d3d3d3d3d3d3d3d3d.log>, "MCLOG002\0\0\0\0\0\0\0\2\0\2\0\0\0\0\0\0\37\37\37\37\37\37\37\37\37\37\37\37\37\37\37\37================\0\0\0\0\0\0\0\1\0\0\0\0\0\0\0\2\0\0\0\0\0\0\0\1\0\0\0\0\0\0\0\1|(\260]\354\310\366\273"..., 256, 256) = 256
pread64(16</tmp/nia-publication-fault-tj331zq_/case/state/tx-3d3d3d3d3d3d3d3d3d3d3d3d3d3d3d3d.log>, "MCLOG002\0\0\0\0\0\0\0\3\0\3\0\0\0\0\0\0\37\37\37\37\37\37\37\37\37\37\37\37\37\37\37\37================\0\0\0\0\0\0\0\1\0\0\0\0\0\0\0\2\0\0\0\0\0\0\0\1\0\0\0\0\0\0\0\1|(\260]\354\310\366\273"..., 256, 512) = 256
pread64(16</tmp/nia-publication-fault-tj331zq_/case/state/tx-3d3d3d3d3d3d3d3d3d3d3d3d3d3d3d3d.log>, "MCLOG002\0\0\0\0\0\0\0\4\0\4\0\0\0\0\0\0\37\37\37\37\37\37\37\37\37\37\37\37\37\37\37\37================\0\0\0\0\0\0\0\1\0\0\0\0\0\0\0\2\0\0\0\0\0\0\0\0\0\0\0\0\0\0\0\1|(\260]\354\310\366\273"..., 256, 768) = 256
pread64(3</tmp/nia-publication-fault-tj331zq_/case/root/generation.next>, "NIAPUB01\37\37\37\37\37\37\37\37\37\37\37\37\37\37\37\37))))))))))))))))EN\16:\276\304-E\373\22\204\265\26:\214\305\301\1\4\312\17\2\177.%\237)jJ\374\31\270\216\346\2104^\35\225\2\356\214\327'zE<0\277\267{\224r\1\276\263"..., 65536, 0) = 192
pread64(3</tmp/nia-publication-fault-tj331zq_/case/root/generation.next>, "", 65344, 192) = 0
pread64(3</tmp/nia-publication-fault-tj331zq_/case/root/generation.next>, "", 65536, 192) = 0
write(16</tmp/nia-publication-fault-tj331zq_/case/state/tx-3d3d3d3d3d3d3d3d3d3d3d3d3d3d3d3d.log>, "MCLOG002\0\0\0\0\0\0\0\5\0\5\0\0\0\0\0\0\37\37\37\37\37\37\37\37\37\37\37\37\37\37\37\37================\0\0\0\0\0\0\0\1\0\0\0\0\0\0\0\2\0\0\0\0\0\0\0\0\0\0\0\0\0\0\0\1f\246uqQ\370\356U"..., 256) = 256
fsync(16</tmp/nia-publication-fault-tj331zq_/case/state/tx-3d3d3d3d3d3d3d3d3d3d3d3d3d3d3d3d.log>) = 0
fsync(3</tmp/nia-publication-fault-tj331zq_/case/state>) = 0
write(17</tmp/nia-publication-fault-tj331zq_/case/state/.mc-tmp-1c9f56666450ecd8a06916f2439b991a>, "MCROOT02\37\37\37\37\37\37\37\37\37\37\37\37\37\37\37\37\0\0\0\0\0\0\0\1================|(\260]\354\310\366\2733\266\317\17dlZ\365\252\200U\340\nL\366\332\32tk\326;\35\36\362|(\260]\354\310\366\2733\266\317\17dlZ\365"..., 192) = 192
fsync(17</tmp/nia-publication-fault-tj331zq_/case/state/.mc-tmp-1c9f56666450ecd8a06916f2439b991a>) = 0
renameat(3</tmp/nia-publication-fault-tj331zq_/case/state>, ".mc-tmp-1c9f56666450ecd8a06916f2439b991a", 17</tmp/nia-publication-fault-tj331zq_/case/state>, "root.state") = 0
fsync(3</tmp/nia-publication-fault-tj331zq_/case/state>) = 0
fsync(17</tmp/nia-publication-fault-tj331zq_/case/state>) = 0
write(16</tmp/nia-publication-fault-tj331zq_/case/state/tx-3d3d3d3d3d3d3d3d3d3d3d3d3d3d3d3d.log>, "MCLOG002\0\0\0\0\0\0\0\6\0\6\0\0\0\0\0\0\37\37\37\37\37\37\37\37\37\37\37\37\37\37\37\37================\0\0\0\0\0\0\0\1\0\0\0\0\0\0\0\2\0\0\0\0\0\0\0\0\0\0\0\0\0\0\0\1f\246uqQ\370\356U"..., 256) = 256
fsync(16</tmp/nia-publication-fault-tj331zq_/case/state/tx-3d3d3d3d3d3d3d3d3d3d3d3d3d3d3d3d.log>) = ?
+++ killed by SIGKILL +++
