pread64(3</usr/lib/x86_64-linux-gnu/libc.so.6>, "\6\0\0\0\4\0\0\0@\0\0\0\0\0\0\0@\0\0\0\0\0\0\0@\0\0\0\0\0\0\0H\3\0\0\0\0\0\0H\3\0\0\0\0\0\0\10\0\0\0\0\0\0\0\3\0\0\0\4\0\0\0\240\1\36\0\0\0\0\0\240\1\36\0\0\0\0\0\240\1\36\0\0\0\0\0\34\0\0\0\0\0\0\0"..., 840, 64) = 840
pread64(3</usr/lib/x86_64-linux-gnu/libc.so.6>, "\6\0\0\0\4\0\0\0@\0\0\0\0\0\0\0@\0\0\0\0\0\0\0@\0\0\0\0\0\0\0H\3\0\0\0\0\0\0H\3\0\0\0\0\0\0\10\0\0\0\0\0\0\0\3\0\0\0\4\0\0\0\240\1\36\0\0\0\0\0\240\1\36\0\0\0\0\0\240\1\36\0\0\0\0\0\34\0\0\0\0\0\0\0"..., 840, 64) = 840
fsync(3</tmp/nia-publication-fault-kpgp25ml/case/store>) = 0
pread64(3</tmp/nia-publication-fault-kpgp25ml/case/store/objects/7c/28b05decc8f6bb33b6cf0f646c5af5aa8055e00a4cf6da1a746bd63b1d1ef2>, "MCPLAN02\37\37\37\37\37\37\37\37\37\37\37\37\37\37\37\37================\0\0\0\0\0\0\0\0\0\0\0\0\0\0\0\1\0\0\0\0\0\0\0\1\0\0\0\0\0\0\0\2\216\346\2104^\35\225\2\356\214\327'zE<0\277\267{\224r\1\276\263"..., 65536, 0) = 467
pread64(3</tmp/nia-publication-fault-kpgp25ml/case/store/objects/7c/28b05decc8f6bb33b6cf0f646c5af5aa8055e00a4cf6da1a746bd63b1d1ef2>, "", 65069, 467) = 0
pread64(3</tmp/nia-publication-fault-kpgp25ml/case/store/objects/7c/28b05decc8f6bb33b6cf0f646c5af5aa8055e00a4cf6da1a746bd63b1d1ef2>, "", 65536, 467) = 0
pread64(3</tmp/nia-publication-fault-kpgp25ml/case/store/objects/7c/28b05decc8f6bb33b6cf0f646c5af5aa8055e00a4cf6da1a746bd63b1d1ef2>, "MCPLAN02\37\37\37\37\37\37\37\37\37\37\37\37\37\37\37\37================\0\0\0\0\0\0\0\0\0\0\0\0\0\0\0\1\0\0\0\0\0\0\0\1\0\0\0\0\0\0\0\2\216\346\2104^\35\225\2\356\214\327'zE<0\277\267{\224r\1\276\263"..., 4500000, 0) = 467
pread64(3</tmp/nia-publication-fault-kpgp25ml/case/store/objects/7c/28b05decc8f6bb33b6cf0f646c5af5aa8055e00a4cf6da1a746bd63b1d1ef2>, "", 4499533, 467) = 0
pread64(3</tmp/nia-publication-fault-kpgp25ml/case/store/objects/21/944ec3a07bc2c4968e56fb8293ef4e32f02aecead46768799ef9a6a96e2705>, "NIAPUB01\37\37\37\37\37\37\37\37\37\37\37\37\37\37\37\37))))))))))))))))EN\16:\276\304-E\373\22\204\265\26:\214\305\301\1\4\312\17\2\177.%\237)jJ\374\31\270\216\346\2104^\35\225\2\356\214\327'zE<0\277\267{\224r\1\276\263"..., 65536, 0) = 192
pread64(3</tmp/nia-publication-fault-kpgp25ml/case/store/objects/21/944ec3a07bc2c4968e56fb8293ef4e32f02aecead46768799ef9a6a96e2705>, "", 65344, 192) = 0
pread64(3</tmp/nia-publication-fault-kpgp25ml/case/store/objects/21/944ec3a07bc2c4968e56fb8293ef4e32f02aecead46768799ef9a6a96e2705>, "", 65536, 192) = 0
pread64(3</tmp/nia-publication-fault-kpgp25ml/case/store/objects/21/944ec3a07bc2c4968e56fb8293ef4e32f02aecead46768799ef9a6a96e2705>, "NIAPUB01\37\37\37\37\37\37\37\37\37\37\37\37\37\37\37\37))))))))))))))))EN\16:\276\304-E\373\22\204\265\26:\214\305\301\1\4\312\17\2\177.%\237)jJ\374\31\270\216\346\2104^\35\225\2\356\214\327'zE<0\277\267{\224r\1\276\263"..., 193, 0) = 192
pread64(3</tmp/nia-publication-fault-kpgp25ml/case/store/objects/21/944ec3a07bc2c4968e56fb8293ef4e32f02aecead46768799ef9a6a96e2705>, "", 1, 192) = 0
pread64(3</tmp/nia-publication-fault-kpgp25ml/case/store/objects/45/4e0e3abec42d45fb1284b5163a8cc5c10104ca0f027f2e259f296a4afc19b8>, "NIAGEN04))))))))))))))))3333333333333333\0\0\0\0\0\0\0\1\0\0\0\0\0\0\0\2\216\346\2104^\35\225\2\356\214\327'zE<0\277\267{\224r\1\276\2630\16\235\362\270\3122\35\"\"\"\"\"\"\"\""..., 65536, 0) = 288
pread64(3</tmp/nia-publication-fault-kpgp25ml/case/store/objects/45/4e0e3abec42d45fb1284b5163a8cc5c10104ca0f027f2e259f296a4afc19b8>, "", 65248, 288) = 0
pread64(3</tmp/nia-publication-fault-kpgp25ml/case/store/objects/45/4e0e3abec42d45fb1284b5163a8cc5c10104ca0f027f2e259f296a4afc19b8>, "", 65536, 288) = 0
pread64(3</tmp/nia-publication-fault-kpgp25ml/case/store/objects/45/4e0e3abec42d45fb1284b5163a8cc5c10104ca0f027f2e259f296a4afc19b8>, "NIAGEN04))))))))))))))))3333333333333333\0\0\0\0\0\0\0\1\0\0\0\0\0\0\0\2\216\346\2104^\35\225\2\356\214\327'zE<0\277\267{\224r\1\276\2630\16\235\362\270\3122\35\"\"\"\"\"\"\"\""..., 32992, 0) = 288
pread64(3</tmp/nia-publication-fault-kpgp25ml/case/store/objects/45/4e0e3abec42d45fb1284b5163a8cc5c10104ca0f027f2e259f296a4afc19b8>, "", 32704, 288) = 0
pread64(3</tmp/nia-publication-fault-kpgp25ml/case/store/objects/b2/d93d1647239d0ba4daeaa2a008547e866b63fe552b7835bb1cf81afd008832>, "NIASPOL1~R\322\ng\4\374Nt{\300\301\330\36\340\226\257\27\360\206\320\344f\21\354\217~\254\226\320\232\"\0\0\0\0\0\0\3\350\0\0\0\0\0\0\0\1GGGGGGGGGGGGGGGGGGGGGGGGGGGGGGGG\212\210\343\335t\t\361\225"..., 65536, 0) = 136
pread64(3</tmp/nia-publication-fault-kpgp25ml/case/store/objects/b2/d93d1647239d0ba4daeaa2a008547e866b63fe552b7835bb1cf81afd008832>, "", 65400, 136) = 0
pread64(3</tmp/nia-publication-fault-kpgp25ml/case/store/objects/b2/d93d1647239d0ba4daeaa2a008547e866b63fe552b7835bb1cf81afd008832>, "", 65536, 136) = 0
pread64(3</tmp/nia-publication-fault-kpgp25ml/case/store/objects/b2/d93d1647239d0ba4daeaa2a008547e866b63fe552b7835bb1cf81afd008832>, "NIASPOL1~R\322\ng\4\374Nt{\300\301\330\36\340\226\257\27\360\206\320\344f\21\354\217~\254\226\320\232\"\0\0\0\0\0\0\3\350\0\0\0\0\0\0\0\1GGGGGGGGGGGGGGGGGGGGGGGGGGGGGGGG\212\210\343\335t\t\361\225"..., 20536, 0) = 136
pread64(3</tmp/nia-publication-fault-kpgp25ml/case/store/objects/b2/d93d1647239d0ba4daeaa2a008547e866b63fe552b7835bb1cf81afd008832>, "", 20400, 136) = 0
fsync(3</tmp/nia-publication-fault-kpgp25ml/case/state>) = 0
fsync(3</tmp/nia-publication-fault-kpgp25ml/case/state>) = 0
fsync(3</tmp/nia-publication-fault-kpgp25ml/case/store>) = 0
pread64(3</tmp/nia-publication-fault-kpgp25ml/case/store/objects/7c/28b05decc8f6bb33b6cf0f646c5af5aa8055e00a4cf6da1a746bd63b1d1ef2>, "MCPLAN02\37\37\37\37\37\37\37\37\37\37\37\37\37\37\37\37================\0\0\0\0\0\0\0\0\0\0\0\0\0\0\0\1\0\0\0\0\0\0\0\1\0\0\0\0\0\0\0\2\216\346\2104^\35\225\2\356\214\327'zE<0\277\267{\224r\1\276\263"..., 65536, 0) = 467
pread64(3</tmp/nia-publication-fault-kpgp25ml/case/store/objects/7c/28b05decc8f6bb33b6cf0f646c5af5aa8055e00a4cf6da1a746bd63b1d1ef2>, "", 65069, 467) = 0
pread64(3</tmp/nia-publication-fault-kpgp25ml/case/store/objects/7c/28b05decc8f6bb33b6cf0f646c5af5aa8055e00a4cf6da1a746bd63b1d1ef2>, "", 65536, 467) = 0
pread64(3</tmp/nia-publication-fault-kpgp25ml/case/store/objects/7c/28b05decc8f6bb33b6cf0f646c5af5aa8055e00a4cf6da1a746bd63b1d1ef2>, "MCPLAN02\37\37\37\37\37\37\37\37\37\37\37\37\37\37\37\37================\0\0\0\0\0\0\0\0\0\0\0\0\0\0\0\1\0\0\0\0\0\0\0\1\0\0\0\0\0\0\0\2\216\346\2104^\35\225\2\356\214\327'zE<0\277\267{\224r\1\276\263"..., 4500000, 0) = 467
pread64(3</tmp/nia-publication-fault-kpgp25ml/case/store/objects/7c/28b05decc8f6bb33b6cf0f646c5af5aa8055e00a4cf6da1a746bd63b1d1ef2>, "", 4499533, 467) = 0
pread64(3</tmp/nia-publication-fault-kpgp25ml/case/store/objects/21/944ec3a07bc2c4968e56fb8293ef4e32f02aecead46768799ef9a6a96e2705>, "NIAPUB01\37\37\37\37\37\37\37\37\37\37\37\37\37\37\37\37))))))))))))))))EN\16:\276\304-E\373\22\204\265\26:\214\305\301\1\4\312\17\2\177.%\237)jJ\374\31\270\216\346\2104^\35\225\2\356\214\327'zE<0\277\267{\224r\1\276\263"..., 65536, 0) = 192
pread64(3</tmp/nia-publication-fault-kpgp25ml/case/store/objects/21/944ec3a07bc2c4968e56fb8293ef4e32f02aecead46768799ef9a6a96e2705>, "", 65344, 192) = 0
pread64(3</tmp/nia-publication-fault-kpgp25ml/case/store/objects/21/944ec3a07bc2c4968e56fb8293ef4e32f02aecead46768799ef9a6a96e2705>, "", 65536, 192) = 0
pread64(3</tmp/nia-publication-fault-kpgp25ml/case/store/objects/21/944ec3a07bc2c4968e56fb8293ef4e32f02aecead46768799ef9a6a96e2705>, "NIAPUB01\37\37\37\37\37\37\37\37\37\37\37\37\37\37\37\37))))))))))))))))EN\16:\276\304-E\373\22\204\265\26:\214\305\301\1\4\312\17\2\177.%\237)jJ\374\31\270\216\346\2104^\35\225\2\356\214\327'zE<0\277\267{\224r\1\276\263"..., 193, 0) = 192
pread64(3</tmp/nia-publication-fault-kpgp25ml/case/store/objects/21/944ec3a07bc2c4968e56fb8293ef4e32f02aecead46768799ef9a6a96e2705>, "", 1, 192) = 0
pread64(3</tmp/nia-publication-fault-kpgp25ml/case/store/objects/45/4e0e3abec42d45fb1284b5163a8cc5c10104ca0f027f2e259f296a4afc19b8>, "NIAGEN04))))))))))))))))3333333333333333\0\0\0\0\0\0\0\1\0\0\0\0\0\0\0\2\216\346\2104^\35\225\2\356\214\327'zE<0\277\267{\224r\1\276\2630\16\235\362\270\3122\35\"\"\"\"\"\"\"\""..., 65536, 0) = 288
pread64(3</tmp/nia-publication-fault-kpgp25ml/case/store/objects/45/4e0e3abec42d45fb1284b5163a8cc5c10104ca0f027f2e259f296a4afc19b8>, "", 65248, 288) = 0
pread64(3</tmp/nia-publication-fault-kpgp25ml/case/store/objects/45/4e0e3abec42d45fb1284b5163a8cc5c10104ca0f027f2e259f296a4afc19b8>, "", 65536, 288) = 0
pread64(3</tmp/nia-publication-fault-kpgp25ml/case/store/objects/45/4e0e3abec42d45fb1284b5163a8cc5c10104ca0f027f2e259f296a4afc19b8>, "NIAGEN04))))))))))))))))3333333333333333\0\0\0\0\0\0\0\1\0\0\0\0\0\0\0\2\216\346\2104^\35\225\2\356\214\327'zE<0\277\267{\224r\1\276\2630\16\235\362\270\3122\35\"\"\"\"\"\"\"\""..., 32992, 0) = 288
pread64(3</tmp/nia-publication-fault-kpgp25ml/case/store/objects/45/4e0e3abec42d45fb1284b5163a8cc5c10104ca0f027f2e259f296a4afc19b8>, "", 32704, 288) = 0
pread64(3</tmp/nia-publication-fault-kpgp25ml/case/store/pins/33333333333333333333333333333333>, "EN\16:\276\304-E\373\22\204\265\26:\214\305\301\1\4\312\17\2\177.%\237)jJ\374\31\270", 33, 0) = 32
pread64(3</tmp/nia-publication-fault-kpgp25ml/case/store/pins/33333333333333333333333333333333>, "", 1, 32) = 0
pread64(3</tmp/nia-publication-fault-kpgp25ml/case/store/objects/b2/d93d1647239d0ba4daeaa2a008547e866b63fe552b7835bb1cf81afd008832>, "NIASPOL1~R\322\ng\4\374Nt{\300\301\330\36\340\226\257\27\360\206\320\344f\21\354\217~\254\226\320\232\"\0\0\0\0\0\0\3\350\0\0\0\0\0\0\0\1GGGGGGGGGGGGGGGGGGGGGGGGGGGGGGGG\212\210\343\335t\t\361\225"..., 65536, 0) = 136
pread64(3</tmp/nia-publication-fault-kpgp25ml/case/store/objects/b2/d93d1647239d0ba4daeaa2a008547e866b63fe552b7835bb1cf81afd008832>, "", 65400, 136) = 0
pread64(3</tmp/nia-publication-fault-kpgp25ml/case/store/objects/b2/d93d1647239d0ba4daeaa2a008547e866b63fe552b7835bb1cf81afd008832>, "", 65536, 136) = 0
pread64(3</tmp/nia-publication-fault-kpgp25ml/case/store/objects/b2/d93d1647239d0ba4daeaa2a008547e866b63fe552b7835bb1cf81afd008832>, "NIASPOL1~R\322\ng\4\374Nt{\300\301\330\36\340\226\257\27\360\206\320\344f\21\354\217~\254\226\320\232\"\0\0\0\0\0\0\3\350\0\0\0\0\0\0\0\1GGGGGGGGGGGGGGGGGGGGGGGGGGGGGGGG\212\210\343\335t\t\361\225"..., 20536, 0) = 136
pread64(3</tmp/nia-publication-fault-kpgp25ml/case/store/objects/b2/d93d1647239d0ba4daeaa2a008547e866b63fe552b7835bb1cf81afd008832>, "", 20400, 136) = 0
pread64(3</tmp/nia-publication-fault-kpgp25ml/case/store/objects/7e/52d20a6704fc4e747bc0c1d81ee096af17f086d0e46611ec8f7eac96d09a22>, "NIASMAP1\37\37\37\37\37\37\37\37\37\37\37\37\37\37\37\37\0\0\0\0\0\0\0\0\0\0\0\0\0\0\0\0\0\0\0\0\0\0\0\0\0\0\0\0\0\0\0\0\0\0\0\0\0\0\0\0\0\0\0\0\0\0\0\0\0\0\0\0\0\0\0\0\0\0\0\0\0\0\0\0\216\346\2104^\35\225\2"..., 65536, 0) = 256
pread64(3</tmp/nia-publication-fault-kpgp25ml/case/store/objects/7e/52d20a6704fc4e747bc0c1d81ee096af17f086d0e46611ec8f7eac96d09a22>, "", 65280, 256) = 0
pread64(3</tmp/nia-publication-fault-kpgp25ml/case/store/objects/7e/52d20a6704fc4e747bc0c1d81ee096af17f086d0e46611ec8f7eac96d09a22>, "", 65536, 256) = 0
pread64(3</tmp/nia-publication-fault-kpgp25ml/case/store/objects/7e/52d20a6704fc4e747bc0c1d81ee096af17f086d0e46611ec8f7eac96d09a22>, "NIASMAP1\37\37\37\37\37\37\37\37\37\37\37\37\37\37\37\37\0\0\0\0\0\0\0\0\0\0\0\0\0\0\0\0\0\0\0\0\0\0\0\0\0\0\0\0\0\0\0\0\0\0\0\0\0\0\0\0\0\0\0\0\0\0\0\0\0\0\0\0\0\0\0\0\0\0\0\0\0\0\0\0\216\346\2104^\35\225\2"..., 393376, 0) = 256
pread64(3</tmp/nia-publication-fault-kpgp25ml/case/store/objects/7e/52d20a6704fc4e747bc0c1d81ee096af17f086d0e46611ec8f7eac96d09a22>, "", 393120, 256) = 0
pread64(3</tmp/nia-publication-fault-kpgp25ml/case/store/objects/8e/e688345e1d9502ee8cd7277a453c30bfb77b947201beb3300e9df2b8ca321d>, "\0\0\0\0\0\0\0\10NIACSEL1\273\343\341b6\331$M\267\345\300\262\251\302\306\27f\270\251!\330\260\227\374\323p\347\177\25.\3311\0\0\0\0\0\0\0\1\f\241y\346\276\376\267a\363a?\36\365|\250\222\353\303\246\242(\334\243/\23\t\360\254\6\247\336~J6\366\353|\33#j"..., 65536, 0) = 152
pread64(3</tmp/nia-publication-fault-kpgp25ml/case/store/objects/8e/e688345e1d9502ee8cd7277a453c30bfb77b947201beb3300e9df2b8ca321d>, "", 65384, 152) = 0
pread64(3</tmp/nia-publication-fault-kpgp25ml/case/store/objects/8e/e688345e1d9502ee8cd7277a453c30bfb77b947201beb3300e9df2b8ca321d>, "", 65536, 152) = 0
pread64(3</tmp/nia-publication-fault-kpgp25ml/case/store/objects/32/094e7c613fdb6dffb1f27d926b176f7fd8946b8c2cf3ca9e3b95cb91a1a8ca>, "NIACLOS1\216\346\2104^\35\225\2\356\214\327'zE<0\277\267{\224r\1\276\2630\16\235\362\270\3122\35\273\343\341b6\331$M\267\345\300\262\251\302\306\27f\270\251!\330\260\227\374\323p\347\177\25.\3311\0\0\0\0\0\0\0\5\f\241y\346\276\376\267a\363a?\36\365|\250\222"..., 65536, 0) = 240
pread64(3</tmp/nia-publication-fault-kpgp25ml/case/store/objects/32/094e7c613fdb6dffb1f27d926b176f7fd8946b8c2cf3ca9e3b95cb91a1a8ca>, "", 65296, 240) = 0
pread64(3</tmp/nia-publication-fault-kpgp25ml/case/store/objects/32/094e7c613fdb6dffb1f27d926b176f7fd8946b8c2cf3ca9e3b95cb91a1a8ca>, "", 65536, 240) = 0
pread64(3</tmp/nia-publication-fault-kpgp25ml/case/store/objects/be/79019cd624c1b58af3cac32a235b467dac74ebfc6ee94e6390a198650449a5>, "NIASUP01GGGGGGGGGGGGGGGGGGGGGGGGGGGGGGGGf\246uqQ\370\356U\333\22w\26\307\343\334\340\276\200t\266N \355\245B\345\301\344l\251\304\36\f\241y\346\276\376\267a\363a?\36\365|\250\222\353\303\246\242(\334\243/"..., 65536, 0) = 320
pread64(3</tmp/nia-publication-fault-kpgp25ml/case/store/objects/be/79019cd624c1b58af3cac32a235b467dac74ebfc6ee94e6390a198650449a5>, "", 65216, 320) = 0
pread64(3</tmp/nia-publication-fault-kpgp25ml/case/store/objects/be/79019cd624c1b58af3cac32a235b467dac74ebfc6ee94e6390a198650449a5>, "", 65536, 320) = 0
pread64(3</tmp/nia-publication-fault-kpgp25ml/case/store/objects/be/79019cd624c1b58af3cac32a235b467dac74ebfc6ee94e6390a198650449a5>, "NIASUP01GGGGGGGGGGGGGGGGGGGGGGGGGGGGGGGGf\246uqQ\370\356U\333\22w\26\307\343\334\340\276\200t\266N \355\245B\345\301\344l\251\304\36\f\241y\346\276\376\267a\363a?\36\365|\250\222\353\303\246\242(\334\243/"..., 320, 0) = 320
pread64(3</tmp/nia-publication-fault-kpgp25ml/case/store/objects/66/a6757151f8ee55db127716c7e3dce0be8074b64e20eda542e5c1e46ca9c41e>, "\7\10\t", 65536, 0) = 3
pread64(3</tmp/nia-publication-fault-kpgp25ml/case/store/objects/66/a6757151f8ee55db127716c7e3dce0be8074b64e20eda542e5c1e46ca9c41e>, "", 65533, 3) = 0
pread64(3</tmp/nia-publication-fault-kpgp25ml/case/store/objects/66/a6757151f8ee55db127716c7e3dce0be8074b64e20eda542e5c1e46ca9c41e>, "", 65536, 3) = 0
pread64(3</tmp/nia-publication-fault-kpgp25ml/case/store/objects/0c/a179e6befeb761f3613f1ef57ca892ebc3a6a228dca32f1309f0ac06a7de7e>, "!<arch>\ndebian-binary/  0           0     0     100644  4         `\n2.0\ncontrol.tar/    0       "..., 65536, 0) = 20672
pread64(3</tmp/nia-publication-fault-kpgp25ml/case/store/objects/0c/a179e6befeb761f3613f1ef57ca892ebc3a6a228dca32f1309f0ac06a7de7e>, "", 44864, 20672) = 0
pread64(3</tmp/nia-publication-fault-kpgp25ml/case/store/objects/0c/a179e6befeb761f3613f1ef57ca892ebc3a6a228dca32f1309f0ac06a7de7e>, "", 65536, 20672) = 0
pread64(3</tmp/nia-publication-fault-kpgp25ml/case/store/objects/a3/1a856f430af395bccd7eb2f142b11ad3ae0fc5daf3acc4ffb341c48a5abd39>, "Package: empty-package\nVersion: 1\nArchitecture: all\nMaintainer: Fixture <fixture@example.invalid"..., 65536, 0) = 149
pread64(3</tmp/nia-publication-fault-kpgp25ml/case/store/objects/a3/1a856f430af395bccd7eb2f142b11ad3ae0fc5daf3acc4ffb341c48a5abd39>, "", 65387, 149) = 0
pread64(3</tmp/nia-publication-fault-kpgp25ml/case/store/objects/a3/1a856f430af395bccd7eb2f142b11ad3ae0fc5daf3acc4ffb341c48a5abd39>, "", 65536, 149) = 0
pread64(3</tmp/nia-publication-fault-kpgp25ml/case/store/objects/66/a6757151f8ee55db127716c7e3dce0be8074b64e20eda542e5c1e46ca9c41e>, "\7\10\t", 65536, 0) = 3
pread64(3</tmp/nia-publication-fault-kpgp25ml/case/store/objects/66/a6757151f8ee55db127716c7e3dce0be8074b64e20eda542e5c1e46ca9c41e>, "", 65533, 3) = 0
pread64(3</tmp/nia-publication-fault-kpgp25ml/case/store/objects/66/a6757151f8ee55db127716c7e3dce0be8074b64e20eda542e5c1e46ca9c41e>, "", 65536, 3) = 0
pread64(3</tmp/nia-publication-fault-kpgp25ml/case/store/objects/66/a6757151f8ee55db127716c7e3dce0be8074b64e20eda542e5c1e46ca9c41e>, "\7\10\t", 65536, 0) = 3
pread64(3</tmp/nia-publication-fault-kpgp25ml/case/store/objects/66/a6757151f8ee55db127716c7e3dce0be8074b64e20eda542e5c1e46ca9c41e>, "", 65533, 3) = 0
pread64(3</tmp/nia-publication-fault-kpgp25ml/case/store/objects/66/a6757151f8ee55db127716c7e3dce0be8074b64e20eda542e5c1e46ca9c41e>, "", 65536, 3) = 0
pread64(3</tmp/nia-publication-fault-kpgp25ml/case/store/objects/66/a6757151f8ee55db127716c7e3dce0be8074b64e20eda542e5c1e46ca9c41e>, "\7\10\t", 65536, 0) = 3
pread64(3</tmp/nia-publication-fault-kpgp25ml/case/store/objects/66/a6757151f8ee55db127716c7e3dce0be8074b64e20eda542e5c1e46ca9c41e>, "", 65533, 3) = 0
pread64(3</tmp/nia-publication-fault-kpgp25ml/case/store/objects/66/a6757151f8ee55db127716c7e3dce0be8074b64e20eda542e5c1e46ca9c41e>, "", 65536, 3) = 0
pread64(3</tmp/nia-publication-fault-kpgp25ml/case/store/objects/38/c0e841345eeb0948445869eb5553bb39ebf66c24fe6fa00123868f32600451>, "NIAGINT1\37\37\37\37\37\37\37\37\37\37\37\37\37\37\37\37\0\0\0\0\0\0\0\0\0\0\0\0\0\0\0\0\0\0\0\0\0\0\0\0\0\0\0\0\0\0\0\0\216\346\2104^\35\225\2\356\214\327'zE<0\277\267{\224r\1\276\2630\16\235\362\270\3122\0352\tN|a?\333m"..., 65536, 0) = 206
pread64(3</tmp/nia-publication-fault-kpgp25ml/case/store/objects/38/c0e841345eeb0948445869eb5553bb39ebf66c24fe6fa00123868f32600451>, "", 65330, 206) = 0
pread64(3</tmp/nia-publication-fault-kpgp25ml/case/store/objects/38/c0e841345eeb0948445869eb5553bb39ebf66c24fe6fa00123868f32600451>, "", 65536, 206) = 0
pread64(3</tmp/nia-publication-fault-kpgp25ml/case/store/objects/38/c0e841345eeb0948445869eb5553bb39ebf66c24fe6fa00123868f32600451>, "NIAGINT1\37\37\37\37\37\37\37\37\37\37\37\37\37\37\37\37\0\0\0\0\0\0\0\0\0\0\0\0\0\0\0\0\0\0\0\0\0\0\0\0\0\0\0\0\0\0\0\0\216\346\2104^\35\225\2\356\214\327'zE<0\277\267{\224r\1\276\2630\16\235\362\270\3122\0352\tN|a?\333m"..., 1053888, 0) = 206
pread64(3</tmp/nia-publication-fault-kpgp25ml/case/store/objects/38/c0e841345eeb0948445869eb5553bb39ebf66c24fe6fa00123868f32600451>, "", 1053682, 206) = 0
pread64(3</tmp/nia-publication-fault-kpgp25ml/case/store/objects/32/094e7c613fdb6dffb1f27d926b176f7fd8946b8c2cf3ca9e3b95cb91a1a8ca>, "NIACLOS1\216\346\2104^\35\225\2\356\214\327'zE<0\277\267{\224r\1\276\2630\16\235\362\270\3122\35\273\343\341b6\331$M\267\345\300\262\251\302\306\27f\270\251!\330\260\227\374\323p\347\177\25.\3311\0\0\0\0\0\0\0\5\f\241y\346\276\376\267a\363a?\36\365|\250\222"..., 65536, 0) = 240
pread64(3</tmp/nia-publication-fault-kpgp25ml/case/store/objects/32/094e7c613fdb6dffb1f27d926b176f7fd8946b8c2cf3ca9e3b95cb91a1a8ca>, "", 65296, 240) = 0
pread64(3</tmp/nia-publication-fault-kpgp25ml/case/store/objects/32/094e7c613fdb6dffb1f27d926b176f7fd8946b8c2cf3ca9e3b95cb91a1a8ca>, "", 65536, 240) = 0
pread64(3</tmp/nia-publication-fault-kpgp25ml/case/store/objects/32/094e7c613fdb6dffb1f27d926b176f7fd8946b8c2cf3ca9e3b95cb91a1a8ca>, "NIACLOS1\216\346\2104^\35\225\2\356\214\327'zE<0\277\267{\224r\1\276\2630\16\235\362\270\3122\35\273\343\341b6\331$M\267\345\300\262\251\302\306\27f\270\251!\330\260\227\374\323p\347\177\25.\3311\0\0\0\0\0\0\0\5", 80, 0) = 80
pread64(3</tmp/nia-publication-fault-kpgp25ml/case/store/objects/32/094e7c613fdb6dffb1f27d926b176f7fd8946b8c2cf3ca9e3b95cb91a1a8ca>, "\f\241y\346\276\376\267a\363a?\36\365|\250\222\353\303\246\242(\334\243/\23\t\360\254\6\247\336~", 32, 80) = 32
pread64(10</tmp/nia-publication-fault-kpgp25ml/case/store/objects/0c/a179e6befeb761f3613f1ef57ca892ebc3a6a228dca32f1309f0ac06a7de7e>, "!<arch>\ndebian-binary/  0           0     0     100644  4         `\n2.0\ncontrol.tar/    0       "..., 65536, 0) = 20672
pread64(10</tmp/nia-publication-fault-kpgp25ml/case/store/objects/0c/a179e6befeb761f3613f1ef57ca892ebc3a6a228dca32f1309f0ac06a7de7e>, "", 44864, 20672) = 0
pread64(10</tmp/nia-publication-fault-kpgp25ml/case/store/objects/0c/a179e6befeb761f3613f1ef57ca892ebc3a6a228dca32f1309f0ac06a7de7e>, "", 65536, 20672) = 0
pread64(3</tmp/nia-publication-fault-kpgp25ml/case/store/objects/32/094e7c613fdb6dffb1f27d926b176f7fd8946b8c2cf3ca9e3b95cb91a1a8ca>, "J6\366\353|\33#j\266\313(\335\270\202\221\236\210\213\363\223\337\300\r\223\0\212\326s\6\227\370\367", 32, 112) = 32
pread64(10</tmp/nia-publication-fault-kpgp25ml/case/store/objects/4a/36f6eb7c1b236ab6cb28ddb882919e888bf393dfc00d93008ad6730697f8f7>, "./control\0\0\0\0\0\0\0\0\0\0\0\0\0\0\0\0\0\0\0\0\0\0\0\0\0\0\0\0\0\0\0\0\0\0\0\0\0\0\0\0\0\0\0\0\0\0\0\0\0\0\0\0\0\0\0\0\0\0\0\0\0\0\0\0\0\0\0\0\0\0\0\0\0\0\0\0\0\0\0\0\0\0\0\0\0\0\0"..., 65536, 0) = 10240
pread64(10</tmp/nia-publication-fault-kpgp25ml/case/store/objects/4a/36f6eb7c1b236ab6cb28ddb882919e888bf393dfc00d93008ad6730697f8f7>, "", 55296, 10240) = 0
pread64(10</tmp/nia-publication-fault-kpgp25ml/case/store/objects/4a/36f6eb7c1b236ab6cb28ddb882919e888bf393dfc00d93008ad6730697f8f7>, "", 65536, 10240) = 0
pread64(3</tmp/nia-publication-fault-kpgp25ml/case/store/objects/32/094e7c613fdb6dffb1f27d926b176f7fd8946b8c2cf3ca9e3b95cb91a1a8ca>, "\204\377\222i\37\220\232\5\262$\341\305j\273Hd\360\33O\216<\205NK\264\307\272\361\323\366\326R", 32, 144) = 32
pread64(10</tmp/nia-publication-fault-kpgp25ml/case/store/objects/84/ff92691f909a05b224e1c56abb4864f01b4f8e3c854e4bb4c7baf1d3f6d652>, "\0\0\0\0\0\0\0\0\0\0\0\0\0\0\0\0\0\0\0\0\0\0\0\0\0\0\0\0\0\0\0\0\0\0\0\0\0\0\0\0\0\0\0\0\0\0\0\0\0\0\0\0\0\0\0\0\0\0\0\0\0\0\0\0\0\0\0\0\0\0\0\0\0\0\0\0\0\0\0\0\0\0\0\0\0\0\0\0\0\0\0\0\0\0\0\0"..., 65536, 0) = 10240
pread64(10</tmp/nia-publication-fault-kpgp25ml/case/store/objects/84/ff92691f909a05b224e1c56abb4864f01b4f8e3c854e4bb4c7baf1d3f6d652>, "", 55296, 10240) = 0
pread64(10</tmp/nia-publication-fault-kpgp25ml/case/store/objects/84/ff92691f909a05b224e1c56abb4864f01b4f8e3c854e4bb4c7baf1d3f6d652>, "", 65536, 10240) = 0
pread64(3</tmp/nia-publication-fault-kpgp25ml/case/store/objects/32/094e7c613fdb6dffb1f27d926b176f7fd8946b8c2cf3ca9e3b95cb91a1a8ca>, "\216\346\2104^\35\225\2\356\214\327'zE<0\277\267{\224r\1\276\2630\16\235\362\270\3122\35", 32, 176) = 32
pread64(10</tmp/nia-publication-fault-kpgp25ml/case/store/objects/8e/e688345e1d9502ee8cd7277a453c30bfb77b947201beb3300e9df2b8ca321d>, "\0\0\0\0\0\0\0\10NIACSEL1\273\343\341b6\331$M\267\345\300\262\251\302\306\27f\270\251!\330\260\227\374\323p\347\177\25.\3311\0\0\0\0\0\0\0\1\f\241y\346\276\376\267a\363a?\36\365|\250\222\353\303\246\242(\334\243/\23\t\360\254\6\247\336~J6\366\353|\33#j"..., 65536, 0) = 152
pread64(10</tmp/nia-publication-fault-kpgp25ml/case/store/objects/8e/e688345e1d9502ee8cd7277a453c30bfb77b947201beb3300e9df2b8ca321d>, "", 65384, 152) = 0
pread64(10</tmp/nia-publication-fault-kpgp25ml/case/store/objects/8e/e688345e1d9502ee8cd7277a453c30bfb77b947201beb3300e9df2b8ca321d>, "", 65536, 152) = 0
pread64(3</tmp/nia-publication-fault-kpgp25ml/case/store/objects/32/094e7c613fdb6dffb1f27d926b176f7fd8946b8c2cf3ca9e3b95cb91a1a8ca>, "\243\32\205oC\n\363\225\274\315~\262\361B\261\32\323\256\17\305\332\363\254\304\377\263A\304\212Z\2759", 32, 208) = 32
pread64(10</tmp/nia-publication-fault-kpgp25ml/case/store/objects/a3/1a856f430af395bccd7eb2f142b11ad3ae0fc5daf3acc4ffb341c48a5abd39>, "Package: empty-package\nVersion: 1\nArchitecture: all\nMaintainer: Fixture <fixture@example.invalid"..., 65536, 0) = 149
pread64(10</tmp/nia-publication-fault-kpgp25ml/case/store/objects/a3/1a856f430af395bccd7eb2f142b11ad3ae0fc5daf3acc4ffb341c48a5abd39>, "", 65387, 149) = 0
pread64(10</tmp/nia-publication-fault-kpgp25ml/case/store/objects/a3/1a856f430af395bccd7eb2f142b11ad3ae0fc5daf3acc4ffb341c48a5abd39>, "", 65536, 149) = 0
pread64(3</tmp/nia-publication-fault-kpgp25ml/case/store/objects/8e/e688345e1d9502ee8cd7277a453c30bfb77b947201beb3300e9df2b8ca321d>, "\0\0\0\0\0\0\0\10NIACSEL1\273\343\341b6\331$M\267\345\300\262\251\302\306\27f\270\251!\330\260\227\374\323p\347\177\25.\3311\0\0\0\0\0\0\0\1\f\241y\346\276\376\267a\363a?\36\365|\250\222\353\303\246\242(\334\243/\23\t\360\254\6\247\336~J6\366\353|\33#j"..., 65536, 0) = 152
pread64(3</tmp/nia-publication-fault-kpgp25ml/case/store/objects/8e/e688345e1d9502ee8cd7277a453c30bfb77b947201beb3300e9df2b8ca321d>, "", 65384, 152) = 0
pread64(3</tmp/nia-publication-fault-kpgp25ml/case/store/objects/8e/e688345e1d9502ee8cd7277a453c30bfb77b947201beb3300e9df2b8ca321d>, "", 65536, 152) = 0
pread64(3</tmp/nia-publication-fault-kpgp25ml/case/store/objects/8e/e688345e1d9502ee8cd7277a453c30bfb77b947201beb3300e9df2b8ca321d>, "\0\0\0\0\0\0\0\10NIACSEL1\273\343\341b6\331$M\267\345\300\262\251\302\306\27f\270\251!\330\260\227\374\323p\347\177\25.\3311\0\0\0\0\0\0\0\1\f\241y\346\276\376\267a\363a?\36\365|\250\222\353\303\246\242(\334\243/\23\t\360\254\6\247\336~J6\366\353|\33#j"..., 393272, 0) = 152
pread64(3</tmp/nia-publication-fault-kpgp25ml/case/store/objects/8e/e688345e1d9502ee8cd7277a453c30bfb77b947201beb3300e9df2b8ca321d>, "", 393120, 152) = 0
pread64(3</tmp/nia-publication-fault-kpgp25ml/case/store/objects/0c/a179e6befeb761f3613f1ef57ca892ebc3a6a228dca32f1309f0ac06a7de7e>, "!<arch>\ndebian-binary/  0           0     0     100644  4         `\n2.0\ncontrol.tar/    0       "..., 65536, 0) = 20672
pread64(3</tmp/nia-publication-fault-kpgp25ml/case/store/objects/0c/a179e6befeb761f3613f1ef57ca892ebc3a6a228dca32f1309f0ac06a7de7e>, "", 44864, 20672) = 0
pread64(3</tmp/nia-publication-fault-kpgp25ml/case/store/objects/0c/a179e6befeb761f3613f1ef57ca892ebc3a6a228dca32f1309f0ac06a7de7e>, "", 65536, 20672) = 0
pread64(3</tmp/nia-publication-fault-kpgp25ml/case/store/objects/0c/a179e6befeb761f3613f1ef57ca892ebc3a6a228dca32f1309f0ac06a7de7e>, "!<arch>\n", 8, 0) = 8
pread64(3</tmp/nia-publication-fault-kpgp25ml/case/store/objects/0c/a179e6befeb761f3613f1ef57ca892ebc3a6a228dca32f1309f0ac06a7de7e>, "debian-binary/  0           0     0     100644  4         `\n", 60, 8) = 60
pread64(3</tmp/nia-publication-fault-kpgp25ml/case/store/objects/0c/a179e6befeb761f3613f1ef57ca892ebc3a6a228dca32f1309f0ac06a7de7e>, "2.0\n", 4, 68) = 4
pread64(3</tmp/nia-publication-fault-kpgp25ml/case/store/objects/0c/a179e6befeb761f3613f1ef57ca892ebc3a6a228dca32f1309f0ac06a7de7e>, "2.0\n", 4, 68) = 4
pread64(3</tmp/nia-publication-fault-kpgp25ml/case/store/objects/0c/a179e6befeb761f3613f1ef57ca892ebc3a6a228dca32f1309f0ac06a7de7e>, "control.tar/    0           0     0     100644  10240     `\n", 60, 72) = 60
pread64(3</tmp/nia-publication-fault-kpgp25ml/case/store/objects/0c/a179e6befeb761f3613f1ef57ca892ebc3a6a228dca32f1309f0ac06a7de7e>, "./control\0\0\0\0\0\0\0\0\0\0\0\0\0\0\0\0\0\0\0\0\0\0\0\0\0\0\0\0\0\0\0\0\0\0\0\0\0\0\0\0\0\0\0\0\0\0\0\0\0\0\0\0\0\0\0\0\0\0\0\0\0\0\0\0\0\0\0\0\0\0\0\0\0\0\0\0\0\0\0\0\0\0\0\0\0\0\0"..., 10240, 132) = 10240
pread64(3</tmp/nia-publication-fault-kpgp25ml/case/store/objects/0c/a179e6befeb761f3613f1ef57ca892ebc3a6a228dca32f1309f0ac06a7de7e>, "data.tar/       0           0     0     100644  10240     `\n", 60, 10372) = 60
pread64(3</tmp/nia-publication-fault-kpgp25ml/case/store/objects/0c/a179e6befeb761f3613f1ef57ca892ebc3a6a228dca32f1309f0ac06a7de7e>, "\0\0\0\0\0\0\0\0\0\0\0\0\0\0\0\0\0\0\0\0\0\0\0\0\0\0\0\0\0\0\0\0\0\0\0\0\0\0\0\0\0\0\0\0\0\0\0\0\0\0\0\0\0\0\0\0\0\0\0\0\0\0\0\0\0\0\0\0\0\0\0\0\0\0\0\0\0\0\0\0\0\0\0\0\0\0\0\0\0\0\0\0\0\0\0\0"..., 10240, 10432) = 10240
pread64(3</tmp/nia-publication-fault-kpgp25ml/case/store/objects/0c/a179e6befeb761f3613f1ef57ca892ebc3a6a228dca32f1309f0ac06a7de7e>, "!<arch>\ndebian-binary/  0           0     0     100644  4         `\n2.0\ncontrol.tar/    0       "..., 65536, 0) = 20672
pread64(3</tmp/nia-publication-fault-kpgp25ml/case/store/objects/0c/a179e6befeb761f3613f1ef57ca892ebc3a6a228dca32f1309f0ac06a7de7e>, "", 44864, 20672) = 0
pread64(3</tmp/nia-publication-fault-kpgp25ml/case/store/objects/0c/a179e6befeb761f3613f1ef57ca892ebc3a6a228dca32f1309f0ac06a7de7e>, "", 65536, 20672) = 0
pread64(3</tmp/nia-publication-fault-kpgp25ml/case/store/objects/0c/a179e6befeb761f3613f1ef57ca892ebc3a6a228dca32f1309f0ac06a7de7e>, "!<arch>\n", 8, 0) = 8
pread64(3</tmp/nia-publication-fault-kpgp25ml/case/store/objects/0c/a179e6befeb761f3613f1ef57ca892ebc3a6a228dca32f1309f0ac06a7de7e>, "debian-binary/  0           0     0     100644  4         `\n", 60, 8) = 60
pread64(3</tmp/nia-publication-fault-kpgp25ml/case/store/objects/0c/a179e6befeb761f3613f1ef57ca892ebc3a6a228dca32f1309f0ac06a7de7e>, "2.0\n", 4, 68) = 4
pread64(3</tmp/nia-publication-fault-kpgp25ml/case/store/objects/0c/a179e6befeb761f3613f1ef57ca892ebc3a6a228dca32f1309f0ac06a7de7e>, "2.0\n", 4, 68) = 4
pread64(3</tmp/nia-publication-fault-kpgp25ml/case/store/objects/0c/a179e6befeb761f3613f1ef57ca892ebc3a6a228dca32f1309f0ac06a7de7e>, "control.tar/    0           0     0     100644  10240     `\n", 60, 72) = 60
pread64(3</tmp/nia-publication-fault-kpgp25ml/case/store/objects/0c/a179e6befeb761f3613f1ef57ca892ebc3a6a228dca32f1309f0ac06a7de7e>, "./control\0\0\0\0\0\0\0\0\0\0\0\0\0\0\0\0\0\0\0\0\0\0\0\0\0\0\0\0\0\0\0\0\0\0\0\0\0\0\0\0\0\0\0\0\0\0\0\0\0\0\0\0\0\0\0\0\0\0\0\0\0\0\0\0\0\0\0\0\0\0\0\0\0\0\0\0\0\0\0\0\0\0\0\0\0\0\0"..., 10240, 132) = 10240
pread64(3</tmp/nia-publication-fault-kpgp25ml/case/store/objects/0c/a179e6befeb761f3613f1ef57ca892ebc3a6a228dca32f1309f0ac06a7de7e>, "data.tar/       0           0     0     100644  10240     `\n", 60, 10372) = 60
pread64(3</tmp/nia-publication-fault-kpgp25ml/case/store/objects/0c/a179e6befeb761f3613f1ef57ca892ebc3a6a228dca32f1309f0ac06a7de7e>, "\0\0\0\0\0\0\0\0\0\0\0\0\0\0\0\0\0\0\0\0\0\0\0\0\0\0\0\0\0\0\0\0\0\0\0\0\0\0\0\0\0\0\0\0\0\0\0\0\0\0\0\0\0\0\0\0\0\0\0\0\0\0\0\0\0\0\0\0\0\0\0\0\0\0\0\0\0\0\0\0\0\0\0\0\0\0\0\0\0\0\0\0\0\0\0\0"..., 10240, 10432) = 10240
fsync(11</tmp/nia-publication-fault-kpgp25ml/case/store/incoming>) = 0
pread64(3</tmp/nia-publication-fault-kpgp25ml/case/store/objects/0c/a179e6befeb761f3613f1ef57ca892ebc3a6a228dca32f1309f0ac06a7de7e>, "\0\0\0\0\0\0\0\0\0\0\0\0\0\0\0\0\0\0\0\0\0\0\0\0\0\0\0\0\0\0\0\0\0\0\0\0\0\0\0\0\0\0\0\0\0\0\0\0\0\0\0\0\0\0\0\0\0\0\0\0\0\0\0\0\0\0\0\0\0\0\0\0\0\0\0\0\0\0\0\0\0\0\0\0\0\0\0\0\0\0\0\0\0\0\0\0"..., 10240, 10432) = 10240
write(10</tmp/nia-publication-fault-kpgp25ml/case/store/incoming/1dea6d6f988d32279d7bc3ff2ee43cf2>, "\0\0\0\0\0\0\0\0\0\0\0\0\0\0\0\0\0\0\0\0\0\0\0\0\0\0\0\0\0\0\0\0\0\0\0\0\0\0\0\0\0\0\0\0\0\0\0\0\0\0\0\0\0\0\0\0\0\0\0\0\0\0\0\0\0\0\0\0\0\0\0\0\0\0\0\0\0\0\0\0\0\0\0\0\0\0\0\0\0\0\0\0\0\0\0\0"..., 10240) = 10240
fsync(10</tmp/nia-publication-fault-kpgp25ml/case/store/incoming/1dea6d6f988d32279d7bc3ff2ee43cf2>) = 0
renameat2(11</tmp/nia-publication-fault-kpgp25ml/case/store/incoming>, "1dea6d6f988d32279d7bc3ff2ee43cf2", 10</tmp/nia-publication-fault-kpgp25ml/case/store/objects/84>, "ff92691f909a05b224e1c56abb4864f01b4f8e3c854e4bb4c7baf1d3f6d652", RENAME_NOREPLACE) = -1 EEXIST (File exists)
pread64(10</tmp/nia-publication-fault-kpgp25ml/case/store/objects/84/ff92691f909a05b224e1c56abb4864f01b4f8e3c854e4bb4c7baf1d3f6d652>, "\0\0\0\0\0\0\0\0\0\0\0\0\0\0\0\0\0\0\0\0\0\0\0\0\0\0\0\0\0\0\0\0\0\0\0\0\0\0\0\0\0\0\0\0\0\0\0\0\0\0\0\0\0\0\0\0\0\0\0\0\0\0\0\0\0\0\0\0\0\0\0\0\0\0\0\0\0\0\0\0\0\0\0\0\0\0\0\0\0\0\0\0\0\0\0\0"..., 65536, 0) = 10240
pread64(10</tmp/nia-publication-fault-kpgp25ml/case/store/objects/84/ff92691f909a05b224e1c56abb4864f01b4f8e3c854e4bb4c7baf1d3f6d652>, "", 55296, 10240) = 0
pread64(10</tmp/nia-publication-fault-kpgp25ml/case/store/objects/84/ff92691f909a05b224e1c56abb4864f01b4f8e3c854e4bb4c7baf1d3f6d652>, "", 65536, 10240) = 0
fsync(11</tmp/nia-publication-fault-kpgp25ml/case/store/incoming>) = 0
pread64(3</tmp/nia-publication-fault-kpgp25ml/case/store/objects/84/ff92691f909a05b224e1c56abb4864f01b4f8e3c854e4bb4c7baf1d3f6d652>, "\0\0\0\0\0\0\0\0\0\0\0\0\0\0\0\0\0\0\0\0\0\0\0\0\0\0\0\0\0\0\0\0\0\0\0\0\0\0\0\0\0\0\0\0\0\0\0\0\0\0\0\0\0\0\0\0\0\0\0\0\0\0\0\0\0\0\0\0\0\0\0\0\0\0\0\0\0\0\0\0\0\0\0\0\0\0\0\0\0\0\0\0\0\0\0\0"..., 65536, 0) = 10240
pread64(3</tmp/nia-publication-fault-kpgp25ml/case/store/objects/84/ff92691f909a05b224e1c56abb4864f01b4f8e3c854e4bb4c7baf1d3f6d652>, "", 55296, 10240) = 0
pread64(3</tmp/nia-publication-fault-kpgp25ml/case/store/objects/84/ff92691f909a05b224e1c56abb4864f01b4f8e3c854e4bb4c7baf1d3f6d652>, "", 65536, 10240) = 0
pread64(3</tmp/nia-publication-fault-kpgp25ml/case/store/objects/84/ff92691f909a05b224e1c56abb4864f01b4f8e3c854e4bb4c7baf1d3f6d652>, "\0\0\0\0\0\0\0\0\0\0\0\0\0\0\0\0\0\0\0\0\0\0\0\0\0\0\0\0\0\0\0\0\0\0\0\0\0\0\0\0\0\0\0\0\0\0\0\0\0\0\0\0\0\0\0\0\0\0\0\0\0\0\0\0\0\0\0\0\0\0\0\0\0\0\0\0\0\0\0\0\0\0\0\0\0\0\0\0\0\0\0\0\0\0\0\0"..., 10240, 0) = 10240
fsync(11</tmp/nia-publication-fault-kpgp25ml/case/store/incoming>) = 0
pread64(3</tmp/nia-publication-fault-kpgp25ml/case/store/objects/84/ff92691f909a05b224e1c56abb4864f01b4f8e3c854e4bb4c7baf1d3f6d652>, "\0\0\0\0\0\0\0\0\0\0\0\0\0\0\0\0\0\0\0\0\0\0\0\0\0\0\0\0\0\0\0\0\0\0\0\0\0\0\0\0\0\0\0\0\0\0\0\0\0\0\0\0\0\0\0\0\0\0\0\0\0\0\0\0\0\0\0\0\0\0\0\0\0\0\0\0\0\0\0\0\0\0\0\0\0\0\0\0\0\0\0\0\0\0\0\0"..., 10240, 0) = 10240
write(10</tmp/nia-publication-fault-kpgp25ml/case/store/incoming/4ba114a4167596ba5207ca3f87b2652b>, "\0\0\0\0\0\0\0\0\0\0\0\0\0\0\0\0\0\0\0\0\0\0\0\0\0\0\0\0\0\0\0\0\0\0\0\0\0\0\0\0\0\0\0\0\0\0\0\0\0\0\0\0\0\0\0\0\0\0\0\0\0\0\0\0\0\0\0\0\0\0\0\0\0\0\0\0\0\0\0\0\0\0\0\0\0\0\0\0\0\0\0\0\0\0\0\0"..., 10240) = 10240
fsync(10</tmp/nia-publication-fault-kpgp25ml/case/store/incoming/4ba114a4167596ba5207ca3f87b2652b>) = 0
renameat2(11</tmp/nia-publication-fault-kpgp25ml/case/store/incoming>, "4ba114a4167596ba5207ca3f87b2652b", 10</tmp/nia-publication-fault-kpgp25ml/case/store/objects/84>, "ff92691f909a05b224e1c56abb4864f01b4f8e3c854e4bb4c7baf1d3f6d652", RENAME_NOREPLACE) = -1 EEXIST (File exists)
pread64(10</tmp/nia-publication-fault-kpgp25ml/case/store/objects/84/ff92691f909a05b224e1c56abb4864f01b4f8e3c854e4bb4c7baf1d3f6d652>, "\0\0\0\0\0\0\0\0\0\0\0\0\0\0\0\0\0\0\0\0\0\0\0\0\0\0\0\0\0\0\0\0\0\0\0\0\0\0\0\0\0\0\0\0\0\0\0\0\0\0\0\0\0\0\0\0\0\0\0\0\0\0\0\0\0\0\0\0\0\0\0\0\0\0\0\0\0\0\0\0\0\0\0\0\0\0\0\0\0\0\0\0\0\0\0\0"..., 65536, 0) = 10240
pread64(10</tmp/nia-publication-fault-kpgp25ml/case/store/objects/84/ff92691f909a05b224e1c56abb4864f01b4f8e3c854e4bb4c7baf1d3f6d652>, "", 55296, 10240) = 0
pread64(10</tmp/nia-publication-fault-kpgp25ml/case/store/objects/84/ff92691f909a05b224e1c56abb4864f01b4f8e3c854e4bb4c7baf1d3f6d652>, "", 65536, 10240) = 0
fsync(11</tmp/nia-publication-fault-kpgp25ml/case/store/incoming>) = 0
pread64(3</tmp/nia-publication-fault-kpgp25ml/case/store/objects/84/ff92691f909a05b224e1c56abb4864f01b4f8e3c854e4bb4c7baf1d3f6d652>, "\0\0\0\0\0\0\0\0\0\0\0\0\0\0\0\0\0\0\0\0\0\0\0\0\0\0\0\0\0\0\0\0\0\0\0\0\0\0\0\0\0\0\0\0\0\0\0\0\0\0\0\0\0\0\0\0\0\0\0\0\0\0\0\0\0\0\0\0\0\0\0\0\0\0\0\0\0\0\0\0\0\0\0\0\0\0\0\0\0\0\0\0\0\0\0\0"..., 65536, 0) = 10240
pread64(3</tmp/nia-publication-fault-kpgp25ml/case/store/objects/84/ff92691f909a05b224e1c56abb4864f01b4f8e3c854e4bb4c7baf1d3f6d652>, "", 55296, 10240) = 0
pread64(3</tmp/nia-publication-fault-kpgp25ml/case/store/objects/84/ff92691f909a05b224e1c56abb4864f01b4f8e3c854e4bb4c7baf1d3f6d652>, "", 65536, 10240) = 0
pread64(3</tmp/nia-publication-fault-kpgp25ml/case/store/objects/84/ff92691f909a05b224e1c56abb4864f01b4f8e3c854e4bb4c7baf1d3f6d652>, "\0\0\0\0\0\0\0\0\0\0\0\0\0\0\0\0\0\0\0\0\0\0\0\0\0\0\0\0\0\0\0\0\0\0\0\0\0\0\0\0\0\0\0\0\0\0\0\0\0\0\0\0\0\0\0\0\0\0\0\0\0\0\0\0\0\0\0\0\0\0\0\0\0\0\0\0\0\0\0\0\0\0\0\0\0\0\0\0\0\0\0\0\0\0\0\0"..., 512, 0) = 512
pread64(3</tmp/nia-publication-fault-kpgp25ml/case/store/objects/84/ff92691f909a05b224e1c56abb4864f01b4f8e3c854e4bb4c7baf1d3f6d652>, "\0\0\0\0\0\0\0\0\0\0\0\0\0\0\0\0\0\0\0\0\0\0\0\0\0\0\0\0\0\0\0\0\0\0\0\0\0\0\0\0\0\0\0\0\0\0\0\0\0\0\0\0\0\0\0\0\0\0\0\0\0\0\0\0\0\0\0\0\0\0\0\0\0\0\0\0\0\0\0\0\0\0\0\0\0\0\0\0\0\0\0\0\0\0\0\0"..., 9728, 512) = 9728
pread64(3</tmp/nia-publication-fault-kpgp25ml/case/store/objects/0c/a179e6befeb761f3613f1ef57ca892ebc3a6a228dca32f1309f0ac06a7de7e>, "!<arch>\ndebian-binary/  0           0     0     100644  4         `\n2.0\ncontrol.tar/    0       "..., 65536, 0) = 20672
pread64(3</tmp/nia-publication-fault-kpgp25ml/case/store/objects/0c/a179e6befeb761f3613f1ef57ca892ebc3a6a228dca32f1309f0ac06a7de7e>, "", 44864, 20672) = 0
pread64(3</tmp/nia-publication-fault-kpgp25ml/case/store/objects/0c/a179e6befeb761f3613f1ef57ca892ebc3a6a228dca32f1309f0ac06a7de7e>, "", 65536, 20672) = 0
pread64(3</tmp/nia-publication-fault-kpgp25ml/case/store/objects/0c/a179e6befeb761f3613f1ef57ca892ebc3a6a228dca32f1309f0ac06a7de7e>, "!<arch>\n", 8, 0) = 8
pread64(3</tmp/nia-publication-fault-kpgp25ml/case/store/objects/0c/a179e6befeb761f3613f1ef57ca892ebc3a6a228dca32f1309f0ac06a7de7e>, "debian-binary/  0           0     0     100644  4         `\n", 60, 8) = 60
pread64(3</tmp/nia-publication-fault-kpgp25ml/case/store/objects/0c/a179e6befeb761f3613f1ef57ca892ebc3a6a228dca32f1309f0ac06a7de7e>, "2.0\n", 4, 68) = 4
pread64(3</tmp/nia-publication-fault-kpgp25ml/case/store/objects/0c/a179e6befeb761f3613f1ef57ca892ebc3a6a228dca32f1309f0ac06a7de7e>, "2.0\n", 4, 68) = 4
pread64(3</tmp/nia-publication-fault-kpgp25ml/case/store/objects/0c/a179e6befeb761f3613f1ef57ca892ebc3a6a228dca32f1309f0ac06a7de7e>, "control.tar/    0           0     0     100644  10240     `\n", 60, 72) = 60
pread64(3</tmp/nia-publication-fault-kpgp25ml/case/store/objects/0c/a179e6befeb761f3613f1ef57ca892ebc3a6a228dca32f1309f0ac06a7de7e>, "./control\0\0\0\0\0\0\0\0\0\0\0\0\0\0\0\0\0\0\0\0\0\0\0\0\0\0\0\0\0\0\0\0\0\0\0\0\0\0\0\0\0\0\0\0\0\0\0\0\0\0\0\0\0\0\0\0\0\0\0\0\0\0\0\0\0\0\0\0\0\0\0\0\0\0\0\0\0\0\0\0\0\0\0\0\0\0\0"..., 10240, 132) = 10240
pread64(3</tmp/nia-publication-fault-kpgp25ml/case/store/objects/0c/a179e6befeb761f3613f1ef57ca892ebc3a6a228dca32f1309f0ac06a7de7e>, "data.tar/       0           0     0     100644  10240     `\n", 60, 10372) = 60
pread64(3</tmp/nia-publication-fault-kpgp25ml/case/store/objects/0c/a179e6befeb761f3613f1ef57ca892ebc3a6a228dca32f1309f0ac06a7de7e>, "\0\0\0\0\0\0\0\0\0\0\0\0\0\0\0\0\0\0\0\0\0\0\0\0\0\0\0\0\0\0\0\0\0\0\0\0\0\0\0\0\0\0\0\0\0\0\0\0\0\0\0\0\0\0\0\0\0\0\0\0\0\0\0\0\0\0\0\0\0\0\0\0\0\0\0\0\0\0\0\0\0\0\0\0\0\0\0\0\0\0\0\0\0\0\0\0"..., 10240, 10432) = 10240
pread64(3</tmp/nia-publication-fault-kpgp25ml/case/store/objects/0c/a179e6befeb761f3613f1ef57ca892ebc3a6a228dca32f1309f0ac06a7de7e>, "!<arch>\ndebian-binary/  0           0     0     100644  4         `\n2.0\ncontrol.tar/    0       "..., 65536, 0) = 20672
pread64(3</tmp/nia-publication-fault-kpgp25ml/case/store/objects/0c/a179e6befeb761f3613f1ef57ca892ebc3a6a228dca32f1309f0ac06a7de7e>, "", 44864, 20672) = 0
pread64(3</tmp/nia-publication-fault-kpgp25ml/case/store/objects/0c/a179e6befeb761f3613f1ef57ca892ebc3a6a228dca32f1309f0ac06a7de7e>, "", 65536, 20672) = 0
pread64(3</tmp/nia-publication-fault-kpgp25ml/case/store/objects/0c/a179e6befeb761f3613f1ef57ca892ebc3a6a228dca32f1309f0ac06a7de7e>, "!<arch>\n", 8, 0) = 8
pread64(3</tmp/nia-publication-fault-kpgp25ml/case/store/objects/0c/a179e6befeb761f3613f1ef57ca892ebc3a6a228dca32f1309f0ac06a7de7e>, "debian-binary/  0           0     0     100644  4         `\n", 60, 8) = 60
pread64(3</tmp/nia-publication-fault-kpgp25ml/case/store/objects/0c/a179e6befeb761f3613f1ef57ca892ebc3a6a228dca32f1309f0ac06a7de7e>, "2.0\n", 4, 68) = 4
pread64(3</tmp/nia-publication-fault-kpgp25ml/case/store/objects/0c/a179e6befeb761f3613f1ef57ca892ebc3a6a228dca32f1309f0ac06a7de7e>, "2.0\n", 4, 68) = 4
pread64(3</tmp/nia-publication-fault-kpgp25ml/case/store/objects/0c/a179e6befeb761f3613f1ef57ca892ebc3a6a228dca32f1309f0ac06a7de7e>, "control.tar/    0           0     0     100644  10240     `\n", 60, 72) = 60
pread64(3</tmp/nia-publication-fault-kpgp25ml/case/store/objects/0c/a179e6befeb761f3613f1ef57ca892ebc3a6a228dca32f1309f0ac06a7de7e>, "./control\0\0\0\0\0\0\0\0\0\0\0\0\0\0\0\0\0\0\0\0\0\0\0\0\0\0\0\0\0\0\0\0\0\0\0\0\0\0\0\0\0\0\0\0\0\0\0\0\0\0\0\0\0\0\0\0\0\0\0\0\0\0\0\0\0\0\0\0\0\0\0\0\0\0\0\0\0\0\0\0\0\0\0\0\0\0\0"..., 10240, 132) = 10240
pread64(3</tmp/nia-publication-fault-kpgp25ml/case/store/objects/0c/a179e6befeb761f3613f1ef57ca892ebc3a6a228dca32f1309f0ac06a7de7e>, "data.tar/       0           0     0     100644  10240     `\n", 60, 10372) = 60
pread64(3</tmp/nia-publication-fault-kpgp25ml/case/store/objects/0c/a179e6befeb761f3613f1ef57ca892ebc3a6a228dca32f1309f0ac06a7de7e>, "\0\0\0\0\0\0\0\0\0\0\0\0\0\0\0\0\0\0\0\0\0\0\0\0\0\0\0\0\0\0\0\0\0\0\0\0\0\0\0\0\0\0\0\0\0\0\0\0\0\0\0\0\0\0\0\0\0\0\0\0\0\0\0\0\0\0\0\0\0\0\0\0\0\0\0\0\0\0\0\0\0\0\0\0\0\0\0\0\0\0\0\0\0\0\0\0"..., 10240, 10432) = 10240
fsync(11</tmp/nia-publication-fault-kpgp25ml/case/store/incoming>) = 0
pread64(3</tmp/nia-publication-fault-kpgp25ml/case/store/objects/0c/a179e6befeb761f3613f1ef57ca892ebc3a6a228dca32f1309f0ac06a7de7e>, "./control\0\0\0\0\0\0\0\0\0\0\0\0\0\0\0\0\0\0\0\0\0\0\0\0\0\0\0\0\0\0\0\0\0\0\0\0\0\0\0\0\0\0\0\0\0\0\0\0\0\0\0\0\0\0\0\0\0\0\0\0\0\0\0\0\0\0\0\0\0\0\0\0\0\0\0\0\0\0\0\0\0\0\0\0\0\0\0"..., 10240, 132) = 10240
write(10</tmp/nia-publication-fault-kpgp25ml/case/store/incoming/11a4e4b80aa42a077d5f589571f18d6f>, "./control\0\0\0\0\0\0\0\0\0\0\0\0\0\0\0\0\0\0\0\0\0\0\0\0\0\0\0\0\0\0\0\0\0\0\0\0\0\0\0\0\0\0\0\0\0\0\0\0\0\0\0\0\0\0\0\0\0\0\0\0\0\0\0\0\0\0\0\0\0\0\0\0\0\0\0\0\0\0\0\0\0\0\0\0\0\0\0"..., 10240) = 10240
fsync(10</tmp/nia-publication-fault-kpgp25ml/case/store/incoming/11a4e4b80aa42a077d5f589571f18d6f>) = 0
renameat2(11</tmp/nia-publication-fault-kpgp25ml/case/store/incoming>, "11a4e4b80aa42a077d5f589571f18d6f", 10</tmp/nia-publication-fault-kpgp25ml/case/store/objects/4a>, "36f6eb7c1b236ab6cb28ddb882919e888bf393dfc00d93008ad6730697f8f7", RENAME_NOREPLACE) = -1 EEXIST (File exists)
pread64(10</tmp/nia-publication-fault-kpgp25ml/case/store/objects/4a/36f6eb7c1b236ab6cb28ddb882919e888bf393dfc00d93008ad6730697f8f7>, "./control\0\0\0\0\0\0\0\0\0\0\0\0\0\0\0\0\0\0\0\0\0\0\0\0\0\0\0\0\0\0\0\0\0\0\0\0\0\0\0\0\0\0\0\0\0\0\0\0\0\0\0\0\0\0\0\0\0\0\0\0\0\0\0\0\0\0\0\0\0\0\0\0\0\0\0\0\0\0\0\0\0\0\0\0\0\0\0"..., 65536, 0) = 10240
pread64(10</tmp/nia-publication-fault-kpgp25ml/case/store/objects/4a/36f6eb7c1b236ab6cb28ddb882919e888bf393dfc00d93008ad6730697f8f7>, "", 55296, 10240) = 0
pread64(10</tmp/nia-publication-fault-kpgp25ml/case/store/objects/4a/36f6eb7c1b236ab6cb28ddb882919e888bf393dfc00d93008ad6730697f8f7>, "", 65536, 10240) = 0
fsync(11</tmp/nia-publication-fault-kpgp25ml/case/store/incoming>) = 0
pread64(3</tmp/nia-publication-fault-kpgp25ml/case/store/objects/4a/36f6eb7c1b236ab6cb28ddb882919e888bf393dfc00d93008ad6730697f8f7>, "./control\0\0\0\0\0\0\0\0\0\0\0\0\0\0\0\0\0\0\0\0\0\0\0\0\0\0\0\0\0\0\0\0\0\0\0\0\0\0\0\0\0\0\0\0\0\0\0\0\0\0\0\0\0\0\0\0\0\0\0\0\0\0\0\0\0\0\0\0\0\0\0\0\0\0\0\0\0\0\0\0\0\0\0\0\0\0\0"..., 65536, 0) = 10240
pread64(3</tmp/nia-publication-fault-kpgp25ml/case/store/objects/4a/36f6eb7c1b236ab6cb28ddb882919e888bf393dfc00d93008ad6730697f8f7>, "", 55296, 10240) = 0
pread64(3</tmp/nia-publication-fault-kpgp25ml/case/store/objects/4a/36f6eb7c1b236ab6cb28ddb882919e888bf393dfc00d93008ad6730697f8f7>, "", 65536, 10240) = 0
pread64(3</tmp/nia-publication-fault-kpgp25ml/case/store/objects/4a/36f6eb7c1b236ab6cb28ddb882919e888bf393dfc00d93008ad6730697f8f7>, "./control\0\0\0\0\0\0\0\0\0\0\0\0\0\0\0\0\0\0\0\0\0\0\0\0\0\0\0\0\0\0\0\0\0\0\0\0\0\0\0\0\0\0\0\0\0\0\0\0\0\0\0\0\0\0\0\0\0\0\0\0\0\0\0\0\0\0\0\0\0\0\0\0\0\0\0\0\0\0\0\0\0\0\0\0\0\0\0"..., 10240, 0) = 10240
fsync(11</tmp/nia-publication-fault-kpgp25ml/case/store/incoming>) = 0
write(10</tmp/nia-publication-fault-kpgp25ml/case/store/incoming/c39f9b6d442469238bdce74f053dd441>, "Package: empty-package\nVersion: 1\nArchitecture: all\nMaintainer: Fixture <fixture@example.invalid"..., 149) = 149
fsync(10</tmp/nia-publication-fault-kpgp25ml/case/store/incoming/c39f9b6d442469238bdce74f053dd441>) = 0
renameat2(11</tmp/nia-publication-fault-kpgp25ml/case/store/incoming>, "c39f9b6d442469238bdce74f053dd441", 10</tmp/nia-publication-fault-kpgp25ml/case/store/objects/a3>, "1a856f430af395bccd7eb2f142b11ad3ae0fc5daf3acc4ffb341c48a5abd39", RENAME_NOREPLACE) = -1 EEXIST (File exists)
pread64(10</tmp/nia-publication-fault-kpgp25ml/case/store/objects/a3/1a856f430af395bccd7eb2f142b11ad3ae0fc5daf3acc4ffb341c48a5abd39>, "Package: empty-package\nVersion: 1\nArchitecture: all\nMaintainer: Fixture <fixture@example.invalid"..., 65536, 0) = 149
pread64(10</tmp/nia-publication-fault-kpgp25ml/case/store/objects/a3/1a856f430af395bccd7eb2f142b11ad3ae0fc5daf3acc4ffb341c48a5abd39>, "", 65387, 149) = 0
pread64(10</tmp/nia-publication-fault-kpgp25ml/case/store/objects/a3/1a856f430af395bccd7eb2f142b11ad3ae0fc5daf3acc4ffb341c48a5abd39>, "", 65536, 149) = 0
fsync(11</tmp/nia-publication-fault-kpgp25ml/case/store/incoming>) = 0
pread64(3</tmp/nia-publication-fault-kpgp25ml/case/store/objects/a3/1a856f430af395bccd7eb2f142b11ad3ae0fc5daf3acc4ffb341c48a5abd39>, "Package: empty-package\nVersion: 1\nArchitecture: all\nMaintainer: Fixture <fixture@example.invalid"..., 65536, 0) = 149
pread64(3</tmp/nia-publication-fault-kpgp25ml/case/store/objects/a3/1a856f430af395bccd7eb2f142b11ad3ae0fc5daf3acc4ffb341c48a5abd39>, "", 65387, 149) = 0
pread64(3</tmp/nia-publication-fault-kpgp25ml/case/store/objects/a3/1a856f430af395bccd7eb2f142b11ad3ae0fc5daf3acc4ffb341c48a5abd39>, "", 65536, 149) = 0
pread64(3</tmp/nia-publication-fault-kpgp25ml/case/store/objects/a3/1a856f430af395bccd7eb2f142b11ad3ae0fc5daf3acc4ffb341c48a5abd39>, "Package: empty-package\nVersion: 1\nArchitecture: all\nMaintainer: Fixture <fixture@example.invalid"..., 16777216, 0) = 149
pread64(3</tmp/nia-publication-fault-kpgp25ml/case/store/objects/a3/1a856f430af395bccd7eb2f142b11ad3ae0fc5daf3acc4ffb341c48a5abd39>, "", 16777067, 149) = 0
pread64(3</tmp/nia-publication-fault-kpgp25ml/case/store/objects/a3/1a856f430af395bccd7eb2f142b11ad3ae0fc5daf3acc4ffb341c48a5abd39>, "Package: empty-package\nVersion: 1\nArchitecture: all\nMaintainer: Fixture <fixture@example.invalid"..., 65536, 0) = 149
pread64(3</tmp/nia-publication-fault-kpgp25ml/case/store/objects/a3/1a856f430af395bccd7eb2f142b11ad3ae0fc5daf3acc4ffb341c48a5abd39>, "", 65387, 149) = 0
pread64(3</tmp/nia-publication-fault-kpgp25ml/case/store/objects/a3/1a856f430af395bccd7eb2f142b11ad3ae0fc5daf3acc4ffb341c48a5abd39>, "", 65536, 149) = 0
pread64(3</tmp/nia-publication-fault-kpgp25ml/case/store/objects/a3/1a856f430af395bccd7eb2f142b11ad3ae0fc5daf3acc4ffb341c48a5abd39>, "Package: empty-package\nVersion: 1\nArchitecture: all\nMaintainer: Fixture <fixture@example.invalid"..., 16777216, 0) = 149
pread64(3</tmp/nia-publication-fault-kpgp25ml/case/store/objects/a3/1a856f430af395bccd7eb2f142b11ad3ae0fc5daf3acc4ffb341c48a5abd39>, "", 16777067, 149) = 0
pread64(3</tmp/nia-publication-fault-kpgp25ml/case/store/objects/0c/a179e6befeb761f3613f1ef57ca892ebc3a6a228dca32f1309f0ac06a7de7e>, "!<arch>\ndebian-binary/  0           0     0     100644  4         `\n2.0\ncontrol.tar/    0       "..., 65536, 0) = 20672
pread64(3</tmp/nia-publication-fault-kpgp25ml/case/store/objects/0c/a179e6befeb761f3613f1ef57ca892ebc3a6a228dca32f1309f0ac06a7de7e>, "", 44864, 20672) = 0
pread64(3</tmp/nia-publication-fault-kpgp25ml/case/store/objects/0c/a179e6befeb761f3613f1ef57ca892ebc3a6a228dca32f1309f0ac06a7de7e>, "", 65536, 20672) = 0
pread64(3</tmp/nia-publication-fault-kpgp25ml/case/store/objects/0c/a179e6befeb761f3613f1ef57ca892ebc3a6a228dca32f1309f0ac06a7de7e>, "!<arch>\n", 8, 0) = 8
pread64(3</tmp/nia-publication-fault-kpgp25ml/case/store/objects/0c/a179e6befeb761f3613f1ef57ca892ebc3a6a228dca32f1309f0ac06a7de7e>, "debian-binary/  0           0     0     100644  4         `\n", 60, 8) = 60
pread64(3</tmp/nia-publication-fault-kpgp25ml/case/store/objects/0c/a179e6befeb761f3613f1ef57ca892ebc3a6a228dca32f1309f0ac06a7de7e>, "2.0\n", 4, 68) = 4
pread64(3</tmp/nia-publication-fault-kpgp25ml/case/store/objects/0c/a179e6befeb761f3613f1ef57ca892ebc3a6a228dca32f1309f0ac06a7de7e>, "2.0\n", 4, 68) = 4
pread64(3</tmp/nia-publication-fault-kpgp25ml/case/store/objects/0c/a179e6befeb761f3613f1ef57ca892ebc3a6a228dca32f1309f0ac06a7de7e>, "control.tar/    0           0     0     100644  10240     `\n", 60, 72) = 60
pread64(3</tmp/nia-publication-fault-kpgp25ml/case/store/objects/0c/a179e6befeb761f3613f1ef57ca892ebc3a6a228dca32f1309f0ac06a7de7e>, "./control\0\0\0\0\0\0\0\0\0\0\0\0\0\0\0\0\0\0\0\0\0\0\0\0\0\0\0\0\0\0\0\0\0\0\0\0\0\0\0\0\0\0\0\0\0\0\0\0\0\0\0\0\0\0\0\0\0\0\0\0\0\0\0\0\0\0\0\0\0\0\0\0\0\0\0\0\0\0\0\0\0\0\0\0\0\0\0"..., 10240, 132) = 10240
pread64(3</tmp/nia-publication-fault-kpgp25ml/case/store/objects/0c/a179e6befeb761f3613f1ef57ca892ebc3a6a228dca32f1309f0ac06a7de7e>, "data.tar/       0           0     0     100644  10240     `\n", 60, 10372) = 60
pread64(3</tmp/nia-publication-fault-kpgp25ml/case/store/objects/0c/a179e6befeb761f3613f1ef57ca892ebc3a6a228dca32f1309f0ac06a7de7e>, "\0\0\0\0\0\0\0\0\0\0\0\0\0\0\0\0\0\0\0\0\0\0\0\0\0\0\0\0\0\0\0\0\0\0\0\0\0\0\0\0\0\0\0\0\0\0\0\0\0\0\0\0\0\0\0\0\0\0\0\0\0\0\0\0\0\0\0\0\0\0\0\0\0\0\0\0\0\0\0\0\0\0\0\0\0\0\0\0\0\0\0\0\0\0\0\0"..., 10240, 10432) = 10240
pread64(3</tmp/nia-publication-fault-kpgp25ml/case/store/objects/0c/a179e6befeb761f3613f1ef57ca892ebc3a6a228dca32f1309f0ac06a7de7e>, "!<arch>\ndebian-binary/  0           0     0     100644  4         `\n2.0\ncontrol.tar/    0       "..., 65536, 0) = 20672
pread64(3</tmp/nia-publication-fault-kpgp25ml/case/store/objects/0c/a179e6befeb761f3613f1ef57ca892ebc3a6a228dca32f1309f0ac06a7de7e>, "", 44864, 20672) = 0
pread64(3</tmp/nia-publication-fault-kpgp25ml/case/store/objects/0c/a179e6befeb761f3613f1ef57ca892ebc3a6a228dca32f1309f0ac06a7de7e>, "", 65536, 20672) = 0
pread64(3</tmp/nia-publication-fault-kpgp25ml/case/store/objects/0c/a179e6befeb761f3613f1ef57ca892ebc3a6a228dca32f1309f0ac06a7de7e>, "!<arch>\n", 8, 0) = 8
pread64(3</tmp/nia-publication-fault-kpgp25ml/case/store/objects/0c/a179e6befeb761f3613f1ef57ca892ebc3a6a228dca32f1309f0ac06a7de7e>, "debian-binary/  0           0     0     100644  4         `\n", 60, 8) = 60
pread64(3</tmp/nia-publication-fault-kpgp25ml/case/store/objects/0c/a179e6befeb761f3613f1ef57ca892ebc3a6a228dca32f1309f0ac06a7de7e>, "2.0\n", 4, 68) = 4
pread64(3</tmp/nia-publication-fault-kpgp25ml/case/store/objects/0c/a179e6befeb761f3613f1ef57ca892ebc3a6a228dca32f1309f0ac06a7de7e>, "2.0\n", 4, 68) = 4
pread64(3</tmp/nia-publication-fault-kpgp25ml/case/store/objects/0c/a179e6befeb761f3613f1ef57ca892ebc3a6a228dca32f1309f0ac06a7de7e>, "control.tar/    0           0     0     100644  10240     `\n", 60, 72) = 60
pread64(3</tmp/nia-publication-fault-kpgp25ml/case/store/objects/0c/a179e6befeb761f3613f1ef57ca892ebc3a6a228dca32f1309f0ac06a7de7e>, "./control\0\0\0\0\0\0\0\0\0\0\0\0\0\0\0\0\0\0\0\0\0\0\0\0\0\0\0\0\0\0\0\0\0\0\0\0\0\0\0\0\0\0\0\0\0\0\0\0\0\0\0\0\0\0\0\0\0\0\0\0\0\0\0\0\0\0\0\0\0\0\0\0\0\0\0\0\0\0\0\0\0\0\0\0\0\0\0"..., 10240, 132) = 10240
pread64(3</tmp/nia-publication-fault-kpgp25ml/case/store/objects/0c/a179e6befeb761f3613f1ef57ca892ebc3a6a228dca32f1309f0ac06a7de7e>, "data.tar/       0           0     0     100644  10240     `\n", 60, 10372) = 60
pread64(3</tmp/nia-publication-fault-kpgp25ml/case/store/objects/0c/a179e6befeb761f3613f1ef57ca892ebc3a6a228dca32f1309f0ac06a7de7e>, "\0\0\0\0\0\0\0\0\0\0\0\0\0\0\0\0\0\0\0\0\0\0\0\0\0\0\0\0\0\0\0\0\0\0\0\0\0\0\0\0\0\0\0\0\0\0\0\0\0\0\0\0\0\0\0\0\0\0\0\0\0\0\0\0\0\0\0\0\0\0\0\0\0\0\0\0\0\0\0\0\0\0\0\0\0\0\0\0\0\0\0\0\0\0\0\0"..., 10240, 10432) = 10240
fsync(11</tmp/nia-publication-fault-kpgp25ml/case/store/incoming>) = 0
pread64(3</tmp/nia-publication-fault-kpgp25ml/case/store/objects/0c/a179e6befeb761f3613f1ef57ca892ebc3a6a228dca32f1309f0ac06a7de7e>, "./control\0\0\0\0\0\0\0\0\0\0\0\0\0\0\0\0\0\0\0\0\0\0\0\0\0\0\0\0\0\0\0\0\0\0\0\0\0\0\0\0\0\0\0\0\0\0\0\0\0\0\0\0\0\0\0\0\0\0\0\0\0\0\0\0\0\0\0\0\0\0\0\0\0\0\0\0\0\0\0\0\0\0\0\0\0\0\0"..., 10240, 132) = 10240
write(10</tmp/nia-publication-fault-kpgp25ml/case/store/incoming/f51cc3790b230cb73b6d1f0403a5012f>, "./control\0\0\0\0\0\0\0\0\0\0\0\0\0\0\0\0\0\0\0\0\0\0\0\0\0\0\0\0\0\0\0\0\0\0\0\0\0\0\0\0\0\0\0\0\0\0\0\0\0\0\0\0\0\0\0\0\0\0\0\0\0\0\0\0\0\0\0\0\0\0\0\0\0\0\0\0\0\0\0\0\0\0\0\0\0\0\0"..., 10240) = 10240
fsync(10</tmp/nia-publication-fault-kpgp25ml/case/store/incoming/f51cc3790b230cb73b6d1f0403a5012f>) = 0
renameat2(11</tmp/nia-publication-fault-kpgp25ml/case/store/incoming>, "f51cc3790b230cb73b6d1f0403a5012f", 10</tmp/nia-publication-fault-kpgp25ml/case/store/objects/4a>, "36f6eb7c1b236ab6cb28ddb882919e888bf393dfc00d93008ad6730697f8f7", RENAME_NOREPLACE) = -1 EEXIST (File exists)
pread64(10</tmp/nia-publication-fault-kpgp25ml/case/store/objects/4a/36f6eb7c1b236ab6cb28ddb882919e888bf393dfc00d93008ad6730697f8f7>, "./control\0\0\0\0\0\0\0\0\0\0\0\0\0\0\0\0\0\0\0\0\0\0\0\0\0\0\0\0\0\0\0\0\0\0\0\0\0\0\0\0\0\0\0\0\0\0\0\0\0\0\0\0\0\0\0\0\0\0\0\0\0\0\0\0\0\0\0\0\0\0\0\0\0\0\0\0\0\0\0\0\0\0\0\0\0\0\0"..., 65536, 0) = 10240
pread64(10</tmp/nia-publication-fault-kpgp25ml/case/store/objects/4a/36f6eb7c1b236ab6cb28ddb882919e888bf393dfc00d93008ad6730697f8f7>, "", 55296, 10240) = 0
pread64(10</tmp/nia-publication-fault-kpgp25ml/case/store/objects/4a/36f6eb7c1b236ab6cb28ddb882919e888bf393dfc00d93008ad6730697f8f7>, "", 65536, 10240) = 0
fsync(11</tmp/nia-publication-fault-kpgp25ml/case/store/incoming>) = 0
pread64(3</tmp/nia-publication-fault-kpgp25ml/case/store/objects/4a/36f6eb7c1b236ab6cb28ddb882919e888bf393dfc00d93008ad6730697f8f7>, "./control\0\0\0\0\0\0\0\0\0\0\0\0\0\0\0\0\0\0\0\0\0\0\0\0\0\0\0\0\0\0\0\0\0\0\0\0\0\0\0\0\0\0\0\0\0\0\0\0\0\0\0\0\0\0\0\0\0\0\0\0\0\0\0\0\0\0\0\0\0\0\0\0\0\0\0\0\0\0\0\0\0\0\0\0\0\0\0"..., 65536, 0) = 10240
pread64(3</tmp/nia-publication-fault-kpgp25ml/case/store/objects/4a/36f6eb7c1b236ab6cb28ddb882919e888bf393dfc00d93008ad6730697f8f7>, "", 55296, 10240) = 0
pread64(3</tmp/nia-publication-fault-kpgp25ml/case/store/objects/4a/36f6eb7c1b236ab6cb28ddb882919e888bf393dfc00d93008ad6730697f8f7>, "", 65536, 10240) = 0
pread64(3</tmp/nia-publication-fault-kpgp25ml/case/store/objects/4a/36f6eb7c1b236ab6cb28ddb882919e888bf393dfc00d93008ad6730697f8f7>, "./control\0\0\0\0\0\0\0\0\0\0\0\0\0\0\0\0\0\0\0\0\0\0\0\0\0\0\0\0\0\0\0\0\0\0\0\0\0\0\0\0\0\0\0\0\0\0\0\0\0\0\0\0\0\0\0\0\0\0\0\0\0\0\0\0\0\0\0\0\0\0\0\0\0\0\0\0\0\0\0\0\0\0\0\0\0\0\0"..., 10240, 0) = 10240
fsync(11</tmp/nia-publication-fault-kpgp25ml/case/store/incoming>) = 0
write(10</tmp/nia-publication-fault-kpgp25ml/case/store/incoming/9cd9a002e91594ca6a3f5316cc702c8d>, "Package: empty-package\nVersion: 1\nArchitecture: all\nMaintainer: Fixture <fixture@example.invalid"..., 149) = 149
fsync(10</tmp/nia-publication-fault-kpgp25ml/case/store/incoming/9cd9a002e91594ca6a3f5316cc702c8d>) = 0
renameat2(11</tmp/nia-publication-fault-kpgp25ml/case/store/incoming>, "9cd9a002e91594ca6a3f5316cc702c8d", 10</tmp/nia-publication-fault-kpgp25ml/case/store/objects/a3>, "1a856f430af395bccd7eb2f142b11ad3ae0fc5daf3acc4ffb341c48a5abd39", RENAME_NOREPLACE) = -1 EEXIST (File exists)
pread64(10</tmp/nia-publication-fault-kpgp25ml/case/store/objects/a3/1a856f430af395bccd7eb2f142b11ad3ae0fc5daf3acc4ffb341c48a5abd39>, "Package: empty-package\nVersion: 1\nArchitecture: all\nMaintainer: Fixture <fixture@example.invalid"..., 65536, 0) = 149
pread64(10</tmp/nia-publication-fault-kpgp25ml/case/store/objects/a3/1a856f430af395bccd7eb2f142b11ad3ae0fc5daf3acc4ffb341c48a5abd39>, "", 65387, 149) = 0
pread64(10</tmp/nia-publication-fault-kpgp25ml/case/store/objects/a3/1a856f430af395bccd7eb2f142b11ad3ae0fc5daf3acc4ffb341c48a5abd39>, "", 65536, 149) = 0
fsync(11</tmp/nia-publication-fault-kpgp25ml/case/store/incoming>) = 0
pread64(3</tmp/nia-publication-fault-kpgp25ml/case/store/objects/0c/a179e6befeb761f3613f1ef57ca892ebc3a6a228dca32f1309f0ac06a7de7e>, "!<arch>\ndebian-binary/  0           0     0     100644  4         `\n2.0\ncontrol.tar/    0       "..., 65536, 0) = 20672
pread64(3</tmp/nia-publication-fault-kpgp25ml/case/store/objects/0c/a179e6befeb761f3613f1ef57ca892ebc3a6a228dca32f1309f0ac06a7de7e>, "", 44864, 20672) = 0
pread64(3</tmp/nia-publication-fault-kpgp25ml/case/store/objects/0c/a179e6befeb761f3613f1ef57ca892ebc3a6a228dca32f1309f0ac06a7de7e>, "", 65536, 20672) = 0
pread64(3</tmp/nia-publication-fault-kpgp25ml/case/store/objects/4a/36f6eb7c1b236ab6cb28ddb882919e888bf393dfc00d93008ad6730697f8f7>, "./control\0\0\0\0\0\0\0\0\0\0\0\0\0\0\0\0\0\0\0\0\0\0\0\0\0\0\0\0\0\0\0\0\0\0\0\0\0\0\0\0\0\0\0\0\0\0\0\0\0\0\0\0\0\0\0\0\0\0\0\0\0\0\0\0\0\0\0\0\0\0\0\0\0\0\0\0\0\0\0\0\0\0\0\0\0\0\0"..., 65536, 0) = 10240
pread64(3</tmp/nia-publication-fault-kpgp25ml/case/store/objects/4a/36f6eb7c1b236ab6cb28ddb882919e888bf393dfc00d93008ad6730697f8f7>, "", 55296, 10240) = 0
pread64(3</tmp/nia-publication-fault-kpgp25ml/case/store/objects/4a/36f6eb7c1b236ab6cb28ddb882919e888bf393dfc00d93008ad6730697f8f7>, "", 65536, 10240) = 0
pread64(3</tmp/nia-publication-fault-kpgp25ml/case/store/objects/84/ff92691f909a05b224e1c56abb4864f01b4f8e3c854e4bb4c7baf1d3f6d652>, "\0\0\0\0\0\0\0\0\0\0\0\0\0\0\0\0\0\0\0\0\0\0\0\0\0\0\0\0\0\0\0\0\0\0\0\0\0\0\0\0\0\0\0\0\0\0\0\0\0\0\0\0\0\0\0\0\0\0\0\0\0\0\0\0\0\0\0\0\0\0\0\0\0\0\0\0\0\0\0\0\0\0\0\0\0\0\0\0\0\0\0\0\0\0\0\0"..., 65536, 0) = 10240
pread64(3</tmp/nia-publication-fault-kpgp25ml/case/store/objects/84/ff92691f909a05b224e1c56abb4864f01b4f8e3c854e4bb4c7baf1d3f6d652>, "", 55296, 10240) = 0
pread64(3</tmp/nia-publication-fault-kpgp25ml/case/store/objects/84/ff92691f909a05b224e1c56abb4864f01b4f8e3c854e4bb4c7baf1d3f6d652>, "", 65536, 10240) = 0
pread64(3</tmp/nia-publication-fault-kpgp25ml/case/store/objects/8e/e688345e1d9502ee8cd7277a453c30bfb77b947201beb3300e9df2b8ca321d>, "\0\0\0\0\0\0\0\10NIACSEL1\273\343\341b6\331$M\267\345\300\262\251\302\306\27f\270\251!\330\260\227\374\323p\347\177\25.\3311\0\0\0\0\0\0\0\1\f\241y\346\276\376\267a\363a?\36\365|\250\222\353\303\246\242(\334\243/\23\t\360\254\6\247\336~J6\366\353|\33#j"..., 65536, 0) = 152
pread64(3</tmp/nia-publication-fault-kpgp25ml/case/store/objects/8e/e688345e1d9502ee8cd7277a453c30bfb77b947201beb3300e9df2b8ca321d>, "", 65384, 152) = 0
pread64(3</tmp/nia-publication-fault-kpgp25ml/case/store/objects/8e/e688345e1d9502ee8cd7277a453c30bfb77b947201beb3300e9df2b8ca321d>, "", 65536, 152) = 0
pread64(3</tmp/nia-publication-fault-kpgp25ml/case/store/objects/a3/1a856f430af395bccd7eb2f142b11ad3ae0fc5daf3acc4ffb341c48a5abd39>, "Package: empty-package\nVersion: 1\nArchitecture: all\nMaintainer: Fixture <fixture@example.invalid"..., 65536, 0) = 149
pread64(3</tmp/nia-publication-fault-kpgp25ml/case/store/objects/a3/1a856f430af395bccd7eb2f142b11ad3ae0fc5daf3acc4ffb341c48a5abd39>, "", 65387, 149) = 0
pread64(3</tmp/nia-publication-fault-kpgp25ml/case/store/objects/a3/1a856f430af395bccd7eb2f142b11ad3ae0fc5daf3acc4ffb341c48a5abd39>, "", 65536, 149) = 0
fsync(10</tmp/nia-publication-fault-kpgp25ml/case/store/incoming>) = 0
write(3</tmp/nia-publication-fault-kpgp25ml/case/store/incoming/d193e64d17d6b2da26aafb04130febab>, "NIACLOS1\216\346\2104^\35\225\2\356\214\327'zE<0\277\267{\224r\1\276\2630\16\235\362\270\3122\35\273\343\341b6\331$M\267\345\300\262\251\302\306\27f\270\251!\330\260\227\374\323p\347\177\25.\3311\0\0\0\0\0\0\0\5", 80) = 80
write(3</tmp/nia-publication-fault-kpgp25ml/case/store/incoming/d193e64d17d6b2da26aafb04130febab>, "\f\241y\346\276\376\267a\363a?\36\365|\250\222\353\303\246\242(\334\243/\23\t\360\254\6\247\336~", 32) = 32
write(3</tmp/nia-publication-fault-kpgp25ml/case/store/incoming/d193e64d17d6b2da26aafb04130febab>, "J6\366\353|\33#j\266\313(\335\270\202\221\236\210\213\363\223\337\300\r\223\0\212\326s\6\227\370\367", 32) = 32
write(3</tmp/nia-publication-fault-kpgp25ml/case/store/incoming/d193e64d17d6b2da26aafb04130febab>, "\204\377\222i\37\220\232\5\262$\341\305j\273Hd\360\33O\216<\205NK\264\307\272\361\323\366\326R", 32) = 32
write(3</tmp/nia-publication-fault-kpgp25ml/case/store/incoming/d193e64d17d6b2da26aafb04130febab>, "\216\346\2104^\35\225\2\356\214\327'zE<0\277\267{\224r\1\276\2630\16\235\362\270\3122\35", 32) = 32
write(3</tmp/nia-publication-fault-kpgp25ml/case/store/incoming/d193e64d17d6b2da26aafb04130febab>, "\243\32\205oC\n\363\225\274\315~\262\361B\261\32\323\256\17\305\332\363\254\304\377\263A\304\212Z\2759", 32) = 32
fsync(3</tmp/nia-publication-fault-kpgp25ml/case/store/incoming/d193e64d17d6b2da26aafb04130febab>) = 0
renameat2(10</tmp/nia-publication-fault-kpgp25ml/case/store/incoming>, "d193e64d17d6b2da26aafb04130febab", 3</tmp/nia-publication-fault-kpgp25ml/case/store/objects/32>, "094e7c613fdb6dffb1f27d926b176f7fd8946b8c2cf3ca9e3b95cb91a1a8ca", RENAME_NOREPLACE) = -1 EEXIST (File exists)
pread64(3</tmp/nia-publication-fault-kpgp25ml/case/store/objects/32/094e7c613fdb6dffb1f27d926b176f7fd8946b8c2cf3ca9e3b95cb91a1a8ca>, "NIACLOS1\216\346\2104^\35\225\2\356\214\327'zE<0\277\267{\224r\1\276\2630\16\235\362\270\3122\35\273\343\341b6\331$M\267\345\300\262\251\302\306\27f\270\251!\330\260\227\374\323p\347\177\25.\3311\0\0\0\0\0\0\0\5\f\241y\346\276\376\267a\363a?\36\365|\250\222"..., 65536, 0) = 240
pread64(3</tmp/nia-publication-fault-kpgp25ml/case/store/objects/32/094e7c613fdb6dffb1f27d926b176f7fd8946b8c2cf3ca9e3b95cb91a1a8ca>, "", 65296, 240) = 0
pread64(3</tmp/nia-publication-fault-kpgp25ml/case/store/objects/32/094e7c613fdb6dffb1f27d926b176f7fd8946b8c2cf3ca9e3b95cb91a1a8ca>, "", 65536, 240) = 0
fsync(10</tmp/nia-publication-fault-kpgp25ml/case/store/incoming>) = 0
pread64(3</tmp/nia-publication-fault-kpgp25ml/case/root/.mission/root.id>, "\37\37\37\37\37\37\37\37\37\37\37\37\37\37\37\37", 16, 0) = 16
pread64(3</tmp/nia-publication-fault-kpgp25ml/case/state/root.state>, "MCROOT02\37\37\37\37\37\37\37\37\37\37\37\37\37\37\37\37\0\0\0\0\0\0\0\0================|(\260]\354\310\366\2733\266\317\17dlZ\365\252\200U\340\nL\366\332\32tk\326;\35\36\362\0\0\0\0\0\0\0\0\0\0\0\0\0\0\0\0"..., 192, 0) = 192
fsync(3</tmp/nia-publication-fault-kpgp25ml/case/bank/29292929292929292929292929292929/state>) = 0
pread64(3</tmp/nia-publication-fault-kpgp25ml/case/bank/29292929292929292929292929292929/state/generation.manifest>, "NIAGEN04))))))))))))))))3333333333333333\0\0\0\0\0\0\0\1\0\0\0\0\0\0\0\2\216\346\2104^\35\225\2\356\214\327'zE<0\277\267{\224r\1\276\2630\16\235\362\270\3122\35\"\"\"\"\"\"\"\""..., 32992, 0) = 288
pread64(3</tmp/nia-publication-fault-kpgp25ml/case/bank/29292929292929292929292929292929/state/generation.manifest>, "", 32704, 288) = 0
fsync(3</tmp/nia-publication-fault-kpgp25ml/case/bank/29292929292929292929292929292929/state>) = 0
pread64(3</tmp/nia-publication-fault-kpgp25ml/case/bank/29292929292929292929292929292929/root/.mission/root.id>, "))))))))))))))))", 16, 0) = 16
pread64(3</tmp/nia-publication-fault-kpgp25ml/case/bank/29292929292929292929292929292929/state/root.state>, "MCROOT02))))))))))))))))\0\0\0\0\0\0\0\1\0\0\0\0\0\0\0\0\0\0\0\0\0\0\0\0\0\0\0\0\0\0\0\0\0\0\0\0\0\0\0\0\0\0\0\0\0\0\0\0\0\0\0\0\0\0\0\0\6>\23t\214\2765\223Zh\362\244\350\23\343\4"..., 192, 0) = 192
fsync(3</tmp/nia-publication-fault-kpgp25ml/case/store>) = 0
pread64(3</tmp/nia-publication-fault-kpgp25ml/case/store/pins/33333333333333333333333333333333>, "EN\16:\276\304-E\373\22\204\265\26:\214\305\301\1\4\312\17\2\177.%\237)jJ\374\31\270", 33, 0) = 32
pread64(3</tmp/nia-publication-fault-kpgp25ml/case/store/pins/33333333333333333333333333333333>, "", 1, 32) = 0
pread64(3</tmp/nia-publication-fault-kpgp25ml/case/store/objects/8e/e688345e1d9502ee8cd7277a453c30bfb77b947201beb3300e9df2b8ca321d>, "\0\0\0\0\0\0\0\10NIACSEL1\273\343\341b6\331$M\267\345\300\262\251\302\306\27f\270\251!\330\260\227\374\323p\347\177\25.\3311\0\0\0\0\0\0\0\1\f\241y\346\276\376\267a\363a?\36\365|\250\222\353\303\246\242(\334\243/\23\t\360\254\6\247\336~J6\366\353|\33#j"..., 65536, 0) = 152
pread64(3</tmp/nia-publication-fault-kpgp25ml/case/store/objects/8e/e688345e1d9502ee8cd7277a453c30bfb77b947201beb3300e9df2b8ca321d>, "", 65384, 152) = 0
pread64(3</tmp/nia-publication-fault-kpgp25ml/case/store/objects/8e/e688345e1d9502ee8cd7277a453c30bfb77b947201beb3300e9df2b8ca321d>, "", 65536, 152) = 0
pread64(3</tmp/nia-publication-fault-kpgp25ml/case/store/objects/06/3e13748cbe35935a68f2a4e813e304a840ad6be46e05313190b7df3df64069>, "MCPLAN02))))))))))))))))J\221\251af\2333\363\322\2457\334\20\314\305\221\0\0\0\0\0\0\0\0\0\0\0\0\0\0\0\1\0\0\0\0\0\0\0\1\0\0\0\0\0\0\0\2\216\346\2104^\35\225\2\356\214\327'zE<0\277\267{\224r\1\276\263"..., 65536, 0) = 995
pread64(3</tmp/nia-publication-fault-kpgp25ml/case/store/objects/06/3e13748cbe35935a68f2a4e813e304a840ad6be46e05313190b7df3df64069>, "", 64541, 995) = 0
pread64(3</tmp/nia-publication-fault-kpgp25ml/case/store/objects/06/3e13748cbe35935a68f2a4e813e304a840ad6be46e05313190b7df3df64069>, "", 65536, 995) = 0
pread64(3</tmp/nia-publication-fault-kpgp25ml/case/store/objects/06/3e13748cbe35935a68f2a4e813e304a840ad6be46e05313190b7df3df64069>, "MCPLAN02))))))))))))))))J\221\251af\2333\363\322\2457\334\20\314\305\221\0\0\0\0\0\0\0\0\0\0\0\0\0\0\0\1\0\0\0\0\0\0\0\1\0\0\0\0\0\0\0\2\216\346\2104^\35\225\2\356\214\327'zE<0\277\267{\224r\1\276\263"..., 4500000, 0) = 995
pread64(3</tmp/nia-publication-fault-kpgp25ml/case/store/objects/06/3e13748cbe35935a68f2a4e813e304a840ad6be46e05313190b7df3df64069>, "", 4499005, 995) = 0
pread64(3</tmp/nia-publication-fault-kpgp25ml/case/store/objects/66/a6757151f8ee55db127716c7e3dce0be8074b64e20eda542e5c1e46ca9c41e>, "\7\10\t", 65536, 0) = 3
pread64(3</tmp/nia-publication-fault-kpgp25ml/case/store/objects/66/a6757151f8ee55db127716c7e3dce0be8074b64e20eda542e5c1e46ca9c41e>, "", 65533, 3) = 0
pread64(3</tmp/nia-publication-fault-kpgp25ml/case/store/objects/66/a6757151f8ee55db127716c7e3dce0be8074b64e20eda542e5c1e46ca9c41e>, "", 65536, 3) = 0
pread64(3</tmp/nia-publication-fault-kpgp25ml/case/store/objects/96/a296d224f285c67bee93c30f8a309157f0daa35dc5b87e410b78630a09cfc7>, "\0\0", 65536, 0) = 2
pread64(3</tmp/nia-publication-fault-kpgp25ml/case/store/objects/96/a296d224f285c67bee93c30f8a309157f0daa35dc5b87e410b78630a09cfc7>, "", 65534, 2) = 0
pread64(3</tmp/nia-publication-fault-kpgp25ml/case/store/objects/96/a296d224f285c67bee93c30f8a309157f0daa35dc5b87e410b78630a09cfc7>, "", 65536, 2) = 0
pread64(3</tmp/nia-publication-fault-kpgp25ml/case/store/objects/8e/e688345e1d9502ee8cd7277a453c30bfb77b947201beb3300e9df2b8ca321d>, "\0\0\0\0\0\0\0\10NIACSEL1\273\343\341b6\331$M\267\345\300\262\251\302\306\27f\270\251!\330\260\227\374\323p\347\177\25.\3311\0\0\0\0\0\0\0\1\f\241y\346\276\376\267a\363a?\36\365|\250\222\353\303\246\242(\334\243/\23\t\360\254\6\247\336~J6\366\353|\33#j"..., 65536, 0) = 152
pread64(3</tmp/nia-publication-fault-kpgp25ml/case/store/objects/8e/e688345e1d9502ee8cd7277a453c30bfb77b947201beb3300e9df2b8ca321d>, "", 65384, 152) = 0
pread64(3</tmp/nia-publication-fault-kpgp25ml/case/store/objects/8e/e688345e1d9502ee8cd7277a453c30bfb77b947201beb3300e9df2b8ca321d>, "", 65536, 152) = 0
pread64(3</tmp/nia-publication-fault-kpgp25ml/case/store/objects/96/a296d224f285c67bee93c30f8a309157f0daa35dc5b87e410b78630a09cfc7>, "\0\0", 65536, 0) = 2
pread64(3</tmp/nia-publication-fault-kpgp25ml/case/store/objects/96/a296d224f285c67bee93c30f8a309157f0daa35dc5b87e410b78630a09cfc7>, "", 65534, 2) = 0
pread64(3</tmp/nia-publication-fault-kpgp25ml/case/store/objects/96/a296d224f285c67bee93c30f8a309157f0daa35dc5b87e410b78630a09cfc7>, "", 65536, 2) = 0
pread64(3</tmp/nia-publication-fault-kpgp25ml/case/store/objects/96/a296d224f285c67bee93c30f8a309157f0daa35dc5b87e410b78630a09cfc7>, "\0\0", 65536, 0) = 2
pread64(3</tmp/nia-publication-fault-kpgp25ml/case/store/objects/96/a296d224f285c67bee93c30f8a309157f0daa35dc5b87e410b78630a09cfc7>, "", 65534, 2) = 0
pread64(3</tmp/nia-publication-fault-kpgp25ml/case/store/objects/96/a296d224f285c67bee93c30f8a309157f0daa35dc5b87e410b78630a09cfc7>, "", 65536, 2) = 0
pread64(3</tmp/nia-publication-fault-kpgp25ml/case/store/objects/8e/e688345e1d9502ee8cd7277a453c30bfb77b947201beb3300e9df2b8ca321d>, "\0\0\0\0\0\0\0\10NIACSEL1\273\343\341b6\331$M\267\345\300\262\251\302\306\27f\270\251!\330\260\227\374\323p\347\177\25.\3311\0\0\0\0\0\0\0\1\f\241y\346\276\376\267a\363a?\36\365|\250\222\353\303\246\242(\334\243/\23\t\360\254\6\247\336~J6\366\353|\33#j"..., 65536, 0) = 152
pread64(3</tmp/nia-publication-fault-kpgp25ml/case/store/objects/8e/e688345e1d9502ee8cd7277a453c30bfb77b947201beb3300e9df2b8ca321d>, "", 65384, 152) = 0
pread64(3</tmp/nia-publication-fault-kpgp25ml/case/store/objects/8e/e688345e1d9502ee8cd7277a453c30bfb77b947201beb3300e9df2b8ca321d>, "", 65536, 152) = 0
pread64(3</tmp/nia-publication-fault-kpgp25ml/case/store/objects/b2/d93d1647239d0ba4daeaa2a008547e866b63fe552b7835bb1cf81afd008832>, "NIASPOL1~R\322\ng\4\374Nt{\300\301\330\36\340\226\257\27\360\206\320\344f\21\354\217~\254\226\320\232\"\0\0\0\0\0\0\3\350\0\0\0\0\0\0\0\1GGGGGGGGGGGGGGGGGGGGGGGGGGGGGGGG\212\210\343\335t\t\361\225"..., 65536, 0) = 136
pread64(3</tmp/nia-publication-fault-kpgp25ml/case/store/objects/b2/d93d1647239d0ba4daeaa2a008547e866b63fe552b7835bb1cf81afd008832>, "", 65400, 136) = 0
pread64(3</tmp/nia-publication-fault-kpgp25ml/case/store/objects/b2/d93d1647239d0ba4daeaa2a008547e866b63fe552b7835bb1cf81afd008832>, "", 65536, 136) = 0
pread64(3</tmp/nia-publication-fault-kpgp25ml/case/store/objects/b2/d93d1647239d0ba4daeaa2a008547e866b63fe552b7835bb1cf81afd008832>, "NIASPOL1~R\322\ng\4\374Nt{\300\301\330\36\340\226\257\27\360\206\320\344f\21\354\217~\254\226\320\232\"\0\0\0\0\0\0\3\350\0\0\0\0\0\0\0\1GGGGGGGGGGGGGGGGGGGGGGGGGGGGGGGG\212\210\343\335t\t\361\225"..., 20536, 0) = 136
pread64(3</tmp/nia-publication-fault-kpgp25ml/case/store/objects/b2/d93d1647239d0ba4daeaa2a008547e866b63fe552b7835bb1cf81afd008832>, "", 20400, 136) = 0
pread64(3</tmp/nia-publication-fault-kpgp25ml/case/store/objects/7e/52d20a6704fc4e747bc0c1d81ee096af17f086d0e46611ec8f7eac96d09a22>, "NIASMAP1\37\37\37\37\37\37\37\37\37\37\37\37\37\37\37\37\0\0\0\0\0\0\0\0\0\0\0\0\0\0\0\0\0\0\0\0\0\0\0\0\0\0\0\0\0\0\0\0\0\0\0\0\0\0\0\0\0\0\0\0\0\0\0\0\0\0\0\0\0\0\0\0\0\0\0\0\0\0\0\0\216\346\2104^\35\225\2"..., 65536, 0) = 256
pread64(3</tmp/nia-publication-fault-kpgp25ml/case/store/objects/7e/52d20a6704fc4e747bc0c1d81ee096af17f086d0e46611ec8f7eac96d09a22>, "", 65280, 256) = 0
pread64(3</tmp/nia-publication-fault-kpgp25ml/case/store/objects/7e/52d20a6704fc4e747bc0c1d81ee096af17f086d0e46611ec8f7eac96d09a22>, "", 65536, 256) = 0
pread64(3</tmp/nia-publication-fault-kpgp25ml/case/store/objects/7e/52d20a6704fc4e747bc0c1d81ee096af17f086d0e46611ec8f7eac96d09a22>, "NIASMAP1\37\37\37\37\37\37\37\37\37\37\37\37\37\37\37\37\0\0\0\0\0\0\0\0\0\0\0\0\0\0\0\0\0\0\0\0\0\0\0\0\0\0\0\0\0\0\0\0\0\0\0\0\0\0\0\0\0\0\0\0\0\0\0\0\0\0\0\0\0\0\0\0\0\0\0\0\0\0\0\0\216\346\2104^\35\225\2"..., 393376, 0) = 256
pread64(3</tmp/nia-publication-fault-kpgp25ml/case/store/objects/7e/52d20a6704fc4e747bc0c1d81ee096af17f086d0e46611ec8f7eac96d09a22>, "", 393120, 256) = 0
pread64(3</tmp/nia-publication-fault-kpgp25ml/case/store/objects/8e/e688345e1d9502ee8cd7277a453c30bfb77b947201beb3300e9df2b8ca321d>, "\0\0\0\0\0\0\0\10NIACSEL1\273\343\341b6\331$M\267\345\300\262\251\302\306\27f\270\251!\330\260\227\374\323p\347\177\25.\3311\0\0\0\0\0\0\0\1\f\241y\346\276\376\267a\363a?\36\365|\250\222\353\303\246\242(\334\243/\23\t\360\254\6\247\336~J6\366\353|\33#j"..., 65536, 0) = 152
pread64(3</tmp/nia-publication-fault-kpgp25ml/case/store/objects/8e/e688345e1d9502ee8cd7277a453c30bfb77b947201beb3300e9df2b8ca321d>, "", 65384, 152) = 0
pread64(3</tmp/nia-publication-fault-kpgp25ml/case/store/objects/8e/e688345e1d9502ee8cd7277a453c30bfb77b947201beb3300e9df2b8ca321d>, "", 65536, 152) = 0
pread64(3</tmp/nia-publication-fault-kpgp25ml/case/store/objects/32/094e7c613fdb6dffb1f27d926b176f7fd8946b8c2cf3ca9e3b95cb91a1a8ca>, "NIACLOS1\216\346\2104^\35\225\2\356\214\327'zE<0\277\267{\224r\1\276\2630\16\235\362\270\3122\35\273\343\341b6\331$M\267\345\300\262\251\302\306\27f\270\251!\330\260\227\374\323p\347\177\25.\3311\0\0\0\0\0\0\0\5\f\241y\346\276\376\267a\363a?\36\365|\250\222"..., 65536, 0) = 240
pread64(3</tmp/nia-publication-fault-kpgp25ml/case/store/objects/32/094e7c613fdb6dffb1f27d926b176f7fd8946b8c2cf3ca9e3b95cb91a1a8ca>, "", 65296, 240) = 0
pread64(3</tmp/nia-publication-fault-kpgp25ml/case/store/objects/32/094e7c613fdb6dffb1f27d926b176f7fd8946b8c2cf3ca9e3b95cb91a1a8ca>, "", 65536, 240) = 0
pread64(3</tmp/nia-publication-fault-kpgp25ml/case/store/objects/be/79019cd624c1b58af3cac32a235b467dac74ebfc6ee94e6390a198650449a5>, "NIASUP01GGGGGGGGGGGGGGGGGGGGGGGGGGGGGGGGf\246uqQ\370\356U\333\22w\26\307\343\334\340\276\200t\266N \355\245B\345\301\344l\251\304\36\f\241y\346\276\376\267a\363a?\36\365|\250\222\353\303\246\242(\334\243/"..., 65536, 0) = 320
pread64(3</tmp/nia-publication-fault-kpgp25ml/case/store/objects/be/79019cd624c1b58af3cac32a235b467dac74ebfc6ee94e6390a198650449a5>, "", 65216, 320) = 0
pread64(3</tmp/nia-publication-fault-kpgp25ml/case/store/objects/be/79019cd624c1b58af3cac32a235b467dac74ebfc6ee94e6390a198650449a5>, "", 65536, 320) = 0
pread64(3</tmp/nia-publication-fault-kpgp25ml/case/store/objects/be/79019cd624c1b58af3cac32a235b467dac74ebfc6ee94e6390a198650449a5>, "NIASUP01GGGGGGGGGGGGGGGGGGGGGGGGGGGGGGGGf\246uqQ\370\356U\333\22w\26\307\343\334\340\276\200t\266N \355\245B\345\301\344l\251\304\36\f\241y\346\276\376\267a\363a?\36\365|\250\222\353\303\246\242(\334\243/"..., 320, 0) = 320
pread64(3</tmp/nia-publication-fault-kpgp25ml/case/store/objects/66/a6757151f8ee55db127716c7e3dce0be8074b64e20eda542e5c1e46ca9c41e>, "\7\10\t", 65536, 0) = 3
pread64(3</tmp/nia-publication-fault-kpgp25ml/case/store/objects/66/a6757151f8ee55db127716c7e3dce0be8074b64e20eda542e5c1e46ca9c41e>, "", 65533, 3) = 0
pread64(3</tmp/nia-publication-fault-kpgp25ml/case/store/objects/66/a6757151f8ee55db127716c7e3dce0be8074b64e20eda542e5c1e46ca9c41e>, "", 65536, 3) = 0
pread64(3</tmp/nia-publication-fault-kpgp25ml/case/store/objects/0c/a179e6befeb761f3613f1ef57ca892ebc3a6a228dca32f1309f0ac06a7de7e>, "!<arch>\ndebian-binary/  0           0     0     100644  4         `\n2.0\ncontrol.tar/    0       "..., 65536, 0) = 20672
pread64(3</tmp/nia-publication-fault-kpgp25ml/case/store/objects/0c/a179e6befeb761f3613f1ef57ca892ebc3a6a228dca32f1309f0ac06a7de7e>, "", 44864, 20672) = 0
pread64(3</tmp/nia-publication-fault-kpgp25ml/case/store/objects/0c/a179e6befeb761f3613f1ef57ca892ebc3a6a228dca32f1309f0ac06a7de7e>, "", 65536, 20672) = 0
pread64(3</tmp/nia-publication-fault-kpgp25ml/case/store/objects/a3/1a856f430af395bccd7eb2f142b11ad3ae0fc5daf3acc4ffb341c48a5abd39>, "Package: empty-package\nVersion: 1\nArchitecture: all\nMaintainer: Fixture <fixture@example.invalid"..., 65536, 0) = 149
pread64(3</tmp/nia-publication-fault-kpgp25ml/case/store/objects/a3/1a856f430af395bccd7eb2f142b11ad3ae0fc5daf3acc4ffb341c48a5abd39>, "", 65387, 149) = 0
pread64(3</tmp/nia-publication-fault-kpgp25ml/case/store/objects/a3/1a856f430af395bccd7eb2f142b11ad3ae0fc5daf3acc4ffb341c48a5abd39>, "", 65536, 149) = 0
pread64(3</tmp/nia-publication-fault-kpgp25ml/case/store/objects/66/a6757151f8ee55db127716c7e3dce0be8074b64e20eda542e5c1e46ca9c41e>, "\7\10\t", 65536, 0) = 3
pread64(3</tmp/nia-publication-fault-kpgp25ml/case/store/objects/66/a6757151f8ee55db127716c7e3dce0be8074b64e20eda542e5c1e46ca9c41e>, "", 65533, 3) = 0
pread64(3</tmp/nia-publication-fault-kpgp25ml/case/store/objects/66/a6757151f8ee55db127716c7e3dce0be8074b64e20eda542e5c1e46ca9c41e>, "", 65536, 3) = 0
pread64(3</tmp/nia-publication-fault-kpgp25ml/case/store/objects/66/a6757151f8ee55db127716c7e3dce0be8074b64e20eda542e5c1e46ca9c41e>, "\7\10\t", 65536, 0) = 3
pread64(3</tmp/nia-publication-fault-kpgp25ml/case/store/objects/66/a6757151f8ee55db127716c7e3dce0be8074b64e20eda542e5c1e46ca9c41e>, "", 65533, 3) = 0
pread64(3</tmp/nia-publication-fault-kpgp25ml/case/store/objects/66/a6757151f8ee55db127716c7e3dce0be8074b64e20eda542e5c1e46ca9c41e>, "", 65536, 3) = 0
pread64(3</tmp/nia-publication-fault-kpgp25ml/case/store/objects/66/a6757151f8ee55db127716c7e3dce0be8074b64e20eda542e5c1e46ca9c41e>, "\7\10\t", 65536, 0) = 3
pread64(3</tmp/nia-publication-fault-kpgp25ml/case/store/objects/66/a6757151f8ee55db127716c7e3dce0be8074b64e20eda542e5c1e46ca9c41e>, "", 65533, 3) = 0
pread64(3</tmp/nia-publication-fault-kpgp25ml/case/store/objects/66/a6757151f8ee55db127716c7e3dce0be8074b64e20eda542e5c1e46ca9c41e>, "", 65536, 3) = 0
pread64(3</tmp/nia-publication-fault-kpgp25ml/case/store/objects/38/c0e841345eeb0948445869eb5553bb39ebf66c24fe6fa00123868f32600451>, "NIAGINT1\37\37\37\37\37\37\37\37\37\37\37\37\37\37\37\37\0\0\0\0\0\0\0\0\0\0\0\0\0\0\0\0\0\0\0\0\0\0\0\0\0\0\0\0\0\0\0\0\216\346\2104^\35\225\2\356\214\327'zE<0\277\267{\224r\1\276\2630\16\235\362\270\3122\0352\tN|a?\333m"..., 65536, 0) = 206
pread64(3</tmp/nia-publication-fault-kpgp25ml/case/store/objects/38/c0e841345eeb0948445869eb5553bb39ebf66c24fe6fa00123868f32600451>, "", 65330, 206) = 0
pread64(3</tmp/nia-publication-fault-kpgp25ml/case/store/objects/38/c0e841345eeb0948445869eb5553bb39ebf66c24fe6fa00123868f32600451>, "", 65536, 206) = 0
pread64(3</tmp/nia-publication-fault-kpgp25ml/case/store/objects/38/c0e841345eeb0948445869eb5553bb39ebf66c24fe6fa00123868f32600451>, "NIAGINT1\37\37\37\37\37\37\37\37\37\37\37\37\37\37\37\37\0\0\0\0\0\0\0\0\0\0\0\0\0\0\0\0\0\0\0\0\0\0\0\0\0\0\0\0\0\0\0\0\216\346\2104^\35\225\2\356\214\327'zE<0\277\267{\224r\1\276\2630\16\235\362\270\3122\0352\tN|a?\333m"..., 1053888, 0) = 206
pread64(3</tmp/nia-publication-fault-kpgp25ml/case/store/objects/38/c0e841345eeb0948445869eb5553bb39ebf66c24fe6fa00123868f32600451>, "", 1053682, 206) = 0
pread64(3</tmp/nia-publication-fault-kpgp25ml/case/store/objects/32/094e7c613fdb6dffb1f27d926b176f7fd8946b8c2cf3ca9e3b95cb91a1a8ca>, "NIACLOS1\216\346\2104^\35\225\2\356\214\327'zE<0\277\267{\224r\1\276\2630\16\235\362\270\3122\35\273\343\341b6\331$M\267\345\300\262\251\302\306\27f\270\251!\330\260\227\374\323p\347\177\25.\3311\0\0\0\0\0\0\0\5\f\241y\346\276\376\267a\363a?\36\365|\250\222"..., 65536, 0) = 240
pread64(3</tmp/nia-publication-fault-kpgp25ml/case/store/objects/32/094e7c613fdb6dffb1f27d926b176f7fd8946b8c2cf3ca9e3b95cb91a1a8ca>, "", 65296, 240) = 0
pread64(3</tmp/nia-publication-fault-kpgp25ml/case/store/objects/32/094e7c613fdb6dffb1f27d926b176f7fd8946b8c2cf3ca9e3b95cb91a1a8ca>, "", 65536, 240) = 0
pread64(3</tmp/nia-publication-fault-kpgp25ml/case/store/objects/32/094e7c613fdb6dffb1f27d926b176f7fd8946b8c2cf3ca9e3b95cb91a1a8ca>, "NIACLOS1\216\346\2104^\35\225\2\356\214\327'zE<0\277\267{\224r\1\276\2630\16\235\362\270\3122\35\273\343\341b6\331$M\267\345\300\262\251\302\306\27f\270\251!\330\260\227\374\323p\347\177\25.\3311\0\0\0\0\0\0\0\5", 80, 0) = 80
pread64(3</tmp/nia-publication-fault-kpgp25ml/case/store/objects/32/094e7c613fdb6dffb1f27d926b176f7fd8946b8c2cf3ca9e3b95cb91a1a8ca>, "\f\241y\346\276\376\267a\363a?\36\365|\250\222\353\303\246\242(\334\243/\23\t\360\254\6\247\336~", 32, 80) = 32
pread64(13</tmp/nia-publication-fault-kpgp25ml/case/store/objects/0c/a179e6befeb761f3613f1ef57ca892ebc3a6a228dca32f1309f0ac06a7de7e>, "!<arch>\ndebian-binary/  0           0     0     100644  4         `\n2.0\ncontrol.tar/    0       "..., 65536, 0) = 20672
pread64(13</tmp/nia-publication-fault-kpgp25ml/case/store/objects/0c/a179e6befeb761f3613f1ef57ca892ebc3a6a228dca32f1309f0ac06a7de7e>, "", 44864, 20672) = 0
pread64(13</tmp/nia-publication-fault-kpgp25ml/case/store/objects/0c/a179e6befeb761f3613f1ef57ca892ebc3a6a228dca32f1309f0ac06a7de7e>, "", 65536, 20672) = 0
pread64(3</tmp/nia-publication-fault-kpgp25ml/case/store/objects/32/094e7c613fdb6dffb1f27d926b176f7fd8946b8c2cf3ca9e3b95cb91a1a8ca>, "J6\366\353|\33#j\266\313(\335\270\202\221\236\210\213\363\223\337\300\r\223\0\212\326s\6\227\370\367", 32, 112) = 32
pread64(13</tmp/nia-publication-fault-kpgp25ml/case/store/objects/4a/36f6eb7c1b236ab6cb28ddb882919e888bf393dfc00d93008ad6730697f8f7>, "./control\0\0\0\0\0\0\0\0\0\0\0\0\0\0\0\0\0\0\0\0\0\0\0\0\0\0\0\0\0\0\0\0\0\0\0\0\0\0\0\0\0\0\0\0\0\0\0\0\0\0\0\0\0\0\0\0\0\0\0\0\0\0\0\0\0\0\0\0\0\0\0\0\0\0\0\0\0\0\0\0\0\0\0\0\0\0\0"..., 65536, 0) = 10240
pread64(13</tmp/nia-publication-fault-kpgp25ml/case/store/objects/4a/36f6eb7c1b236ab6cb28ddb882919e888bf393dfc00d93008ad6730697f8f7>, "", 55296, 10240) = 0
pread64(13</tmp/nia-publication-fault-kpgp25ml/case/store/objects/4a/36f6eb7c1b236ab6cb28ddb882919e888bf393dfc00d93008ad6730697f8f7>, "", 65536, 10240) = 0
pread64(3</tmp/nia-publication-fault-kpgp25ml/case/store/objects/32/094e7c613fdb6dffb1f27d926b176f7fd8946b8c2cf3ca9e3b95cb91a1a8ca>, "\204\377\222i\37\220\232\5\262$\341\305j\273Hd\360\33O\216<\205NK\264\307\272\361\323\366\326R", 32, 144) = 32
pread64(13</tmp/nia-publication-fault-kpgp25ml/case/store/objects/84/ff92691f909a05b224e1c56abb4864f01b4f8e3c854e4bb4c7baf1d3f6d652>, "\0\0\0\0\0\0\0\0\0\0\0\0\0\0\0\0\0\0\0\0\0\0\0\0\0\0\0\0\0\0\0\0\0\0\0\0\0\0\0\0\0\0\0\0\0\0\0\0\0\0\0\0\0\0\0\0\0\0\0\0\0\0\0\0\0\0\0\0\0\0\0\0\0\0\0\0\0\0\0\0\0\0\0\0\0\0\0\0\0\0\0\0\0\0\0\0"..., 65536, 0) = 10240
pread64(13</tmp/nia-publication-fault-kpgp25ml/case/store/objects/84/ff92691f909a05b224e1c56abb4864f01b4f8e3c854e4bb4c7baf1d3f6d652>, "", 55296, 10240) = 0
pread64(13</tmp/nia-publication-fault-kpgp25ml/case/store/objects/84/ff92691f909a05b224e1c56abb4864f01b4f8e3c854e4bb4c7baf1d3f6d652>, "", 65536, 10240) = 0
pread64(3</tmp/nia-publication-fault-kpgp25ml/case/store/objects/32/094e7c613fdb6dffb1f27d926b176f7fd8946b8c2cf3ca9e3b95cb91a1a8ca>, "\216\346\2104^\35\225\2\356\214\327'zE<0\277\267{\224r\1\276\2630\16\235\362\270\3122\35", 32, 176) = 32
pread64(13</tmp/nia-publication-fault-kpgp25ml/case/store/objects/8e/e688345e1d9502ee8cd7277a453c30bfb77b947201beb3300e9df2b8ca321d>, "\0\0\0\0\0\0\0\10NIACSEL1\273\343\341b6\331$M\267\345\300\262\251\302\306\27f\270\251!\330\260\227\374\323p\347\177\25.\3311\0\0\0\0\0\0\0\1\f\241y\346\276\376\267a\363a?\36\365|\250\222\353\303\246\242(\334\243/\23\t\360\254\6\247\336~J6\366\353|\33#j"..., 65536, 0) = 152
pread64(13</tmp/nia-publication-fault-kpgp25ml/case/store/objects/8e/e688345e1d9502ee8cd7277a453c30bfb77b947201beb3300e9df2b8ca321d>, "", 65384, 152) = 0
pread64(13</tmp/nia-publication-fault-kpgp25ml/case/store/objects/8e/e688345e1d9502ee8cd7277a453c30bfb77b947201beb3300e9df2b8ca321d>, "", 65536, 152) = 0
pread64(3</tmp/nia-publication-fault-kpgp25ml/case/store/objects/32/094e7c613fdb6dffb1f27d926b176f7fd8946b8c2cf3ca9e3b95cb91a1a8ca>, "\243\32\205oC\n\363\225\274\315~\262\361B\261\32\323\256\17\305\332\363\254\304\377\263A\304\212Z\2759", 32, 208) = 32
pread64(13</tmp/nia-publication-fault-kpgp25ml/case/store/objects/a3/1a856f430af395bccd7eb2f142b11ad3ae0fc5daf3acc4ffb341c48a5abd39>, "Package: empty-package\nVersion: 1\nArchitecture: all\nMaintainer: Fixture <fixture@example.invalid"..., 65536, 0) = 149
pread64(13</tmp/nia-publication-fault-kpgp25ml/case/store/objects/a3/1a856f430af395bccd7eb2f142b11ad3ae0fc5daf3acc4ffb341c48a5abd39>, "", 65387, 149) = 0
pread64(13</tmp/nia-publication-fault-kpgp25ml/case/store/objects/a3/1a856f430af395bccd7eb2f142b11ad3ae0fc5daf3acc4ffb341c48a5abd39>, "", 65536, 149) = 0
pread64(3</tmp/nia-publication-fault-kpgp25ml/case/store/objects/8e/e688345e1d9502ee8cd7277a453c30bfb77b947201beb3300e9df2b8ca321d>, "\0\0\0\0\0\0\0\10NIACSEL1\273\343\341b6\331$M\267\345\300\262\251\302\306\27f\270\251!\330\260\227\374\323p\347\177\25.\3311\0\0\0\0\0\0\0\1\f\241y\346\276\376\267a\363a?\36\365|\250\222\353\303\246\242(\334\243/\23\t\360\254\6\247\336~J6\366\353|\33#j"..., 65536, 0) = 152
pread64(3</tmp/nia-publication-fault-kpgp25ml/case/store/objects/8e/e688345e1d9502ee8cd7277a453c30bfb77b947201beb3300e9df2b8ca321d>, "", 65384, 152) = 0
pread64(3</tmp/nia-publication-fault-kpgp25ml/case/store/objects/8e/e688345e1d9502ee8cd7277a453c30bfb77b947201beb3300e9df2b8ca321d>, "", 65536, 152) = 0
pread64(3</tmp/nia-publication-fault-kpgp25ml/case/store/objects/8e/e688345e1d9502ee8cd7277a453c30bfb77b947201beb3300e9df2b8ca321d>, "\0\0\0\0\0\0\0\10NIACSEL1\273\343\341b6\331$M\267\345\300\262\251\302\306\27f\270\251!\330\260\227\374\323p\347\177\25.\3311\0\0\0\0\0\0\0\1\f\241y\346\276\376\267a\363a?\36\365|\250\222\353\303\246\242(\334\243/\23\t\360\254\6\247\336~J6\366\353|\33#j"..., 393272, 0) = 152
pread64(3</tmp/nia-publication-fault-kpgp25ml/case/store/objects/8e/e688345e1d9502ee8cd7277a453c30bfb77b947201beb3300e9df2b8ca321d>, "", 393120, 152) = 0
pread64(3</tmp/nia-publication-fault-kpgp25ml/case/store/objects/0c/a179e6befeb761f3613f1ef57ca892ebc3a6a228dca32f1309f0ac06a7de7e>, "!<arch>\ndebian-binary/  0           0     0     100644  4         `\n2.0\ncontrol.tar/    0       "..., 65536, 0) = 20672
pread64(3</tmp/nia-publication-fault-kpgp25ml/case/store/objects/0c/a179e6befeb761f3613f1ef57ca892ebc3a6a228dca32f1309f0ac06a7de7e>, "", 44864, 20672) = 0
pread64(3</tmp/nia-publication-fault-kpgp25ml/case/store/objects/0c/a179e6befeb761f3613f1ef57ca892ebc3a6a228dca32f1309f0ac06a7de7e>, "", 65536, 20672) = 0
pread64(3</tmp/nia-publication-fault-kpgp25ml/case/store/objects/0c/a179e6befeb761f3613f1ef57ca892ebc3a6a228dca32f1309f0ac06a7de7e>, "!<arch>\n", 8, 0) = 8
pread64(3</tmp/nia-publication-fault-kpgp25ml/case/store/objects/0c/a179e6befeb761f3613f1ef57ca892ebc3a6a228dca32f1309f0ac06a7de7e>, "debian-binary/  0           0     0     100644  4         `\n", 60, 8) = 60
pread64(3</tmp/nia-publication-fault-kpgp25ml/case/store/objects/0c/a179e6befeb761f3613f1ef57ca892ebc3a6a228dca32f1309f0ac06a7de7e>, "2.0\n", 4, 68) = 4
pread64(3</tmp/nia-publication-fault-kpgp25ml/case/store/objects/0c/a179e6befeb761f3613f1ef57ca892ebc3a6a228dca32f1309f0ac06a7de7e>, "2.0\n", 4, 68) = 4
pread64(3</tmp/nia-publication-fault-kpgp25ml/case/store/objects/0c/a179e6befeb761f3613f1ef57ca892ebc3a6a228dca32f1309f0ac06a7de7e>, "control.tar/    0           0     0     100644  10240     `\n", 60, 72) = 60
pread64(3</tmp/nia-publication-fault-kpgp25ml/case/store/objects/0c/a179e6befeb761f3613f1ef57ca892ebc3a6a228dca32f1309f0ac06a7de7e>, "./control\0\0\0\0\0\0\0\0\0\0\0\0\0\0\0\0\0\0\0\0\0\0\0\0\0\0\0\0\0\0\0\0\0\0\0\0\0\0\0\0\0\0\0\0\0\0\0\0\0\0\0\0\0\0\0\0\0\0\0\0\0\0\0\0\0\0\0\0\0\0\0\0\0\0\0\0\0\0\0\0\0\0\0\0\0\0\0"..., 10240, 132) = 10240
pread64(3</tmp/nia-publication-fault-kpgp25ml/case/store/objects/0c/a179e6befeb761f3613f1ef57ca892ebc3a6a228dca32f1309f0ac06a7de7e>, "data.tar/       0           0     0     100644  10240     `\n", 60, 10372) = 60
pread64(3</tmp/nia-publication-fault-kpgp25ml/case/store/objects/0c/a179e6befeb761f3613f1ef57ca892ebc3a6a228dca32f1309f0ac06a7de7e>, "\0\0\0\0\0\0\0\0\0\0\0\0\0\0\0\0\0\0\0\0\0\0\0\0\0\0\0\0\0\0\0\0\0\0\0\0\0\0\0\0\0\0\0\0\0\0\0\0\0\0\0\0\0\0\0\0\0\0\0\0\0\0\0\0\0\0\0\0\0\0\0\0\0\0\0\0\0\0\0\0\0\0\0\0\0\0\0\0\0\0\0\0\0\0\0\0"..., 10240, 10432) = 10240
pread64(3</tmp/nia-publication-fault-kpgp25ml/case/store/objects/0c/a179e6befeb761f3613f1ef57ca892ebc3a6a228dca32f1309f0ac06a7de7e>, "!<arch>\ndebian-binary/  0           0     0     100644  4         `\n2.0\ncontrol.tar/    0       "..., 65536, 0) = 20672
pread64(3</tmp/nia-publication-fault-kpgp25ml/case/store/objects/0c/a179e6befeb761f3613f1ef57ca892ebc3a6a228dca32f1309f0ac06a7de7e>, "", 44864, 20672) = 0
pread64(3</tmp/nia-publication-fault-kpgp25ml/case/store/objects/0c/a179e6befeb761f3613f1ef57ca892ebc3a6a228dca32f1309f0ac06a7de7e>, "", 65536, 20672) = 0
pread64(3</tmp/nia-publication-fault-kpgp25ml/case/store/objects/0c/a179e6befeb761f3613f1ef57ca892ebc3a6a228dca32f1309f0ac06a7de7e>, "!<arch>\n", 8, 0) = 8
pread64(3</tmp/nia-publication-fault-kpgp25ml/case/store/objects/0c/a179e6befeb761f3613f1ef57ca892ebc3a6a228dca32f1309f0ac06a7de7e>, "debian-binary/  0           0     0     100644  4         `\n", 60, 8) = 60
pread64(3</tmp/nia-publication-fault-kpgp25ml/case/store/objects/0c/a179e6befeb761f3613f1ef57ca892ebc3a6a228dca32f1309f0ac06a7de7e>, "2.0\n", 4, 68) = 4
pread64(3</tmp/nia-publication-fault-kpgp25ml/case/store/objects/0c/a179e6befeb761f3613f1ef57ca892ebc3a6a228dca32f1309f0ac06a7de7e>, "2.0\n", 4, 68) = 4
pread64(3</tmp/nia-publication-fault-kpgp25ml/case/store/objects/0c/a179e6befeb761f3613f1ef57ca892ebc3a6a228dca32f1309f0ac06a7de7e>, "control.tar/    0           0     0     100644  10240     `\n", 60, 72) = 60
pread64(3</tmp/nia-publication-fault-kpgp25ml/case/store/objects/0c/a179e6befeb761f3613f1ef57ca892ebc3a6a228dca32f1309f0ac06a7de7e>, "./control\0\0\0\0\0\0\0\0\0\0\0\0\0\0\0\0\0\0\0\0\0\0\0\0\0\0\0\0\0\0\0\0\0\0\0\0\0\0\0\0\0\0\0\0\0\0\0\0\0\0\0\0\0\0\0\0\0\0\0\0\0\0\0\0\0\0\0\0\0\0\0\0\0\0\0\0\0\0\0\0\0\0\0\0\0\0\0"..., 10240, 132) = 10240
pread64(3</tmp/nia-publication-fault-kpgp25ml/case/store/objects/0c/a179e6befeb761f3613f1ef57ca892ebc3a6a228dca32f1309f0ac06a7de7e>, "data.tar/       0           0     0     100644  10240     `\n", 60, 10372) = 60
pread64(3</tmp/nia-publication-fault-kpgp25ml/case/store/objects/0c/a179e6befeb761f3613f1ef57ca892ebc3a6a228dca32f1309f0ac06a7de7e>, "\0\0\0\0\0\0\0\0\0\0\0\0\0\0\0\0\0\0\0\0\0\0\0\0\0\0\0\0\0\0\0\0\0\0\0\0\0\0\0\0\0\0\0\0\0\0\0\0\0\0\0\0\0\0\0\0\0\0\0\0\0\0\0\0\0\0\0\0\0\0\0\0\0\0\0\0\0\0\0\0\0\0\0\0\0\0\0\0\0\0\0\0\0\0\0\0"..., 10240, 10432) = 10240
fsync(14</tmp/nia-publication-fault-kpgp25ml/case/store/incoming>) = 0
pread64(3</tmp/nia-publication-fault-kpgp25ml/case/store/objects/0c/a179e6befeb761f3613f1ef57ca892ebc3a6a228dca32f1309f0ac06a7de7e>, "\0\0\0\0\0\0\0\0\0\0\0\0\0\0\0\0\0\0\0\0\0\0\0\0\0\0\0\0\0\0\0\0\0\0\0\0\0\0\0\0\0\0\0\0\0\0\0\0\0\0\0\0\0\0\0\0\0\0\0\0\0\0\0\0\0\0\0\0\0\0\0\0\0\0\0\0\0\0\0\0\0\0\0\0\0\0\0\0\0\0\0\0\0\0\0\0"..., 10240, 10432) = 10240
write(13</tmp/nia-publication-fault-kpgp25ml/case/store/incoming/eae06d341eba4475748df7c293b3bfa4>, "\0\0\0\0\0\0\0\0\0\0\0\0\0\0\0\0\0\0\0\0\0\0\0\0\0\0\0\0\0\0\0\0\0\0\0\0\0\0\0\0\0\0\0\0\0\0\0\0\0\0\0\0\0\0\0\0\0\0\0\0\0\0\0\0\0\0\0\0\0\0\0\0\0\0\0\0\0\0\0\0\0\0\0\0\0\0\0\0\0\0\0\0\0\0\0\0"..., 10240) = 10240
fsync(13</tmp/nia-publication-fault-kpgp25ml/case/store/incoming/eae06d341eba4475748df7c293b3bfa4>) = 0
renameat2(14</tmp/nia-publication-fault-kpgp25ml/case/store/incoming>, "eae06d341eba4475748df7c293b3bfa4", 13</tmp/nia-publication-fault-kpgp25ml/case/store/objects/84>, "ff92691f909a05b224e1c56abb4864f01b4f8e3c854e4bb4c7baf1d3f6d652", RENAME_NOREPLACE) = -1 EEXIST (File exists)
pread64(13</tmp/nia-publication-fault-kpgp25ml/case/store/objects/84/ff92691f909a05b224e1c56abb4864f01b4f8e3c854e4bb4c7baf1d3f6d652>, "\0\0\0\0\0\0\0\0\0\0\0\0\0\0\0\0\0\0\0\0\0\0\0\0\0\0\0\0\0\0\0\0\0\0\0\0\0\0\0\0\0\0\0\0\0\0\0\0\0\0\0\0\0\0\0\0\0\0\0\0\0\0\0\0\0\0\0\0\0\0\0\0\0\0\0\0\0\0\0\0\0\0\0\0\0\0\0\0\0\0\0\0\0\0\0\0"..., 65536, 0) = 10240
pread64(13</tmp/nia-publication-fault-kpgp25ml/case/store/objects/84/ff92691f909a05b224e1c56abb4864f01b4f8e3c854e4bb4c7baf1d3f6d652>, "", 55296, 10240) = 0
pread64(13</tmp/nia-publication-fault-kpgp25ml/case/store/objects/84/ff92691f909a05b224e1c56abb4864f01b4f8e3c854e4bb4c7baf1d3f6d652>, "", 65536, 10240) = 0
fsync(14</tmp/nia-publication-fault-kpgp25ml/case/store/incoming>) = 0
pread64(3</tmp/nia-publication-fault-kpgp25ml/case/store/objects/84/ff92691f909a05b224e1c56abb4864f01b4f8e3c854e4bb4c7baf1d3f6d652>, "\0\0\0\0\0\0\0\0\0\0\0\0\0\0\0\0\0\0\0\0\0\0\0\0\0\0\0\0\0\0\0\0\0\0\0\0\0\0\0\0\0\0\0\0\0\0\0\0\0\0\0\0\0\0\0\0\0\0\0\0\0\0\0\0\0\0\0\0\0\0\0\0\0\0\0\0\0\0\0\0\0\0\0\0\0\0\0\0\0\0\0\0\0\0\0\0"..., 65536, 0) = 10240
pread64(3</tmp/nia-publication-fault-kpgp25ml/case/store/objects/84/ff92691f909a05b224e1c56abb4864f01b4f8e3c854e4bb4c7baf1d3f6d652>, "", 55296, 10240) = 0
pread64(3</tmp/nia-publication-fault-kpgp25ml/case/store/objects/84/ff92691f909a05b224e1c56abb4864f01b4f8e3c854e4bb4c7baf1d3f6d652>, "", 65536, 10240) = 0
pread64(3</tmp/nia-publication-fault-kpgp25ml/case/store/objects/84/ff92691f909a05b224e1c56abb4864f01b4f8e3c854e4bb4c7baf1d3f6d652>, "\0\0\0\0\0\0\0\0\0\0\0\0\0\0\0\0\0\0\0\0\0\0\0\0\0\0\0\0\0\0\0\0\0\0\0\0\0\0\0\0\0\0\0\0\0\0\0\0\0\0\0\0\0\0\0\0\0\0\0\0\0\0\0\0\0\0\0\0\0\0\0\0\0\0\0\0\0\0\0\0\0\0\0\0\0\0\0\0\0\0\0\0\0\0\0\0"..., 10240, 0) = 10240
fsync(14</tmp/nia-publication-fault-kpgp25ml/case/store/incoming>) = 0
pread64(3</tmp/nia-publication-fault-kpgp25ml/case/store/objects/84/ff92691f909a05b224e1c56abb4864f01b4f8e3c854e4bb4c7baf1d3f6d652>, "\0\0\0\0\0\0\0\0\0\0\0\0\0\0\0\0\0\0\0\0\0\0\0\0\0\0\0\0\0\0\0\0\0\0\0\0\0\0\0\0\0\0\0\0\0\0\0\0\0\0\0\0\0\0\0\0\0\0\0\0\0\0\0\0\0\0\0\0\0\0\0\0\0\0\0\0\0\0\0\0\0\0\0\0\0\0\0\0\0\0\0\0\0\0\0\0"..., 10240, 0) = 10240
write(13</tmp/nia-publication-fault-kpgp25ml/case/store/incoming/0baadc1eaa1e6f8cbc870e5fe935deee>, "\0\0\0\0\0\0\0\0\0\0\0\0\0\0\0\0\0\0\0\0\0\0\0\0\0\0\0\0\0\0\0\0\0\0\0\0\0\0\0\0\0\0\0\0\0\0\0\0\0\0\0\0\0\0\0\0\0\0\0\0\0\0\0\0\0\0\0\0\0\0\0\0\0\0\0\0\0\0\0\0\0\0\0\0\0\0\0\0\0\0\0\0\0\0\0\0"..., 10240) = 10240
fsync(13</tmp/nia-publication-fault-kpgp25ml/case/store/incoming/0baadc1eaa1e6f8cbc870e5fe935deee>) = 0
renameat2(14</tmp/nia-publication-fault-kpgp25ml/case/store/incoming>, "0baadc1eaa1e6f8cbc870e5fe935deee", 13</tmp/nia-publication-fault-kpgp25ml/case/store/objects/84>, "ff92691f909a05b224e1c56abb4864f01b4f8e3c854e4bb4c7baf1d3f6d652", RENAME_NOREPLACE) = -1 EEXIST (File exists)
pread64(13</tmp/nia-publication-fault-kpgp25ml/case/store/objects/84/ff92691f909a05b224e1c56abb4864f01b4f8e3c854e4bb4c7baf1d3f6d652>, "\0\0\0\0\0\0\0\0\0\0\0\0\0\0\0\0\0\0\0\0\0\0\0\0\0\0\0\0\0\0\0\0\0\0\0\0\0\0\0\0\0\0\0\0\0\0\0\0\0\0\0\0\0\0\0\0\0\0\0\0\0\0\0\0\0\0\0\0\0\0\0\0\0\0\0\0\0\0\0\0\0\0\0\0\0\0\0\0\0\0\0\0\0\0\0\0"..., 65536, 0) = 10240
pread64(13</tmp/nia-publication-fault-kpgp25ml/case/store/objects/84/ff92691f909a05b224e1c56abb4864f01b4f8e3c854e4bb4c7baf1d3f6d652>, "", 55296, 10240) = 0
pread64(13</tmp/nia-publication-fault-kpgp25ml/case/store/objects/84/ff92691f909a05b224e1c56abb4864f01b4f8e3c854e4bb4c7baf1d3f6d652>, "", 65536, 10240) = 0
fsync(14</tmp/nia-publication-fault-kpgp25ml/case/store/incoming>) = 0
pread64(3</tmp/nia-publication-fault-kpgp25ml/case/store/objects/84/ff92691f909a05b224e1c56abb4864f01b4f8e3c854e4bb4c7baf1d3f6d652>, "\0\0\0\0\0\0\0\0\0\0\0\0\0\0\0\0\0\0\0\0\0\0\0\0\0\0\0\0\0\0\0\0\0\0\0\0\0\0\0\0\0\0\0\0\0\0\0\0\0\0\0\0\0\0\0\0\0\0\0\0\0\0\0\0\0\0\0\0\0\0\0\0\0\0\0\0\0\0\0\0\0\0\0\0\0\0\0\0\0\0\0\0\0\0\0\0"..., 65536, 0) = 10240
pread64(3</tmp/nia-publication-fault-kpgp25ml/case/store/objects/84/ff92691f909a05b224e1c56abb4864f01b4f8e3c854e4bb4c7baf1d3f6d652>, "", 55296, 10240) = 0
pread64(3</tmp/nia-publication-fault-kpgp25ml/case/store/objects/84/ff92691f909a05b224e1c56abb4864f01b4f8e3c854e4bb4c7baf1d3f6d652>, "", 65536, 10240) = 0
pread64(3</tmp/nia-publication-fault-kpgp25ml/case/store/objects/84/ff92691f909a05b224e1c56abb4864f01b4f8e3c854e4bb4c7baf1d3f6d652>, "\0\0\0\0\0\0\0\0\0\0\0\0\0\0\0\0\0\0\0\0\0\0\0\0\0\0\0\0\0\0\0\0\0\0\0\0\0\0\0\0\0\0\0\0\0\0\0\0\0\0\0\0\0\0\0\0\0\0\0\0\0\0\0\0\0\0\0\0\0\0\0\0\0\0\0\0\0\0\0\0\0\0\0\0\0\0\0\0\0\0\0\0\0\0\0\0"..., 512, 0) = 512
pread64(3</tmp/nia-publication-fault-kpgp25ml/case/store/objects/84/ff92691f909a05b224e1c56abb4864f01b4f8e3c854e4bb4c7baf1d3f6d652>, "\0\0\0\0\0\0\0\0\0\0\0\0\0\0\0\0\0\0\0\0\0\0\0\0\0\0\0\0\0\0\0\0\0\0\0\0\0\0\0\0\0\0\0\0\0\0\0\0\0\0\0\0\0\0\0\0\0\0\0\0\0\0\0\0\0\0\0\0\0\0\0\0\0\0\0\0\0\0\0\0\0\0\0\0\0\0\0\0\0\0\0\0\0\0\0\0"..., 9728, 512) = 9728
pread64(3</tmp/nia-publication-fault-kpgp25ml/case/store/objects/0c/a179e6befeb761f3613f1ef57ca892ebc3a6a228dca32f1309f0ac06a7de7e>, "!<arch>\ndebian-binary/  0           0     0     100644  4         `\n2.0\ncontrol.tar/    0       "..., 65536, 0) = 20672
pread64(3</tmp/nia-publication-fault-kpgp25ml/case/store/objects/0c/a179e6befeb761f3613f1ef57ca892ebc3a6a228dca32f1309f0ac06a7de7e>, "", 44864, 20672) = 0
pread64(3</tmp/nia-publication-fault-kpgp25ml/case/store/objects/0c/a179e6befeb761f3613f1ef57ca892ebc3a6a228dca32f1309f0ac06a7de7e>, "", 65536, 20672) = 0
pread64(3</tmp/nia-publication-fault-kpgp25ml/case/store/objects/0c/a179e6befeb761f3613f1ef57ca892ebc3a6a228dca32f1309f0ac06a7de7e>, "!<arch>\n", 8, 0) = 8
pread64(3</tmp/nia-publication-fault-kpgp25ml/case/store/objects/0c/a179e6befeb761f3613f1ef57ca892ebc3a6a228dca32f1309f0ac06a7de7e>, "debian-binary/  0           0     0     100644  4         `\n", 60, 8) = 60
pread64(3</tmp/nia-publication-fault-kpgp25ml/case/store/objects/0c/a179e6befeb761f3613f1ef57ca892ebc3a6a228dca32f1309f0ac06a7de7e>, "2.0\n", 4, 68) = 4
pread64(3</tmp/nia-publication-fault-kpgp25ml/case/store/objects/0c/a179e6befeb761f3613f1ef57ca892ebc3a6a228dca32f1309f0ac06a7de7e>, "2.0\n", 4, 68) = 4
pread64(3</tmp/nia-publication-fault-kpgp25ml/case/store/objects/0c/a179e6befeb761f3613f1ef57ca892ebc3a6a228dca32f1309f0ac06a7de7e>, "control.tar/    0           0     0     100644  10240     `\n", 60, 72) = 60
pread64(3</tmp/nia-publication-fault-kpgp25ml/case/store/objects/0c/a179e6befeb761f3613f1ef57ca892ebc3a6a228dca32f1309f0ac06a7de7e>, "./control\0\0\0\0\0\0\0\0\0\0\0\0\0\0\0\0\0\0\0\0\0\0\0\0\0\0\0\0\0\0\0\0\0\0\0\0\0\0\0\0\0\0\0\0\0\0\0\0\0\0\0\0\0\0\0\0\0\0\0\0\0\0\0\0\0\0\0\0\0\0\0\0\0\0\0\0\0\0\0\0\0\0\0\0\0\0\0"..., 10240, 132) = 10240
pread64(3</tmp/nia-publication-fault-kpgp25ml/case/store/objects/0c/a179e6befeb761f3613f1ef57ca892ebc3a6a228dca32f1309f0ac06a7de7e>, "data.tar/       0           0     0     100644  10240     `\n", 60, 10372) = 60
pread64(3</tmp/nia-publication-fault-kpgp25ml/case/store/objects/0c/a179e6befeb761f3613f1ef57ca892ebc3a6a228dca32f1309f0ac06a7de7e>, "\0\0\0\0\0\0\0\0\0\0\0\0\0\0\0\0\0\0\0\0\0\0\0\0\0\0\0\0\0\0\0\0\0\0\0\0\0\0\0\0\0\0\0\0\0\0\0\0\0\0\0\0\0\0\0\0\0\0\0\0\0\0\0\0\0\0\0\0\0\0\0\0\0\0\0\0\0\0\0\0\0\0\0\0\0\0\0\0\0\0\0\0\0\0\0\0"..., 10240, 10432) = 10240
pread64(3</tmp/nia-publication-fault-kpgp25ml/case/store/objects/0c/a179e6befeb761f3613f1ef57ca892ebc3a6a228dca32f1309f0ac06a7de7e>, "!<arch>\ndebian-binary/  0           0     0     100644  4         `\n2.0\ncontrol.tar/    0       "..., 65536, 0) = 20672
pread64(3</tmp/nia-publication-fault-kpgp25ml/case/store/objects/0c/a179e6befeb761f3613f1ef57ca892ebc3a6a228dca32f1309f0ac06a7de7e>, "", 44864, 20672) = 0
pread64(3</tmp/nia-publication-fault-kpgp25ml/case/store/objects/0c/a179e6befeb761f3613f1ef57ca892ebc3a6a228dca32f1309f0ac06a7de7e>, "", 65536, 20672) = 0
pread64(3</tmp/nia-publication-fault-kpgp25ml/case/store/objects/0c/a179e6befeb761f3613f1ef57ca892ebc3a6a228dca32f1309f0ac06a7de7e>, "!<arch>\n", 8, 0) = 8
pread64(3</tmp/nia-publication-fault-kpgp25ml/case/store/objects/0c/a179e6befeb761f3613f1ef57ca892ebc3a6a228dca32f1309f0ac06a7de7e>, "debian-binary/  0           0     0     100644  4         `\n", 60, 8) = 60
pread64(3</tmp/nia-publication-fault-kpgp25ml/case/store/objects/0c/a179e6befeb761f3613f1ef57ca892ebc3a6a228dca32f1309f0ac06a7de7e>, "2.0\n", 4, 68) = 4
pread64(3</tmp/nia-publication-fault-kpgp25ml/case/store/objects/0c/a179e6befeb761f3613f1ef57ca892ebc3a6a228dca32f1309f0ac06a7de7e>, "2.0\n", 4, 68) = 4
pread64(3</tmp/nia-publication-fault-kpgp25ml/case/store/objects/0c/a179e6befeb761f3613f1ef57ca892ebc3a6a228dca32f1309f0ac06a7de7e>, "control.tar/    0           0     0     100644  10240     `\n", 60, 72) = 60
pread64(3</tmp/nia-publication-fault-kpgp25ml/case/store/objects/0c/a179e6befeb761f3613f1ef57ca892ebc3a6a228dca32f1309f0ac06a7de7e>, "./control\0\0\0\0\0\0\0\0\0\0\0\0\0\0\0\0\0\0\0\0\0\0\0\0\0\0\0\0\0\0\0\0\0\0\0\0\0\0\0\0\0\0\0\0\0\0\0\0\0\0\0\0\0\0\0\0\0\0\0\0\0\0\0\0\0\0\0\0\0\0\0\0\0\0\0\0\0\0\0\0\0\0\0\0\0\0\0"..., 10240, 132) = 10240
pread64(3</tmp/nia-publication-fault-kpgp25ml/case/store/objects/0c/a179e6befeb761f3613f1ef57ca892ebc3a6a228dca32f1309f0ac06a7de7e>, "data.tar/       0           0     0     100644  10240     `\n", 60, 10372) = 60
pread64(3</tmp/nia-publication-fault-kpgp25ml/case/store/objects/0c/a179e6befeb761f3613f1ef57ca892ebc3a6a228dca32f1309f0ac06a7de7e>, "\0\0\0\0\0\0\0\0\0\0\0\0\0\0\0\0\0\0\0\0\0\0\0\0\0\0\0\0\0\0\0\0\0\0\0\0\0\0\0\0\0\0\0\0\0\0\0\0\0\0\0\0\0\0\0\0\0\0\0\0\0\0\0\0\0\0\0\0\0\0\0\0\0\0\0\0\0\0\0\0\0\0\0\0\0\0\0\0\0\0\0\0\0\0\0\0"..., 10240, 10432) = 10240
fsync(14</tmp/nia-publication-fault-kpgp25ml/case/store/incoming>) = 0
pread64(3</tmp/nia-publication-fault-kpgp25ml/case/store/objects/0c/a179e6befeb761f3613f1ef57ca892ebc3a6a228dca32f1309f0ac06a7de7e>, "./control\0\0\0\0\0\0\0\0\0\0\0\0\0\0\0\0\0\0\0\0\0\0\0\0\0\0\0\0\0\0\0\0\0\0\0\0\0\0\0\0\0\0\0\0\0\0\0\0\0\0\0\0\0\0\0\0\0\0\0\0\0\0\0\0\0\0\0\0\0\0\0\0\0\0\0\0\0\0\0\0\0\0\0\0\0\0\0"..., 10240, 132) = 10240
write(13</tmp/nia-publication-fault-kpgp25ml/case/store/incoming/4aaf89269a0310f74cbd93a6010cbcdb>, "./control\0\0\0\0\0\0\0\0\0\0\0\0\0\0\0\0\0\0\0\0\0\0\0\0\0\0\0\0\0\0\0\0\0\0\0\0\0\0\0\0\0\0\0\0\0\0\0\0\0\0\0\0\0\0\0\0\0\0\0\0\0\0\0\0\0\0\0\0\0\0\0\0\0\0\0\0\0\0\0\0\0\0\0\0\0\0\0"..., 10240) = 10240
fsync(13</tmp/nia-publication-fault-kpgp25ml/case/store/incoming/4aaf89269a0310f74cbd93a6010cbcdb>) = 0
renameat2(14</tmp/nia-publication-fault-kpgp25ml/case/store/incoming>, "4aaf89269a0310f74cbd93a6010cbcdb", 13</tmp/nia-publication-fault-kpgp25ml/case/store/objects/4a>, "36f6eb7c1b236ab6cb28ddb882919e888bf393dfc00d93008ad6730697f8f7", RENAME_NOREPLACE) = -1 EEXIST (File exists)
pread64(13</tmp/nia-publication-fault-kpgp25ml/case/store/objects/4a/36f6eb7c1b236ab6cb28ddb882919e888bf393dfc00d93008ad6730697f8f7>, "./control\0\0\0\0\0\0\0\0\0\0\0\0\0\0\0\0\0\0\0\0\0\0\0\0\0\0\0\0\0\0\0\0\0\0\0\0\0\0\0\0\0\0\0\0\0\0\0\0\0\0\0\0\0\0\0\0\0\0\0\0\0\0\0\0\0\0\0\0\0\0\0\0\0\0\0\0\0\0\0\0\0\0\0\0\0\0\0"..., 65536, 0) = 10240
pread64(13</tmp/nia-publication-fault-kpgp25ml/case/store/objects/4a/36f6eb7c1b236ab6cb28ddb882919e888bf393dfc00d93008ad6730697f8f7>, "", 55296, 10240) = 0
pread64(13</tmp/nia-publication-fault-kpgp25ml/case/store/objects/4a/36f6eb7c1b236ab6cb28ddb882919e888bf393dfc00d93008ad6730697f8f7>, "", 65536, 10240) = 0
fsync(14</tmp/nia-publication-fault-kpgp25ml/case/store/incoming>) = 0
pread64(3</tmp/nia-publication-fault-kpgp25ml/case/store/objects/4a/36f6eb7c1b236ab6cb28ddb882919e888bf393dfc00d93008ad6730697f8f7>, "./control\0\0\0\0\0\0\0\0\0\0\0\0\0\0\0\0\0\0\0\0\0\0\0\0\0\0\0\0\0\0\0\0\0\0\0\0\0\0\0\0\0\0\0\0\0\0\0\0\0\0\0\0\0\0\0\0\0\0\0\0\0\0\0\0\0\0\0\0\0\0\0\0\0\0\0\0\0\0\0\0\0\0\0\0\0\0\0"..., 65536, 0) = 10240
pread64(3</tmp/nia-publication-fault-kpgp25ml/case/store/objects/4a/36f6eb7c1b236ab6cb28ddb882919e888bf393dfc00d93008ad6730697f8f7>, "", 55296, 10240) = 0
pread64(3</tmp/nia-publication-fault-kpgp25ml/case/store/objects/4a/36f6eb7c1b236ab6cb28ddb882919e888bf393dfc00d93008ad6730697f8f7>, "", 65536, 10240) = 0
pread64(3</tmp/nia-publication-fault-kpgp25ml/case/store/objects/4a/36f6eb7c1b236ab6cb28ddb882919e888bf393dfc00d93008ad6730697f8f7>, "./control\0\0\0\0\0\0\0\0\0\0\0\0\0\0\0\0\0\0\0\0\0\0\0\0\0\0\0\0\0\0\0\0\0\0\0\0\0\0\0\0\0\0\0\0\0\0\0\0\0\0\0\0\0\0\0\0\0\0\0\0\0\0\0\0\0\0\0\0\0\0\0\0\0\0\0\0\0\0\0\0\0\0\0\0\0\0\0"..., 10240, 0) = 10240
fsync(14</tmp/nia-publication-fault-kpgp25ml/case/store/incoming>) = 0
write(13</tmp/nia-publication-fault-kpgp25ml/case/store/incoming/ced8dfa9e02670035505bd87fb0306c4>, "Package: empty-package\nVersion: 1\nArchitecture: all\nMaintainer: Fixture <fixture@example.invalid"..., 149) = 149
fsync(13</tmp/nia-publication-fault-kpgp25ml/case/store/incoming/ced8dfa9e02670035505bd87fb0306c4>) = 0
renameat2(14</tmp/nia-publication-fault-kpgp25ml/case/store/incoming>, "ced8dfa9e02670035505bd87fb0306c4", 13</tmp/nia-publication-fault-kpgp25ml/case/store/objects/a3>, "1a856f430af395bccd7eb2f142b11ad3ae0fc5daf3acc4ffb341c48a5abd39", RENAME_NOREPLACE) = -1 EEXIST (File exists)
pread64(13</tmp/nia-publication-fault-kpgp25ml/case/store/objects/a3/1a856f430af395bccd7eb2f142b11ad3ae0fc5daf3acc4ffb341c48a5abd39>, "Package: empty-package\nVersion: 1\nArchitecture: all\nMaintainer: Fixture <fixture@example.invalid"..., 65536, 0) = 149
pread64(13</tmp/nia-publication-fault-kpgp25ml/case/store/objects/a3/1a856f430af395bccd7eb2f142b11ad3ae0fc5daf3acc4ffb341c48a5abd39>, "", 65387, 149) = 0
pread64(13</tmp/nia-publication-fault-kpgp25ml/case/store/objects/a3/1a856f430af395bccd7eb2f142b11ad3ae0fc5daf3acc4ffb341c48a5abd39>, "", 65536, 149) = 0
fsync(14</tmp/nia-publication-fault-kpgp25ml/case/store/incoming>) = 0
pread64(3</tmp/nia-publication-fault-kpgp25ml/case/store/objects/a3/1a856f430af395bccd7eb2f142b11ad3ae0fc5daf3acc4ffb341c48a5abd39>, "Package: empty-package\nVersion: 1\nArchitecture: all\nMaintainer: Fixture <fixture@example.invalid"..., 65536, 0) = 149
pread64(3</tmp/nia-publication-fault-kpgp25ml/case/store/objects/a3/1a856f430af395bccd7eb2f142b11ad3ae0fc5daf3acc4ffb341c48a5abd39>, "", 65387, 149) = 0
pread64(3</tmp/nia-publication-fault-kpgp25ml/case/store/objects/a3/1a856f430af395bccd7eb2f142b11ad3ae0fc5daf3acc4ffb341c48a5abd39>, "", 65536, 149) = 0
pread64(3</tmp/nia-publication-fault-kpgp25ml/case/store/objects/a3/1a856f430af395bccd7eb2f142b11ad3ae0fc5daf3acc4ffb341c48a5abd39>, "Package: empty-package\nVersion: 1\nArchitecture: all\nMaintainer: Fixture <fixture@example.invalid"..., 16777216, 0) = 149
pread64(3</tmp/nia-publication-fault-kpgp25ml/case/store/objects/a3/1a856f430af395bccd7eb2f142b11ad3ae0fc5daf3acc4ffb341c48a5abd39>, "", 16777067, 149) = 0
pread64(3</tmp/nia-publication-fault-kpgp25ml/case/store/objects/a3/1a856f430af395bccd7eb2f142b11ad3ae0fc5daf3acc4ffb341c48a5abd39>, "Package: empty-package\nVersion: 1\nArchitecture: all\nMaintainer: Fixture <fixture@example.invalid"..., 65536, 0) = 149
pread64(3</tmp/nia-publication-fault-kpgp25ml/case/store/objects/a3/1a856f430af395bccd7eb2f142b11ad3ae0fc5daf3acc4ffb341c48a5abd39>, "", 65387, 149) = 0
pread64(3</tmp/nia-publication-fault-kpgp25ml/case/store/objects/a3/1a856f430af395bccd7eb2f142b11ad3ae0fc5daf3acc4ffb341c48a5abd39>, "", 65536, 149) = 0
pread64(3</tmp/nia-publication-fault-kpgp25ml/case/store/objects/a3/1a856f430af395bccd7eb2f142b11ad3ae0fc5daf3acc4ffb341c48a5abd39>, "Package: empty-package\nVersion: 1\nArchitecture: all\nMaintainer: Fixture <fixture@example.invalid"..., 16777216, 0) = 149
pread64(3</tmp/nia-publication-fault-kpgp25ml/case/store/objects/a3/1a856f430af395bccd7eb2f142b11ad3ae0fc5daf3acc4ffb341c48a5abd39>, "", 16777067, 149) = 0
pread64(3</tmp/nia-publication-fault-kpgp25ml/case/store/objects/0c/a179e6befeb761f3613f1ef57ca892ebc3a6a228dca32f1309f0ac06a7de7e>, "!<arch>\ndebian-binary/  0           0     0     100644  4         `\n2.0\ncontrol.tar/    0       "..., 65536, 0) = 20672
pread64(3</tmp/nia-publication-fault-kpgp25ml/case/store/objects/0c/a179e6befeb761f3613f1ef57ca892ebc3a6a228dca32f1309f0ac06a7de7e>, "", 44864, 20672) = 0
pread64(3</tmp/nia-publication-fault-kpgp25ml/case/store/objects/0c/a179e6befeb761f3613f1ef57ca892ebc3a6a228dca32f1309f0ac06a7de7e>, "", 65536, 20672) = 0
pread64(3</tmp/nia-publication-fault-kpgp25ml/case/store/objects/0c/a179e6befeb761f3613f1ef57ca892ebc3a6a228dca32f1309f0ac06a7de7e>, "!<arch>\n", 8, 0) = 8
pread64(3</tmp/nia-publication-fault-kpgp25ml/case/store/objects/0c/a179e6befeb761f3613f1ef57ca892ebc3a6a228dca32f1309f0ac06a7de7e>, "debian-binary/  0           0     0     100644  4         `\n", 60, 8) = 60
pread64(3</tmp/nia-publication-fault-kpgp25ml/case/store/objects/0c/a179e6befeb761f3613f1ef57ca892ebc3a6a228dca32f1309f0ac06a7de7e>, "2.0\n", 4, 68) = 4
pread64(3</tmp/nia-publication-fault-kpgp25ml/case/store/objects/0c/a179e6befeb761f3613f1ef57ca892ebc3a6a228dca32f1309f0ac06a7de7e>, "2.0\n", 4, 68) = 4
pread64(3</tmp/nia-publication-fault-kpgp25ml/case/store/objects/0c/a179e6befeb761f3613f1ef57ca892ebc3a6a228dca32f1309f0ac06a7de7e>, "control.tar/    0           0     0     100644  10240     `\n", 60, 72) = 60
pread64(3</tmp/nia-publication-fault-kpgp25ml/case/store/objects/0c/a179e6befeb761f3613f1ef57ca892ebc3a6a228dca32f1309f0ac06a7de7e>, "./control\0\0\0\0\0\0\0\0\0\0\0\0\0\0\0\0\0\0\0\0\0\0\0\0\0\0\0\0\0\0\0\0\0\0\0\0\0\0\0\0\0\0\0\0\0\0\0\0\0\0\0\0\0\0\0\0\0\0\0\0\0\0\0\0\0\0\0\0\0\0\0\0\0\0\0\0\0\0\0\0\0\0\0\0\0\0\0"..., 10240, 132) = 10240
pread64(3</tmp/nia-publication-fault-kpgp25ml/case/store/objects/0c/a179e6befeb761f3613f1ef57ca892ebc3a6a228dca32f1309f0ac06a7de7e>, "data.tar/       0           0     0     100644  10240     `\n", 60, 10372) = 60
pread64(3</tmp/nia-publication-fault-kpgp25ml/case/store/objects/0c/a179e6befeb761f3613f1ef57ca892ebc3a6a228dca32f1309f0ac06a7de7e>, "\0\0\0\0\0\0\0\0\0\0\0\0\0\0\0\0\0\0\0\0\0\0\0\0\0\0\0\0\0\0\0\0\0\0\0\0\0\0\0\0\0\0\0\0\0\0\0\0\0\0\0\0\0\0\0\0\0\0\0\0\0\0\0\0\0\0\0\0\0\0\0\0\0\0\0\0\0\0\0\0\0\0\0\0\0\0\0\0\0\0\0\0\0\0\0\0"..., 10240, 10432) = 10240
pread64(3</tmp/nia-publication-fault-kpgp25ml/case/store/objects/0c/a179e6befeb761f3613f1ef57ca892ebc3a6a228dca32f1309f0ac06a7de7e>, "!<arch>\ndebian-binary/  0           0     0     100644  4         `\n2.0\ncontrol.tar/    0       "..., 65536, 0) = 20672
pread64(3</tmp/nia-publication-fault-kpgp25ml/case/store/objects/0c/a179e6befeb761f3613f1ef57ca892ebc3a6a228dca32f1309f0ac06a7de7e>, "", 44864, 20672) = 0
pread64(3</tmp/nia-publication-fault-kpgp25ml/case/store/objects/0c/a179e6befeb761f3613f1ef57ca892ebc3a6a228dca32f1309f0ac06a7de7e>, "", 65536, 20672) = 0
pread64(3</tmp/nia-publication-fault-kpgp25ml/case/store/objects/0c/a179e6befeb761f3613f1ef57ca892ebc3a6a228dca32f1309f0ac06a7de7e>, "!<arch>\n", 8, 0) = 8
pread64(3</tmp/nia-publication-fault-kpgp25ml/case/store/objects/0c/a179e6befeb761f3613f1ef57ca892ebc3a6a228dca32f1309f0ac06a7de7e>, "debian-binary/  0           0     0     100644  4         `\n", 60, 8) = 60
pread64(3</tmp/nia-publication-fault-kpgp25ml/case/store/objects/0c/a179e6befeb761f3613f1ef57ca892ebc3a6a228dca32f1309f0ac06a7de7e>, "2.0\n", 4, 68) = 4
pread64(3</tmp/nia-publication-fault-kpgp25ml/case/store/objects/0c/a179e6befeb761f3613f1ef57ca892ebc3a6a228dca32f1309f0ac06a7de7e>, "2.0\n", 4, 68) = 4
pread64(3</tmp/nia-publication-fault-kpgp25ml/case/store/objects/0c/a179e6befeb761f3613f1ef57ca892ebc3a6a228dca32f1309f0ac06a7de7e>, "control.tar/    0           0     0     100644  10240     `\n", 60, 72) = 60
pread64(3</tmp/nia-publication-fault-kpgp25ml/case/store/objects/0c/a179e6befeb761f3613f1ef57ca892ebc3a6a228dca32f1309f0ac06a7de7e>, "./control\0\0\0\0\0\0\0\0\0\0\0\0\0\0\0\0\0\0\0\0\0\0\0\0\0\0\0\0\0\0\0\0\0\0\0\0\0\0\0\0\0\0\0\0\0\0\0\0\0\0\0\0\0\0\0\0\0\0\0\0\0\0\0\0\0\0\0\0\0\0\0\0\0\0\0\0\0\0\0\0\0\0\0\0\0\0\0"..., 10240, 132) = 10240
pread64(3</tmp/nia-publication-fault-kpgp25ml/case/store/objects/0c/a179e6befeb761f3613f1ef57ca892ebc3a6a228dca32f1309f0ac06a7de7e>, "data.tar/       0           0     0     100644  10240     `\n", 60, 10372) = 60
pread64(3</tmp/nia-publication-fault-kpgp25ml/case/store/objects/0c/a179e6befeb761f3613f1ef57ca892ebc3a6a228dca32f1309f0ac06a7de7e>, "\0\0\0\0\0\0\0\0\0\0\0\0\0\0\0\0\0\0\0\0\0\0\0\0\0\0\0\0\0\0\0\0\0\0\0\0\0\0\0\0\0\0\0\0\0\0\0\0\0\0\0\0\0\0\0\0\0\0\0\0\0\0\0\0\0\0\0\0\0\0\0\0\0\0\0\0\0\0\0\0\0\0\0\0\0\0\0\0\0\0\0\0\0\0\0\0"..., 10240, 10432) = 10240
fsync(14</tmp/nia-publication-fault-kpgp25ml/case/store/incoming>) = 0
pread64(3</tmp/nia-publication-fault-kpgp25ml/case/store/objects/0c/a179e6befeb761f3613f1ef57ca892ebc3a6a228dca32f1309f0ac06a7de7e>, "./control\0\0\0\0\0\0\0\0\0\0\0\0\0\0\0\0\0\0\0\0\0\0\0\0\0\0\0\0\0\0\0\0\0\0\0\0\0\0\0\0\0\0\0\0\0\0\0\0\0\0\0\0\0\0\0\0\0\0\0\0\0\0\0\0\0\0\0\0\0\0\0\0\0\0\0\0\0\0\0\0\0\0\0\0\0\0\0"..., 10240, 132) = 10240
write(13</tmp/nia-publication-fault-kpgp25ml/case/store/incoming/923db433aeb11e85addefe16efdff196>, "./control\0\0\0\0\0\0\0\0\0\0\0\0\0\0\0\0\0\0\0\0\0\0\0\0\0\0\0\0\0\0\0\0\0\0\0\0\0\0\0\0\0\0\0\0\0\0\0\0\0\0\0\0\0\0\0\0\0\0\0\0\0\0\0\0\0\0\0\0\0\0\0\0\0\0\0\0\0\0\0\0\0\0\0\0\0\0\0"..., 10240) = 10240
fsync(13</tmp/nia-publication-fault-kpgp25ml/case/store/incoming/923db433aeb11e85addefe16efdff196>) = 0
renameat2(14</tmp/nia-publication-fault-kpgp25ml/case/store/incoming>, "923db433aeb11e85addefe16efdff196", 13</tmp/nia-publication-fault-kpgp25ml/case/store/objects/4a>, "36f6eb7c1b236ab6cb28ddb882919e888bf393dfc00d93008ad6730697f8f7", RENAME_NOREPLACE) = -1 EEXIST (File exists)
pread64(13</tmp/nia-publication-fault-kpgp25ml/case/store/objects/4a/36f6eb7c1b236ab6cb28ddb882919e888bf393dfc00d93008ad6730697f8f7>, "./control\0\0\0\0\0\0\0\0\0\0\0\0\0\0\0\0\0\0\0\0\0\0\0\0\0\0\0\0\0\0\0\0\0\0\0\0\0\0\0\0\0\0\0\0\0\0\0\0\0\0\0\0\0\0\0\0\0\0\0\0\0\0\0\0\0\0\0\0\0\0\0\0\0\0\0\0\0\0\0\0\0\0\0\0\0\0\0"..., 65536, 0) = 10240
pread64(13</tmp/nia-publication-fault-kpgp25ml/case/store/objects/4a/36f6eb7c1b236ab6cb28ddb882919e888bf393dfc00d93008ad6730697f8f7>, "", 55296, 10240) = 0
pread64(13</tmp/nia-publication-fault-kpgp25ml/case/store/objects/4a/36f6eb7c1b236ab6cb28ddb882919e888bf393dfc00d93008ad6730697f8f7>, "", 65536, 10240) = 0
fsync(14</tmp/nia-publication-fault-kpgp25ml/case/store/incoming>) = 0
pread64(3</tmp/nia-publication-fault-kpgp25ml/case/store/objects/4a/36f6eb7c1b236ab6cb28ddb882919e888bf393dfc00d93008ad6730697f8f7>, "./control\0\0\0\0\0\0\0\0\0\0\0\0\0\0\0\0\0\0\0\0\0\0\0\0\0\0\0\0\0\0\0\0\0\0\0\0\0\0\0\0\0\0\0\0\0\0\0\0\0\0\0\0\0\0\0\0\0\0\0\0\0\0\0\0\0\0\0\0\0\0\0\0\0\0\0\0\0\0\0\0\0\0\0\0\0\0\0"..., 65536, 0) = 10240
pread64(3</tmp/nia-publication-fault-kpgp25ml/case/store/objects/4a/36f6eb7c1b236ab6cb28ddb882919e888bf393dfc00d93008ad6730697f8f7>, "", 55296, 10240) = 0
pread64(3</tmp/nia-publication-fault-kpgp25ml/case/store/objects/4a/36f6eb7c1b236ab6cb28ddb882919e888bf393dfc00d93008ad6730697f8f7>, "", 65536, 10240) = 0
pread64(3</tmp/nia-publication-fault-kpgp25ml/case/store/objects/4a/36f6eb7c1b236ab6cb28ddb882919e888bf393dfc00d93008ad6730697f8f7>, "./control\0\0\0\0\0\0\0\0\0\0\0\0\0\0\0\0\0\0\0\0\0\0\0\0\0\0\0\0\0\0\0\0\0\0\0\0\0\0\0\0\0\0\0\0\0\0\0\0\0\0\0\0\0\0\0\0\0\0\0\0\0\0\0\0\0\0\0\0\0\0\0\0\0\0\0\0\0\0\0\0\0\0\0\0\0\0\0"..., 10240, 0) = 10240
fsync(14</tmp/nia-publication-fault-kpgp25ml/case/store/incoming>) = 0
write(13</tmp/nia-publication-fault-kpgp25ml/case/store/incoming/199aca0afa6e1641bacde1eb6fbe7a3d>, "Package: empty-package\nVersion: 1\nArchitecture: all\nMaintainer: Fixture <fixture@example.invalid"..., 149) = 149
fsync(13</tmp/nia-publication-fault-kpgp25ml/case/store/incoming/199aca0afa6e1641bacde1eb6fbe7a3d>) = 0
renameat2(14</tmp/nia-publication-fault-kpgp25ml/case/store/incoming>, "199aca0afa6e1641bacde1eb6fbe7a3d", 13</tmp/nia-publication-fault-kpgp25ml/case/store/objects/a3>, "1a856f430af395bccd7eb2f142b11ad3ae0fc5daf3acc4ffb341c48a5abd39", RENAME_NOREPLACE) = -1 EEXIST (File exists)
pread64(13</tmp/nia-publication-fault-kpgp25ml/case/store/objects/a3/1a856f430af395bccd7eb2f142b11ad3ae0fc5daf3acc4ffb341c48a5abd39>, "Package: empty-package\nVersion: 1\nArchitecture: all\nMaintainer: Fixture <fixture@example.invalid"..., 65536, 0) = 149
pread64(13</tmp/nia-publication-fault-kpgp25ml/case/store/objects/a3/1a856f430af395bccd7eb2f142b11ad3ae0fc5daf3acc4ffb341c48a5abd39>, "", 65387, 149) = 0
pread64(13</tmp/nia-publication-fault-kpgp25ml/case/store/objects/a3/1a856f430af395bccd7eb2f142b11ad3ae0fc5daf3acc4ffb341c48a5abd39>, "", 65536, 149) = 0
fsync(14</tmp/nia-publication-fault-kpgp25ml/case/store/incoming>) = 0
pread64(3</tmp/nia-publication-fault-kpgp25ml/case/store/objects/0c/a179e6befeb761f3613f1ef57ca892ebc3a6a228dca32f1309f0ac06a7de7e>, "!<arch>\ndebian-binary/  0           0     0     100644  4         `\n2.0\ncontrol.tar/    0       "..., 65536, 0) = 20672
pread64(3</tmp/nia-publication-fault-kpgp25ml/case/store/objects/0c/a179e6befeb761f3613f1ef57ca892ebc3a6a228dca32f1309f0ac06a7de7e>, "", 44864, 20672) = 0
pread64(3</tmp/nia-publication-fault-kpgp25ml/case/store/objects/0c/a179e6befeb761f3613f1ef57ca892ebc3a6a228dca32f1309f0ac06a7de7e>, "", 65536, 20672) = 0
pread64(3</tmp/nia-publication-fault-kpgp25ml/case/store/objects/4a/36f6eb7c1b236ab6cb28ddb882919e888bf393dfc00d93008ad6730697f8f7>, "./control\0\0\0\0\0\0\0\0\0\0\0\0\0\0\0\0\0\0\0\0\0\0\0\0\0\0\0\0\0\0\0\0\0\0\0\0\0\0\0\0\0\0\0\0\0\0\0\0\0\0\0\0\0\0\0\0\0\0\0\0\0\0\0\0\0\0\0\0\0\0\0\0\0\0\0\0\0\0\0\0\0\0\0\0\0\0\0"..., 65536, 0) = 10240
pread64(3</tmp/nia-publication-fault-kpgp25ml/case/store/objects/4a/36f6eb7c1b236ab6cb28ddb882919e888bf393dfc00d93008ad6730697f8f7>, "", 55296, 10240) = 0
pread64(3</tmp/nia-publication-fault-kpgp25ml/case/store/objects/4a/36f6eb7c1b236ab6cb28ddb882919e888bf393dfc00d93008ad6730697f8f7>, "", 65536, 10240) = 0
pread64(3</tmp/nia-publication-fault-kpgp25ml/case/store/objects/84/ff92691f909a05b224e1c56abb4864f01b4f8e3c854e4bb4c7baf1d3f6d652>, "\0\0\0\0\0\0\0\0\0\0\0\0\0\0\0\0\0\0\0\0\0\0\0\0\0\0\0\0\0\0\0\0\0\0\0\0\0\0\0\0\0\0\0\0\0\0\0\0\0\0\0\0\0\0\0\0\0\0\0\0\0\0\0\0\0\0\0\0\0\0\0\0\0\0\0\0\0\0\0\0\0\0\0\0\0\0\0\0\0\0\0\0\0\0\0\0"..., 65536, 0) = 10240
pread64(3</tmp/nia-publication-fault-kpgp25ml/case/store/objects/84/ff92691f909a05b224e1c56abb4864f01b4f8e3c854e4bb4c7baf1d3f6d652>, "", 55296, 10240) = 0
pread64(3</tmp/nia-publication-fault-kpgp25ml/case/store/objects/84/ff92691f909a05b224e1c56abb4864f01b4f8e3c854e4bb4c7baf1d3f6d652>, "", 65536, 10240) = 0
pread64(3</tmp/nia-publication-fault-kpgp25ml/case/store/objects/8e/e688345e1d9502ee8cd7277a453c30bfb77b947201beb3300e9df2b8ca321d>, "\0\0\0\0\0\0\0\10NIACSEL1\273\343\341b6\331$M\267\345\300\262\251\302\306\27f\270\251!\330\260\227\374\323p\347\177\25.\3311\0\0\0\0\0\0\0\1\f\241y\346\276\376\267a\363a?\36\365|\250\222\353\303\246\242(\334\243/\23\t\360\254\6\247\336~J6\366\353|\33#j"..., 65536, 0) = 152
pread64(3</tmp/nia-publication-fault-kpgp25ml/case/store/objects/8e/e688345e1d9502ee8cd7277a453c30bfb77b947201beb3300e9df2b8ca321d>, "", 65384, 152) = 0
pread64(3</tmp/nia-publication-fault-kpgp25ml/case/store/objects/8e/e688345e1d9502ee8cd7277a453c30bfb77b947201beb3300e9df2b8ca321d>, "", 65536, 152) = 0
pread64(3</tmp/nia-publication-fault-kpgp25ml/case/store/objects/a3/1a856f430af395bccd7eb2f142b11ad3ae0fc5daf3acc4ffb341c48a5abd39>, "Package: empty-package\nVersion: 1\nArchitecture: all\nMaintainer: Fixture <fixture@example.invalid"..., 65536, 0) = 149
pread64(3</tmp/nia-publication-fault-kpgp25ml/case/store/objects/a3/1a856f430af395bccd7eb2f142b11ad3ae0fc5daf3acc4ffb341c48a5abd39>, "", 65387, 149) = 0
pread64(3</tmp/nia-publication-fault-kpgp25ml/case/store/objects/a3/1a856f430af395bccd7eb2f142b11ad3ae0fc5daf3acc4ffb341c48a5abd39>, "", 65536, 149) = 0
fsync(13</tmp/nia-publication-fault-kpgp25ml/case/store/incoming>) = 0
write(3</tmp/nia-publication-fault-kpgp25ml/case/store/incoming/77fec34f797424d9b8b40360468b1ff4>, "NIACLOS1\216\346\2104^\35\225\2\356\214\327'zE<0\277\267{\224r\1\276\2630\16\235\362\270\3122\35\273\343\341b6\331$M\267\345\300\262\251\302\306\27f\270\251!\330\260\227\374\323p\347\177\25.\3311\0\0\0\0\0\0\0\5", 80) = 80
write(3</tmp/nia-publication-fault-kpgp25ml/case/store/incoming/77fec34f797424d9b8b40360468b1ff4>, "\f\241y\346\276\376\267a\363a?\36\365|\250\222\353\303\246\242(\334\243/\23\t\360\254\6\247\336~", 32) = 32
write(3</tmp/nia-publication-fault-kpgp25ml/case/store/incoming/77fec34f797424d9b8b40360468b1ff4>, "J6\366\353|\33#j\266\313(\335\270\202\221\236\210\213\363\223\337\300\r\223\0\212\326s\6\227\370\367", 32) = 32
write(3</tmp/nia-publication-fault-kpgp25ml/case/store/incoming/77fec34f797424d9b8b40360468b1ff4>, "\204\377\222i\37\220\232\5\262$\341\305j\273Hd\360\33O\216<\205NK\264\307\272\361\323\366\326R", 32) = 32
write(3</tmp/nia-publication-fault-kpgp25ml/case/store/incoming/77fec34f797424d9b8b40360468b1ff4>, "\216\346\2104^\35\225\2\356\214\327'zE<0\277\267{\224r\1\276\2630\16\235\362\270\3122\35", 32) = 32
write(3</tmp/nia-publication-fault-kpgp25ml/case/store/incoming/77fec34f797424d9b8b40360468b1ff4>, "\243\32\205oC\n\363\225\274\315~\262\361B\261\32\323\256\17\305\332\363\254\304\377\263A\304\212Z\2759", 32) = 32
fsync(3</tmp/nia-publication-fault-kpgp25ml/case/store/incoming/77fec34f797424d9b8b40360468b1ff4>) = 0
renameat2(13</tmp/nia-publication-fault-kpgp25ml/case/store/incoming>, "77fec34f797424d9b8b40360468b1ff4", 3</tmp/nia-publication-fault-kpgp25ml/case/store/objects/32>, "094e7c613fdb6dffb1f27d926b176f7fd8946b8c2cf3ca9e3b95cb91a1a8ca", RENAME_NOREPLACE) = -1 EEXIST (File exists)
pread64(3</tmp/nia-publication-fault-kpgp25ml/case/store/objects/32/094e7c613fdb6dffb1f27d926b176f7fd8946b8c2cf3ca9e3b95cb91a1a8ca>, "NIACLOS1\216\346\2104^\35\225\2\356\214\327'zE<0\277\267{\224r\1\276\2630\16\235\362\270\3122\35\273\343\341b6\331$M\267\345\300\262\251\302\306\27f\270\251!\330\260\227\374\323p\347\177\25.\3311\0\0\0\0\0\0\0\5\f\241y\346\276\376\267a\363a?\36\365|\250\222"..., 65536, 0) = 240
pread64(3</tmp/nia-publication-fault-kpgp25ml/case/store/objects/32/094e7c613fdb6dffb1f27d926b176f7fd8946b8c2cf3ca9e3b95cb91a1a8ca>, "", 65296, 240) = 0
pread64(3</tmp/nia-publication-fault-kpgp25ml/case/store/objects/32/094e7c613fdb6dffb1f27d926b176f7fd8946b8c2cf3ca9e3b95cb91a1a8ca>, "", 65536, 240) = 0
fsync(13</tmp/nia-publication-fault-kpgp25ml/case/store/incoming>) = 0
pread64(3</tmp/nia-publication-fault-kpgp25ml/case/store/objects/06/3e13748cbe35935a68f2a4e813e304a840ad6be46e05313190b7df3df64069>, "MCPLAN02))))))))))))))))J\221\251af\2333\363\322\2457\334\20\314\305\221\0\0\0\0\0\0\0\0\0\0\0\0\0\0\0\1\0\0\0\0\0\0\0\1\0\0\0\0\0\0\0\2\216\346\2104^\35\225\2\356\214\327'zE<0\277\267{\224r\1\276\263"..., 65536, 0) = 995
pread64(3</tmp/nia-publication-fault-kpgp25ml/case/store/objects/06/3e13748cbe35935a68f2a4e813e304a840ad6be46e05313190b7df3df64069>, "", 64541, 995) = 0
pread64(3</tmp/nia-publication-fault-kpgp25ml/case/store/objects/06/3e13748cbe35935a68f2a4e813e304a840ad6be46e05313190b7df3df64069>, "", 65536, 995) = 0
pread64(3</tmp/nia-publication-fault-kpgp25ml/case/store/objects/06/3e13748cbe35935a68f2a4e813e304a840ad6be46e05313190b7df3df64069>, "MCPLAN02))))))))))))))))J\221\251af\2333\363\322\2457\334\20\314\305\221\0\0\0\0\0\0\0\0\0\0\0\0\0\0\0\1\0\0\0\0\0\0\0\1\0\0\0\0\0\0\0\2\216\346\2104^\35\225\2\356\214\327'zE<0\277\267{\224r\1\276\263"..., 4500000, 0) = 995
pread64(3</tmp/nia-publication-fault-kpgp25ml/case/store/objects/06/3e13748cbe35935a68f2a4e813e304a840ad6be46e05313190b7df3df64069>, "", 4499005, 995) = 0
pread64(3</tmp/nia-publication-fault-kpgp25ml/case/store/pins/4a91a961669b33f3d2a537dc10ccc591>, "\6>\23t\214\2765\223Zh\362\244\350\23\343\4\250@\255k\344n\00511\220\267\337=\366@i", 33, 0) = 32
pread64(3</tmp/nia-publication-fault-kpgp25ml/case/store/pins/4a91a961669b33f3d2a537dc10ccc591>, "", 1, 32) = 0
fsync(3</tmp/nia-publication-fault-kpgp25ml/case/bank/29292929292929292929292929292929/state>) = 0
pread64(13</tmp/nia-publication-fault-kpgp25ml/case/bank/29292929292929292929292929292929/state/tx-4a91a961669b33f3d2a537dc10ccc591.log>, "MCLOG002\0\0\0\0\0\0\0\1\0\1\0\0\0\0\0\0))))))))))))))))J\221\251af\2333\363\322\2457\334\20\314\305\221\0\0\0\0\0\0\0\1\0\0\0\0\0\0\0\2\0\0\0\0\0\0\0\0\0\0\0\0\0\0\0\1\6>\23t\214\2765\223"..., 256, 0) = 256
pread64(13</tmp/nia-publication-fault-kpgp25ml/case/bank/29292929292929292929292929292929/state/tx-4a91a961669b33f3d2a537dc10ccc591.log>, "MCLOG002\0\0\0\0\0\0\0\2\0\2\0\0\0\0\0\0))))))))))))))))J\221\251af\2333\363\322\2457\334\20\314\305\221\0\0\0\0\0\0\0\1\0\0\0\0\0\0\0\2\0\0\0\0\0\0\0\1\0\0\0\0\0\0\0\1\6>\23t\214\2765\223"..., 256, 256) = 256
pread64(13</tmp/nia-publication-fault-kpgp25ml/case/bank/29292929292929292929292929292929/state/tx-4a91a961669b33f3d2a537dc10ccc591.log>, "MCLOG002\0\0\0\0\0\0\0\3\0\3\0\0\0\0\0\0))))))))))))))))J\221\251af\2333\363\322\2457\334\20\314\305\221\0\0\0\0\0\0\0\1\0\0\0\0\0\0\0\2\0\0\0\0\0\0\0\1\0\0\0\0\0\0\0\1\6>\23t\214\2765\223"..., 256, 512) = 256
pread64(13</tmp/nia-publication-fault-kpgp25ml/case/bank/29292929292929292929292929292929/state/tx-4a91a961669b33f3d2a537dc10ccc591.log>, "MCLOG002\0\0\0\0\0\0\0\4\0\2\0\0\0\0\0\0))))))))))))))))J\221\251af\2333\363\322\2457\334\20\314\305\221\0\0\0\0\0\0\0\1\0\0\0\0\0\0\0\2\0\0\0\0\0\0\0\2\0\0\0\0\0\0\0\1\6>\23t\214\2765\223"..., 256, 768) = 256
pread64(13</tmp/nia-publication-fault-kpgp25ml/case/bank/29292929292929292929292929292929/state/tx-4a91a961669b33f3d2a537dc10ccc591.log>, "MCLOG002\0\0\0\0\0\0\0\5\0\3\0\0\0\0\0\0))))))))))))))))J\221\251af\2333\363\322\2457\334\20\314\305\221\0\0\0\0\0\0\0\1\0\0\0\0\0\0\0\2\0\0\0\0\0\0\0\2\0\0\0\0\0\0\0\1\6>\23t\214\2765\223"..., 256, 1024) = 256
pread64(13</tmp/nia-publication-fault-kpgp25ml/case/bank/29292929292929292929292929292929/state/tx-4a91a961669b33f3d2a537dc10ccc591.log>, "MCLOG002\0\0\0\0\0\0\0\6\0\2\0\0\0\0\0\0))))))))))))))))J\221\251af\2333\363\322\2457\334\20\314\305\221\0\0\0\0\0\0\0\1\0\0\0\0\0\0\0\2\0\0\0\0\0\0\0\3\0\0\0\0\0\0\0\1\6>\23t\214\2765\223"..., 256, 1280) = 256
pread64(13</tmp/nia-publication-fault-kpgp25ml/case/bank/29292929292929292929292929292929/state/tx-4a91a961669b33f3d2a537dc10ccc591.log>, "MCLOG002\0\0\0\0\0\0\0\7\0\3\0\0\0\0\0\0))))))))))))))))J\221\251af\2333\363\322\2457\334\20\314\305\221\0\0\0\0\0\0\0\1\0\0\0\0\0\0\0\2\0\0\0\0\0\0\0\3\0\0\0\0\0\0\0\1\6>\23t\214\2765\223"..., 256, 1536) = 256
pread64(13</tmp/nia-publication-fault-kpgp25ml/case/bank/29292929292929292929292929292929/state/tx-4a91a961669b33f3d2a537dc10ccc591.log>, "MCLOG002\0\0\0\0\0\0\0\10\0\4\0\0\0\0\0\0))))))))))))))))J\221\251af\2333\363\322\2457\334\20\314\305\221\0\0\0\0\0\0\0\1\0\0\0\0\0\0\0\2\0\0\0\0\0\0\0\0\0\0\0\0\0\0\0\1\6>\23t\214\2765\223"..., 256, 1792) = 256
pread64(13</tmp/nia-publication-fault-kpgp25ml/case/bank/29292929292929292929292929292929/state/tx-4a91a961669b33f3d2a537dc10ccc591.log>, "MCLOG002\0\0\0\0\0\0\0\t\0\5\0\0\0\0\0\0))))))))))))))))J\221\251af\2333\363\322\2457\334\20\314\305\221\0\0\0\0\0\0\0\1\0\0\0\0\0\0\0\2\0\0\0\0\0\0\0\0\0\0\0\0\0\0\0\1f\246uqQ\370\356U"..., 256, 2048) = 256
pread64(13</tmp/nia-publication-fault-kpgp25ml/case/bank/29292929292929292929292929292929/state/tx-4a91a961669b33f3d2a537dc10ccc591.log>, "MCLOG002\0\0\0\0\0\0\0\n\0\6\0\0\0\0\0\0))))))))))))))))J\221\251af\2333\363\322\2457\334\20\314\305\221\0\0\0\0\0\0\0\1\0\0\0\0\0\0\0\2\0\0\0\0\0\0\0\0\0\0\0\0\0\0\0\1f\246uqQ\370\356U"..., 256, 2304) = 256
pread64(13</tmp/nia-publication-fault-kpgp25ml/case/bank/29292929292929292929292929292929/state/tx-4a91a961669b33f3d2a537dc10ccc591.log>, "MCLOG002\0\0\0\0\0\0\0\1\0\1\0\0\0\0\0\0))))))))))))))))J\221\251af\2333\363\322\2457\334\20\314\305\221\0\0\0\0\0\0\0\1\0\0\0\0\0\0\0\2\0\0\0\0\0\0\0\0\0\0\0\0\0\0\0\1\6>\23t\214\2765\223"..., 256, 0) = 256
pread64(13</tmp/nia-publication-fault-kpgp25ml/case/bank/29292929292929292929292929292929/state/tx-4a91a961669b33f3d2a537dc10ccc591.log>, "MCLOG002\0\0\0\0\0\0\0\2\0\2\0\0\0\0\0\0))))))))))))))))J\221\251af\2333\363\322\2457\334\20\314\305\221\0\0\0\0\0\0\0\1\0\0\0\0\0\0\0\2\0\0\0\0\0\0\0\1\0\0\0\0\0\0\0\1\6>\23t\214\2765\223"..., 256, 256) = 256
pread64(13</tmp/nia-publication-fault-kpgp25ml/case/bank/29292929292929292929292929292929/state/tx-4a91a961669b33f3d2a537dc10ccc591.log>, "MCLOG002\0\0\0\0\0\0\0\3\0\3\0\0\0\0\0\0))))))))))))))))J\221\251af\2333\363\322\2457\334\20\314\305\221\0\0\0\0\0\0\0\1\0\0\0\0\0\0\0\2\0\0\0\0\0\0\0\1\0\0\0\0\0\0\0\1\6>\23t\214\2765\223"..., 256, 512) = 256
pread64(13</tmp/nia-publication-fault-kpgp25ml/case/bank/29292929292929292929292929292929/state/tx-4a91a961669b33f3d2a537dc10ccc591.log>, "MCLOG002\0\0\0\0\0\0\0\4\0\2\0\0\0\0\0\0))))))))))))))))J\221\251af\2333\363\322\2457\334\20\314\305\221\0\0\0\0\0\0\0\1\0\0\0\0\0\0\0\2\0\0\0\0\0\0\0\2\0\0\0\0\0\0\0\1\6>\23t\214\2765\223"..., 256, 768) = 256
pread64(13</tmp/nia-publication-fault-kpgp25ml/case/bank/29292929292929292929292929292929/state/tx-4a91a961669b33f3d2a537dc10ccc591.log>, "MCLOG002\0\0\0\0\0\0\0\5\0\3\0\0\0\0\0\0))))))))))))))))J\221\251af\2333\363\322\2457\334\20\314\305\221\0\0\0\0\0\0\0\1\0\0\0\0\0\0\0\2\0\0\0\0\0\0\0\2\0\0\0\0\0\0\0\1\6>\23t\214\2765\223"..., 256, 1024) = 256
pread64(13</tmp/nia-publication-fault-kpgp25ml/case/bank/29292929292929292929292929292929/state/tx-4a91a961669b33f3d2a537dc10ccc591.log>, "MCLOG002\0\0\0\0\0\0\0\6\0\2\0\0\0\0\0\0))))))))))))))))J\221\251af\2333\363\322\2457\334\20\314\305\221\0\0\0\0\0\0\0\1\0\0\0\0\0\0\0\2\0\0\0\0\0\0\0\3\0\0\0\0\0\0\0\1\6>\23t\214\2765\223"..., 256, 1280) = 256
pread64(13</tmp/nia-publication-fault-kpgp25ml/case/bank/29292929292929292929292929292929/state/tx-4a91a961669b33f3d2a537dc10ccc591.log>, "MCLOG002\0\0\0\0\0\0\0\7\0\3\0\0\0\0\0\0))))))))))))))))J\221\251af\2333\363\322\2457\334\20\314\305\221\0\0\0\0\0\0\0\1\0\0\0\0\0\0\0\2\0\0\0\0\0\0\0\3\0\0\0\0\0\0\0\1\6>\23t\214\2765\223"..., 256, 1536) = 256
pread64(13</tmp/nia-publication-fault-kpgp25ml/case/bank/29292929292929292929292929292929/state/tx-4a91a961669b33f3d2a537dc10ccc591.log>, "MCLOG002\0\0\0\0\0\0\0\10\0\4\0\0\0\0\0\0))))))))))))))))J\221\251af\2333\363\322\2457\334\20\314\305\221\0\0\0\0\0\0\0\1\0\0\0\0\0\0\0\2\0\0\0\0\0\0\0\0\0\0\0\0\0\0\0\1\6>\23t\214\2765\223"..., 256, 1792) = 256
pread64(13</tmp/nia-publication-fault-kpgp25ml/case/bank/29292929292929292929292929292929/state/tx-4a91a961669b33f3d2a537dc10ccc591.log>, "MCLOG002\0\0\0\0\0\0\0\t\0\5\0\0\0\0\0\0))))))))))))))))J\221\251af\2333\363\322\2457\334\20\314\305\221\0\0\0\0\0\0\0\1\0\0\0\0\0\0\0\2\0\0\0\0\0\0\0\0\0\0\0\0\0\0\0\1f\246uqQ\370\356U"..., 256, 2048) = 256
pread64(13</tmp/nia-publication-fault-kpgp25ml/case/bank/29292929292929292929292929292929/state/tx-4a91a961669b33f3d2a537dc10ccc591.log>, "MCLOG002\0\0\0\0\0\0\0\n\0\6\0\0\0\0\0\0))))))))))))))))J\221\251af\2333\363\322\2457\334\20\314\305\221\0\0\0\0\0\0\0\1\0\0\0\0\0\0\0\2\0\0\0\0\0\0\0\0\0\0\0\0\0\0\0\1f\246uqQ\370\356U"..., 256, 2304) = 256
pread64(3</tmp/nia-publication-fault-kpgp25ml/case/bank/29292929292929292929292929292929/root/catalog>, "\0\0\0\0\0\0\0\10NIACSEL1\273\343\341b6\331$M\267\345\300\262\251\302\306\27f\270\251!\330\260\227\374\323p\347\177\25.\3311\0\0\0\0\0\0\0\1\f\241y\346\276\376\267a\363a?\36\365|\250\222\353\303\246\242(\334\243/\23\t\360\254\6\247\336~J6\366\353|\33#j"..., 65536, 0) = 152
pread64(3</tmp/nia-publication-fault-kpgp25ml/case/bank/29292929292929292929292929292929/root/catalog>, "", 65384, 152) = 0
pread64(3</tmp/nia-publication-fault-kpgp25ml/case/bank/29292929292929292929292929292929/root/catalog>, "", 65536, 152) = 0
pread64(3</tmp/nia-publication-fault-kpgp25ml/case/bank/29292929292929292929292929292929/root/tree/version>, "\0\0\0\0\0\0\0\10NIACSEL1\273\343\341b6\331$M\267\345\300\262\251\302\306\27f\270\251!\330\260\227\374\323p\347\177\25.\3311\0\0\0\0\0\0\0\1\f\241y\346\276\376\267a\363a?\36\365|\250\222\353\303\246\242(\334\243/\23\t\360\254\6\247\336~J6\366\353|\33#j"..., 65536, 0) = 152
pread64(3</tmp/nia-publication-fault-kpgp25ml/case/bank/29292929292929292929292929292929/root/tree/version>, "", 65384, 152) = 0
pread64(3</tmp/nia-publication-fault-kpgp25ml/case/bank/29292929292929292929292929292929/root/tree/version>, "", 65536, 152) = 0
fsync(3</tmp/nia-publication-fault-kpgp25ml/case/state>) = 0
pread64(3</tmp/nia-publication-fault-kpgp25ml/case/root/.mission/root.id>, "\37\37\37\37\37\37\37\37\37\37\37\37\37\37\37\37", 16, 0) = 16
pread64(3</tmp/nia-publication-fault-kpgp25ml/case/state/root.state>, "MCROOT02\37\37\37\37\37\37\37\37\37\37\37\37\37\37\37\37\0\0\0\0\0\0\0\0================|(\260]\354\310\366\2733\266\317\17dlZ\365\252\200U\340\nL\366\332\32tk\326;\35\36\362\0\0\0\0\0\0\0\0\0\0\0\0\0\0\0\0"..., 192, 0) = 192
fsync(3</tmp/nia-publication-fault-kpgp25ml/case/store>) = 0
pread64(3</tmp/nia-publication-fault-kpgp25ml/case/root/.mission/root.id>, "\37\37\37\37\37\37\37\37\37\37\37\37\37\37\37\37", 16, 0) = 16
pread64(3</tmp/nia-publication-fault-kpgp25ml/case/state/root.state>, "MCROOT02\37\37\37\37\37\37\37\37\37\37\37\37\37\37\37\37\0\0\0\0\0\0\0\0================|(\260]\354\310\366\2733\266\317\17dlZ\365\252\200U\340\nL\366\332\32tk\326;\35\36\362\0\0\0\0\0\0\0\0\0\0\0\0\0\0\0\0"..., 192, 0) = 192
pread64(3</tmp/nia-publication-fault-kpgp25ml/case/store/objects/21/944ec3a07bc2c4968e56fb8293ef4e32f02aecead46768799ef9a6a96e2705>, "NIAPUB01\37\37\37\37\37\37\37\37\37\37\37\37\37\37\37\37))))))))))))))))EN\16:\276\304-E\373\22\204\265\26:\214\305\301\1\4\312\17\2\177.%\237)jJ\374\31\270\216\346\2104^\35\225\2\356\214\327'zE<0\277\267{\224r\1\276\263"..., 65536, 0) = 192
pread64(3</tmp/nia-publication-fault-kpgp25ml/case/store/objects/21/944ec3a07bc2c4968e56fb8293ef4e32f02aecead46768799ef9a6a96e2705>, "", 65344, 192) = 0
pread64(3</tmp/nia-publication-fault-kpgp25ml/case/store/objects/21/944ec3a07bc2c4968e56fb8293ef4e32f02aecead46768799ef9a6a96e2705>, "", 65536, 192) = 0
pread64(3</tmp/nia-publication-fault-kpgp25ml/case/store/objects/21/944ec3a07bc2c4968e56fb8293ef4e32f02aecead46768799ef9a6a96e2705>, "NIAPUB01\37\37\37\37\37\37\37\37\37\37\37\37\37\37\37\37))))))))))))))))EN\16:\276\304-E\373\22\204\265\26:\214\305\301\1\4\312\17\2\177.%\237)jJ\374\31\270\216\346\2104^\35\225\2\356\214\327'zE<0\277\267{\224r\1\276\263"..., 193, 0) = 192
pread64(3</tmp/nia-publication-fault-kpgp25ml/case/store/objects/21/944ec3a07bc2c4968e56fb8293ef4e32f02aecead46768799ef9a6a96e2705>, "", 1, 192) = 0
pread64(3</tmp/nia-publication-fault-kpgp25ml/case/store/objects/45/4e0e3abec42d45fb1284b5163a8cc5c10104ca0f027f2e259f296a4afc19b8>, "NIAGEN04))))))))))))))))3333333333333333\0\0\0\0\0\0\0\1\0\0\0\0\0\0\0\2\216\346\2104^\35\225\2\356\214\327'zE<0\277\267{\224r\1\276\2630\16\235\362\270\3122\35\"\"\"\"\"\"\"\""..., 65536, 0) = 288
pread64(3</tmp/nia-publication-fault-kpgp25ml/case/store/objects/45/4e0e3abec42d45fb1284b5163a8cc5c10104ca0f027f2e259f296a4afc19b8>, "", 65248, 288) = 0
pread64(3</tmp/nia-publication-fault-kpgp25ml/case/store/objects/45/4e0e3abec42d45fb1284b5163a8cc5c10104ca0f027f2e259f296a4afc19b8>, "", 65536, 288) = 0
pread64(3</tmp/nia-publication-fault-kpgp25ml/case/store/objects/45/4e0e3abec42d45fb1284b5163a8cc5c10104ca0f027f2e259f296a4afc19b8>, "NIAGEN04))))))))))))))))3333333333333333\0\0\0\0\0\0\0\1\0\0\0\0\0\0\0\2\216\346\2104^\35\225\2\356\214\327'zE<0\277\267{\224r\1\276\2630\16\235\362\270\3122\35\"\"\"\"\"\"\"\""..., 32992, 0) = 288
pread64(3</tmp/nia-publication-fault-kpgp25ml/case/store/objects/45/4e0e3abec42d45fb1284b5163a8cc5c10104ca0f027f2e259f296a4afc19b8>, "", 32704, 288) = 0
pread64(3</tmp/nia-publication-fault-kpgp25ml/case/store/pins/33333333333333333333333333333333>, "EN\16:\276\304-E\373\22\204\265\26:\214\305\301\1\4\312\17\2\177.%\237)jJ\374\31\270", 33, 0) = 32
pread64(3</tmp/nia-publication-fault-kpgp25ml/case/store/pins/33333333333333333333333333333333>, "", 1, 32) = 0
pread64(3</tmp/nia-publication-fault-kpgp25ml/case/store/objects/b2/d93d1647239d0ba4daeaa2a008547e866b63fe552b7835bb1cf81afd008832>, "NIASPOL1~R\322\ng\4\374Nt{\300\301\330\36\340\226\257\27\360\206\320\344f\21\354\217~\254\226\320\232\"\0\0\0\0\0\0\3\350\0\0\0\0\0\0\0\1GGGGGGGGGGGGGGGGGGGGGGGGGGGGGGGG\212\210\343\335t\t\361\225"..., 65536, 0) = 136
pread64(3</tmp/nia-publication-fault-kpgp25ml/case/store/objects/b2/d93d1647239d0ba4daeaa2a008547e866b63fe552b7835bb1cf81afd008832>, "", 65400, 136) = 0
pread64(3</tmp/nia-publication-fault-kpgp25ml/case/store/objects/b2/d93d1647239d0ba4daeaa2a008547e866b63fe552b7835bb1cf81afd008832>, "", 65536, 136) = 0
pread64(3</tmp/nia-publication-fault-kpgp25ml/case/store/objects/b2/d93d1647239d0ba4daeaa2a008547e866b63fe552b7835bb1cf81afd008832>, "NIASPOL1~R\322\ng\4\374Nt{\300\301\330\36\340\226\257\27\360\206\320\344f\21\354\217~\254\226\320\232\"\0\0\0\0\0\0\3\350\0\0\0\0\0\0\0\1GGGGGGGGGGGGGGGGGGGGGGGGGGGGGGGG\212\210\343\335t\t\361\225"..., 20536, 0) = 136
pread64(3</tmp/nia-publication-fault-kpgp25ml/case/store/objects/b2/d93d1647239d0ba4daeaa2a008547e866b63fe552b7835bb1cf81afd008832>, "", 20400, 136) = 0
pread64(3</tmp/nia-publication-fault-kpgp25ml/case/store/objects/7e/52d20a6704fc4e747bc0c1d81ee096af17f086d0e46611ec8f7eac96d09a22>, "NIASMAP1\37\37\37\37\37\37\37\37\37\37\37\37\37\37\37\37\0\0\0\0\0\0\0\0\0\0\0\0\0\0\0\0\0\0\0\0\0\0\0\0\0\0\0\0\0\0\0\0\0\0\0\0\0\0\0\0\0\0\0\0\0\0\0\0\0\0\0\0\0\0\0\0\0\0\0\0\0\0\0\0\216\346\2104^\35\225\2"..., 65536, 0) = 256
pread64(3</tmp/nia-publication-fault-kpgp25ml/case/store/objects/7e/52d20a6704fc4e747bc0c1d81ee096af17f086d0e46611ec8f7eac96d09a22>, "", 65280, 256) = 0
pread64(3</tmp/nia-publication-fault-kpgp25ml/case/store/objects/7e/52d20a6704fc4e747bc0c1d81ee096af17f086d0e46611ec8f7eac96d09a22>, "", 65536, 256) = 0
pread64(3</tmp/nia-publication-fault-kpgp25ml/case/store/objects/7e/52d20a6704fc4e747bc0c1d81ee096af17f086d0e46611ec8f7eac96d09a22>, "NIASMAP1\37\37\37\37\37\37\37\37\37\37\37\37\37\37\37\37\0\0\0\0\0\0\0\0\0\0\0\0\0\0\0\0\0\0\0\0\0\0\0\0\0\0\0\0\0\0\0\0\0\0\0\0\0\0\0\0\0\0\0\0\0\0\0\0\0\0\0\0\0\0\0\0\0\0\0\0\0\0\0\0\216\346\2104^\35\225\2"..., 393376, 0) = 256
pread64(3</tmp/nia-publication-fault-kpgp25ml/case/store/objects/7e/52d20a6704fc4e747bc0c1d81ee096af17f086d0e46611ec8f7eac96d09a22>, "", 393120, 256) = 0
pread64(3</tmp/nia-publication-fault-kpgp25ml/case/store/objects/8e/e688345e1d9502ee8cd7277a453c30bfb77b947201beb3300e9df2b8ca321d>, "\0\0\0\0\0\0\0\10NIACSEL1\273\343\341b6\331$M\267\345\300\262\251\302\306\27f\270\251!\330\260\227\374\323p\347\177\25.\3311\0\0\0\0\0\0\0\1\f\241y\346\276\376\267a\363a?\36\365|\250\222\353\303\246\242(\334\243/\23\t\360\254\6\247\336~J6\366\353|\33#j"..., 65536, 0) = 152
pread64(3</tmp/nia-publication-fault-kpgp25ml/case/store/objects/8e/e688345e1d9502ee8cd7277a453c30bfb77b947201beb3300e9df2b8ca321d>, "", 65384, 152) = 0
pread64(3</tmp/nia-publication-fault-kpgp25ml/case/store/objects/8e/e688345e1d9502ee8cd7277a453c30bfb77b947201beb3300e9df2b8ca321d>, "", 65536, 152) = 0
pread64(3</tmp/nia-publication-fault-kpgp25ml/case/store/objects/32/094e7c613fdb6dffb1f27d926b176f7fd8946b8c2cf3ca9e3b95cb91a1a8ca>, "NIACLOS1\216\346\2104^\35\225\2\356\214\327'zE<0\277\267{\224r\1\276\2630\16\235\362\270\3122\35\273\343\341b6\331$M\267\345\300\262\251\302\306\27f\270\251!\330\260\227\374\323p\347\177\25.\3311\0\0\0\0\0\0\0\5\f\241y\346\276\376\267a\363a?\36\365|\250\222"..., 65536, 0) = 240
pread64(3</tmp/nia-publication-fault-kpgp25ml/case/store/objects/32/094e7c613fdb6dffb1f27d926b176f7fd8946b8c2cf3ca9e3b95cb91a1a8ca>, "", 65296, 240) = 0
pread64(3</tmp/nia-publication-fault-kpgp25ml/case/store/objects/32/094e7c613fdb6dffb1f27d926b176f7fd8946b8c2cf3ca9e3b95cb91a1a8ca>, "", 65536, 240) = 0
pread64(3</tmp/nia-publication-fault-kpgp25ml/case/store/objects/be/79019cd624c1b58af3cac32a235b467dac74ebfc6ee94e6390a198650449a5>, "NIASUP01GGGGGGGGGGGGGGGGGGGGGGGGGGGGGGGGf\246uqQ\370\356U\333\22w\26\307\343\334\340\276\200t\266N \355\245B\345\301\344l\251\304\36\f\241y\346\276\376\267a\363a?\36\365|\250\222\353\303\246\242(\334\243/"..., 65536, 0) = 320
pread64(3</tmp/nia-publication-fault-kpgp25ml/case/store/objects/be/79019cd624c1b58af3cac32a235b467dac74ebfc6ee94e6390a198650449a5>, "", 65216, 320) = 0
pread64(3</tmp/nia-publication-fault-kpgp25ml/case/store/objects/be/79019cd624c1b58af3cac32a235b467dac74ebfc6ee94e6390a198650449a5>, "", 65536, 320) = 0
pread64(3</tmp/nia-publication-fault-kpgp25ml/case/store/objects/be/79019cd624c1b58af3cac32a235b467dac74ebfc6ee94e6390a198650449a5>, "NIASUP01GGGGGGGGGGGGGGGGGGGGGGGGGGGGGGGGf\246uqQ\370\356U\333\22w\26\307\343\334\340\276\200t\266N \355\245B\345\301\344l\251\304\36\f\241y\346\276\376\267a\363a?\36\365|\250\222\353\303\246\242(\334\243/"..., 320, 0) = 320
pread64(3</tmp/nia-publication-fault-kpgp25ml/case/store/objects/66/a6757151f8ee55db127716c7e3dce0be8074b64e20eda542e5c1e46ca9c41e>, "\7\10\t", 65536, 0) = 3
pread64(3</tmp/nia-publication-fault-kpgp25ml/case/store/objects/66/a6757151f8ee55db127716c7e3dce0be8074b64e20eda542e5c1e46ca9c41e>, "", 65533, 3) = 0
pread64(3</tmp/nia-publication-fault-kpgp25ml/case/store/objects/66/a6757151f8ee55db127716c7e3dce0be8074b64e20eda542e5c1e46ca9c41e>, "", 65536, 3) = 0
pread64(3</tmp/nia-publication-fault-kpgp25ml/case/store/objects/0c/a179e6befeb761f3613f1ef57ca892ebc3a6a228dca32f1309f0ac06a7de7e>, "!<arch>\ndebian-binary/  0           0     0     100644  4         `\n2.0\ncontrol.tar/    0       "..., 65536, 0) = 20672
pread64(3</tmp/nia-publication-fault-kpgp25ml/case/store/objects/0c/a179e6befeb761f3613f1ef57ca892ebc3a6a228dca32f1309f0ac06a7de7e>, "", 44864, 20672) = 0
pread64(3</tmp/nia-publication-fault-kpgp25ml/case/store/objects/0c/a179e6befeb761f3613f1ef57ca892ebc3a6a228dca32f1309f0ac06a7de7e>, "", 65536, 20672) = 0
pread64(3</tmp/nia-publication-fault-kpgp25ml/case/store/objects/a3/1a856f430af395bccd7eb2f142b11ad3ae0fc5daf3acc4ffb341c48a5abd39>, "Package: empty-package\nVersion: 1\nArchitecture: all\nMaintainer: Fixture <fixture@example.invalid"..., 65536, 0) = 149
pread64(3</tmp/nia-publication-fault-kpgp25ml/case/store/objects/a3/1a856f430af395bccd7eb2f142b11ad3ae0fc5daf3acc4ffb341c48a5abd39>, "", 65387, 149) = 0
pread64(3</tmp/nia-publication-fault-kpgp25ml/case/store/objects/a3/1a856f430af395bccd7eb2f142b11ad3ae0fc5daf3acc4ffb341c48a5abd39>, "", 65536, 149) = 0
pread64(3</tmp/nia-publication-fault-kpgp25ml/case/store/objects/66/a6757151f8ee55db127716c7e3dce0be8074b64e20eda542e5c1e46ca9c41e>, "\7\10\t", 65536, 0) = 3
pread64(3</tmp/nia-publication-fault-kpgp25ml/case/store/objects/66/a6757151f8ee55db127716c7e3dce0be8074b64e20eda542e5c1e46ca9c41e>, "", 65533, 3) = 0
pread64(3</tmp/nia-publication-fault-kpgp25ml/case/store/objects/66/a6757151f8ee55db127716c7e3dce0be8074b64e20eda542e5c1e46ca9c41e>, "", 65536, 3) = 0
pread64(3</tmp/nia-publication-fault-kpgp25ml/case/store/objects/66/a6757151f8ee55db127716c7e3dce0be8074b64e20eda542e5c1e46ca9c41e>, "\7\10\t", 65536, 0) = 3
pread64(3</tmp/nia-publication-fault-kpgp25ml/case/store/objects/66/a6757151f8ee55db127716c7e3dce0be8074b64e20eda542e5c1e46ca9c41e>, "", 65533, 3) = 0
pread64(3</tmp/nia-publication-fault-kpgp25ml/case/store/objects/66/a6757151f8ee55db127716c7e3dce0be8074b64e20eda542e5c1e46ca9c41e>, "", 65536, 3) = 0
pread64(3</tmp/nia-publication-fault-kpgp25ml/case/store/objects/66/a6757151f8ee55db127716c7e3dce0be8074b64e20eda542e5c1e46ca9c41e>, "\7\10\t", 65536, 0) = 3
pread64(3</tmp/nia-publication-fault-kpgp25ml/case/store/objects/66/a6757151f8ee55db127716c7e3dce0be8074b64e20eda542e5c1e46ca9c41e>, "", 65533, 3) = 0
pread64(3</tmp/nia-publication-fault-kpgp25ml/case/store/objects/66/a6757151f8ee55db127716c7e3dce0be8074b64e20eda542e5c1e46ca9c41e>, "", 65536, 3) = 0
pread64(3</tmp/nia-publication-fault-kpgp25ml/case/store/objects/38/c0e841345eeb0948445869eb5553bb39ebf66c24fe6fa00123868f32600451>, "NIAGINT1\37\37\37\37\37\37\37\37\37\37\37\37\37\37\37\37\0\0\0\0\0\0\0\0\0\0\0\0\0\0\0\0\0\0\0\0\0\0\0\0\0\0\0\0\0\0\0\0\216\346\2104^\35\225\2\356\214\327'zE<0\277\267{\224r\1\276\2630\16\235\362\270\3122\0352\tN|a?\333m"..., 65536, 0) = 206
pread64(3</tmp/nia-publication-fault-kpgp25ml/case/store/objects/38/c0e841345eeb0948445869eb5553bb39ebf66c24fe6fa00123868f32600451>, "", 65330, 206) = 0
pread64(3</tmp/nia-publication-fault-kpgp25ml/case/store/objects/38/c0e841345eeb0948445869eb5553bb39ebf66c24fe6fa00123868f32600451>, "", 65536, 206) = 0
pread64(3</tmp/nia-publication-fault-kpgp25ml/case/store/objects/38/c0e841345eeb0948445869eb5553bb39ebf66c24fe6fa00123868f32600451>, "NIAGINT1\37\37\37\37\37\37\37\37\37\37\37\37\37\37\37\37\0\0\0\0\0\0\0\0\0\0\0\0\0\0\0\0\0\0\0\0\0\0\0\0\0\0\0\0\0\0\0\0\216\346\2104^\35\225\2\356\214\327'zE<0\277\267{\224r\1\276\2630\16\235\362\270\3122\0352\tN|a?\333m"..., 1053888, 0) = 206
pread64(3</tmp/nia-publication-fault-kpgp25ml/case/store/objects/38/c0e841345eeb0948445869eb5553bb39ebf66c24fe6fa00123868f32600451>, "", 1053682, 206) = 0
pread64(3</tmp/nia-publication-fault-kpgp25ml/case/store/objects/32/094e7c613fdb6dffb1f27d926b176f7fd8946b8c2cf3ca9e3b95cb91a1a8ca>, "NIACLOS1\216\346\2104^\35\225\2\356\214\327'zE<0\277\267{\224r\1\276\2630\16\235\362\270\3122\35\273\343\341b6\331$M\267\345\300\262\251\302\306\27f\270\251!\330\260\227\374\323p\347\177\25.\3311\0\0\0\0\0\0\0\5\f\241y\346\276\376\267a\363a?\36\365|\250\222"..., 65536, 0) = 240
pread64(3</tmp/nia-publication-fault-kpgp25ml/case/store/objects/32/094e7c613fdb6dffb1f27d926b176f7fd8946b8c2cf3ca9e3b95cb91a1a8ca>, "", 65296, 240) = 0
pread64(3</tmp/nia-publication-fault-kpgp25ml/case/store/objects/32/094e7c613fdb6dffb1f27d926b176f7fd8946b8c2cf3ca9e3b95cb91a1a8ca>, "", 65536, 240) = 0
pread64(3</tmp/nia-publication-fault-kpgp25ml/case/store/objects/32/094e7c613fdb6dffb1f27d926b176f7fd8946b8c2cf3ca9e3b95cb91a1a8ca>, "NIACLOS1\216\346\2104^\35\225\2\356\214\327'zE<0\277\267{\224r\1\276\2630\16\235\362\270\3122\35\273\343\341b6\331$M\267\345\300\262\251\302\306\27f\270\251!\330\260\227\374\323p\347\177\25.\3311\0\0\0\0\0\0\0\5", 80, 0) = 80
pread64(3</tmp/nia-publication-fault-kpgp25ml/case/store/objects/32/094e7c613fdb6dffb1f27d926b176f7fd8946b8c2cf3ca9e3b95cb91a1a8ca>, "\f\241y\346\276\376\267a\363a?\36\365|\250\222\353\303\246\242(\334\243/\23\t\360\254\6\247\336~", 32, 80) = 32
pread64(16</tmp/nia-publication-fault-kpgp25ml/case/store/objects/0c/a179e6befeb761f3613f1ef57ca892ebc3a6a228dca32f1309f0ac06a7de7e>, "!<arch>\ndebian-binary/  0           0     0     100644  4         `\n2.0\ncontrol.tar/    0       "..., 65536, 0) = 20672
pread64(16</tmp/nia-publication-fault-kpgp25ml/case/store/objects/0c/a179e6befeb761f3613f1ef57ca892ebc3a6a228dca32f1309f0ac06a7de7e>, "", 44864, 20672) = 0
pread64(16</tmp/nia-publication-fault-kpgp25ml/case/store/objects/0c/a179e6befeb761f3613f1ef57ca892ebc3a6a228dca32f1309f0ac06a7de7e>, "", 65536, 20672) = 0
pread64(3</tmp/nia-publication-fault-kpgp25ml/case/store/objects/32/094e7c613fdb6dffb1f27d926b176f7fd8946b8c2cf3ca9e3b95cb91a1a8ca>, "J6\366\353|\33#j\266\313(\335\270\202\221\236\210\213\363\223\337\300\r\223\0\212\326s\6\227\370\367", 32, 112) = 32
pread64(16</tmp/nia-publication-fault-kpgp25ml/case/store/objects/4a/36f6eb7c1b236ab6cb28ddb882919e888bf393dfc00d93008ad6730697f8f7>, "./control\0\0\0\0\0\0\0\0\0\0\0\0\0\0\0\0\0\0\0\0\0\0\0\0\0\0\0\0\0\0\0\0\0\0\0\0\0\0\0\0\0\0\0\0\0\0\0\0\0\0\0\0\0\0\0\0\0\0\0\0\0\0\0\0\0\0\0\0\0\0\0\0\0\0\0\0\0\0\0\0\0\0\0\0\0\0\0"..., 65536, 0) = 10240
pread64(16</tmp/nia-publication-fault-kpgp25ml/case/store/objects/4a/36f6eb7c1b236ab6cb28ddb882919e888bf393dfc00d93008ad6730697f8f7>, "", 55296, 10240) = 0
pread64(16</tmp/nia-publication-fault-kpgp25ml/case/store/objects/4a/36f6eb7c1b236ab6cb28ddb882919e888bf393dfc00d93008ad6730697f8f7>, "", 65536, 10240) = 0
pread64(3</tmp/nia-publication-fault-kpgp25ml/case/store/objects/32/094e7c613fdb6dffb1f27d926b176f7fd8946b8c2cf3ca9e3b95cb91a1a8ca>, "\204\377\222i\37\220\232\5\262$\341\305j\273Hd\360\33O\216<\205NK\264\307\272\361\323\366\326R", 32, 144) = 32
pread64(16</tmp/nia-publication-fault-kpgp25ml/case/store/objects/84/ff92691f909a05b224e1c56abb4864f01b4f8e3c854e4bb4c7baf1d3f6d652>, "\0\0\0\0\0\0\0\0\0\0\0\0\0\0\0\0\0\0\0\0\0\0\0\0\0\0\0\0\0\0\0\0\0\0\0\0\0\0\0\0\0\0\0\0\0\0\0\0\0\0\0\0\0\0\0\0\0\0\0\0\0\0\0\0\0\0\0\0\0\0\0\0\0\0\0\0\0\0\0\0\0\0\0\0\0\0\0\0\0\0\0\0\0\0\0\0"..., 65536, 0) = 10240
pread64(16</tmp/nia-publication-fault-kpgp25ml/case/store/objects/84/ff92691f909a05b224e1c56abb4864f01b4f8e3c854e4bb4c7baf1d3f6d652>, "", 55296, 10240) = 0
pread64(16</tmp/nia-publication-fault-kpgp25ml/case/store/objects/84/ff92691f909a05b224e1c56abb4864f01b4f8e3c854e4bb4c7baf1d3f6d652>, "", 65536, 10240) = 0
pread64(3</tmp/nia-publication-fault-kpgp25ml/case/store/objects/32/094e7c613fdb6dffb1f27d926b176f7fd8946b8c2cf3ca9e3b95cb91a1a8ca>, "\216\346\2104^\35\225\2\356\214\327'zE<0\277\267{\224r\1\276\2630\16\235\362\270\3122\35", 32, 176) = 32
pread64(16</tmp/nia-publication-fault-kpgp25ml/case/store/objects/8e/e688345e1d9502ee8cd7277a453c30bfb77b947201beb3300e9df2b8ca321d>, "\0\0\0\0\0\0\0\10NIACSEL1\273\343\341b6\331$M\267\345\300\262\251\302\306\27f\270\251!\330\260\227\374\323p\347\177\25.\3311\0\0\0\0\0\0\0\1\f\241y\346\276\376\267a\363a?\36\365|\250\222\353\303\246\242(\334\243/\23\t\360\254\6\247\336~J6\366\353|\33#j"..., 65536, 0) = 152
pread64(16</tmp/nia-publication-fault-kpgp25ml/case/store/objects/8e/e688345e1d9502ee8cd7277a453c30bfb77b947201beb3300e9df2b8ca321d>, "", 65384, 152) = 0
pread64(16</tmp/nia-publication-fault-kpgp25ml/case/store/objects/8e/e688345e1d9502ee8cd7277a453c30bfb77b947201beb3300e9df2b8ca321d>, "", 65536, 152) = 0
pread64(3</tmp/nia-publication-fault-kpgp25ml/case/store/objects/32/094e7c613fdb6dffb1f27d926b176f7fd8946b8c2cf3ca9e3b95cb91a1a8ca>, "\243\32\205oC\n\363\225\274\315~\262\361B\261\32\323\256\17\305\332\363\254\304\377\263A\304\212Z\2759", 32, 208) = 32
pread64(16</tmp/nia-publication-fault-kpgp25ml/case/store/objects/a3/1a856f430af395bccd7eb2f142b11ad3ae0fc5daf3acc4ffb341c48a5abd39>, "Package: empty-package\nVersion: 1\nArchitecture: all\nMaintainer: Fixture <fixture@example.invalid"..., 65536, 0) = 149
pread64(16</tmp/nia-publication-fault-kpgp25ml/case/store/objects/a3/1a856f430af395bccd7eb2f142b11ad3ae0fc5daf3acc4ffb341c48a5abd39>, "", 65387, 149) = 0
pread64(16</tmp/nia-publication-fault-kpgp25ml/case/store/objects/a3/1a856f430af395bccd7eb2f142b11ad3ae0fc5daf3acc4ffb341c48a5abd39>, "", 65536, 149) = 0
pread64(3</tmp/nia-publication-fault-kpgp25ml/case/store/objects/8e/e688345e1d9502ee8cd7277a453c30bfb77b947201beb3300e9df2b8ca321d>, "\0\0\0\0\0\0\0\10NIACSEL1\273\343\341b6\331$M\267\345\300\262\251\302\306\27f\270\251!\330\260\227\374\323p\347\177\25.\3311\0\0\0\0\0\0\0\1\f\241y\346\276\376\267a\363a?\36\365|\250\222\353\303\246\242(\334\243/\23\t\360\254\6\247\336~J6\366\353|\33#j"..., 65536, 0) = 152
pread64(3</tmp/nia-publication-fault-kpgp25ml/case/store/objects/8e/e688345e1d9502ee8cd7277a453c30bfb77b947201beb3300e9df2b8ca321d>, "", 65384, 152) = 0
pread64(3</tmp/nia-publication-fault-kpgp25ml/case/store/objects/8e/e688345e1d9502ee8cd7277a453c30bfb77b947201beb3300e9df2b8ca321d>, "", 65536, 152) = 0
pread64(3</tmp/nia-publication-fault-kpgp25ml/case/store/objects/8e/e688345e1d9502ee8cd7277a453c30bfb77b947201beb3300e9df2b8ca321d>, "\0\0\0\0\0\0\0\10NIACSEL1\273\343\341b6\331$M\267\345\300\262\251\302\306\27f\270\251!\330\260\227\374\323p\347\177\25.\3311\0\0\0\0\0\0\0\1\f\241y\346\276\376\267a\363a?\36\365|\250\222\353\303\246\242(\334\243/\23\t\360\254\6\247\336~J6\366\353|\33#j"..., 393272, 0) = 152
pread64(3</tmp/nia-publication-fault-kpgp25ml/case/store/objects/8e/e688345e1d9502ee8cd7277a453c30bfb77b947201beb3300e9df2b8ca321d>, "", 393120, 152) = 0
pread64(3</tmp/nia-publication-fault-kpgp25ml/case/store/objects/0c/a179e6befeb761f3613f1ef57ca892ebc3a6a228dca32f1309f0ac06a7de7e>, "!<arch>\ndebian-binary/  0           0     0     100644  4         `\n2.0\ncontrol.tar/    0       "..., 65536, 0) = 20672
pread64(3</tmp/nia-publication-fault-kpgp25ml/case/store/objects/0c/a179e6befeb761f3613f1ef57ca892ebc3a6a228dca32f1309f0ac06a7de7e>, "", 44864, 20672) = 0
pread64(3</tmp/nia-publication-fault-kpgp25ml/case/store/objects/0c/a179e6befeb761f3613f1ef57ca892ebc3a6a228dca32f1309f0ac06a7de7e>, "", 65536, 20672) = 0
pread64(3</tmp/nia-publication-fault-kpgp25ml/case/store/objects/0c/a179e6befeb761f3613f1ef57ca892ebc3a6a228dca32f1309f0ac06a7de7e>, "!<arch>\n", 8, 0) = 8
pread64(3</tmp/nia-publication-fault-kpgp25ml/case/store/objects/0c/a179e6befeb761f3613f1ef57ca892ebc3a6a228dca32f1309f0ac06a7de7e>, "debian-binary/  0           0     0     100644  4         `\n", 60, 8) = 60
pread64(3</tmp/nia-publication-fault-kpgp25ml/case/store/objects/0c/a179e6befeb761f3613f1ef57ca892ebc3a6a228dca32f1309f0ac06a7de7e>, "2.0\n", 4, 68) = 4
pread64(3</tmp/nia-publication-fault-kpgp25ml/case/store/objects/0c/a179e6befeb761f3613f1ef57ca892ebc3a6a228dca32f1309f0ac06a7de7e>, "2.0\n", 4, 68) = 4
pread64(3</tmp/nia-publication-fault-kpgp25ml/case/store/objects/0c/a179e6befeb761f3613f1ef57ca892ebc3a6a228dca32f1309f0ac06a7de7e>, "control.tar/    0           0     0     100644  10240     `\n", 60, 72) = 60
pread64(3</tmp/nia-publication-fault-kpgp25ml/case/store/objects/0c/a179e6befeb761f3613f1ef57ca892ebc3a6a228dca32f1309f0ac06a7de7e>, "./control\0\0\0\0\0\0\0\0\0\0\0\0\0\0\0\0\0\0\0\0\0\0\0\0\0\0\0\0\0\0\0\0\0\0\0\0\0\0\0\0\0\0\0\0\0\0\0\0\0\0\0\0\0\0\0\0\0\0\0\0\0\0\0\0\0\0\0\0\0\0\0\0\0\0\0\0\0\0\0\0\0\0\0\0\0\0\0"..., 10240, 132) = 10240
pread64(3</tmp/nia-publication-fault-kpgp25ml/case/store/objects/0c/a179e6befeb761f3613f1ef57ca892ebc3a6a228dca32f1309f0ac06a7de7e>, "data.tar/       0           0     0     100644  10240     `\n", 60, 10372) = 60
pread64(3</tmp/nia-publication-fault-kpgp25ml/case/store/objects/0c/a179e6befeb761f3613f1ef57ca892ebc3a6a228dca32f1309f0ac06a7de7e>, "\0\0\0\0\0\0\0\0\0\0\0\0\0\0\0\0\0\0\0\0\0\0\0\0\0\0\0\0\0\0\0\0\0\0\0\0\0\0\0\0\0\0\0\0\0\0\0\0\0\0\0\0\0\0\0\0\0\0\0\0\0\0\0\0\0\0\0\0\0\0\0\0\0\0\0\0\0\0\0\0\0\0\0\0\0\0\0\0\0\0\0\0\0\0\0\0"..., 10240, 10432) = 10240
pread64(3</tmp/nia-publication-fault-kpgp25ml/case/store/objects/0c/a179e6befeb761f3613f1ef57ca892ebc3a6a228dca32f1309f0ac06a7de7e>, "!<arch>\ndebian-binary/  0           0     0     100644  4         `\n2.0\ncontrol.tar/    0       "..., 65536, 0) = 20672
pread64(3</tmp/nia-publication-fault-kpgp25ml/case/store/objects/0c/a179e6befeb761f3613f1ef57ca892ebc3a6a228dca32f1309f0ac06a7de7e>, "", 44864, 20672) = 0
pread64(3</tmp/nia-publication-fault-kpgp25ml/case/store/objects/0c/a179e6befeb761f3613f1ef57ca892ebc3a6a228dca32f1309f0ac06a7de7e>, "", 65536, 20672) = 0
pread64(3</tmp/nia-publication-fault-kpgp25ml/case/store/objects/0c/a179e6befeb761f3613f1ef57ca892ebc3a6a228dca32f1309f0ac06a7de7e>, "!<arch>\n", 8, 0) = 8
pread64(3</tmp/nia-publication-fault-kpgp25ml/case/store/objects/0c/a179e6befeb761f3613f1ef57ca892ebc3a6a228dca32f1309f0ac06a7de7e>, "debian-binary/  0           0     0     100644  4         `\n", 60, 8) = 60
pread64(3</tmp/nia-publication-fault-kpgp25ml/case/store/objects/0c/a179e6befeb761f3613f1ef57ca892ebc3a6a228dca32f1309f0ac06a7de7e>, "2.0\n", 4, 68) = 4
pread64(3</tmp/nia-publication-fault-kpgp25ml/case/store/objects/0c/a179e6befeb761f3613f1ef57ca892ebc3a6a228dca32f1309f0ac06a7de7e>, "2.0\n", 4, 68) = 4
pread64(3</tmp/nia-publication-fault-kpgp25ml/case/store/objects/0c/a179e6befeb761f3613f1ef57ca892ebc3a6a228dca32f1309f0ac06a7de7e>, "control.tar/    0           0     0     100644  10240     `\n", 60, 72) = 60
pread64(3</tmp/nia-publication-fault-kpgp25ml/case/store/objects/0c/a179e6befeb761f3613f1ef57ca892ebc3a6a228dca32f1309f0ac06a7de7e>, "./control\0\0\0\0\0\0\0\0\0\0\0\0\0\0\0\0\0\0\0\0\0\0\0\0\0\0\0\0\0\0\0\0\0\0\0\0\0\0\0\0\0\0\0\0\0\0\0\0\0\0\0\0\0\0\0\0\0\0\0\0\0\0\0\0\0\0\0\0\0\0\0\0\0\0\0\0\0\0\0\0\0\0\0\0\0\0\0"..., 10240, 132) = 10240
pread64(3</tmp/nia-publication-fault-kpgp25ml/case/store/objects/0c/a179e6befeb761f3613f1ef57ca892ebc3a6a228dca32f1309f0ac06a7de7e>, "data.tar/       0           0     0     100644  10240     `\n", 60, 10372) = 60
pread64(3</tmp/nia-publication-fault-kpgp25ml/case/store/objects/0c/a179e6befeb761f3613f1ef57ca892ebc3a6a228dca32f1309f0ac06a7de7e>, "\0\0\0\0\0\0\0\0\0\0\0\0\0\0\0\0\0\0\0\0\0\0\0\0\0\0\0\0\0\0\0\0\0\0\0\0\0\0\0\0\0\0\0\0\0\0\0\0\0\0\0\0\0\0\0\0\0\0\0\0\0\0\0\0\0\0\0\0\0\0\0\0\0\0\0\0\0\0\0\0\0\0\0\0\0\0\0\0\0\0\0\0\0\0\0\0"..., 10240, 10432) = 10240
fsync(17</tmp/nia-publication-fault-kpgp25ml/case/store/incoming>) = 0
pread64(3</tmp/nia-publication-fault-kpgp25ml/case/store/objects/0c/a179e6befeb761f3613f1ef57ca892ebc3a6a228dca32f1309f0ac06a7de7e>, "\0\0\0\0\0\0\0\0\0\0\0\0\0\0\0\0\0\0\0\0\0\0\0\0\0\0\0\0\0\0\0\0\0\0\0\0\0\0\0\0\0\0\0\0\0\0\0\0\0\0\0\0\0\0\0\0\0\0\0\0\0\0\0\0\0\0\0\0\0\0\0\0\0\0\0\0\0\0\0\0\0\0\0\0\0\0\0\0\0\0\0\0\0\0\0\0"..., 10240, 10432) = 10240
write(16</tmp/nia-publication-fault-kpgp25ml/case/store/incoming/c0e841902b2f8d3f4cc41a8df8b91f23>, "\0\0\0\0\0\0\0\0\0\0\0\0\0\0\0\0\0\0\0\0\0\0\0\0\0\0\0\0\0\0\0\0\0\0\0\0\0\0\0\0\0\0\0\0\0\0\0\0\0\0\0\0\0\0\0\0\0\0\0\0\0\0\0\0\0\0\0\0\0\0\0\0\0\0\0\0\0\0\0\0\0\0\0\0\0\0\0\0\0\0\0\0\0\0\0\0"..., 10240) = 10240
fsync(16</tmp/nia-publication-fault-kpgp25ml/case/store/incoming/c0e841902b2f8d3f4cc41a8df8b91f23>) = 0
renameat2(17</tmp/nia-publication-fault-kpgp25ml/case/store/incoming>, "c0e841902b2f8d3f4cc41a8df8b91f23", 16</tmp/nia-publication-fault-kpgp25ml/case/store/objects/84>, "ff92691f909a05b224e1c56abb4864f01b4f8e3c854e4bb4c7baf1d3f6d652", RENAME_NOREPLACE) = -1 EEXIST (File exists)
pread64(16</tmp/nia-publication-fault-kpgp25ml/case/store/objects/84/ff92691f909a05b224e1c56abb4864f01b4f8e3c854e4bb4c7baf1d3f6d652>, "\0\0\0\0\0\0\0\0\0\0\0\0\0\0\0\0\0\0\0\0\0\0\0\0\0\0\0\0\0\0\0\0\0\0\0\0\0\0\0\0\0\0\0\0\0\0\0\0\0\0\0\0\0\0\0\0\0\0\0\0\0\0\0\0\0\0\0\0\0\0\0\0\0\0\0\0\0\0\0\0\0\0\0\0\0\0\0\0\0\0\0\0\0\0\0\0"..., 65536, 0) = 10240
pread64(16</tmp/nia-publication-fault-kpgp25ml/case/store/objects/84/ff92691f909a05b224e1c56abb4864f01b4f8e3c854e4bb4c7baf1d3f6d652>, "", 55296, 10240) = 0
pread64(16</tmp/nia-publication-fault-kpgp25ml/case/store/objects/84/ff92691f909a05b224e1c56abb4864f01b4f8e3c854e4bb4c7baf1d3f6d652>, "", 65536, 10240) = 0
fsync(17</tmp/nia-publication-fault-kpgp25ml/case/store/incoming>) = 0
pread64(3</tmp/nia-publication-fault-kpgp25ml/case/store/objects/84/ff92691f909a05b224e1c56abb4864f01b4f8e3c854e4bb4c7baf1d3f6d652>, "\0\0\0\0\0\0\0\0\0\0\0\0\0\0\0\0\0\0\0\0\0\0\0\0\0\0\0\0\0\0\0\0\0\0\0\0\0\0\0\0\0\0\0\0\0\0\0\0\0\0\0\0\0\0\0\0\0\0\0\0\0\0\0\0\0\0\0\0\0\0\0\0\0\0\0\0\0\0\0\0\0\0\0\0\0\0\0\0\0\0\0\0\0\0\0\0"..., 65536, 0) = 10240
pread64(3</tmp/nia-publication-fault-kpgp25ml/case/store/objects/84/ff92691f909a05b224e1c56abb4864f01b4f8e3c854e4bb4c7baf1d3f6d652>, "", 55296, 10240) = 0
pread64(3</tmp/nia-publication-fault-kpgp25ml/case/store/objects/84/ff92691f909a05b224e1c56abb4864f01b4f8e3c854e4bb4c7baf1d3f6d652>, "", 65536, 10240) = 0
pread64(3</tmp/nia-publication-fault-kpgp25ml/case/store/objects/84/ff92691f909a05b224e1c56abb4864f01b4f8e3c854e4bb4c7baf1d3f6d652>, "\0\0\0\0\0\0\0\0\0\0\0\0\0\0\0\0\0\0\0\0\0\0\0\0\0\0\0\0\0\0\0\0\0\0\0\0\0\0\0\0\0\0\0\0\0\0\0\0\0\0\0\0\0\0\0\0\0\0\0\0\0\0\0\0\0\0\0\0\0\0\0\0\0\0\0\0\0\0\0\0\0\0\0\0\0\0\0\0\0\0\0\0\0\0\0\0"..., 10240, 0) = 10240
fsync(17</tmp/nia-publication-fault-kpgp25ml/case/store/incoming>) = 0
pread64(3</tmp/nia-publication-fault-kpgp25ml/case/store/objects/84/ff92691f909a05b224e1c56abb4864f01b4f8e3c854e4bb4c7baf1d3f6d652>, "\0\0\0\0\0\0\0\0\0\0\0\0\0\0\0\0\0\0\0\0\0\0\0\0\0\0\0\0\0\0\0\0\0\0\0\0\0\0\0\0\0\0\0\0\0\0\0\0\0\0\0\0\0\0\0\0\0\0\0\0\0\0\0\0\0\0\0\0\0\0\0\0\0\0\0\0\0\0\0\0\0\0\0\0\0\0\0\0\0\0\0\0\0\0\0\0"..., 10240, 0) = 10240
write(16</tmp/nia-publication-fault-kpgp25ml/case/store/incoming/efd67ed5266abf3dd960751b03e3a5e2>, "\0\0\0\0\0\0\0\0\0\0\0\0\0\0\0\0\0\0\0\0\0\0\0\0\0\0\0\0\0\0\0\0\0\0\0\0\0\0\0\0\0\0\0\0\0\0\0\0\0\0\0\0\0\0\0\0\0\0\0\0\0\0\0\0\0\0\0\0\0\0\0\0\0\0\0\0\0\0\0\0\0\0\0\0\0\0\0\0\0\0\0\0\0\0\0\0"..., 10240) = 10240
fsync(16</tmp/nia-publication-fault-kpgp25ml/case/store/incoming/efd67ed5266abf3dd960751b03e3a5e2>) = 0
renameat2(17</tmp/nia-publication-fault-kpgp25ml/case/store/incoming>, "efd67ed5266abf3dd960751b03e3a5e2", 16</tmp/nia-publication-fault-kpgp25ml/case/store/objects/84>, "ff92691f909a05b224e1c56abb4864f01b4f8e3c854e4bb4c7baf1d3f6d652", RENAME_NOREPLACE) = -1 EEXIST (File exists)
pread64(16</tmp/nia-publication-fault-kpgp25ml/case/store/objects/84/ff92691f909a05b224e1c56abb4864f01b4f8e3c854e4bb4c7baf1d3f6d652>, "\0\0\0\0\0\0\0\0\0\0\0\0\0\0\0\0\0\0\0\0\0\0\0\0\0\0\0\0\0\0\0\0\0\0\0\0\0\0\0\0\0\0\0\0\0\0\0\0\0\0\0\0\0\0\0\0\0\0\0\0\0\0\0\0\0\0\0\0\0\0\0\0\0\0\0\0\0\0\0\0\0\0\0\0\0\0\0\0\0\0\0\0\0\0\0\0"..., 65536, 0) = 10240
pread64(16</tmp/nia-publication-fault-kpgp25ml/case/store/objects/84/ff92691f909a05b224e1c56abb4864f01b4f8e3c854e4bb4c7baf1d3f6d652>, "", 55296, 10240) = 0
pread64(16</tmp/nia-publication-fault-kpgp25ml/case/store/objects/84/ff92691f909a05b224e1c56abb4864f01b4f8e3c854e4bb4c7baf1d3f6d652>, "", 65536, 10240) = 0
fsync(17</tmp/nia-publication-fault-kpgp25ml/case/store/incoming>) = 0
pread64(3</tmp/nia-publication-fault-kpgp25ml/case/store/objects/84/ff92691f909a05b224e1c56abb4864f01b4f8e3c854e4bb4c7baf1d3f6d652>, "\0\0\0\0\0\0\0\0\0\0\0\0\0\0\0\0\0\0\0\0\0\0\0\0\0\0\0\0\0\0\0\0\0\0\0\0\0\0\0\0\0\0\0\0\0\0\0\0\0\0\0\0\0\0\0\0\0\0\0\0\0\0\0\0\0\0\0\0\0\0\0\0\0\0\0\0\0\0\0\0\0\0\0\0\0\0\0\0\0\0\0\0\0\0\0\0"..., 65536, 0) = 10240
pread64(3</tmp/nia-publication-fault-kpgp25ml/case/store/objects/84/ff92691f909a05b224e1c56abb4864f01b4f8e3c854e4bb4c7baf1d3f6d652>, "", 55296, 10240) = 0
pread64(3</tmp/nia-publication-fault-kpgp25ml/case/store/objects/84/ff92691f909a05b224e1c56abb4864f01b4f8e3c854e4bb4c7baf1d3f6d652>, "", 65536, 10240) = 0
pread64(3</tmp/nia-publication-fault-kpgp25ml/case/store/objects/84/ff92691f909a05b224e1c56abb4864f01b4f8e3c854e4bb4c7baf1d3f6d652>, "\0\0\0\0\0\0\0\0\0\0\0\0\0\0\0\0\0\0\0\0\0\0\0\0\0\0\0\0\0\0\0\0\0\0\0\0\0\0\0\0\0\0\0\0\0\0\0\0\0\0\0\0\0\0\0\0\0\0\0\0\0\0\0\0\0\0\0\0\0\0\0\0\0\0\0\0\0\0\0\0\0\0\0\0\0\0\0\0\0\0\0\0\0\0\0\0"..., 512, 0) = 512
pread64(3</tmp/nia-publication-fault-kpgp25ml/case/store/objects/84/ff92691f909a05b224e1c56abb4864f01b4f8e3c854e4bb4c7baf1d3f6d652>, "\0\0\0\0\0\0\0\0\0\0\0\0\0\0\0\0\0\0\0\0\0\0\0\0\0\0\0\0\0\0\0\0\0\0\0\0\0\0\0\0\0\0\0\0\0\0\0\0\0\0\0\0\0\0\0\0\0\0\0\0\0\0\0\0\0\0\0\0\0\0\0\0\0\0\0\0\0\0\0\0\0\0\0\0\0\0\0\0\0\0\0\0\0\0\0\0"..., 9728, 512) = 9728
pread64(3</tmp/nia-publication-fault-kpgp25ml/case/store/objects/0c/a179e6befeb761f3613f1ef57ca892ebc3a6a228dca32f1309f0ac06a7de7e>, "!<arch>\ndebian-binary/  0           0     0     100644  4         `\n2.0\ncontrol.tar/    0       "..., 65536, 0) = 20672
pread64(3</tmp/nia-publication-fault-kpgp25ml/case/store/objects/0c/a179e6befeb761f3613f1ef57ca892ebc3a6a228dca32f1309f0ac06a7de7e>, "", 44864, 20672) = 0
pread64(3</tmp/nia-publication-fault-kpgp25ml/case/store/objects/0c/a179e6befeb761f3613f1ef57ca892ebc3a6a228dca32f1309f0ac06a7de7e>, "", 65536, 20672) = 0
pread64(3</tmp/nia-publication-fault-kpgp25ml/case/store/objects/0c/a179e6befeb761f3613f1ef57ca892ebc3a6a228dca32f1309f0ac06a7de7e>, "!<arch>\n", 8, 0) = 8
pread64(3</tmp/nia-publication-fault-kpgp25ml/case/store/objects/0c/a179e6befeb761f3613f1ef57ca892ebc3a6a228dca32f1309f0ac06a7de7e>, "debian-binary/  0           0     0     100644  4         `\n", 60, 8) = 60
pread64(3</tmp/nia-publication-fault-kpgp25ml/case/store/objects/0c/a179e6befeb761f3613f1ef57ca892ebc3a6a228dca32f1309f0ac06a7de7e>, "2.0\n", 4, 68) = 4
pread64(3</tmp/nia-publication-fault-kpgp25ml/case/store/objects/0c/a179e6befeb761f3613f1ef57ca892ebc3a6a228dca32f1309f0ac06a7de7e>, "2.0\n", 4, 68) = 4
pread64(3</tmp/nia-publication-fault-kpgp25ml/case/store/objects/0c/a179e6befeb761f3613f1ef57ca892ebc3a6a228dca32f1309f0ac06a7de7e>, "control.tar/    0           0     0     100644  10240     `\n", 60, 72) = 60
pread64(3</tmp/nia-publication-fault-kpgp25ml/case/store/objects/0c/a179e6befeb761f3613f1ef57ca892ebc3a6a228dca32f1309f0ac06a7de7e>, "./control\0\0\0\0\0\0\0\0\0\0\0\0\0\0\0\0\0\0\0\0\0\0\0\0\0\0\0\0\0\0\0\0\0\0\0\0\0\0\0\0\0\0\0\0\0\0\0\0\0\0\0\0\0\0\0\0\0\0\0\0\0\0\0\0\0\0\0\0\0\0\0\0\0\0\0\0\0\0\0\0\0\0\0\0\0\0\0"..., 10240, 132) = 10240
pread64(3</tmp/nia-publication-fault-kpgp25ml/case/store/objects/0c/a179e6befeb761f3613f1ef57ca892ebc3a6a228dca32f1309f0ac06a7de7e>, "data.tar/       0           0     0     100644  10240     `\n", 60, 10372) = 60
pread64(3</tmp/nia-publication-fault-kpgp25ml/case/store/objects/0c/a179e6befeb761f3613f1ef57ca892ebc3a6a228dca32f1309f0ac06a7de7e>, "\0\0\0\0\0\0\0\0\0\0\0\0\0\0\0\0\0\0\0\0\0\0\0\0\0\0\0\0\0\0\0\0\0\0\0\0\0\0\0\0\0\0\0\0\0\0\0\0\0\0\0\0\0\0\0\0\0\0\0\0\0\0\0\0\0\0\0\0\0\0\0\0\0\0\0\0\0\0\0\0\0\0\0\0\0\0\0\0\0\0\0\0\0\0\0\0"..., 10240, 10432) = 10240
pread64(3</tmp/nia-publication-fault-kpgp25ml/case/store/objects/0c/a179e6befeb761f3613f1ef57ca892ebc3a6a228dca32f1309f0ac06a7de7e>, "!<arch>\ndebian-binary/  0           0     0     100644  4         `\n2.0\ncontrol.tar/    0       "..., 65536, 0) = 20672
pread64(3</tmp/nia-publication-fault-kpgp25ml/case/store/objects/0c/a179e6befeb761f3613f1ef57ca892ebc3a6a228dca32f1309f0ac06a7de7e>, "", 44864, 20672) = 0
pread64(3</tmp/nia-publication-fault-kpgp25ml/case/store/objects/0c/a179e6befeb761f3613f1ef57ca892ebc3a6a228dca32f1309f0ac06a7de7e>, "", 65536, 20672) = 0
pread64(3</tmp/nia-publication-fault-kpgp25ml/case/store/objects/0c/a179e6befeb761f3613f1ef57ca892ebc3a6a228dca32f1309f0ac06a7de7e>, "!<arch>\n", 8, 0) = 8
pread64(3</tmp/nia-publication-fault-kpgp25ml/case/store/objects/0c/a179e6befeb761f3613f1ef57ca892ebc3a6a228dca32f1309f0ac06a7de7e>, "debian-binary/  0           0     0     100644  4         `\n", 60, 8) = 60
pread64(3</tmp/nia-publication-fault-kpgp25ml/case/store/objects/0c/a179e6befeb761f3613f1ef57ca892ebc3a6a228dca32f1309f0ac06a7de7e>, "2.0\n", 4, 68) = 4
pread64(3</tmp/nia-publication-fault-kpgp25ml/case/store/objects/0c/a179e6befeb761f3613f1ef57ca892ebc3a6a228dca32f1309f0ac06a7de7e>, "2.0\n", 4, 68) = 4
pread64(3</tmp/nia-publication-fault-kpgp25ml/case/store/objects/0c/a179e6befeb761f3613f1ef57ca892ebc3a6a228dca32f1309f0ac06a7de7e>, "control.tar/    0           0     0     100644  10240     `\n", 60, 72) = 60
pread64(3</tmp/nia-publication-fault-kpgp25ml/case/store/objects/0c/a179e6befeb761f3613f1ef57ca892ebc3a6a228dca32f1309f0ac06a7de7e>, "./control\0\0\0\0\0\0\0\0\0\0\0\0\0\0\0\0\0\0\0\0\0\0\0\0\0\0\0\0\0\0\0\0\0\0\0\0\0\0\0\0\0\0\0\0\0\0\0\0\0\0\0\0\0\0\0\0\0\0\0\0\0\0\0\0\0\0\0\0\0\0\0\0\0\0\0\0\0\0\0\0\0\0\0\0\0\0\0"..., 10240, 132) = 10240
pread64(3</tmp/nia-publication-fault-kpgp25ml/case/store/objects/0c/a179e6befeb761f3613f1ef57ca892ebc3a6a228dca32f1309f0ac06a7de7e>, "data.tar/       0           0     0     100644  10240     `\n", 60, 10372) = 60
pread64(3</tmp/nia-publication-fault-kpgp25ml/case/store/objects/0c/a179e6befeb761f3613f1ef57ca892ebc3a6a228dca32f1309f0ac06a7de7e>, "\0\0\0\0\0\0\0\0\0\0\0\0\0\0\0\0\0\0\0\0\0\0\0\0\0\0\0\0\0\0\0\0\0\0\0\0\0\0\0\0\0\0\0\0\0\0\0\0\0\0\0\0\0\0\0\0\0\0\0\0\0\0\0\0\0\0\0\0\0\0\0\0\0\0\0\0\0\0\0\0\0\0\0\0\0\0\0\0\0\0\0\0\0\0\0\0"..., 10240, 10432) = 10240
fsync(17</tmp/nia-publication-fault-kpgp25ml/case/store/incoming>) = 0
pread64(3</tmp/nia-publication-fault-kpgp25ml/case/store/objects/0c/a179e6befeb761f3613f1ef57ca892ebc3a6a228dca32f1309f0ac06a7de7e>, "./control\0\0\0\0\0\0\0\0\0\0\0\0\0\0\0\0\0\0\0\0\0\0\0\0\0\0\0\0\0\0\0\0\0\0\0\0\0\0\0\0\0\0\0\0\0\0\0\0\0\0\0\0\0\0\0\0\0\0\0\0\0\0\0\0\0\0\0\0\0\0\0\0\0\0\0\0\0\0\0\0\0\0\0\0\0\0\0"..., 10240, 132) = 10240
write(16</tmp/nia-publication-fault-kpgp25ml/case/store/incoming/1d8d5c77f7c321bc01f6912388519b40>, "./control\0\0\0\0\0\0\0\0\0\0\0\0\0\0\0\0\0\0\0\0\0\0\0\0\0\0\0\0\0\0\0\0\0\0\0\0\0\0\0\0\0\0\0\0\0\0\0\0\0\0\0\0\0\0\0\0\0\0\0\0\0\0\0\0\0\0\0\0\0\0\0\0\0\0\0\0\0\0\0\0\0\0\0\0\0\0\0"..., 10240) = 10240
fsync(16</tmp/nia-publication-fault-kpgp25ml/case/store/incoming/1d8d5c77f7c321bc01f6912388519b40>) = 0
renameat2(17</tmp/nia-publication-fault-kpgp25ml/case/store/incoming>, "1d8d5c77f7c321bc01f6912388519b40", 16</tmp/nia-publication-fault-kpgp25ml/case/store/objects/4a>, "36f6eb7c1b236ab6cb28ddb882919e888bf393dfc00d93008ad6730697f8f7", RENAME_NOREPLACE) = -1 EEXIST (File exists)
pread64(16</tmp/nia-publication-fault-kpgp25ml/case/store/objects/4a/36f6eb7c1b236ab6cb28ddb882919e888bf393dfc00d93008ad6730697f8f7>, "./control\0\0\0\0\0\0\0\0\0\0\0\0\0\0\0\0\0\0\0\0\0\0\0\0\0\0\0\0\0\0\0\0\0\0\0\0\0\0\0\0\0\0\0\0\0\0\0\0\0\0\0\0\0\0\0\0\0\0\0\0\0\0\0\0\0\0\0\0\0\0\0\0\0\0\0\0\0\0\0\0\0\0\0\0\0\0\0"..., 65536, 0) = 10240
pread64(16</tmp/nia-publication-fault-kpgp25ml/case/store/objects/4a/36f6eb7c1b236ab6cb28ddb882919e888bf393dfc00d93008ad6730697f8f7>, "", 55296, 10240) = 0
pread64(16</tmp/nia-publication-fault-kpgp25ml/case/store/objects/4a/36f6eb7c1b236ab6cb28ddb882919e888bf393dfc00d93008ad6730697f8f7>, "", 65536, 10240) = 0
fsync(17</tmp/nia-publication-fault-kpgp25ml/case/store/incoming>) = 0
pread64(3</tmp/nia-publication-fault-kpgp25ml/case/store/objects/4a/36f6eb7c1b236ab6cb28ddb882919e888bf393dfc00d93008ad6730697f8f7>, "./control\0\0\0\0\0\0\0\0\0\0\0\0\0\0\0\0\0\0\0\0\0\0\0\0\0\0\0\0\0\0\0\0\0\0\0\0\0\0\0\0\0\0\0\0\0\0\0\0\0\0\0\0\0\0\0\0\0\0\0\0\0\0\0\0\0\0\0\0\0\0\0\0\0\0\0\0\0\0\0\0\0\0\0\0\0\0\0"..., 65536, 0) = 10240
pread64(3</tmp/nia-publication-fault-kpgp25ml/case/store/objects/4a/36f6eb7c1b236ab6cb28ddb882919e888bf393dfc00d93008ad6730697f8f7>, "", 55296, 10240) = 0
pread64(3</tmp/nia-publication-fault-kpgp25ml/case/store/objects/4a/36f6eb7c1b236ab6cb28ddb882919e888bf393dfc00d93008ad6730697f8f7>, "", 65536, 10240) = 0
pread64(3</tmp/nia-publication-fault-kpgp25ml/case/store/objects/4a/36f6eb7c1b236ab6cb28ddb882919e888bf393dfc00d93008ad6730697f8f7>, "./control\0\0\0\0\0\0\0\0\0\0\0\0\0\0\0\0\0\0\0\0\0\0\0\0\0\0\0\0\0\0\0\0\0\0\0\0\0\0\0\0\0\0\0\0\0\0\0\0\0\0\0\0\0\0\0\0\0\0\0\0\0\0\0\0\0\0\0\0\0\0\0\0\0\0\0\0\0\0\0\0\0\0\0\0\0\0\0"..., 10240, 0) = 10240
fsync(17</tmp/nia-publication-fault-kpgp25ml/case/store/incoming>) = 0
write(16</tmp/nia-publication-fault-kpgp25ml/case/store/incoming/22b774315f5533e17d1889cf445d8ac2>, "Package: empty-package\nVersion: 1\nArchitecture: all\nMaintainer: Fixture <fixture@example.invalid"..., 149) = 149
fsync(16</tmp/nia-publication-fault-kpgp25ml/case/store/incoming/22b774315f5533e17d1889cf445d8ac2>) = 0
renameat2(17</tmp/nia-publication-fault-kpgp25ml/case/store/incoming>, "22b774315f5533e17d1889cf445d8ac2", 16</tmp/nia-publication-fault-kpgp25ml/case/store/objects/a3>, "1a856f430af395bccd7eb2f142b11ad3ae0fc5daf3acc4ffb341c48a5abd39", RENAME_NOREPLACE) = -1 EEXIST (File exists)
pread64(16</tmp/nia-publication-fault-kpgp25ml/case/store/objects/a3/1a856f430af395bccd7eb2f142b11ad3ae0fc5daf3acc4ffb341c48a5abd39>, "Package: empty-package\nVersion: 1\nArchitecture: all\nMaintainer: Fixture <fixture@example.invalid"..., 65536, 0) = 149
pread64(16</tmp/nia-publication-fault-kpgp25ml/case/store/objects/a3/1a856f430af395bccd7eb2f142b11ad3ae0fc5daf3acc4ffb341c48a5abd39>, "", 65387, 149) = 0
pread64(16</tmp/nia-publication-fault-kpgp25ml/case/store/objects/a3/1a856f430af395bccd7eb2f142b11ad3ae0fc5daf3acc4ffb341c48a5abd39>, "", 65536, 149) = 0
fsync(17</tmp/nia-publication-fault-kpgp25ml/case/store/incoming>) = 0
pread64(3</tmp/nia-publication-fault-kpgp25ml/case/store/objects/a3/1a856f430af395bccd7eb2f142b11ad3ae0fc5daf3acc4ffb341c48a5abd39>, "Package: empty-package\nVersion: 1\nArchitecture: all\nMaintainer: Fixture <fixture@example.invalid"..., 65536, 0) = 149
pread64(3</tmp/nia-publication-fault-kpgp25ml/case/store/objects/a3/1a856f430af395bccd7eb2f142b11ad3ae0fc5daf3acc4ffb341c48a5abd39>, "", 65387, 149) = 0
pread64(3</tmp/nia-publication-fault-kpgp25ml/case/store/objects/a3/1a856f430af395bccd7eb2f142b11ad3ae0fc5daf3acc4ffb341c48a5abd39>, "", 65536, 149) = 0
pread64(3</tmp/nia-publication-fault-kpgp25ml/case/store/objects/a3/1a856f430af395bccd7eb2f142b11ad3ae0fc5daf3acc4ffb341c48a5abd39>, "Package: empty-package\nVersion: 1\nArchitecture: all\nMaintainer: Fixture <fixture@example.invalid"..., 16777216, 0) = 149
pread64(3</tmp/nia-publication-fault-kpgp25ml/case/store/objects/a3/1a856f430af395bccd7eb2f142b11ad3ae0fc5daf3acc4ffb341c48a5abd39>, "", 16777067, 149) = 0
pread64(3</tmp/nia-publication-fault-kpgp25ml/case/store/objects/a3/1a856f430af395bccd7eb2f142b11ad3ae0fc5daf3acc4ffb341c48a5abd39>, "Package: empty-package\nVersion: 1\nArchitecture: all\nMaintainer: Fixture <fixture@example.invalid"..., 65536, 0) = 149
pread64(3</tmp/nia-publication-fault-kpgp25ml/case/store/objects/a3/1a856f430af395bccd7eb2f142b11ad3ae0fc5daf3acc4ffb341c48a5abd39>, "", 65387, 149) = 0
pread64(3</tmp/nia-publication-fault-kpgp25ml/case/store/objects/a3/1a856f430af395bccd7eb2f142b11ad3ae0fc5daf3acc4ffb341c48a5abd39>, "", 65536, 149) = 0
pread64(3</tmp/nia-publication-fault-kpgp25ml/case/store/objects/a3/1a856f430af395bccd7eb2f142b11ad3ae0fc5daf3acc4ffb341c48a5abd39>, "Package: empty-package\nVersion: 1\nArchitecture: all\nMaintainer: Fixture <fixture@example.invalid"..., 16777216, 0) = 149
pread64(3</tmp/nia-publication-fault-kpgp25ml/case/store/objects/a3/1a856f430af395bccd7eb2f142b11ad3ae0fc5daf3acc4ffb341c48a5abd39>, "", 16777067, 149) = 0
pread64(3</tmp/nia-publication-fault-kpgp25ml/case/store/objects/0c/a179e6befeb761f3613f1ef57ca892ebc3a6a228dca32f1309f0ac06a7de7e>, "!<arch>\ndebian-binary/  0           0     0     100644  4         `\n2.0\ncontrol.tar/    0       "..., 65536, 0) = 20672
pread64(3</tmp/nia-publication-fault-kpgp25ml/case/store/objects/0c/a179e6befeb761f3613f1ef57ca892ebc3a6a228dca32f1309f0ac06a7de7e>, "", 44864, 20672) = 0
pread64(3</tmp/nia-publication-fault-kpgp25ml/case/store/objects/0c/a179e6befeb761f3613f1ef57ca892ebc3a6a228dca32f1309f0ac06a7de7e>, "", 65536, 20672) = 0
pread64(3</tmp/nia-publication-fault-kpgp25ml/case/store/objects/0c/a179e6befeb761f3613f1ef57ca892ebc3a6a228dca32f1309f0ac06a7de7e>, "!<arch>\n", 8, 0) = 8
pread64(3</tmp/nia-publication-fault-kpgp25ml/case/store/objects/0c/a179e6befeb761f3613f1ef57ca892ebc3a6a228dca32f1309f0ac06a7de7e>, "debian-binary/  0           0     0     100644  4         `\n", 60, 8) = 60
pread64(3</tmp/nia-publication-fault-kpgp25ml/case/store/objects/0c/a179e6befeb761f3613f1ef57ca892ebc3a6a228dca32f1309f0ac06a7de7e>, "2.0\n", 4, 68) = 4
pread64(3</tmp/nia-publication-fault-kpgp25ml/case/store/objects/0c/a179e6befeb761f3613f1ef57ca892ebc3a6a228dca32f1309f0ac06a7de7e>, "2.0\n", 4, 68) = 4
pread64(3</tmp/nia-publication-fault-kpgp25ml/case/store/objects/0c/a179e6befeb761f3613f1ef57ca892ebc3a6a228dca32f1309f0ac06a7de7e>, "control.tar/    0           0     0     100644  10240     `\n", 60, 72) = 60
pread64(3</tmp/nia-publication-fault-kpgp25ml/case/store/objects/0c/a179e6befeb761f3613f1ef57ca892ebc3a6a228dca32f1309f0ac06a7de7e>, "./control\0\0\0\0\0\0\0\0\0\0\0\0\0\0\0\0\0\0\0\0\0\0\0\0\0\0\0\0\0\0\0\0\0\0\0\0\0\0\0\0\0\0\0\0\0\0\0\0\0\0\0\0\0\0\0\0\0\0\0\0\0\0\0\0\0\0\0\0\0\0\0\0\0\0\0\0\0\0\0\0\0\0\0\0\0\0\0"..., 10240, 132) = 10240
pread64(3</tmp/nia-publication-fault-kpgp25ml/case/store/objects/0c/a179e6befeb761f3613f1ef57ca892ebc3a6a228dca32f1309f0ac06a7de7e>, "data.tar/       0           0     0     100644  10240     `\n", 60, 10372) = 60
pread64(3</tmp/nia-publication-fault-kpgp25ml/case/store/objects/0c/a179e6befeb761f3613f1ef57ca892ebc3a6a228dca32f1309f0ac06a7de7e>, "\0\0\0\0\0\0\0\0\0\0\0\0\0\0\0\0\0\0\0\0\0\0\0\0\0\0\0\0\0\0\0\0\0\0\0\0\0\0\0\0\0\0\0\0\0\0\0\0\0\0\0\0\0\0\0\0\0\0\0\0\0\0\0\0\0\0\0\0\0\0\0\0\0\0\0\0\0\0\0\0\0\0\0\0\0\0\0\0\0\0\0\0\0\0\0\0"..., 10240, 10432) = 10240
pread64(3</tmp/nia-publication-fault-kpgp25ml/case/store/objects/0c/a179e6befeb761f3613f1ef57ca892ebc3a6a228dca32f1309f0ac06a7de7e>, "!<arch>\ndebian-binary/  0           0     0     100644  4         `\n2.0\ncontrol.tar/    0       "..., 65536, 0) = 20672
pread64(3</tmp/nia-publication-fault-kpgp25ml/case/store/objects/0c/a179e6befeb761f3613f1ef57ca892ebc3a6a228dca32f1309f0ac06a7de7e>, "", 44864, 20672) = 0
pread64(3</tmp/nia-publication-fault-kpgp25ml/case/store/objects/0c/a179e6befeb761f3613f1ef57ca892ebc3a6a228dca32f1309f0ac06a7de7e>, "", 65536, 20672) = 0
pread64(3</tmp/nia-publication-fault-kpgp25ml/case/store/objects/0c/a179e6befeb761f3613f1ef57ca892ebc3a6a228dca32f1309f0ac06a7de7e>, "!<arch>\n", 8, 0) = 8
pread64(3</tmp/nia-publication-fault-kpgp25ml/case/store/objects/0c/a179e6befeb761f3613f1ef57ca892ebc3a6a228dca32f1309f0ac06a7de7e>, "debian-binary/  0           0     0     100644  4         `\n", 60, 8) = 60
pread64(3</tmp/nia-publication-fault-kpgp25ml/case/store/objects/0c/a179e6befeb761f3613f1ef57ca892ebc3a6a228dca32f1309f0ac06a7de7e>, "2.0\n", 4, 68) = 4
pread64(3</tmp/nia-publication-fault-kpgp25ml/case/store/objects/0c/a179e6befeb761f3613f1ef57ca892ebc3a6a228dca32f1309f0ac06a7de7e>, "2.0\n", 4, 68) = 4
pread64(3</tmp/nia-publication-fault-kpgp25ml/case/store/objects/0c/a179e6befeb761f3613f1ef57ca892ebc3a6a228dca32f1309f0ac06a7de7e>, "control.tar/    0           0     0     100644  10240     `\n", 60, 72) = 60
pread64(3</tmp/nia-publication-fault-kpgp25ml/case/store/objects/0c/a179e6befeb761f3613f1ef57ca892ebc3a6a228dca32f1309f0ac06a7de7e>, "./control\0\0\0\0\0\0\0\0\0\0\0\0\0\0\0\0\0\0\0\0\0\0\0\0\0\0\0\0\0\0\0\0\0\0\0\0\0\0\0\0\0\0\0\0\0\0\0\0\0\0\0\0\0\0\0\0\0\0\0\0\0\0\0\0\0\0\0\0\0\0\0\0\0\0\0\0\0\0\0\0\0\0\0\0\0\0\0"..., 10240, 132) = 10240
pread64(3</tmp/nia-publication-fault-kpgp25ml/case/store/objects/0c/a179e6befeb761f3613f1ef57ca892ebc3a6a228dca32f1309f0ac06a7de7e>, "data.tar/       0           0     0     100644  10240     `\n", 60, 10372) = 60
pread64(3</tmp/nia-publication-fault-kpgp25ml/case/store/objects/0c/a179e6befeb761f3613f1ef57ca892ebc3a6a228dca32f1309f0ac06a7de7e>, "\0\0\0\0\0\0\0\0\0\0\0\0\0\0\0\0\0\0\0\0\0\0\0\0\0\0\0\0\0\0\0\0\0\0\0\0\0\0\0\0\0\0\0\0\0\0\0\0\0\0\0\0\0\0\0\0\0\0\0\0\0\0\0\0\0\0\0\0\0\0\0\0\0\0\0\0\0\0\0\0\0\0\0\0\0\0\0\0\0\0\0\0\0\0\0\0"..., 10240, 10432) = 10240
fsync(17</tmp/nia-publication-fault-kpgp25ml/case/store/incoming>) = 0
pread64(3</tmp/nia-publication-fault-kpgp25ml/case/store/objects/0c/a179e6befeb761f3613f1ef57ca892ebc3a6a228dca32f1309f0ac06a7de7e>, "./control\0\0\0\0\0\0\0\0\0\0\0\0\0\0\0\0\0\0\0\0\0\0\0\0\0\0\0\0\0\0\0\0\0\0\0\0\0\0\0\0\0\0\0\0\0\0\0\0\0\0\0\0\0\0\0\0\0\0\0\0\0\0\0\0\0\0\0\0\0\0\0\0\0\0\0\0\0\0\0\0\0\0\0\0\0\0\0"..., 10240, 132) = 10240
write(16</tmp/nia-publication-fault-kpgp25ml/case/store/incoming/221b76e14f9ee1e4f21e56c2115b6d81>, "./control\0\0\0\0\0\0\0\0\0\0\0\0\0\0\0\0\0\0\0\0\0\0\0\0\0\0\0\0\0\0\0\0\0\0\0\0\0\0\0\0\0\0\0\0\0\0\0\0\0\0\0\0\0\0\0\0\0\0\0\0\0\0\0\0\0\0\0\0\0\0\0\0\0\0\0\0\0\0\0\0\0\0\0\0\0\0\0"..., 10240) = 10240
fsync(16</tmp/nia-publication-fault-kpgp25ml/case/store/incoming/221b76e14f9ee1e4f21e56c2115b6d81>) = 0
renameat2(17</tmp/nia-publication-fault-kpgp25ml/case/store/incoming>, "221b76e14f9ee1e4f21e56c2115b6d81", 16</tmp/nia-publication-fault-kpgp25ml/case/store/objects/4a>, "36f6eb7c1b236ab6cb28ddb882919e888bf393dfc00d93008ad6730697f8f7", RENAME_NOREPLACE) = -1 EEXIST (File exists)
pread64(16</tmp/nia-publication-fault-kpgp25ml/case/store/objects/4a/36f6eb7c1b236ab6cb28ddb882919e888bf393dfc00d93008ad6730697f8f7>, "./control\0\0\0\0\0\0\0\0\0\0\0\0\0\0\0\0\0\0\0\0\0\0\0\0\0\0\0\0\0\0\0\0\0\0\0\0\0\0\0\0\0\0\0\0\0\0\0\0\0\0\0\0\0\0\0\0\0\0\0\0\0\0\0\0\0\0\0\0\0\0\0\0\0\0\0\0\0\0\0\0\0\0\0\0\0\0\0"..., 65536, 0) = 10240
pread64(16</tmp/nia-publication-fault-kpgp25ml/case/store/objects/4a/36f6eb7c1b236ab6cb28ddb882919e888bf393dfc00d93008ad6730697f8f7>, "", 55296, 10240) = 0
pread64(16</tmp/nia-publication-fault-kpgp25ml/case/store/objects/4a/36f6eb7c1b236ab6cb28ddb882919e888bf393dfc00d93008ad6730697f8f7>, "", 65536, 10240) = 0
fsync(17</tmp/nia-publication-fault-kpgp25ml/case/store/incoming>) = 0
pread64(3</tmp/nia-publication-fault-kpgp25ml/case/store/objects/4a/36f6eb7c1b236ab6cb28ddb882919e888bf393dfc00d93008ad6730697f8f7>, "./control\0\0\0\0\0\0\0\0\0\0\0\0\0\0\0\0\0\0\0\0\0\0\0\0\0\0\0\0\0\0\0\0\0\0\0\0\0\0\0\0\0\0\0\0\0\0\0\0\0\0\0\0\0\0\0\0\0\0\0\0\0\0\0\0\0\0\0\0\0\0\0\0\0\0\0\0\0\0\0\0\0\0\0\0\0\0\0"..., 65536, 0) = 10240
pread64(3</tmp/nia-publication-fault-kpgp25ml/case/store/objects/4a/36f6eb7c1b236ab6cb28ddb882919e888bf393dfc00d93008ad6730697f8f7>, "", 55296, 10240) = 0
pread64(3</tmp/nia-publication-fault-kpgp25ml/case/store/objects/4a/36f6eb7c1b236ab6cb28ddb882919e888bf393dfc00d93008ad6730697f8f7>, "", 65536, 10240) = 0
pread64(3</tmp/nia-publication-fault-kpgp25ml/case/store/objects/4a/36f6eb7c1b236ab6cb28ddb882919e888bf393dfc00d93008ad6730697f8f7>, "./control\0\0\0\0\0\0\0\0\0\0\0\0\0\0\0\0\0\0\0\0\0\0\0\0\0\0\0\0\0\0\0\0\0\0\0\0\0\0\0\0\0\0\0\0\0\0\0\0\0\0\0\0\0\0\0\0\0\0\0\0\0\0\0\0\0\0\0\0\0\0\0\0\0\0\0\0\0\0\0\0\0\0\0\0\0\0\0"..., 10240, 0) = 10240
fsync(17</tmp/nia-publication-fault-kpgp25ml/case/store/incoming>) = 0
write(16</tmp/nia-publication-fault-kpgp25ml/case/store/incoming/dc28ace6378c53af2b990d66c3989758>, "Package: empty-package\nVersion: 1\nArchitecture: all\nMaintainer: Fixture <fixture@example.invalid"..., 149) = 149
fsync(16</tmp/nia-publication-fault-kpgp25ml/case/store/incoming/dc28ace6378c53af2b990d66c3989758>) = 0
renameat2(17</tmp/nia-publication-fault-kpgp25ml/case/store/incoming>, "dc28ace6378c53af2b990d66c3989758", 16</tmp/nia-publication-fault-kpgp25ml/case/store/objects/a3>, "1a856f430af395bccd7eb2f142b11ad3ae0fc5daf3acc4ffb341c48a5abd39", RENAME_NOREPLACE) = -1 EEXIST (File exists)
pread64(16</tmp/nia-publication-fault-kpgp25ml/case/store/objects/a3/1a856f430af395bccd7eb2f142b11ad3ae0fc5daf3acc4ffb341c48a5abd39>, "Package: empty-package\nVersion: 1\nArchitecture: all\nMaintainer: Fixture <fixture@example.invalid"..., 65536, 0) = 149
pread64(16</tmp/nia-publication-fault-kpgp25ml/case/store/objects/a3/1a856f430af395bccd7eb2f142b11ad3ae0fc5daf3acc4ffb341c48a5abd39>, "", 65387, 149) = 0
pread64(16</tmp/nia-publication-fault-kpgp25ml/case/store/objects/a3/1a856f430af395bccd7eb2f142b11ad3ae0fc5daf3acc4ffb341c48a5abd39>, "", 65536, 149) = 0
fsync(17</tmp/nia-publication-fault-kpgp25ml/case/store/incoming>) = 0
pread64(3</tmp/nia-publication-fault-kpgp25ml/case/store/objects/0c/a179e6befeb761f3613f1ef57ca892ebc3a6a228dca32f1309f0ac06a7de7e>, "!<arch>\ndebian-binary/  0           0     0     100644  4         `\n2.0\ncontrol.tar/    0       "..., 65536, 0) = 20672
pread64(3</tmp/nia-publication-fault-kpgp25ml/case/store/objects/0c/a179e6befeb761f3613f1ef57ca892ebc3a6a228dca32f1309f0ac06a7de7e>, "", 44864, 20672) = 0
pread64(3</tmp/nia-publication-fault-kpgp25ml/case/store/objects/0c/a179e6befeb761f3613f1ef57ca892ebc3a6a228dca32f1309f0ac06a7de7e>, "", 65536, 20672) = 0
pread64(3</tmp/nia-publication-fault-kpgp25ml/case/store/objects/4a/36f6eb7c1b236ab6cb28ddb882919e888bf393dfc00d93008ad6730697f8f7>, "./control\0\0\0\0\0\0\0\0\0\0\0\0\0\0\0\0\0\0\0\0\0\0\0\0\0\0\0\0\0\0\0\0\0\0\0\0\0\0\0\0\0\0\0\0\0\0\0\0\0\0\0\0\0\0\0\0\0\0\0\0\0\0\0\0\0\0\0\0\0\0\0\0\0\0\0\0\0\0\0\0\0\0\0\0\0\0\0"..., 65536, 0) = 10240
pread64(3</tmp/nia-publication-fault-kpgp25ml/case/store/objects/4a/36f6eb7c1b236ab6cb28ddb882919e888bf393dfc00d93008ad6730697f8f7>, "", 55296, 10240) = 0
pread64(3</tmp/nia-publication-fault-kpgp25ml/case/store/objects/4a/36f6eb7c1b236ab6cb28ddb882919e888bf393dfc00d93008ad6730697f8f7>, "", 65536, 10240) = 0
pread64(3</tmp/nia-publication-fault-kpgp25ml/case/store/objects/84/ff92691f909a05b224e1c56abb4864f01b4f8e3c854e4bb4c7baf1d3f6d652>, "\0\0\0\0\0\0\0\0\0\0\0\0\0\0\0\0\0\0\0\0\0\0\0\0\0\0\0\0\0\0\0\0\0\0\0\0\0\0\0\0\0\0\0\0\0\0\0\0\0\0\0\0\0\0\0\0\0\0\0\0\0\0\0\0\0\0\0\0\0\0\0\0\0\0\0\0\0\0\0\0\0\0\0\0\0\0\0\0\0\0\0\0\0\0\0\0"..., 65536, 0) = 10240
pread64(3</tmp/nia-publication-fault-kpgp25ml/case/store/objects/84/ff92691f909a05b224e1c56abb4864f01b4f8e3c854e4bb4c7baf1d3f6d652>, "", 55296, 10240) = 0
pread64(3</tmp/nia-publication-fault-kpgp25ml/case/store/objects/84/ff92691f909a05b224e1c56abb4864f01b4f8e3c854e4bb4c7baf1d3f6d652>, "", 65536, 10240) = 0
pread64(3</tmp/nia-publication-fault-kpgp25ml/case/store/objects/8e/e688345e1d9502ee8cd7277a453c30bfb77b947201beb3300e9df2b8ca321d>, "\0\0\0\0\0\0\0\10NIACSEL1\273\343\341b6\331$M\267\345\300\262\251\302\306\27f\270\251!\330\260\227\374\323p\347\177\25.\3311\0\0\0\0\0\0\0\1\f\241y\346\276\376\267a\363a?\36\365|\250\222\353\303\246\242(\334\243/\23\t\360\254\6\247\336~J6\366\353|\33#j"..., 65536, 0) = 152
pread64(3</tmp/nia-publication-fault-kpgp25ml/case/store/objects/8e/e688345e1d9502ee8cd7277a453c30bfb77b947201beb3300e9df2b8ca321d>, "", 65384, 152) = 0
pread64(3</tmp/nia-publication-fault-kpgp25ml/case/store/objects/8e/e688345e1d9502ee8cd7277a453c30bfb77b947201beb3300e9df2b8ca321d>, "", 65536, 152) = 0
pread64(3</tmp/nia-publication-fault-kpgp25ml/case/store/objects/a3/1a856f430af395bccd7eb2f142b11ad3ae0fc5daf3acc4ffb341c48a5abd39>, "Package: empty-package\nVersion: 1\nArchitecture: all\nMaintainer: Fixture <fixture@example.invalid"..., 65536, 0) = 149
pread64(3</tmp/nia-publication-fault-kpgp25ml/case/store/objects/a3/1a856f430af395bccd7eb2f142b11ad3ae0fc5daf3acc4ffb341c48a5abd39>, "", 65387, 149) = 0
pread64(3</tmp/nia-publication-fault-kpgp25ml/case/store/objects/a3/1a856f430af395bccd7eb2f142b11ad3ae0fc5daf3acc4ffb341c48a5abd39>, "", 65536, 149) = 0
fsync(16</tmp/nia-publication-fault-kpgp25ml/case/store/incoming>) = 0
write(3</tmp/nia-publication-fault-kpgp25ml/case/store/incoming/3b1a86b6c478e23b0d21f9e55520bd16>, "NIACLOS1\216\346\2104^\35\225\2\356\214\327'zE<0\277\267{\224r\1\276\2630\16\235\362\270\3122\35\273\343\341b6\331$M\267\345\300\262\251\302\306\27f\270\251!\330\260\227\374\323p\347\177\25.\3311\0\0\0\0\0\0\0\5", 80) = 80
write(3</tmp/nia-publication-fault-kpgp25ml/case/store/incoming/3b1a86b6c478e23b0d21f9e55520bd16>, "\f\241y\346\276\376\267a\363a?\36\365|\250\222\353\303\246\242(\334\243/\23\t\360\254\6\247\336~", 32) = 32
write(3</tmp/nia-publication-fault-kpgp25ml/case/store/incoming/3b1a86b6c478e23b0d21f9e55520bd16>, "J6\366\353|\33#j\266\313(\335\270\202\221\236\210\213\363\223\337\300\r\223\0\212\326s\6\227\370\367", 32) = 32
write(3</tmp/nia-publication-fault-kpgp25ml/case/store/incoming/3b1a86b6c478e23b0d21f9e55520bd16>, "\204\377\222i\37\220\232\5\262$\341\305j\273Hd\360\33O\216<\205NK\264\307\272\361\323\366\326R", 32) = 32
write(3</tmp/nia-publication-fault-kpgp25ml/case/store/incoming/3b1a86b6c478e23b0d21f9e55520bd16>, "\216\346\2104^\35\225\2\356\214\327'zE<0\277\267{\224r\1\276\2630\16\235\362\270\3122\35", 32) = 32
write(3</tmp/nia-publication-fault-kpgp25ml/case/store/incoming/3b1a86b6c478e23b0d21f9e55520bd16>, "\243\32\205oC\n\363\225\274\315~\262\361B\261\32\323\256\17\305\332\363\254\304\377\263A\304\212Z\2759", 32) = 32
fsync(3</tmp/nia-publication-fault-kpgp25ml/case/store/incoming/3b1a86b6c478e23b0d21f9e55520bd16>) = 0
renameat2(16</tmp/nia-publication-fault-kpgp25ml/case/store/incoming>, "3b1a86b6c478e23b0d21f9e55520bd16", 3</tmp/nia-publication-fault-kpgp25ml/case/store/objects/32>, "094e7c613fdb6dffb1f27d926b176f7fd8946b8c2cf3ca9e3b95cb91a1a8ca", RENAME_NOREPLACE) = -1 EEXIST (File exists)
pread64(3</tmp/nia-publication-fault-kpgp25ml/case/store/objects/32/094e7c613fdb6dffb1f27d926b176f7fd8946b8c2cf3ca9e3b95cb91a1a8ca>, "NIACLOS1\216\346\2104^\35\225\2\356\214\327'zE<0\277\267{\224r\1\276\2630\16\235\362\270\3122\35\273\343\341b6\331$M\267\345\300\262\251\302\306\27f\270\251!\330\260\227\374\323p\347\177\25.\3311\0\0\0\0\0\0\0\5\f\241y\346\276\376\267a\363a?\36\365|\250\222"..., 65536, 0) = 240
pread64(3</tmp/nia-publication-fault-kpgp25ml/case/store/objects/32/094e7c613fdb6dffb1f27d926b176f7fd8946b8c2cf3ca9e3b95cb91a1a8ca>, "", 65296, 240) = 0
pread64(3</tmp/nia-publication-fault-kpgp25ml/case/store/objects/32/094e7c613fdb6dffb1f27d926b176f7fd8946b8c2cf3ca9e3b95cb91a1a8ca>, "", 65536, 240) = 0
fsync(16</tmp/nia-publication-fault-kpgp25ml/case/store/incoming>) = 0
pread64(3</tmp/nia-publication-fault-kpgp25ml/case/store/objects/38/c0e841345eeb0948445869eb5553bb39ebf66c24fe6fa00123868f32600451>, "NIAGINT1\37\37\37\37\37\37\37\37\37\37\37\37\37\37\37\37\0\0\0\0\0\0\0\0\0\0\0\0\0\0\0\0\0\0\0\0\0\0\0\0\0\0\0\0\0\0\0\0\216\346\2104^\35\225\2\356\214\327'zE<0\277\267{\224r\1\276\2630\16\235\362\270\3122\0352\tN|a?\333m"..., 65536, 0) = 206
pread64(3</tmp/nia-publication-fault-kpgp25ml/case/store/objects/38/c0e841345eeb0948445869eb5553bb39ebf66c24fe6fa00123868f32600451>, "", 65330, 206) = 0
pread64(3</tmp/nia-publication-fault-kpgp25ml/case/store/objects/38/c0e841345eeb0948445869eb5553bb39ebf66c24fe6fa00123868f32600451>, "", 65536, 206) = 0
pread64(3</tmp/nia-publication-fault-kpgp25ml/case/store/objects/38/c0e841345eeb0948445869eb5553bb39ebf66c24fe6fa00123868f32600451>, "NIAGINT1\37\37\37\37\37\37\37\37\37\37\37\37\37\37\37\37\0\0\0\0\0\0\0\0\0\0\0\0\0\0\0\0\0\0\0\0\0\0\0\0\0\0\0\0\0\0\0\0\216\346\2104^\35\225\2\356\214\327'zE<0\277\267{\224r\1\276\2630\16\235\362\270\3122\0352\tN|a?\333m"..., 1053888, 0) = 206
pread64(3</tmp/nia-publication-fault-kpgp25ml/case/store/objects/38/c0e841345eeb0948445869eb5553bb39ebf66c24fe6fa00123868f32600451>, "", 1053682, 206) = 0
pread64(3</tmp/nia-publication-fault-kpgp25ml/case/store/objects/32/094e7c613fdb6dffb1f27d926b176f7fd8946b8c2cf3ca9e3b95cb91a1a8ca>, "NIACLOS1\216\346\2104^\35\225\2\356\214\327'zE<0\277\267{\224r\1\276\2630\16\235\362\270\3122\35\273\343\341b6\331$M\267\345\300\262\251\302\306\27f\270\251!\330\260\227\374\323p\347\177\25.\3311\0\0\0\0\0\0\0\5\f\241y\346\276\376\267a\363a?\36\365|\250\222"..., 65536, 0) = 240
pread64(3</tmp/nia-publication-fault-kpgp25ml/case/store/objects/32/094e7c613fdb6dffb1f27d926b176f7fd8946b8c2cf3ca9e3b95cb91a1a8ca>, "", 65296, 240) = 0
pread64(3</tmp/nia-publication-fault-kpgp25ml/case/store/objects/32/094e7c613fdb6dffb1f27d926b176f7fd8946b8c2cf3ca9e3b95cb91a1a8ca>, "", 65536, 240) = 0
pread64(3</tmp/nia-publication-fault-kpgp25ml/case/store/objects/32/094e7c613fdb6dffb1f27d926b176f7fd8946b8c2cf3ca9e3b95cb91a1a8ca>, "NIACLOS1\216\346\2104^\35\225\2\356\214\327'zE<0\277\267{\224r\1\276\2630\16\235\362\270\3122\35\273\343\341b6\331$M\267\345\300\262\251\302\306\27f\270\251!\330\260\227\374\323p\347\177\25.\3311\0\0\0\0\0\0\0\5", 80, 0) = 80
pread64(3</tmp/nia-publication-fault-kpgp25ml/case/store/objects/32/094e7c613fdb6dffb1f27d926b176f7fd8946b8c2cf3ca9e3b95cb91a1a8ca>, "\f\241y\346\276\376\267a\363a?\36\365|\250\222\353\303\246\242(\334\243/\23\t\360\254\6\247\336~", 32, 80) = 32
pread64(16</tmp/nia-publication-fault-kpgp25ml/case/store/objects/0c/a179e6befeb761f3613f1ef57ca892ebc3a6a228dca32f1309f0ac06a7de7e>, "!<arch>\ndebian-binary/  0           0     0     100644  4         `\n2.0\ncontrol.tar/    0       "..., 65536, 0) = 20672
pread64(16</tmp/nia-publication-fault-kpgp25ml/case/store/objects/0c/a179e6befeb761f3613f1ef57ca892ebc3a6a228dca32f1309f0ac06a7de7e>, "", 44864, 20672) = 0
pread64(16</tmp/nia-publication-fault-kpgp25ml/case/store/objects/0c/a179e6befeb761f3613f1ef57ca892ebc3a6a228dca32f1309f0ac06a7de7e>, "", 65536, 20672) = 0
pread64(3</tmp/nia-publication-fault-kpgp25ml/case/store/objects/32/094e7c613fdb6dffb1f27d926b176f7fd8946b8c2cf3ca9e3b95cb91a1a8ca>, "J6\366\353|\33#j\266\313(\335\270\202\221\236\210\213\363\223\337\300\r\223\0\212\326s\6\227\370\367", 32, 112) = 32
pread64(16</tmp/nia-publication-fault-kpgp25ml/case/store/objects/4a/36f6eb7c1b236ab6cb28ddb882919e888bf393dfc00d93008ad6730697f8f7>, "./control\0\0\0\0\0\0\0\0\0\0\0\0\0\0\0\0\0\0\0\0\0\0\0\0\0\0\0\0\0\0\0\0\0\0\0\0\0\0\0\0\0\0\0\0\0\0\0\0\0\0\0\0\0\0\0\0\0\0\0\0\0\0\0\0\0\0\0\0\0\0\0\0\0\0\0\0\0\0\0\0\0\0\0\0\0\0\0"..., 65536, 0) = 10240
pread64(16</tmp/nia-publication-fault-kpgp25ml/case/store/objects/4a/36f6eb7c1b236ab6cb28ddb882919e888bf393dfc00d93008ad6730697f8f7>, "", 55296, 10240) = 0
pread64(16</tmp/nia-publication-fault-kpgp25ml/case/store/objects/4a/36f6eb7c1b236ab6cb28ddb882919e888bf393dfc00d93008ad6730697f8f7>, "", 65536, 10240) = 0
pread64(3</tmp/nia-publication-fault-kpgp25ml/case/store/objects/32/094e7c613fdb6dffb1f27d926b176f7fd8946b8c2cf3ca9e3b95cb91a1a8ca>, "\204\377\222i\37\220\232\5\262$\341\305j\273Hd\360\33O\216<\205NK\264\307\272\361\323\366\326R", 32, 144) = 32
pread64(16</tmp/nia-publication-fault-kpgp25ml/case/store/objects/84/ff92691f909a05b224e1c56abb4864f01b4f8e3c854e4bb4c7baf1d3f6d652>, "\0\0\0\0\0\0\0\0\0\0\0\0\0\0\0\0\0\0\0\0\0\0\0\0\0\0\0\0\0\0\0\0\0\0\0\0\0\0\0\0\0\0\0\0\0\0\0\0\0\0\0\0\0\0\0\0\0\0\0\0\0\0\0\0\0\0\0\0\0\0\0\0\0\0\0\0\0\0\0\0\0\0\0\0\0\0\0\0\0\0\0\0\0\0\0\0"..., 65536, 0) = 10240
pread64(16</tmp/nia-publication-fault-kpgp25ml/case/store/objects/84/ff92691f909a05b224e1c56abb4864f01b4f8e3c854e4bb4c7baf1d3f6d652>, "", 55296, 10240) = 0
pread64(16</tmp/nia-publication-fault-kpgp25ml/case/store/objects/84/ff92691f909a05b224e1c56abb4864f01b4f8e3c854e4bb4c7baf1d3f6d652>, "", 65536, 10240) = 0
pread64(3</tmp/nia-publication-fault-kpgp25ml/case/store/objects/32/094e7c613fdb6dffb1f27d926b176f7fd8946b8c2cf3ca9e3b95cb91a1a8ca>, "\216\346\2104^\35\225\2\356\214\327'zE<0\277\267{\224r\1\276\2630\16\235\362\270\3122\35", 32, 176) = 32
pread64(16</tmp/nia-publication-fault-kpgp25ml/case/store/objects/8e/e688345e1d9502ee8cd7277a453c30bfb77b947201beb3300e9df2b8ca321d>, "\0\0\0\0\0\0\0\10NIACSEL1\273\343\341b6\331$M\267\345\300\262\251\302\306\27f\270\251!\330\260\227\374\323p\347\177\25.\3311\0\0\0\0\0\0\0\1\f\241y\346\276\376\267a\363a?\36\365|\250\222\353\303\246\242(\334\243/\23\t\360\254\6\247\336~J6\366\353|\33#j"..., 65536, 0) = 152
pread64(16</tmp/nia-publication-fault-kpgp25ml/case/store/objects/8e/e688345e1d9502ee8cd7277a453c30bfb77b947201beb3300e9df2b8ca321d>, "", 65384, 152) = 0
pread64(16</tmp/nia-publication-fault-kpgp25ml/case/store/objects/8e/e688345e1d9502ee8cd7277a453c30bfb77b947201beb3300e9df2b8ca321d>, "", 65536, 152) = 0
pread64(3</tmp/nia-publication-fault-kpgp25ml/case/store/objects/32/094e7c613fdb6dffb1f27d926b176f7fd8946b8c2cf3ca9e3b95cb91a1a8ca>, "\243\32\205oC\n\363\225\274\315~\262\361B\261\32\323\256\17\305\332\363\254\304\377\263A\304\212Z\2759", 32, 208) = 32
pread64(16</tmp/nia-publication-fault-kpgp25ml/case/store/objects/a3/1a856f430af395bccd7eb2f142b11ad3ae0fc5daf3acc4ffb341c48a5abd39>, "Package: empty-package\nVersion: 1\nArchitecture: all\nMaintainer: Fixture <fixture@example.invalid"..., 65536, 0) = 149
pread64(16</tmp/nia-publication-fault-kpgp25ml/case/store/objects/a3/1a856f430af395bccd7eb2f142b11ad3ae0fc5daf3acc4ffb341c48a5abd39>, "", 65387, 149) = 0
pread64(16</tmp/nia-publication-fault-kpgp25ml/case/store/objects/a3/1a856f430af395bccd7eb2f142b11ad3ae0fc5daf3acc4ffb341c48a5abd39>, "", 65536, 149) = 0
pread64(3</tmp/nia-publication-fault-kpgp25ml/case/store/objects/8e/e688345e1d9502ee8cd7277a453c30bfb77b947201beb3300e9df2b8ca321d>, "\0\0\0\0\0\0\0\10NIACSEL1\273\343\341b6\331$M\267\345\300\262\251\302\306\27f\270\251!\330\260\227\374\323p\347\177\25.\3311\0\0\0\0\0\0\0\1\f\241y\346\276\376\267a\363a?\36\365|\250\222\353\303\246\242(\334\243/\23\t\360\254\6\247\336~J6\366\353|\33#j"..., 65536, 0) = 152
pread64(3</tmp/nia-publication-fault-kpgp25ml/case/store/objects/8e/e688345e1d9502ee8cd7277a453c30bfb77b947201beb3300e9df2b8ca321d>, "", 65384, 152) = 0
pread64(3</tmp/nia-publication-fault-kpgp25ml/case/store/objects/8e/e688345e1d9502ee8cd7277a453c30bfb77b947201beb3300e9df2b8ca321d>, "", 65536, 152) = 0
pread64(3</tmp/nia-publication-fault-kpgp25ml/case/store/objects/8e/e688345e1d9502ee8cd7277a453c30bfb77b947201beb3300e9df2b8ca321d>, "\0\0\0\0\0\0\0\10NIACSEL1\273\343\341b6\331$M\267\345\300\262\251\302\306\27f\270\251!\330\260\227\374\323p\347\177\25.\3311\0\0\0\0\0\0\0\1\f\241y\346\276\376\267a\363a?\36\365|\250\222\353\303\246\242(\334\243/\23\t\360\254\6\247\336~J6\366\353|\33#j"..., 393272, 0) = 152
pread64(3</tmp/nia-publication-fault-kpgp25ml/case/store/objects/8e/e688345e1d9502ee8cd7277a453c30bfb77b947201beb3300e9df2b8ca321d>, "", 393120, 152) = 0
pread64(3</tmp/nia-publication-fault-kpgp25ml/case/store/objects/0c/a179e6befeb761f3613f1ef57ca892ebc3a6a228dca32f1309f0ac06a7de7e>, "!<arch>\ndebian-binary/  0           0     0     100644  4         `\n2.0\ncontrol.tar/    0       "..., 65536, 0) = 20672
pread64(3</tmp/nia-publication-fault-kpgp25ml/case/store/objects/0c/a179e6befeb761f3613f1ef57ca892ebc3a6a228dca32f1309f0ac06a7de7e>, "", 44864, 20672) = 0
pread64(3</tmp/nia-publication-fault-kpgp25ml/case/store/objects/0c/a179e6befeb761f3613f1ef57ca892ebc3a6a228dca32f1309f0ac06a7de7e>, "", 65536, 20672) = 0
pread64(3</tmp/nia-publication-fault-kpgp25ml/case/store/objects/0c/a179e6befeb761f3613f1ef57ca892ebc3a6a228dca32f1309f0ac06a7de7e>, "!<arch>\n", 8, 0) = 8
pread64(3</tmp/nia-publication-fault-kpgp25ml/case/store/objects/0c/a179e6befeb761f3613f1ef57ca892ebc3a6a228dca32f1309f0ac06a7de7e>, "debian-binary/  0           0     0     100644  4         `\n", 60, 8) = 60
pread64(3</tmp/nia-publication-fault-kpgp25ml/case/store/objects/0c/a179e6befeb761f3613f1ef57ca892ebc3a6a228dca32f1309f0ac06a7de7e>, "2.0\n", 4, 68) = 4
pread64(3</tmp/nia-publication-fault-kpgp25ml/case/store/objects/0c/a179e6befeb761f3613f1ef57ca892ebc3a6a228dca32f1309f0ac06a7de7e>, "2.0\n", 4, 68) = 4
pread64(3</tmp/nia-publication-fault-kpgp25ml/case/store/objects/0c/a179e6befeb761f3613f1ef57ca892ebc3a6a228dca32f1309f0ac06a7de7e>, "control.tar/    0           0     0     100644  10240     `\n", 60, 72) = 60
pread64(3</tmp/nia-publication-fault-kpgp25ml/case/store/objects/0c/a179e6befeb761f3613f1ef57ca892ebc3a6a228dca32f1309f0ac06a7de7e>, "./control\0\0\0\0\0\0\0\0\0\0\0\0\0\0\0\0\0\0\0\0\0\0\0\0\0\0\0\0\0\0\0\0\0\0\0\0\0\0\0\0\0\0\0\0\0\0\0\0\0\0\0\0\0\0\0\0\0\0\0\0\0\0\0\0\0\0\0\0\0\0\0\0\0\0\0\0\0\0\0\0\0\0\0\0\0\0\0"..., 10240, 132) = 10240
pread64(3</tmp/nia-publication-fault-kpgp25ml/case/store/objects/0c/a179e6befeb761f3613f1ef57ca892ebc3a6a228dca32f1309f0ac06a7de7e>, "data.tar/       0           0     0     100644  10240     `\n", 60, 10372) = 60
pread64(3</tmp/nia-publication-fault-kpgp25ml/case/store/objects/0c/a179e6befeb761f3613f1ef57ca892ebc3a6a228dca32f1309f0ac06a7de7e>, "\0\0\0\0\0\0\0\0\0\0\0\0\0\0\0\0\0\0\0\0\0\0\0\0\0\0\0\0\0\0\0\0\0\0\0\0\0\0\0\0\0\0\0\0\0\0\0\0\0\0\0\0\0\0\0\0\0\0\0\0\0\0\0\0\0\0\0\0\0\0\0\0\0\0\0\0\0\0\0\0\0\0\0\0\0\0\0\0\0\0\0\0\0\0\0\0"..., 10240, 10432) = 10240
pread64(3</tmp/nia-publication-fault-kpgp25ml/case/store/objects/0c/a179e6befeb761f3613f1ef57ca892ebc3a6a228dca32f1309f0ac06a7de7e>, "!<arch>\ndebian-binary/  0           0     0     100644  4         `\n2.0\ncontrol.tar/    0       "..., 65536, 0) = 20672
pread64(3</tmp/nia-publication-fault-kpgp25ml/case/store/objects/0c/a179e6befeb761f3613f1ef57ca892ebc3a6a228dca32f1309f0ac06a7de7e>, "", 44864, 20672) = 0
pread64(3</tmp/nia-publication-fault-kpgp25ml/case/store/objects/0c/a179e6befeb761f3613f1ef57ca892ebc3a6a228dca32f1309f0ac06a7de7e>, "", 65536, 20672) = 0
pread64(3</tmp/nia-publication-fault-kpgp25ml/case/store/objects/0c/a179e6befeb761f3613f1ef57ca892ebc3a6a228dca32f1309f0ac06a7de7e>, "!<arch>\n", 8, 0) = 8
pread64(3</tmp/nia-publication-fault-kpgp25ml/case/store/objects/0c/a179e6befeb761f3613f1ef57ca892ebc3a6a228dca32f1309f0ac06a7de7e>, "debian-binary/  0           0     0     100644  4         `\n", 60, 8) = 60
pread64(3</tmp/nia-publication-fault-kpgp25ml/case/store/objects/0c/a179e6befeb761f3613f1ef57ca892ebc3a6a228dca32f1309f0ac06a7de7e>, "2.0\n", 4, 68) = 4
pread64(3</tmp/nia-publication-fault-kpgp25ml/case/store/objects/0c/a179e6befeb761f3613f1ef57ca892ebc3a6a228dca32f1309f0ac06a7de7e>, "2.0\n", 4, 68) = 4
pread64(3</tmp/nia-publication-fault-kpgp25ml/case/store/objects/0c/a179e6befeb761f3613f1ef57ca892ebc3a6a228dca32f1309f0ac06a7de7e>, "control.tar/    0           0     0     100644  10240     `\n", 60, 72) = 60
pread64(3</tmp/nia-publication-fault-kpgp25ml/case/store/objects/0c/a179e6befeb761f3613f1ef57ca892ebc3a6a228dca32f1309f0ac06a7de7e>, "./control\0\0\0\0\0\0\0\0\0\0\0\0\0\0\0\0\0\0\0\0\0\0\0\0\0\0\0\0\0\0\0\0\0\0\0\0\0\0\0\0\0\0\0\0\0\0\0\0\0\0\0\0\0\0\0\0\0\0\0\0\0\0\0\0\0\0\0\0\0\0\0\0\0\0\0\0\0\0\0\0\0\0\0\0\0\0\0"..., 10240, 132) = 10240
pread64(3</tmp/nia-publication-fault-kpgp25ml/case/store/objects/0c/a179e6befeb761f3613f1ef57ca892ebc3a6a228dca32f1309f0ac06a7de7e>, "data.tar/       0           0     0     100644  10240     `\n", 60, 10372) = 60
pread64(3</tmp/nia-publication-fault-kpgp25ml/case/store/objects/0c/a179e6befeb761f3613f1ef57ca892ebc3a6a228dca32f1309f0ac06a7de7e>, "\0\0\0\0\0\0\0\0\0\0\0\0\0\0\0\0\0\0\0\0\0\0\0\0\0\0\0\0\0\0\0\0\0\0\0\0\0\0\0\0\0\0\0\0\0\0\0\0\0\0\0\0\0\0\0\0\0\0\0\0\0\0\0\0\0\0\0\0\0\0\0\0\0\0\0\0\0\0\0\0\0\0\0\0\0\0\0\0\0\0\0\0\0\0\0\0"..., 10240, 10432) = 10240
fsync(17</tmp/nia-publication-fault-kpgp25ml/case/store/incoming>) = 0
pread64(3</tmp/nia-publication-fault-kpgp25ml/case/store/objects/0c/a179e6befeb761f3613f1ef57ca892ebc3a6a228dca32f1309f0ac06a7de7e>, "\0\0\0\0\0\0\0\0\0\0\0\0\0\0\0\0\0\0\0\0\0\0\0\0\0\0\0\0\0\0\0\0\0\0\0\0\0\0\0\0\0\0\0\0\0\0\0\0\0\0\0\0\0\0\0\0\0\0\0\0\0\0\0\0\0\0\0\0\0\0\0\0\0\0\0\0\0\0\0\0\0\0\0\0\0\0\0\0\0\0\0\0\0\0\0\0"..., 10240, 10432) = 10240
write(16</tmp/nia-publication-fault-kpgp25ml/case/store/incoming/fe6299dd9d4b3a977ee3d68c5850ca2b>, "\0\0\0\0\0\0\0\0\0\0\0\0\0\0\0\0\0\0\0\0\0\0\0\0\0\0\0\0\0\0\0\0\0\0\0\0\0\0\0\0\0\0\0\0\0\0\0\0\0\0\0\0\0\0\0\0\0\0\0\0\0\0\0\0\0\0\0\0\0\0\0\0\0\0\0\0\0\0\0\0\0\0\0\0\0\0\0\0\0\0\0\0\0\0\0\0"..., 10240) = 10240
fsync(16</tmp/nia-publication-fault-kpgp25ml/case/store/incoming/fe6299dd9d4b3a977ee3d68c5850ca2b>) = 0
renameat2(17</tmp/nia-publication-fault-kpgp25ml/case/store/incoming>, "fe6299dd9d4b3a977ee3d68c5850ca2b", 16</tmp/nia-publication-fault-kpgp25ml/case/store/objects/84>, "ff92691f909a05b224e1c56abb4864f01b4f8e3c854e4bb4c7baf1d3f6d652", RENAME_NOREPLACE) = -1 EEXIST (File exists)
pread64(16</tmp/nia-publication-fault-kpgp25ml/case/store/objects/84/ff92691f909a05b224e1c56abb4864f01b4f8e3c854e4bb4c7baf1d3f6d652>, "\0\0\0\0\0\0\0\0\0\0\0\0\0\0\0\0\0\0\0\0\0\0\0\0\0\0\0\0\0\0\0\0\0\0\0\0\0\0\0\0\0\0\0\0\0\0\0\0\0\0\0\0\0\0\0\0\0\0\0\0\0\0\0\0\0\0\0\0\0\0\0\0\0\0\0\0\0\0\0\0\0\0\0\0\0\0\0\0\0\0\0\0\0\0\0\0"..., 65536, 0) = 10240
pread64(16</tmp/nia-publication-fault-kpgp25ml/case/store/objects/84/ff92691f909a05b224e1c56abb4864f01b4f8e3c854e4bb4c7baf1d3f6d652>, "", 55296, 10240) = 0
pread64(16</tmp/nia-publication-fault-kpgp25ml/case/store/objects/84/ff92691f909a05b224e1c56abb4864f01b4f8e3c854e4bb4c7baf1d3f6d652>, "", 65536, 10240) = 0
fsync(17</tmp/nia-publication-fault-kpgp25ml/case/store/incoming>) = 0
pread64(3</tmp/nia-publication-fault-kpgp25ml/case/store/objects/84/ff92691f909a05b224e1c56abb4864f01b4f8e3c854e4bb4c7baf1d3f6d652>, "\0\0\0\0\0\0\0\0\0\0\0\0\0\0\0\0\0\0\0\0\0\0\0\0\0\0\0\0\0\0\0\0\0\0\0\0\0\0\0\0\0\0\0\0\0\0\0\0\0\0\0\0\0\0\0\0\0\0\0\0\0\0\0\0\0\0\0\0\0\0\0\0\0\0\0\0\0\0\0\0\0\0\0\0\0\0\0\0\0\0\0\0\0\0\0\0"..., 65536, 0) = 10240
pread64(3</tmp/nia-publication-fault-kpgp25ml/case/store/objects/84/ff92691f909a05b224e1c56abb4864f01b4f8e3c854e4bb4c7baf1d3f6d652>, "", 55296, 10240) = 0
pread64(3</tmp/nia-publication-fault-kpgp25ml/case/store/objects/84/ff92691f909a05b224e1c56abb4864f01b4f8e3c854e4bb4c7baf1d3f6d652>, "", 65536, 10240) = 0
pread64(3</tmp/nia-publication-fault-kpgp25ml/case/store/objects/84/ff92691f909a05b224e1c56abb4864f01b4f8e3c854e4bb4c7baf1d3f6d652>, "\0\0\0\0\0\0\0\0\0\0\0\0\0\0\0\0\0\0\0\0\0\0\0\0\0\0\0\0\0\0\0\0\0\0\0\0\0\0\0\0\0\0\0\0\0\0\0\0\0\0\0\0\0\0\0\0\0\0\0\0\0\0\0\0\0\0\0\0\0\0\0\0\0\0\0\0\0\0\0\0\0\0\0\0\0\0\0\0\0\0\0\0\0\0\0\0"..., 10240, 0) = 10240
fsync(17</tmp/nia-publication-fault-kpgp25ml/case/store/incoming>) = 0
pread64(3</tmp/nia-publication-fault-kpgp25ml/case/store/objects/84/ff92691f909a05b224e1c56abb4864f01b4f8e3c854e4bb4c7baf1d3f6d652>, "\0\0\0\0\0\0\0\0\0\0\0\0\0\0\0\0\0\0\0\0\0\0\0\0\0\0\0\0\0\0\0\0\0\0\0\0\0\0\0\0\0\0\0\0\0\0\0\0\0\0\0\0\0\0\0\0\0\0\0\0\0\0\0\0\0\0\0\0\0\0\0\0\0\0\0\0\0\0\0\0\0\0\0\0\0\0\0\0\0\0\0\0\0\0\0\0"..., 10240, 0) = 10240
write(16</tmp/nia-publication-fault-kpgp25ml/case/store/incoming/a3fbc699d16495536408c7c4937840b2>, "\0\0\0\0\0\0\0\0\0\0\0\0\0\0\0\0\0\0\0\0\0\0\0\0\0\0\0\0\0\0\0\0\0\0\0\0\0\0\0\0\0\0\0\0\0\0\0\0\0\0\0\0\0\0\0\0\0\0\0\0\0\0\0\0\0\0\0\0\0\0\0\0\0\0\0\0\0\0\0\0\0\0\0\0\0\0\0\0\0\0\0\0\0\0\0\0"..., 10240) = 10240
fsync(16</tmp/nia-publication-fault-kpgp25ml/case/store/incoming/a3fbc699d16495536408c7c4937840b2>) = 0
renameat2(17</tmp/nia-publication-fault-kpgp25ml/case/store/incoming>, "a3fbc699d16495536408c7c4937840b2", 16</tmp/nia-publication-fault-kpgp25ml/case/store/objects/84>, "ff92691f909a05b224e1c56abb4864f01b4f8e3c854e4bb4c7baf1d3f6d652", RENAME_NOREPLACE) = -1 EEXIST (File exists)
pread64(16</tmp/nia-publication-fault-kpgp25ml/case/store/objects/84/ff92691f909a05b224e1c56abb4864f01b4f8e3c854e4bb4c7baf1d3f6d652>, "\0\0\0\0\0\0\0\0\0\0\0\0\0\0\0\0\0\0\0\0\0\0\0\0\0\0\0\0\0\0\0\0\0\0\0\0\0\0\0\0\0\0\0\0\0\0\0\0\0\0\0\0\0\0\0\0\0\0\0\0\0\0\0\0\0\0\0\0\0\0\0\0\0\0\0\0\0\0\0\0\0\0\0\0\0\0\0\0\0\0\0\0\0\0\0\0"..., 65536, 0) = 10240
pread64(16</tmp/nia-publication-fault-kpgp25ml/case/store/objects/84/ff92691f909a05b224e1c56abb4864f01b4f8e3c854e4bb4c7baf1d3f6d652>, "", 55296, 10240) = 0
pread64(16</tmp/nia-publication-fault-kpgp25ml/case/store/objects/84/ff92691f909a05b224e1c56abb4864f01b4f8e3c854e4bb4c7baf1d3f6d652>, "", 65536, 10240) = 0
fsync(17</tmp/nia-publication-fault-kpgp25ml/case/store/incoming>) = 0
pread64(3</tmp/nia-publication-fault-kpgp25ml/case/store/objects/84/ff92691f909a05b224e1c56abb4864f01b4f8e3c854e4bb4c7baf1d3f6d652>, "\0\0\0\0\0\0\0\0\0\0\0\0\0\0\0\0\0\0\0\0\0\0\0\0\0\0\0\0\0\0\0\0\0\0\0\0\0\0\0\0\0\0\0\0\0\0\0\0\0\0\0\0\0\0\0\0\0\0\0\0\0\0\0\0\0\0\0\0\0\0\0\0\0\0\0\0\0\0\0\0\0\0\0\0\0\0\0\0\0\0\0\0\0\0\0\0"..., 65536, 0) = 10240
pread64(3</tmp/nia-publication-fault-kpgp25ml/case/store/objects/84/ff92691f909a05b224e1c56abb4864f01b4f8e3c854e4bb4c7baf1d3f6d652>, "", 55296, 10240) = 0
pread64(3</tmp/nia-publication-fault-kpgp25ml/case/store/objects/84/ff92691f909a05b224e1c56abb4864f01b4f8e3c854e4bb4c7baf1d3f6d652>, "", 65536, 10240) = 0
pread64(3</tmp/nia-publication-fault-kpgp25ml/case/store/objects/84/ff92691f909a05b224e1c56abb4864f01b4f8e3c854e4bb4c7baf1d3f6d652>, "\0\0\0\0\0\0\0\0\0\0\0\0\0\0\0\0\0\0\0\0\0\0\0\0\0\0\0\0\0\0\0\0\0\0\0\0\0\0\0\0\0\0\0\0\0\0\0\0\0\0\0\0\0\0\0\0\0\0\0\0\0\0\0\0\0\0\0\0\0\0\0\0\0\0\0\0\0\0\0\0\0\0\0\0\0\0\0\0\0\0\0\0\0\0\0\0"..., 512, 0) = 512
pread64(3</tmp/nia-publication-fault-kpgp25ml/case/store/objects/84/ff92691f909a05b224e1c56abb4864f01b4f8e3c854e4bb4c7baf1d3f6d652>, "\0\0\0\0\0\0\0\0\0\0\0\0\0\0\0\0\0\0\0\0\0\0\0\0\0\0\0\0\0\0\0\0\0\0\0\0\0\0\0\0\0\0\0\0\0\0\0\0\0\0\0\0\0\0\0\0\0\0\0\0\0\0\0\0\0\0\0\0\0\0\0\0\0\0\0\0\0\0\0\0\0\0\0\0\0\0\0\0\0\0\0\0\0\0\0\0"..., 9728, 512) = 9728
pread64(3</tmp/nia-publication-fault-kpgp25ml/case/store/objects/0c/a179e6befeb761f3613f1ef57ca892ebc3a6a228dca32f1309f0ac06a7de7e>, "!<arch>\ndebian-binary/  0           0     0     100644  4         `\n2.0\ncontrol.tar/    0       "..., 65536, 0) = 20672
pread64(3</tmp/nia-publication-fault-kpgp25ml/case/store/objects/0c/a179e6befeb761f3613f1ef57ca892ebc3a6a228dca32f1309f0ac06a7de7e>, "", 44864, 20672) = 0
pread64(3</tmp/nia-publication-fault-kpgp25ml/case/store/objects/0c/a179e6befeb761f3613f1ef57ca892ebc3a6a228dca32f1309f0ac06a7de7e>, "", 65536, 20672) = 0
pread64(3</tmp/nia-publication-fault-kpgp25ml/case/store/objects/0c/a179e6befeb761f3613f1ef57ca892ebc3a6a228dca32f1309f0ac06a7de7e>, "!<arch>\n", 8, 0) = 8
pread64(3</tmp/nia-publication-fault-kpgp25ml/case/store/objects/0c/a179e6befeb761f3613f1ef57ca892ebc3a6a228dca32f1309f0ac06a7de7e>, "debian-binary/  0           0     0     100644  4         `\n", 60, 8) = 60
pread64(3</tmp/nia-publication-fault-kpgp25ml/case/store/objects/0c/a179e6befeb761f3613f1ef57ca892ebc3a6a228dca32f1309f0ac06a7de7e>, "2.0\n", 4, 68) = 4
pread64(3</tmp/nia-publication-fault-kpgp25ml/case/store/objects/0c/a179e6befeb761f3613f1ef57ca892ebc3a6a228dca32f1309f0ac06a7de7e>, "2.0\n", 4, 68) = 4
pread64(3</tmp/nia-publication-fault-kpgp25ml/case/store/objects/0c/a179e6befeb761f3613f1ef57ca892ebc3a6a228dca32f1309f0ac06a7de7e>, "control.tar/    0           0     0     100644  10240     `\n", 60, 72) = 60
pread64(3</tmp/nia-publication-fault-kpgp25ml/case/store/objects/0c/a179e6befeb761f3613f1ef57ca892ebc3a6a228dca32f1309f0ac06a7de7e>, "./control\0\0\0\0\0\0\0\0\0\0\0\0\0\0\0\0\0\0\0\0\0\0\0\0\0\0\0\0\0\0\0\0\0\0\0\0\0\0\0\0\0\0\0\0\0\0\0\0\0\0\0\0\0\0\0\0\0\0\0\0\0\0\0\0\0\0\0\0\0\0\0\0\0\0\0\0\0\0\0\0\0\0\0\0\0\0\0"..., 10240, 132) = 10240
pread64(3</tmp/nia-publication-fault-kpgp25ml/case/store/objects/0c/a179e6befeb761f3613f1ef57ca892ebc3a6a228dca32f1309f0ac06a7de7e>, "data.tar/       0           0     0     100644  10240     `\n", 60, 10372) = 60
pread64(3</tmp/nia-publication-fault-kpgp25ml/case/store/objects/0c/a179e6befeb761f3613f1ef57ca892ebc3a6a228dca32f1309f0ac06a7de7e>, "\0\0\0\0\0\0\0\0\0\0\0\0\0\0\0\0\0\0\0\0\0\0\0\0\0\0\0\0\0\0\0\0\0\0\0\0\0\0\0\0\0\0\0\0\0\0\0\0\0\0\0\0\0\0\0\0\0\0\0\0\0\0\0\0\0\0\0\0\0\0\0\0\0\0\0\0\0\0\0\0\0\0\0\0\0\0\0\0\0\0\0\0\0\0\0\0"..., 10240, 10432) = 10240
pread64(3</tmp/nia-publication-fault-kpgp25ml/case/store/objects/0c/a179e6befeb761f3613f1ef57ca892ebc3a6a228dca32f1309f0ac06a7de7e>, "!<arch>\ndebian-binary/  0           0     0     100644  4         `\n2.0\ncontrol.tar/    0       "..., 65536, 0) = 20672
pread64(3</tmp/nia-publication-fault-kpgp25ml/case/store/objects/0c/a179e6befeb761f3613f1ef57ca892ebc3a6a228dca32f1309f0ac06a7de7e>, "", 44864, 20672) = 0
pread64(3</tmp/nia-publication-fault-kpgp25ml/case/store/objects/0c/a179e6befeb761f3613f1ef57ca892ebc3a6a228dca32f1309f0ac06a7de7e>, "", 65536, 20672) = 0
pread64(3</tmp/nia-publication-fault-kpgp25ml/case/store/objects/0c/a179e6befeb761f3613f1ef57ca892ebc3a6a228dca32f1309f0ac06a7de7e>, "!<arch>\n", 8, 0) = 8
pread64(3</tmp/nia-publication-fault-kpgp25ml/case/store/objects/0c/a179e6befeb761f3613f1ef57ca892ebc3a6a228dca32f1309f0ac06a7de7e>, "debian-binary/  0           0     0     100644  4         `\n", 60, 8) = 60
pread64(3</tmp/nia-publication-fault-kpgp25ml/case/store/objects/0c/a179e6befeb761f3613f1ef57ca892ebc3a6a228dca32f1309f0ac06a7de7e>, "2.0\n", 4, 68) = 4
pread64(3</tmp/nia-publication-fault-kpgp25ml/case/store/objects/0c/a179e6befeb761f3613f1ef57ca892ebc3a6a228dca32f1309f0ac06a7de7e>, "2.0\n", 4, 68) = 4
pread64(3</tmp/nia-publication-fault-kpgp25ml/case/store/objects/0c/a179e6befeb761f3613f1ef57ca892ebc3a6a228dca32f1309f0ac06a7de7e>, "control.tar/    0           0     0     100644  10240     `\n", 60, 72) = 60
pread64(3</tmp/nia-publication-fault-kpgp25ml/case/store/objects/0c/a179e6befeb761f3613f1ef57ca892ebc3a6a228dca32f1309f0ac06a7de7e>, "./control\0\0\0\0\0\0\0\0\0\0\0\0\0\0\0\0\0\0\0\0\0\0\0\0\0\0\0\0\0\0\0\0\0\0\0\0\0\0\0\0\0\0\0\0\0\0\0\0\0\0\0\0\0\0\0\0\0\0\0\0\0\0\0\0\0\0\0\0\0\0\0\0\0\0\0\0\0\0\0\0\0\0\0\0\0\0\0"..., 10240, 132) = 10240
pread64(3</tmp/nia-publication-fault-kpgp25ml/case/store/objects/0c/a179e6befeb761f3613f1ef57ca892ebc3a6a228dca32f1309f0ac06a7de7e>, "data.tar/       0           0     0     100644  10240     `\n", 60, 10372) = 60
pread64(3</tmp/nia-publication-fault-kpgp25ml/case/store/objects/0c/a179e6befeb761f3613f1ef57ca892ebc3a6a228dca32f1309f0ac06a7de7e>, "\0\0\0\0\0\0\0\0\0\0\0\0\0\0\0\0\0\0\0\0\0\0\0\0\0\0\0\0\0\0\0\0\0\0\0\0\0\0\0\0\0\0\0\0\0\0\0\0\0\0\0\0\0\0\0\0\0\0\0\0\0\0\0\0\0\0\0\0\0\0\0\0\0\0\0\0\0\0\0\0\0\0\0\0\0\0\0\0\0\0\0\0\0\0\0\0"..., 10240, 10432) = 10240
fsync(17</tmp/nia-publication-fault-kpgp25ml/case/store/incoming>) = 0
pread64(3</tmp/nia-publication-fault-kpgp25ml/case/store/objects/0c/a179e6befeb761f3613f1ef57ca892ebc3a6a228dca32f1309f0ac06a7de7e>, "./control\0\0\0\0\0\0\0\0\0\0\0\0\0\0\0\0\0\0\0\0\0\0\0\0\0\0\0\0\0\0\0\0\0\0\0\0\0\0\0\0\0\0\0\0\0\0\0\0\0\0\0\0\0\0\0\0\0\0\0\0\0\0\0\0\0\0\0\0\0\0\0\0\0\0\0\0\0\0\0\0\0\0\0\0\0\0\0"..., 10240, 132) = 10240
write(16</tmp/nia-publication-fault-kpgp25ml/case/store/incoming/09ef8e2ce4d0b15a3eda3b53d809ea1f>, "./control\0\0\0\0\0\0\0\0\0\0\0\0\0\0\0\0\0\0\0\0\0\0\0\0\0\0\0\0\0\0\0\0\0\0\0\0\0\0\0\0\0\0\0\0\0\0\0\0\0\0\0\0\0\0\0\0\0\0\0\0\0\0\0\0\0\0\0\0\0\0\0\0\0\0\0\0\0\0\0\0\0\0\0\0\0\0\0"..., 10240) = 10240
fsync(16</tmp/nia-publication-fault-kpgp25ml/case/store/incoming/09ef8e2ce4d0b15a3eda3b53d809ea1f>) = 0
renameat2(17</tmp/nia-publication-fault-kpgp25ml/case/store/incoming>, "09ef8e2ce4d0b15a3eda3b53d809ea1f", 16</tmp/nia-publication-fault-kpgp25ml/case/store/objects/4a>, "36f6eb7c1b236ab6cb28ddb882919e888bf393dfc00d93008ad6730697f8f7", RENAME_NOREPLACE) = -1 EEXIST (File exists)
pread64(16</tmp/nia-publication-fault-kpgp25ml/case/store/objects/4a/36f6eb7c1b236ab6cb28ddb882919e888bf393dfc00d93008ad6730697f8f7>, "./control\0\0\0\0\0\0\0\0\0\0\0\0\0\0\0\0\0\0\0\0\0\0\0\0\0\0\0\0\0\0\0\0\0\0\0\0\0\0\0\0\0\0\0\0\0\0\0\0\0\0\0\0\0\0\0\0\0\0\0\0\0\0\0\0\0\0\0\0\0\0\0\0\0\0\0\0\0\0\0\0\0\0\0\0\0\0\0"..., 65536, 0) = 10240
pread64(16</tmp/nia-publication-fault-kpgp25ml/case/store/objects/4a/36f6eb7c1b236ab6cb28ddb882919e888bf393dfc00d93008ad6730697f8f7>, "", 55296, 10240) = 0
pread64(16</tmp/nia-publication-fault-kpgp25ml/case/store/objects/4a/36f6eb7c1b236ab6cb28ddb882919e888bf393dfc00d93008ad6730697f8f7>, "", 65536, 10240) = 0
fsync(17</tmp/nia-publication-fault-kpgp25ml/case/store/incoming>) = 0
pread64(3</tmp/nia-publication-fault-kpgp25ml/case/store/objects/4a/36f6eb7c1b236ab6cb28ddb882919e888bf393dfc00d93008ad6730697f8f7>, "./control\0\0\0\0\0\0\0\0\0\0\0\0\0\0\0\0\0\0\0\0\0\0\0\0\0\0\0\0\0\0\0\0\0\0\0\0\0\0\0\0\0\0\0\0\0\0\0\0\0\0\0\0\0\0\0\0\0\0\0\0\0\0\0\0\0\0\0\0\0\0\0\0\0\0\0\0\0\0\0\0\0\0\0\0\0\0\0"..., 65536, 0) = 10240
pread64(3</tmp/nia-publication-fault-kpgp25ml/case/store/objects/4a/36f6eb7c1b236ab6cb28ddb882919e888bf393dfc00d93008ad6730697f8f7>, "", 55296, 10240) = 0
pread64(3</tmp/nia-publication-fault-kpgp25ml/case/store/objects/4a/36f6eb7c1b236ab6cb28ddb882919e888bf393dfc00d93008ad6730697f8f7>, "", 65536, 10240) = 0
pread64(3</tmp/nia-publication-fault-kpgp25ml/case/store/objects/4a/36f6eb7c1b236ab6cb28ddb882919e888bf393dfc00d93008ad6730697f8f7>, "./control\0\0\0\0\0\0\0\0\0\0\0\0\0\0\0\0\0\0\0\0\0\0\0\0\0\0\0\0\0\0\0\0\0\0\0\0\0\0\0\0\0\0\0\0\0\0\0\0\0\0\0\0\0\0\0\0\0\0\0\0\0\0\0\0\0\0\0\0\0\0\0\0\0\0\0\0\0\0\0\0\0\0\0\0\0\0\0"..., 10240, 0) = 10240
fsync(17</tmp/nia-publication-fault-kpgp25ml/case/store/incoming>) = 0
write(16</tmp/nia-publication-fault-kpgp25ml/case/store/incoming/56443f604f747d158ccfc50eb4937dbc>, "Package: empty-package\nVersion: 1\nArchitecture: all\nMaintainer: Fixture <fixture@example.invalid"..., 149) = 149
fsync(16</tmp/nia-publication-fault-kpgp25ml/case/store/incoming/56443f604f747d158ccfc50eb4937dbc>) = 0
renameat2(17</tmp/nia-publication-fault-kpgp25ml/case/store/incoming>, "56443f604f747d158ccfc50eb4937dbc", 16</tmp/nia-publication-fault-kpgp25ml/case/store/objects/a3>, "1a856f430af395bccd7eb2f142b11ad3ae0fc5daf3acc4ffb341c48a5abd39", RENAME_NOREPLACE) = -1 EEXIST (File exists)
pread64(16</tmp/nia-publication-fault-kpgp25ml/case/store/objects/a3/1a856f430af395bccd7eb2f142b11ad3ae0fc5daf3acc4ffb341c48a5abd39>, "Package: empty-package\nVersion: 1\nArchitecture: all\nMaintainer: Fixture <fixture@example.invalid"..., 65536, 0) = 149
pread64(16</tmp/nia-publication-fault-kpgp25ml/case/store/objects/a3/1a856f430af395bccd7eb2f142b11ad3ae0fc5daf3acc4ffb341c48a5abd39>, "", 65387, 149) = 0
pread64(16</tmp/nia-publication-fault-kpgp25ml/case/store/objects/a3/1a856f430af395bccd7eb2f142b11ad3ae0fc5daf3acc4ffb341c48a5abd39>, "", 65536, 149) = 0
fsync(17</tmp/nia-publication-fault-kpgp25ml/case/store/incoming>) = 0
pread64(3</tmp/nia-publication-fault-kpgp25ml/case/store/objects/a3/1a856f430af395bccd7eb2f142b11ad3ae0fc5daf3acc4ffb341c48a5abd39>, "Package: empty-package\nVersion: 1\nArchitecture: all\nMaintainer: Fixture <fixture@example.invalid"..., 65536, 0) = 149
pread64(3</tmp/nia-publication-fault-kpgp25ml/case/store/objects/a3/1a856f430af395bccd7eb2f142b11ad3ae0fc5daf3acc4ffb341c48a5abd39>, "", 65387, 149) = 0
pread64(3</tmp/nia-publication-fault-kpgp25ml/case/store/objects/a3/1a856f430af395bccd7eb2f142b11ad3ae0fc5daf3acc4ffb341c48a5abd39>, "", 65536, 149) = 0
pread64(3</tmp/nia-publication-fault-kpgp25ml/case/store/objects/a3/1a856f430af395bccd7eb2f142b11ad3ae0fc5daf3acc4ffb341c48a5abd39>, "Package: empty-package\nVersion: 1\nArchitecture: all\nMaintainer: Fixture <fixture@example.invalid"..., 16777216, 0) = 149
pread64(3</tmp/nia-publication-fault-kpgp25ml/case/store/objects/a3/1a856f430af395bccd7eb2f142b11ad3ae0fc5daf3acc4ffb341c48a5abd39>, "", 16777067, 149) = 0
pread64(3</tmp/nia-publication-fault-kpgp25ml/case/store/objects/a3/1a856f430af395bccd7eb2f142b11ad3ae0fc5daf3acc4ffb341c48a5abd39>, "Package: empty-package\nVersion: 1\nArchitecture: all\nMaintainer: Fixture <fixture@example.invalid"..., 65536, 0) = 149
pread64(3</tmp/nia-publication-fault-kpgp25ml/case/store/objects/a3/1a856f430af395bccd7eb2f142b11ad3ae0fc5daf3acc4ffb341c48a5abd39>, "", 65387, 149) = 0
pread64(3</tmp/nia-publication-fault-kpgp25ml/case/store/objects/a3/1a856f430af395bccd7eb2f142b11ad3ae0fc5daf3acc4ffb341c48a5abd39>, "", 65536, 149) = 0
pread64(3</tmp/nia-publication-fault-kpgp25ml/case/store/objects/a3/1a856f430af395bccd7eb2f142b11ad3ae0fc5daf3acc4ffb341c48a5abd39>, "Package: empty-package\nVersion: 1\nArchitecture: all\nMaintainer: Fixture <fixture@example.invalid"..., 16777216, 0) = 149
pread64(3</tmp/nia-publication-fault-kpgp25ml/case/store/objects/a3/1a856f430af395bccd7eb2f142b11ad3ae0fc5daf3acc4ffb341c48a5abd39>, "", 16777067, 149) = 0
pread64(3</tmp/nia-publication-fault-kpgp25ml/case/store/objects/0c/a179e6befeb761f3613f1ef57ca892ebc3a6a228dca32f1309f0ac06a7de7e>, "!<arch>\ndebian-binary/  0           0     0     100644  4         `\n2.0\ncontrol.tar/    0       "..., 65536, 0) = 20672
pread64(3</tmp/nia-publication-fault-kpgp25ml/case/store/objects/0c/a179e6befeb761f3613f1ef57ca892ebc3a6a228dca32f1309f0ac06a7de7e>, "", 44864, 20672) = 0
pread64(3</tmp/nia-publication-fault-kpgp25ml/case/store/objects/0c/a179e6befeb761f3613f1ef57ca892ebc3a6a228dca32f1309f0ac06a7de7e>, "", 65536, 20672) = 0
pread64(3</tmp/nia-publication-fault-kpgp25ml/case/store/objects/0c/a179e6befeb761f3613f1ef57ca892ebc3a6a228dca32f1309f0ac06a7de7e>, "!<arch>\n", 8, 0) = 8
pread64(3</tmp/nia-publication-fault-kpgp25ml/case/store/objects/0c/a179e6befeb761f3613f1ef57ca892ebc3a6a228dca32f1309f0ac06a7de7e>, "debian-binary/  0           0     0     100644  4         `\n", 60, 8) = 60
pread64(3</tmp/nia-publication-fault-kpgp25ml/case/store/objects/0c/a179e6befeb761f3613f1ef57ca892ebc3a6a228dca32f1309f0ac06a7de7e>, "2.0\n", 4, 68) = 4
pread64(3</tmp/nia-publication-fault-kpgp25ml/case/store/objects/0c/a179e6befeb761f3613f1ef57ca892ebc3a6a228dca32f1309f0ac06a7de7e>, "2.0\n", 4, 68) = 4
pread64(3</tmp/nia-publication-fault-kpgp25ml/case/store/objects/0c/a179e6befeb761f3613f1ef57ca892ebc3a6a228dca32f1309f0ac06a7de7e>, "control.tar/    0           0     0     100644  10240     `\n", 60, 72) = 60
pread64(3</tmp/nia-publication-fault-kpgp25ml/case/store/objects/0c/a179e6befeb761f3613f1ef57ca892ebc3a6a228dca32f1309f0ac06a7de7e>, "./control\0\0\0\0\0\0\0\0\0\0\0\0\0\0\0\0\0\0\0\0\0\0\0\0\0\0\0\0\0\0\0\0\0\0\0\0\0\0\0\0\0\0\0\0\0\0\0\0\0\0\0\0\0\0\0\0\0\0\0\0\0\0\0\0\0\0\0\0\0\0\0\0\0\0\0\0\0\0\0\0\0\0\0\0\0\0\0"..., 10240, 132) = 10240
pread64(3</tmp/nia-publication-fault-kpgp25ml/case/store/objects/0c/a179e6befeb761f3613f1ef57ca892ebc3a6a228dca32f1309f0ac06a7de7e>, "data.tar/       0           0     0     100644  10240     `\n", 60, 10372) = 60
pread64(3</tmp/nia-publication-fault-kpgp25ml/case/store/objects/0c/a179e6befeb761f3613f1ef57ca892ebc3a6a228dca32f1309f0ac06a7de7e>, "\0\0\0\0\0\0\0\0\0\0\0\0\0\0\0\0\0\0\0\0\0\0\0\0\0\0\0\0\0\0\0\0\0\0\0\0\0\0\0\0\0\0\0\0\0\0\0\0\0\0\0\0\0\0\0\0\0\0\0\0\0\0\0\0\0\0\0\0\0\0\0\0\0\0\0\0\0\0\0\0\0\0\0\0\0\0\0\0\0\0\0\0\0\0\0\0"..., 10240, 10432) = 10240
pread64(3</tmp/nia-publication-fault-kpgp25ml/case/store/objects/0c/a179e6befeb761f3613f1ef57ca892ebc3a6a228dca32f1309f0ac06a7de7e>, "!<arch>\ndebian-binary/  0           0     0     100644  4         `\n2.0\ncontrol.tar/    0       "..., 65536, 0) = 20672
pread64(3</tmp/nia-publication-fault-kpgp25ml/case/store/objects/0c/a179e6befeb761f3613f1ef57ca892ebc3a6a228dca32f1309f0ac06a7de7e>, "", 44864, 20672) = 0
pread64(3</tmp/nia-publication-fault-kpgp25ml/case/store/objects/0c/a179e6befeb761f3613f1ef57ca892ebc3a6a228dca32f1309f0ac06a7de7e>, "", 65536, 20672) = 0
pread64(3</tmp/nia-publication-fault-kpgp25ml/case/store/objects/0c/a179e6befeb761f3613f1ef57ca892ebc3a6a228dca32f1309f0ac06a7de7e>, "!<arch>\n", 8, 0) = 8
pread64(3</tmp/nia-publication-fault-kpgp25ml/case/store/objects/0c/a179e6befeb761f3613f1ef57ca892ebc3a6a228dca32f1309f0ac06a7de7e>, "debian-binary/  0           0     0     100644  4         `\n", 60, 8) = 60
pread64(3</tmp/nia-publication-fault-kpgp25ml/case/store/objects/0c/a179e6befeb761f3613f1ef57ca892ebc3a6a228dca32f1309f0ac06a7de7e>, "2.0\n", 4, 68) = 4
pread64(3</tmp/nia-publication-fault-kpgp25ml/case/store/objects/0c/a179e6befeb761f3613f1ef57ca892ebc3a6a228dca32f1309f0ac06a7de7e>, "2.0\n", 4, 68) = 4
pread64(3</tmp/nia-publication-fault-kpgp25ml/case/store/objects/0c/a179e6befeb761f3613f1ef57ca892ebc3a6a228dca32f1309f0ac06a7de7e>, "control.tar/    0           0     0     100644  10240     `\n", 60, 72) = 60
pread64(3</tmp/nia-publication-fault-kpgp25ml/case/store/objects/0c/a179e6befeb761f3613f1ef57ca892ebc3a6a228dca32f1309f0ac06a7de7e>, "./control\0\0\0\0\0\0\0\0\0\0\0\0\0\0\0\0\0\0\0\0\0\0\0\0\0\0\0\0\0\0\0\0\0\0\0\0\0\0\0\0\0\0\0\0\0\0\0\0\0\0\0\0\0\0\0\0\0\0\0\0\0\0\0\0\0\0\0\0\0\0\0\0\0\0\0\0\0\0\0\0\0\0\0\0\0\0\0"..., 10240, 132) = 10240
pread64(3</tmp/nia-publication-fault-kpgp25ml/case/store/objects/0c/a179e6befeb761f3613f1ef57ca892ebc3a6a228dca32f1309f0ac06a7de7e>, "data.tar/       0           0     0     100644  10240     `\n", 60, 10372) = 60
pread64(3</tmp/nia-publication-fault-kpgp25ml/case/store/objects/0c/a179e6befeb761f3613f1ef57ca892ebc3a6a228dca32f1309f0ac06a7de7e>, "\0\0\0\0\0\0\0\0\0\0\0\0\0\0\0\0\0\0\0\0\0\0\0\0\0\0\0\0\0\0\0\0\0\0\0\0\0\0\0\0\0\0\0\0\0\0\0\0\0\0\0\0\0\0\0\0\0\0\0\0\0\0\0\0\0\0\0\0\0\0\0\0\0\0\0\0\0\0\0\0\0\0\0\0\0\0\0\0\0\0\0\0\0\0\0\0"..., 10240, 10432) = 10240
fsync(17</tmp/nia-publication-fault-kpgp25ml/case/store/incoming>) = 0
pread64(3</tmp/nia-publication-fault-kpgp25ml/case/store/objects/0c/a179e6befeb761f3613f1ef57ca892ebc3a6a228dca32f1309f0ac06a7de7e>, "./control\0\0\0\0\0\0\0\0\0\0\0\0\0\0\0\0\0\0\0\0\0\0\0\0\0\0\0\0\0\0\0\0\0\0\0\0\0\0\0\0\0\0\0\0\0\0\0\0\0\0\0\0\0\0\0\0\0\0\0\0\0\0\0\0\0\0\0\0\0\0\0\0\0\0\0\0\0\0\0\0\0\0\0\0\0\0\0"..., 10240, 132) = 10240
write(16</tmp/nia-publication-fault-kpgp25ml/case/store/incoming/0a3b38fdff8cc19ebde715fe21090943>, "./control\0\0\0\0\0\0\0\0\0\0\0\0\0\0\0\0\0\0\0\0\0\0\0\0\0\0\0\0\0\0\0\0\0\0\0\0\0\0\0\0\0\0\0\0\0\0\0\0\0\0\0\0\0\0\0\0\0\0\0\0\0\0\0\0\0\0\0\0\0\0\0\0\0\0\0\0\0\0\0\0\0\0\0\0\0\0\0"..., 10240) = 10240
fsync(16</tmp/nia-publication-fault-kpgp25ml/case/store/incoming/0a3b38fdff8cc19ebde715fe21090943>) = 0
renameat2(17</tmp/nia-publication-fault-kpgp25ml/case/store/incoming>, "0a3b38fdff8cc19ebde715fe21090943", 16</tmp/nia-publication-fault-kpgp25ml/case/store/objects/4a>, "36f6eb7c1b236ab6cb28ddb882919e888bf393dfc00d93008ad6730697f8f7", RENAME_NOREPLACE) = -1 EEXIST (File exists)
pread64(16</tmp/nia-publication-fault-kpgp25ml/case/store/objects/4a/36f6eb7c1b236ab6cb28ddb882919e888bf393dfc00d93008ad6730697f8f7>, "./control\0\0\0\0\0\0\0\0\0\0\0\0\0\0\0\0\0\0\0\0\0\0\0\0\0\0\0\0\0\0\0\0\0\0\0\0\0\0\0\0\0\0\0\0\0\0\0\0\0\0\0\0\0\0\0\0\0\0\0\0\0\0\0\0\0\0\0\0\0\0\0\0\0\0\0\0\0\0\0\0\0\0\0\0\0\0\0"..., 65536, 0) = 10240
pread64(16</tmp/nia-publication-fault-kpgp25ml/case/store/objects/4a/36f6eb7c1b236ab6cb28ddb882919e888bf393dfc00d93008ad6730697f8f7>, "", 55296, 10240) = 0
pread64(16</tmp/nia-publication-fault-kpgp25ml/case/store/objects/4a/36f6eb7c1b236ab6cb28ddb882919e888bf393dfc00d93008ad6730697f8f7>, "", 65536, 10240) = 0
fsync(17</tmp/nia-publication-fault-kpgp25ml/case/store/incoming>) = 0
pread64(3</tmp/nia-publication-fault-kpgp25ml/case/store/objects/4a/36f6eb7c1b236ab6cb28ddb882919e888bf393dfc00d93008ad6730697f8f7>, "./control\0\0\0\0\0\0\0\0\0\0\0\0\0\0\0\0\0\0\0\0\0\0\0\0\0\0\0\0\0\0\0\0\0\0\0\0\0\0\0\0\0\0\0\0\0\0\0\0\0\0\0\0\0\0\0\0\0\0\0\0\0\0\0\0\0\0\0\0\0\0\0\0\0\0\0\0\0\0\0\0\0\0\0\0\0\0\0"..., 65536, 0) = 10240
pread64(3</tmp/nia-publication-fault-kpgp25ml/case/store/objects/4a/36f6eb7c1b236ab6cb28ddb882919e888bf393dfc00d93008ad6730697f8f7>, "", 55296, 10240) = 0
pread64(3</tmp/nia-publication-fault-kpgp25ml/case/store/objects/4a/36f6eb7c1b236ab6cb28ddb882919e888bf393dfc00d93008ad6730697f8f7>, "", 65536, 10240) = 0
pread64(3</tmp/nia-publication-fault-kpgp25ml/case/store/objects/4a/36f6eb7c1b236ab6cb28ddb882919e888bf393dfc00d93008ad6730697f8f7>, "./control\0\0\0\0\0\0\0\0\0\0\0\0\0\0\0\0\0\0\0\0\0\0\0\0\0\0\0\0\0\0\0\0\0\0\0\0\0\0\0\0\0\0\0\0\0\0\0\0\0\0\0\0\0\0\0\0\0\0\0\0\0\0\0\0\0\0\0\0\0\0\0\0\0\0\0\0\0\0\0\0\0\0\0\0\0\0\0"..., 10240, 0) = 10240
fsync(17</tmp/nia-publication-fault-kpgp25ml/case/store/incoming>) = 0
write(16</tmp/nia-publication-fault-kpgp25ml/case/store/incoming/b7e561df0361b16e3908c40a479aba36>, "Package: empty-package\nVersion: 1\nArchitecture: all\nMaintainer: Fixture <fixture@example.invalid"..., 149) = 149
fsync(16</tmp/nia-publication-fault-kpgp25ml/case/store/incoming/b7e561df0361b16e3908c40a479aba36>) = 0
renameat2(17</tmp/nia-publication-fault-kpgp25ml/case/store/incoming>, "b7e561df0361b16e3908c40a479aba36", 16</tmp/nia-publication-fault-kpgp25ml/case/store/objects/a3>, "1a856f430af395bccd7eb2f142b11ad3ae0fc5daf3acc4ffb341c48a5abd39", RENAME_NOREPLACE) = -1 EEXIST (File exists)
pread64(16</tmp/nia-publication-fault-kpgp25ml/case/store/objects/a3/1a856f430af395bccd7eb2f142b11ad3ae0fc5daf3acc4ffb341c48a5abd39>, "Package: empty-package\nVersion: 1\nArchitecture: all\nMaintainer: Fixture <fixture@example.invalid"..., 65536, 0) = 149
pread64(16</tmp/nia-publication-fault-kpgp25ml/case/store/objects/a3/1a856f430af395bccd7eb2f142b11ad3ae0fc5daf3acc4ffb341c48a5abd39>, "", 65387, 149) = 0
pread64(16</tmp/nia-publication-fault-kpgp25ml/case/store/objects/a3/1a856f430af395bccd7eb2f142b11ad3ae0fc5daf3acc4ffb341c48a5abd39>, "", 65536, 149) = 0
fsync(17</tmp/nia-publication-fault-kpgp25ml/case/store/incoming>) = 0
pread64(3</tmp/nia-publication-fault-kpgp25ml/case/store/objects/0c/a179e6befeb761f3613f1ef57ca892ebc3a6a228dca32f1309f0ac06a7de7e>, "!<arch>\ndebian-binary/  0           0     0     100644  4         `\n2.0\ncontrol.tar/    0       "..., 65536, 0) = 20672
pread64(3</tmp/nia-publication-fault-kpgp25ml/case/store/objects/0c/a179e6befeb761f3613f1ef57ca892ebc3a6a228dca32f1309f0ac06a7de7e>, "", 44864, 20672) = 0
pread64(3</tmp/nia-publication-fault-kpgp25ml/case/store/objects/0c/a179e6befeb761f3613f1ef57ca892ebc3a6a228dca32f1309f0ac06a7de7e>, "", 65536, 20672) = 0
pread64(3</tmp/nia-publication-fault-kpgp25ml/case/store/objects/4a/36f6eb7c1b236ab6cb28ddb882919e888bf393dfc00d93008ad6730697f8f7>, "./control\0\0\0\0\0\0\0\0\0\0\0\0\0\0\0\0\0\0\0\0\0\0\0\0\0\0\0\0\0\0\0\0\0\0\0\0\0\0\0\0\0\0\0\0\0\0\0\0\0\0\0\0\0\0\0\0\0\0\0\0\0\0\0\0\0\0\0\0\0\0\0\0\0\0\0\0\0\0\0\0\0\0\0\0\0\0\0"..., 65536, 0) = 10240
pread64(3</tmp/nia-publication-fault-kpgp25ml/case/store/objects/4a/36f6eb7c1b236ab6cb28ddb882919e888bf393dfc00d93008ad6730697f8f7>, "", 55296, 10240) = 0
pread64(3</tmp/nia-publication-fault-kpgp25ml/case/store/objects/4a/36f6eb7c1b236ab6cb28ddb882919e888bf393dfc00d93008ad6730697f8f7>, "", 65536, 10240) = 0
pread64(3</tmp/nia-publication-fault-kpgp25ml/case/store/objects/84/ff92691f909a05b224e1c56abb4864f01b4f8e3c854e4bb4c7baf1d3f6d652>, "\0\0\0\0\0\0\0\0\0\0\0\0\0\0\0\0\0\0\0\0\0\0\0\0\0\0\0\0\0\0\0\0\0\0\0\0\0\0\0\0\0\0\0\0\0\0\0\0\0\0\0\0\0\0\0\0\0\0\0\0\0\0\0\0\0\0\0\0\0\0\0\0\0\0\0\0\0\0\0\0\0\0\0\0\0\0\0\0\0\0\0\0\0\0\0\0"..., 65536, 0) = 10240
pread64(3</tmp/nia-publication-fault-kpgp25ml/case/store/objects/84/ff92691f909a05b224e1c56abb4864f01b4f8e3c854e4bb4c7baf1d3f6d652>, "", 55296, 10240) = 0
pread64(3</tmp/nia-publication-fault-kpgp25ml/case/store/objects/84/ff92691f909a05b224e1c56abb4864f01b4f8e3c854e4bb4c7baf1d3f6d652>, "", 65536, 10240) = 0
pread64(3</tmp/nia-publication-fault-kpgp25ml/case/store/objects/8e/e688345e1d9502ee8cd7277a453c30bfb77b947201beb3300e9df2b8ca321d>, "\0\0\0\0\0\0\0\10NIACSEL1\273\343\341b6\331$M\267\345\300\262\251\302\306\27f\270\251!\330\260\227\374\323p\347\177\25.\3311\0\0\0\0\0\0\0\1\f\241y\346\276\376\267a\363a?\36\365|\250\222\353\303\246\242(\334\243/\23\t\360\254\6\247\336~J6\366\353|\33#j"..., 65536, 0) = 152
pread64(3</tmp/nia-publication-fault-kpgp25ml/case/store/objects/8e/e688345e1d9502ee8cd7277a453c30bfb77b947201beb3300e9df2b8ca321d>, "", 65384, 152) = 0
pread64(3</tmp/nia-publication-fault-kpgp25ml/case/store/objects/8e/e688345e1d9502ee8cd7277a453c30bfb77b947201beb3300e9df2b8ca321d>, "", 65536, 152) = 0
pread64(3</tmp/nia-publication-fault-kpgp25ml/case/store/objects/a3/1a856f430af395bccd7eb2f142b11ad3ae0fc5daf3acc4ffb341c48a5abd39>, "Package: empty-package\nVersion: 1\nArchitecture: all\nMaintainer: Fixture <fixture@example.invalid"..., 65536, 0) = 149
pread64(3</tmp/nia-publication-fault-kpgp25ml/case/store/objects/a3/1a856f430af395bccd7eb2f142b11ad3ae0fc5daf3acc4ffb341c48a5abd39>, "", 65387, 149) = 0
pread64(3</tmp/nia-publication-fault-kpgp25ml/case/store/objects/a3/1a856f430af395bccd7eb2f142b11ad3ae0fc5daf3acc4ffb341c48a5abd39>, "", 65536, 149) = 0
fsync(16</tmp/nia-publication-fault-kpgp25ml/case/store/incoming>) = 0
write(3</tmp/nia-publication-fault-kpgp25ml/case/store/incoming/de7051a4f74cd4866aaa999e9fc3c962>, "NIACLOS1\216\346\2104^\35\225\2\356\214\327'zE<0\277\267{\224r\1\276\2630\16\235\362\270\3122\35\273\343\341b6\331$M\267\345\300\262\251\302\306\27f\270\251!\330\260\227\374\323p\347\177\25.\3311\0\0\0\0\0\0\0\5", 80) = 80
write(3</tmp/nia-publication-fault-kpgp25ml/case/store/incoming/de7051a4f74cd4866aaa999e9fc3c962>, "\f\241y\346\276\376\267a\363a?\36\365|\250\222\353\303\246\242(\334\243/\23\t\360\254\6\247\336~", 32) = 32
write(3</tmp/nia-publication-fault-kpgp25ml/case/store/incoming/de7051a4f74cd4866aaa999e9fc3c962>, "J6\366\353|\33#j\266\313(\335\270\202\221\236\210\213\363\223\337\300\r\223\0\212\326s\6\227\370\367", 32) = 32
write(3</tmp/nia-publication-fault-kpgp25ml/case/store/incoming/de7051a4f74cd4866aaa999e9fc3c962>, "\204\377\222i\37\220\232\5\262$\341\305j\273Hd\360\33O\216<\205NK\264\307\272\361\323\366\326R", 32) = 32
write(3</tmp/nia-publication-fault-kpgp25ml/case/store/incoming/de7051a4f74cd4866aaa999e9fc3c962>, "\216\346\2104^\35\225\2\356\214\327'zE<0\277\267{\224r\1\276\2630\16\235\362\270\3122\35", 32) = 32
write(3</tmp/nia-publication-fault-kpgp25ml/case/store/incoming/de7051a4f74cd4866aaa999e9fc3c962>, "\243\32\205oC\n\363\225\274\315~\262\361B\261\32\323\256\17\305\332\363\254\304\377\263A\304\212Z\2759", 32) = 32
fsync(3</tmp/nia-publication-fault-kpgp25ml/case/store/incoming/de7051a4f74cd4866aaa999e9fc3c962>) = 0
renameat2(16</tmp/nia-publication-fault-kpgp25ml/case/store/incoming>, "de7051a4f74cd4866aaa999e9fc3c962", 3</tmp/nia-publication-fault-kpgp25ml/case/store/objects/32>, "094e7c613fdb6dffb1f27d926b176f7fd8946b8c2cf3ca9e3b95cb91a1a8ca", RENAME_NOREPLACE) = -1 EEXIST (File exists)
pread64(3</tmp/nia-publication-fault-kpgp25ml/case/store/objects/32/094e7c613fdb6dffb1f27d926b176f7fd8946b8c2cf3ca9e3b95cb91a1a8ca>, "NIACLOS1\216\346\2104^\35\225\2\356\214\327'zE<0\277\267{\224r\1\276\2630\16\235\362\270\3122\35\273\343\341b6\331$M\267\345\300\262\251\302\306\27f\270\251!\330\260\227\374\323p\347\177\25.\3311\0\0\0\0\0\0\0\5\f\241y\346\276\376\267a\363a?\36\365|\250\222"..., 65536, 0) = 240
pread64(3</tmp/nia-publication-fault-kpgp25ml/case/store/objects/32/094e7c613fdb6dffb1f27d926b176f7fd8946b8c2cf3ca9e3b95cb91a1a8ca>, "", 65296, 240) = 0
pread64(3</tmp/nia-publication-fault-kpgp25ml/case/store/objects/32/094e7c613fdb6dffb1f27d926b176f7fd8946b8c2cf3ca9e3b95cb91a1a8ca>, "", 65536, 240) = 0
fsync(16</tmp/nia-publication-fault-kpgp25ml/case/store/incoming>) = 0
pread64(3</tmp/nia-publication-fault-kpgp25ml/case/store/objects/8e/e688345e1d9502ee8cd7277a453c30bfb77b947201beb3300e9df2b8ca321d>, "\0\0\0\0\0\0\0\10NIACSEL1\273\343\341b6\331$M\267\345\300\262\251\302\306\27f\270\251!\330\260\227\374\323p\347\177\25.\3311\0\0\0\0\0\0\0\1\f\241y\346\276\376\267a\363a?\36\365|\250\222\353\303\246\242(\334\243/\23\t\360\254\6\247\336~J6\366\353|\33#j"..., 65536, 0) = 152
pread64(3</tmp/nia-publication-fault-kpgp25ml/case/store/objects/8e/e688345e1d9502ee8cd7277a453c30bfb77b947201beb3300e9df2b8ca321d>, "", 65384, 152) = 0
pread64(3</tmp/nia-publication-fault-kpgp25ml/case/store/objects/8e/e688345e1d9502ee8cd7277a453c30bfb77b947201beb3300e9df2b8ca321d>, "", 65536, 152) = 0
pread64(3</tmp/nia-publication-fault-kpgp25ml/case/store/objects/8e/e688345e1d9502ee8cd7277a453c30bfb77b947201beb3300e9df2b8ca321d>, "\0\0\0\0\0\0\0\10NIACSEL1\273\343\341b6\331$M\267\345\300\262\251\302\306\27f\270\251!\330\260\227\374\323p\347\177\25.\3311\0\0\0\0\0\0\0\1\f\241y\346\276\376\267a\363a?\36\365|\250\222\353\303\246\242(\334\243/\23\t\360\254\6\247\336~J6\366\353|\33#j"..., 393272, 0) = 152
pread64(3</tmp/nia-publication-fault-kpgp25ml/case/store/objects/8e/e688345e1d9502ee8cd7277a453c30bfb77b947201beb3300e9df2b8ca321d>, "", 393120, 152) = 0
pread64(3</tmp/nia-publication-fault-kpgp25ml/case/store/objects/0c/a179e6befeb761f3613f1ef57ca892ebc3a6a228dca32f1309f0ac06a7de7e>, "!<arch>\ndebian-binary/  0           0     0     100644  4         `\n2.0\ncontrol.tar/    0       "..., 65536, 0) = 20672
pread64(3</tmp/nia-publication-fault-kpgp25ml/case/store/objects/0c/a179e6befeb761f3613f1ef57ca892ebc3a6a228dca32f1309f0ac06a7de7e>, "", 44864, 20672) = 0
pread64(3</tmp/nia-publication-fault-kpgp25ml/case/store/objects/0c/a179e6befeb761f3613f1ef57ca892ebc3a6a228dca32f1309f0ac06a7de7e>, "", 65536, 20672) = 0
pread64(3</tmp/nia-publication-fault-kpgp25ml/case/store/objects/0c/a179e6befeb761f3613f1ef57ca892ebc3a6a228dca32f1309f0ac06a7de7e>, "!<arch>\n", 8, 0) = 8
pread64(3</tmp/nia-publication-fault-kpgp25ml/case/store/objects/0c/a179e6befeb761f3613f1ef57ca892ebc3a6a228dca32f1309f0ac06a7de7e>, "debian-binary/  0           0     0     100644  4         `\n", 60, 8) = 60
pread64(3</tmp/nia-publication-fault-kpgp25ml/case/store/objects/0c/a179e6befeb761f3613f1ef57ca892ebc3a6a228dca32f1309f0ac06a7de7e>, "2.0\n", 4, 68) = 4
pread64(3</tmp/nia-publication-fault-kpgp25ml/case/store/objects/0c/a179e6befeb761f3613f1ef57ca892ebc3a6a228dca32f1309f0ac06a7de7e>, "2.0\n", 4, 68) = 4
pread64(3</tmp/nia-publication-fault-kpgp25ml/case/store/objects/0c/a179e6befeb761f3613f1ef57ca892ebc3a6a228dca32f1309f0ac06a7de7e>, "control.tar/    0           0     0     100644  10240     `\n", 60, 72) = 60
pread64(3</tmp/nia-publication-fault-kpgp25ml/case/store/objects/0c/a179e6befeb761f3613f1ef57ca892ebc3a6a228dca32f1309f0ac06a7de7e>, "./control\0\0\0\0\0\0\0\0\0\0\0\0\0\0\0\0\0\0\0\0\0\0\0\0\0\0\0\0\0\0\0\0\0\0\0\0\0\0\0\0\0\0\0\0\0\0\0\0\0\0\0\0\0\0\0\0\0\0\0\0\0\0\0\0\0\0\0\0\0\0\0\0\0\0\0\0\0\0\0\0\0\0\0\0\0\0\0"..., 10240, 132) = 10240
pread64(3</tmp/nia-publication-fault-kpgp25ml/case/store/objects/0c/a179e6befeb761f3613f1ef57ca892ebc3a6a228dca32f1309f0ac06a7de7e>, "data.tar/       0           0     0     100644  10240     `\n", 60, 10372) = 60
pread64(3</tmp/nia-publication-fault-kpgp25ml/case/store/objects/0c/a179e6befeb761f3613f1ef57ca892ebc3a6a228dca32f1309f0ac06a7de7e>, "\0\0\0\0\0\0\0\0\0\0\0\0\0\0\0\0\0\0\0\0\0\0\0\0\0\0\0\0\0\0\0\0\0\0\0\0\0\0\0\0\0\0\0\0\0\0\0\0\0\0\0\0\0\0\0\0\0\0\0\0\0\0\0\0\0\0\0\0\0\0\0\0\0\0\0\0\0\0\0\0\0\0\0\0\0\0\0\0\0\0\0\0\0\0\0\0"..., 10240, 10432) = 10240
pread64(3</tmp/nia-publication-fault-kpgp25ml/case/store/objects/0c/a179e6befeb761f3613f1ef57ca892ebc3a6a228dca32f1309f0ac06a7de7e>, "!<arch>\ndebian-binary/  0           0     0     100644  4         `\n2.0\ncontrol.tar/    0       "..., 65536, 0) = 20672
pread64(3</tmp/nia-publication-fault-kpgp25ml/case/store/objects/0c/a179e6befeb761f3613f1ef57ca892ebc3a6a228dca32f1309f0ac06a7de7e>, "", 44864, 20672) = 0
pread64(3</tmp/nia-publication-fault-kpgp25ml/case/store/objects/0c/a179e6befeb761f3613f1ef57ca892ebc3a6a228dca32f1309f0ac06a7de7e>, "", 65536, 20672) = 0
pread64(3</tmp/nia-publication-fault-kpgp25ml/case/store/objects/0c/a179e6befeb761f3613f1ef57ca892ebc3a6a228dca32f1309f0ac06a7de7e>, "!<arch>\n", 8, 0) = 8
pread64(3</tmp/nia-publication-fault-kpgp25ml/case/store/objects/0c/a179e6befeb761f3613f1ef57ca892ebc3a6a228dca32f1309f0ac06a7de7e>, "debian-binary/  0           0     0     100644  4         `\n", 60, 8) = 60
pread64(3</tmp/nia-publication-fault-kpgp25ml/case/store/objects/0c/a179e6befeb761f3613f1ef57ca892ebc3a6a228dca32f1309f0ac06a7de7e>, "2.0\n", 4, 68) = 4
pread64(3</tmp/nia-publication-fault-kpgp25ml/case/store/objects/0c/a179e6befeb761f3613f1ef57ca892ebc3a6a228dca32f1309f0ac06a7de7e>, "2.0\n", 4, 68) = 4
pread64(3</tmp/nia-publication-fault-kpgp25ml/case/store/objects/0c/a179e6befeb761f3613f1ef57ca892ebc3a6a228dca32f1309f0ac06a7de7e>, "control.tar/    0           0     0     100644  10240     `\n", 60, 72) = 60
pread64(3</tmp/nia-publication-fault-kpgp25ml/case/store/objects/0c/a179e6befeb761f3613f1ef57ca892ebc3a6a228dca32f1309f0ac06a7de7e>, "./control\0\0\0\0\0\0\0\0\0\0\0\0\0\0\0\0\0\0\0\0\0\0\0\0\0\0\0\0\0\0\0\0\0\0\0\0\0\0\0\0\0\0\0\0\0\0\0\0\0\0\0\0\0\0\0\0\0\0\0\0\0\0\0\0\0\0\0\0\0\0\0\0\0\0\0\0\0\0\0\0\0\0\0\0\0\0\0"..., 10240, 132) = 10240
pread64(3</tmp/nia-publication-fault-kpgp25ml/case/store/objects/0c/a179e6befeb761f3613f1ef57ca892ebc3a6a228dca32f1309f0ac06a7de7e>, "data.tar/       0           0     0     100644  10240     `\n", 60, 10372) = 60
pread64(3</tmp/nia-publication-fault-kpgp25ml/case/store/objects/0c/a179e6befeb761f3613f1ef57ca892ebc3a6a228dca32f1309f0ac06a7de7e>, "\0\0\0\0\0\0\0\0\0\0\0\0\0\0\0\0\0\0\0\0\0\0\0\0\0\0\0\0\0\0\0\0\0\0\0\0\0\0\0\0\0\0\0\0\0\0\0\0\0\0\0\0\0\0\0\0\0\0\0\0\0\0\0\0\0\0\0\0\0\0\0\0\0\0\0\0\0\0\0\0\0\0\0\0\0\0\0\0\0\0\0\0\0\0\0\0"..., 10240, 10432) = 10240
fsync(17</tmp/nia-publication-fault-kpgp25ml/case/store/incoming>) = 0
pread64(3</tmp/nia-publication-fault-kpgp25ml/case/store/objects/0c/a179e6befeb761f3613f1ef57ca892ebc3a6a228dca32f1309f0ac06a7de7e>, "\0\0\0\0\0\0\0\0\0\0\0\0\0\0\0\0\0\0\0\0\0\0\0\0\0\0\0\0\0\0\0\0\0\0\0\0\0\0\0\0\0\0\0\0\0\0\0\0\0\0\0\0\0\0\0\0\0\0\0\0\0\0\0\0\0\0\0\0\0\0\0\0\0\0\0\0\0\0\0\0\0\0\0\0\0\0\0\0\0\0\0\0\0\0\0\0"..., 10240, 10432) = 10240
write(16</tmp/nia-publication-fault-kpgp25ml/case/store/incoming/1d18d3256be11df0dbb21cb766d0279b>, "\0\0\0\0\0\0\0\0\0\0\0\0\0\0\0\0\0\0\0\0\0\0\0\0\0\0\0\0\0\0\0\0\0\0\0\0\0\0\0\0\0\0\0\0\0\0\0\0\0\0\0\0\0\0\0\0\0\0\0\0\0\0\0\0\0\0\0\0\0\0\0\0\0\0\0\0\0\0\0\0\0\0\0\0\0\0\0\0\0\0\0\0\0\0\0\0"..., 10240) = 10240
fsync(16</tmp/nia-publication-fault-kpgp25ml/case/store/incoming/1d18d3256be11df0dbb21cb766d0279b>) = 0
renameat2(17</tmp/nia-publication-fault-kpgp25ml/case/store/incoming>, "1d18d3256be11df0dbb21cb766d0279b", 16</tmp/nia-publication-fault-kpgp25ml/case/store/objects/84>, "ff92691f909a05b224e1c56abb4864f01b4f8e3c854e4bb4c7baf1d3f6d652", RENAME_NOREPLACE) = -1 EEXIST (File exists)
pread64(16</tmp/nia-publication-fault-kpgp25ml/case/store/objects/84/ff92691f909a05b224e1c56abb4864f01b4f8e3c854e4bb4c7baf1d3f6d652>, "\0\0\0\0\0\0\0\0\0\0\0\0\0\0\0\0\0\0\0\0\0\0\0\0\0\0\0\0\0\0\0\0\0\0\0\0\0\0\0\0\0\0\0\0\0\0\0\0\0\0\0\0\0\0\0\0\0\0\0\0\0\0\0\0\0\0\0\0\0\0\0\0\0\0\0\0\0\0\0\0\0\0\0\0\0\0\0\0\0\0\0\0\0\0\0\0"..., 65536, 0) = 10240
pread64(16</tmp/nia-publication-fault-kpgp25ml/case/store/objects/84/ff92691f909a05b224e1c56abb4864f01b4f8e3c854e4bb4c7baf1d3f6d652>, "", 55296, 10240) = 0
pread64(16</tmp/nia-publication-fault-kpgp25ml/case/store/objects/84/ff92691f909a05b224e1c56abb4864f01b4f8e3c854e4bb4c7baf1d3f6d652>, "", 65536, 10240) = 0
fsync(17</tmp/nia-publication-fault-kpgp25ml/case/store/incoming>) = 0
pread64(3</tmp/nia-publication-fault-kpgp25ml/case/store/objects/84/ff92691f909a05b224e1c56abb4864f01b4f8e3c854e4bb4c7baf1d3f6d652>, "\0\0\0\0\0\0\0\0\0\0\0\0\0\0\0\0\0\0\0\0\0\0\0\0\0\0\0\0\0\0\0\0\0\0\0\0\0\0\0\0\0\0\0\0\0\0\0\0\0\0\0\0\0\0\0\0\0\0\0\0\0\0\0\0\0\0\0\0\0\0\0\0\0\0\0\0\0\0\0\0\0\0\0\0\0\0\0\0\0\0\0\0\0\0\0\0"..., 65536, 0) = 10240
pread64(3</tmp/nia-publication-fault-kpgp25ml/case/store/objects/84/ff92691f909a05b224e1c56abb4864f01b4f8e3c854e4bb4c7baf1d3f6d652>, "", 55296, 10240) = 0
pread64(3</tmp/nia-publication-fault-kpgp25ml/case/store/objects/84/ff92691f909a05b224e1c56abb4864f01b4f8e3c854e4bb4c7baf1d3f6d652>, "", 65536, 10240) = 0
pread64(3</tmp/nia-publication-fault-kpgp25ml/case/store/objects/84/ff92691f909a05b224e1c56abb4864f01b4f8e3c854e4bb4c7baf1d3f6d652>, "\0\0\0\0\0\0\0\0\0\0\0\0\0\0\0\0\0\0\0\0\0\0\0\0\0\0\0\0\0\0\0\0\0\0\0\0\0\0\0\0\0\0\0\0\0\0\0\0\0\0\0\0\0\0\0\0\0\0\0\0\0\0\0\0\0\0\0\0\0\0\0\0\0\0\0\0\0\0\0\0\0\0\0\0\0\0\0\0\0\0\0\0\0\0\0\0"..., 10240, 0) = 10240
fsync(17</tmp/nia-publication-fault-kpgp25ml/case/store/incoming>) = 0
pread64(3</tmp/nia-publication-fault-kpgp25ml/case/store/objects/84/ff92691f909a05b224e1c56abb4864f01b4f8e3c854e4bb4c7baf1d3f6d652>, "\0\0\0\0\0\0\0\0\0\0\0\0\0\0\0\0\0\0\0\0\0\0\0\0\0\0\0\0\0\0\0\0\0\0\0\0\0\0\0\0\0\0\0\0\0\0\0\0\0\0\0\0\0\0\0\0\0\0\0\0\0\0\0\0\0\0\0\0\0\0\0\0\0\0\0\0\0\0\0\0\0\0\0\0\0\0\0\0\0\0\0\0\0\0\0\0"..., 10240, 0) = 10240
write(16</tmp/nia-publication-fault-kpgp25ml/case/store/incoming/6d818c9d245052b24955a7b5d7ddc474>, "\0\0\0\0\0\0\0\0\0\0\0\0\0\0\0\0\0\0\0\0\0\0\0\0\0\0\0\0\0\0\0\0\0\0\0\0\0\0\0\0\0\0\0\0\0\0\0\0\0\0\0\0\0\0\0\0\0\0\0\0\0\0\0\0\0\0\0\0\0\0\0\0\0\0\0\0\0\0\0\0\0\0\0\0\0\0\0\0\0\0\0\0\0\0\0\0"..., 10240) = 10240
fsync(16</tmp/nia-publication-fault-kpgp25ml/case/store/incoming/6d818c9d245052b24955a7b5d7ddc474>) = 0
renameat2(17</tmp/nia-publication-fault-kpgp25ml/case/store/incoming>, "6d818c9d245052b24955a7b5d7ddc474", 16</tmp/nia-publication-fault-kpgp25ml/case/store/objects/84>, "ff92691f909a05b224e1c56abb4864f01b4f8e3c854e4bb4c7baf1d3f6d652", RENAME_NOREPLACE) = -1 EEXIST (File exists)
pread64(16</tmp/nia-publication-fault-kpgp25ml/case/store/objects/84/ff92691f909a05b224e1c56abb4864f01b4f8e3c854e4bb4c7baf1d3f6d652>, "\0\0\0\0\0\0\0\0\0\0\0\0\0\0\0\0\0\0\0\0\0\0\0\0\0\0\0\0\0\0\0\0\0\0\0\0\0\0\0\0\0\0\0\0\0\0\0\0\0\0\0\0\0\0\0\0\0\0\0\0\0\0\0\0\0\0\0\0\0\0\0\0\0\0\0\0\0\0\0\0\0\0\0\0\0\0\0\0\0\0\0\0\0\0\0\0"..., 65536, 0) = 10240
pread64(16</tmp/nia-publication-fault-kpgp25ml/case/store/objects/84/ff92691f909a05b224e1c56abb4864f01b4f8e3c854e4bb4c7baf1d3f6d652>, "", 55296, 10240) = 0
pread64(16</tmp/nia-publication-fault-kpgp25ml/case/store/objects/84/ff92691f909a05b224e1c56abb4864f01b4f8e3c854e4bb4c7baf1d3f6d652>, "", 65536, 10240) = 0
fsync(17</tmp/nia-publication-fault-kpgp25ml/case/store/incoming>) = 0
pread64(3</tmp/nia-publication-fault-kpgp25ml/case/store/objects/84/ff92691f909a05b224e1c56abb4864f01b4f8e3c854e4bb4c7baf1d3f6d652>, "\0\0\0\0\0\0\0\0\0\0\0\0\0\0\0\0\0\0\0\0\0\0\0\0\0\0\0\0\0\0\0\0\0\0\0\0\0\0\0\0\0\0\0\0\0\0\0\0\0\0\0\0\0\0\0\0\0\0\0\0\0\0\0\0\0\0\0\0\0\0\0\0\0\0\0\0\0\0\0\0\0\0\0\0\0\0\0\0\0\0\0\0\0\0\0\0"..., 65536, 0) = 10240
pread64(3</tmp/nia-publication-fault-kpgp25ml/case/store/objects/84/ff92691f909a05b224e1c56abb4864f01b4f8e3c854e4bb4c7baf1d3f6d652>, "", 55296, 10240) = 0
pread64(3</tmp/nia-publication-fault-kpgp25ml/case/store/objects/84/ff92691f909a05b224e1c56abb4864f01b4f8e3c854e4bb4c7baf1d3f6d652>, "", 65536, 10240) = 0
pread64(3</tmp/nia-publication-fault-kpgp25ml/case/store/objects/84/ff92691f909a05b224e1c56abb4864f01b4f8e3c854e4bb4c7baf1d3f6d652>, "\0\0\0\0\0\0\0\0\0\0\0\0\0\0\0\0\0\0\0\0\0\0\0\0\0\0\0\0\0\0\0\0\0\0\0\0\0\0\0\0\0\0\0\0\0\0\0\0\0\0\0\0\0\0\0\0\0\0\0\0\0\0\0\0\0\0\0\0\0\0\0\0\0\0\0\0\0\0\0\0\0\0\0\0\0\0\0\0\0\0\0\0\0\0\0\0"..., 512, 0) = 512
pread64(3</tmp/nia-publication-fault-kpgp25ml/case/store/objects/84/ff92691f909a05b224e1c56abb4864f01b4f8e3c854e4bb4c7baf1d3f6d652>, "\0\0\0\0\0\0\0\0\0\0\0\0\0\0\0\0\0\0\0\0\0\0\0\0\0\0\0\0\0\0\0\0\0\0\0\0\0\0\0\0\0\0\0\0\0\0\0\0\0\0\0\0\0\0\0\0\0\0\0\0\0\0\0\0\0\0\0\0\0\0\0\0\0\0\0\0\0\0\0\0\0\0\0\0\0\0\0\0\0\0\0\0\0\0\0\0"..., 9728, 512) = 9728
pread64(3</tmp/nia-publication-fault-kpgp25ml/case/store/objects/0c/a179e6befeb761f3613f1ef57ca892ebc3a6a228dca32f1309f0ac06a7de7e>, "!<arch>\ndebian-binary/  0           0     0     100644  4         `\n2.0\ncontrol.tar/    0       "..., 65536, 0) = 20672
pread64(3</tmp/nia-publication-fault-kpgp25ml/case/store/objects/0c/a179e6befeb761f3613f1ef57ca892ebc3a6a228dca32f1309f0ac06a7de7e>, "", 44864, 20672) = 0
pread64(3</tmp/nia-publication-fault-kpgp25ml/case/store/objects/0c/a179e6befeb761f3613f1ef57ca892ebc3a6a228dca32f1309f0ac06a7de7e>, "", 65536, 20672) = 0
pread64(3</tmp/nia-publication-fault-kpgp25ml/case/store/objects/0c/a179e6befeb761f3613f1ef57ca892ebc3a6a228dca32f1309f0ac06a7de7e>, "!<arch>\n", 8, 0) = 8
pread64(3</tmp/nia-publication-fault-kpgp25ml/case/store/objects/0c/a179e6befeb761f3613f1ef57ca892ebc3a6a228dca32f1309f0ac06a7de7e>, "debian-binary/  0           0     0     100644  4         `\n", 60, 8) = 60
pread64(3</tmp/nia-publication-fault-kpgp25ml/case/store/objects/0c/a179e6befeb761f3613f1ef57ca892ebc3a6a228dca32f1309f0ac06a7de7e>, "2.0\n", 4, 68) = 4
pread64(3</tmp/nia-publication-fault-kpgp25ml/case/store/objects/0c/a179e6befeb761f3613f1ef57ca892ebc3a6a228dca32f1309f0ac06a7de7e>, "2.0\n", 4, 68) = 4
pread64(3</tmp/nia-publication-fault-kpgp25ml/case/store/objects/0c/a179e6befeb761f3613f1ef57ca892ebc3a6a228dca32f1309f0ac06a7de7e>, "control.tar/    0           0     0     100644  10240     `\n", 60, 72) = 60
pread64(3</tmp/nia-publication-fault-kpgp25ml/case/store/objects/0c/a179e6befeb761f3613f1ef57ca892ebc3a6a228dca32f1309f0ac06a7de7e>, "./control\0\0\0\0\0\0\0\0\0\0\0\0\0\0\0\0\0\0\0\0\0\0\0\0\0\0\0\0\0\0\0\0\0\0\0\0\0\0\0\0\0\0\0\0\0\0\0\0\0\0\0\0\0\0\0\0\0\0\0\0\0\0\0\0\0\0\0\0\0\0\0\0\0\0\0\0\0\0\0\0\0\0\0\0\0\0\0"..., 10240, 132) = 10240
pread64(3</tmp/nia-publication-fault-kpgp25ml/case/store/objects/0c/a179e6befeb761f3613f1ef57ca892ebc3a6a228dca32f1309f0ac06a7de7e>, "data.tar/       0           0     0     100644  10240     `\n", 60, 10372) = 60
pread64(3</tmp/nia-publication-fault-kpgp25ml/case/store/objects/0c/a179e6befeb761f3613f1ef57ca892ebc3a6a228dca32f1309f0ac06a7de7e>, "\0\0\0\0\0\0\0\0\0\0\0\0\0\0\0\0\0\0\0\0\0\0\0\0\0\0\0\0\0\0\0\0\0\0\0\0\0\0\0\0\0\0\0\0\0\0\0\0\0\0\0\0\0\0\0\0\0\0\0\0\0\0\0\0\0\0\0\0\0\0\0\0\0\0\0\0\0\0\0\0\0\0\0\0\0\0\0\0\0\0\0\0\0\0\0\0"..., 10240, 10432) = 10240
pread64(3</tmp/nia-publication-fault-kpgp25ml/case/store/objects/0c/a179e6befeb761f3613f1ef57ca892ebc3a6a228dca32f1309f0ac06a7de7e>, "!<arch>\ndebian-binary/  0           0     0     100644  4         `\n2.0\ncontrol.tar/    0       "..., 65536, 0) = 20672
pread64(3</tmp/nia-publication-fault-kpgp25ml/case/store/objects/0c/a179e6befeb761f3613f1ef57ca892ebc3a6a228dca32f1309f0ac06a7de7e>, "", 44864, 20672) = 0
pread64(3</tmp/nia-publication-fault-kpgp25ml/case/store/objects/0c/a179e6befeb761f3613f1ef57ca892ebc3a6a228dca32f1309f0ac06a7de7e>, "", 65536, 20672) = 0
pread64(3</tmp/nia-publication-fault-kpgp25ml/case/store/objects/0c/a179e6befeb761f3613f1ef57ca892ebc3a6a228dca32f1309f0ac06a7de7e>, "!<arch>\n", 8, 0) = 8
pread64(3</tmp/nia-publication-fault-kpgp25ml/case/store/objects/0c/a179e6befeb761f3613f1ef57ca892ebc3a6a228dca32f1309f0ac06a7de7e>, "debian-binary/  0           0     0     100644  4         `\n", 60, 8) = 60
pread64(3</tmp/nia-publication-fault-kpgp25ml/case/store/objects/0c/a179e6befeb761f3613f1ef57ca892ebc3a6a228dca32f1309f0ac06a7de7e>, "2.0\n", 4, 68) = 4
pread64(3</tmp/nia-publication-fault-kpgp25ml/case/store/objects/0c/a179e6befeb761f3613f1ef57ca892ebc3a6a228dca32f1309f0ac06a7de7e>, "2.0\n", 4, 68) = 4
pread64(3</tmp/nia-publication-fault-kpgp25ml/case/store/objects/0c/a179e6befeb761f3613f1ef57ca892ebc3a6a228dca32f1309f0ac06a7de7e>, "control.tar/    0           0     0     100644  10240     `\n", 60, 72) = 60
pread64(3</tmp/nia-publication-fault-kpgp25ml/case/store/objects/0c/a179e6befeb761f3613f1ef57ca892ebc3a6a228dca32f1309f0ac06a7de7e>, "./control\0\0\0\0\0\0\0\0\0\0\0\0\0\0\0\0\0\0\0\0\0\0\0\0\0\0\0\0\0\0\0\0\0\0\0\0\0\0\0\0\0\0\0\0\0\0\0\0\0\0\0\0\0\0\0\0\0\0\0\0\0\0\0\0\0\0\0\0\0\0\0\0\0\0\0\0\0\0\0\0\0\0\0\0\0\0\0"..., 10240, 132) = 10240
pread64(3</tmp/nia-publication-fault-kpgp25ml/case/store/objects/0c/a179e6befeb761f3613f1ef57ca892ebc3a6a228dca32f1309f0ac06a7de7e>, "data.tar/       0           0     0     100644  10240     `\n", 60, 10372) = 60
pread64(3</tmp/nia-publication-fault-kpgp25ml/case/store/objects/0c/a179e6befeb761f3613f1ef57ca892ebc3a6a228dca32f1309f0ac06a7de7e>, "\0\0\0\0\0\0\0\0\0\0\0\0\0\0\0\0\0\0\0\0\0\0\0\0\0\0\0\0\0\0\0\0\0\0\0\0\0\0\0\0\0\0\0\0\0\0\0\0\0\0\0\0\0\0\0\0\0\0\0\0\0\0\0\0\0\0\0\0\0\0\0\0\0\0\0\0\0\0\0\0\0\0\0\0\0\0\0\0\0\0\0\0\0\0\0\0"..., 10240, 10432) = 10240
fsync(17</tmp/nia-publication-fault-kpgp25ml/case/store/incoming>) = 0
pread64(3</tmp/nia-publication-fault-kpgp25ml/case/store/objects/0c/a179e6befeb761f3613f1ef57ca892ebc3a6a228dca32f1309f0ac06a7de7e>, "./control\0\0\0\0\0\0\0\0\0\0\0\0\0\0\0\0\0\0\0\0\0\0\0\0\0\0\0\0\0\0\0\0\0\0\0\0\0\0\0\0\0\0\0\0\0\0\0\0\0\0\0\0\0\0\0\0\0\0\0\0\0\0\0\0\0\0\0\0\0\0\0\0\0\0\0\0\0\0\0\0\0\0\0\0\0\0\0"..., 10240, 132) = 10240
write(16</tmp/nia-publication-fault-kpgp25ml/case/store/incoming/482b1d42ee93792b7a864328014a4d87>, "./control\0\0\0\0\0\0\0\0\0\0\0\0\0\0\0\0\0\0\0\0\0\0\0\0\0\0\0\0\0\0\0\0\0\0\0\0\0\0\0\0\0\0\0\0\0\0\0\0\0\0\0\0\0\0\0\0\0\0\0\0\0\0\0\0\0\0\0\0\0\0\0\0\0\0\0\0\0\0\0\0\0\0\0\0\0\0\0"..., 10240) = 10240
fsync(16</tmp/nia-publication-fault-kpgp25ml/case/store/incoming/482b1d42ee93792b7a864328014a4d87>) = 0
renameat2(17</tmp/nia-publication-fault-kpgp25ml/case/store/incoming>, "482b1d42ee93792b7a864328014a4d87", 16</tmp/nia-publication-fault-kpgp25ml/case/store/objects/4a>, "36f6eb7c1b236ab6cb28ddb882919e888bf393dfc00d93008ad6730697f8f7", RENAME_NOREPLACE) = -1 EEXIST (File exists)
pread64(16</tmp/nia-publication-fault-kpgp25ml/case/store/objects/4a/36f6eb7c1b236ab6cb28ddb882919e888bf393dfc00d93008ad6730697f8f7>, "./control\0\0\0\0\0\0\0\0\0\0\0\0\0\0\0\0\0\0\0\0\0\0\0\0\0\0\0\0\0\0\0\0\0\0\0\0\0\0\0\0\0\0\0\0\0\0\0\0\0\0\0\0\0\0\0\0\0\0\0\0\0\0\0\0\0\0\0\0\0\0\0\0\0\0\0\0\0\0\0\0\0\0\0\0\0\0\0"..., 65536, 0) = 10240
pread64(16</tmp/nia-publication-fault-kpgp25ml/case/store/objects/4a/36f6eb7c1b236ab6cb28ddb882919e888bf393dfc00d93008ad6730697f8f7>, "", 55296, 10240) = 0
pread64(16</tmp/nia-publication-fault-kpgp25ml/case/store/objects/4a/36f6eb7c1b236ab6cb28ddb882919e888bf393dfc00d93008ad6730697f8f7>, "", 65536, 10240) = 0
fsync(17</tmp/nia-publication-fault-kpgp25ml/case/store/incoming>) = 0
pread64(3</tmp/nia-publication-fault-kpgp25ml/case/store/objects/4a/36f6eb7c1b236ab6cb28ddb882919e888bf393dfc00d93008ad6730697f8f7>, "./control\0\0\0\0\0\0\0\0\0\0\0\0\0\0\0\0\0\0\0\0\0\0\0\0\0\0\0\0\0\0\0\0\0\0\0\0\0\0\0\0\0\0\0\0\0\0\0\0\0\0\0\0\0\0\0\0\0\0\0\0\0\0\0\0\0\0\0\0\0\0\0\0\0\0\0\0\0\0\0\0\0\0\0\0\0\0\0"..., 65536, 0) = 10240
pread64(3</tmp/nia-publication-fault-kpgp25ml/case/store/objects/4a/36f6eb7c1b236ab6cb28ddb882919e888bf393dfc00d93008ad6730697f8f7>, "", 55296, 10240) = 0
pread64(3</tmp/nia-publication-fault-kpgp25ml/case/store/objects/4a/36f6eb7c1b236ab6cb28ddb882919e888bf393dfc00d93008ad6730697f8f7>, "", 65536, 10240) = 0
pread64(3</tmp/nia-publication-fault-kpgp25ml/case/store/objects/4a/36f6eb7c1b236ab6cb28ddb882919e888bf393dfc00d93008ad6730697f8f7>, "./control\0\0\0\0\0\0\0\0\0\0\0\0\0\0\0\0\0\0\0\0\0\0\0\0\0\0\0\0\0\0\0\0\0\0\0\0\0\0\0\0\0\0\0\0\0\0\0\0\0\0\0\0\0\0\0\0\0\0\0\0\0\0\0\0\0\0\0\0\0\0\0\0\0\0\0\0\0\0\0\0\0\0\0\0\0\0\0"..., 10240, 0) = 10240
fsync(17</tmp/nia-publication-fault-kpgp25ml/case/store/incoming>) = 0
write(16</tmp/nia-publication-fault-kpgp25ml/case/store/incoming/e15a36ae0f7b0c15952d1b80e734d6c5>, "Package: empty-package\nVersion: 1\nArchitecture: all\nMaintainer: Fixture <fixture@example.invalid"..., 149) = 149
fsync(16</tmp/nia-publication-fault-kpgp25ml/case/store/incoming/e15a36ae0f7b0c15952d1b80e734d6c5>) = 0
renameat2(17</tmp/nia-publication-fault-kpgp25ml/case/store/incoming>, "e15a36ae0f7b0c15952d1b80e734d6c5", 16</tmp/nia-publication-fault-kpgp25ml/case/store/objects/a3>, "1a856f430af395bccd7eb2f142b11ad3ae0fc5daf3acc4ffb341c48a5abd39", RENAME_NOREPLACE) = -1 EEXIST (File exists)
pread64(16</tmp/nia-publication-fault-kpgp25ml/case/store/objects/a3/1a856f430af395bccd7eb2f142b11ad3ae0fc5daf3acc4ffb341c48a5abd39>, "Package: empty-package\nVersion: 1\nArchitecture: all\nMaintainer: Fixture <fixture@example.invalid"..., 65536, 0) = 149
pread64(16</tmp/nia-publication-fault-kpgp25ml/case/store/objects/a3/1a856f430af395bccd7eb2f142b11ad3ae0fc5daf3acc4ffb341c48a5abd39>, "", 65387, 149) = 0
pread64(16</tmp/nia-publication-fault-kpgp25ml/case/store/objects/a3/1a856f430af395bccd7eb2f142b11ad3ae0fc5daf3acc4ffb341c48a5abd39>, "", 65536, 149) = 0
fsync(17</tmp/nia-publication-fault-kpgp25ml/case/store/incoming>) = 0
pread64(3</tmp/nia-publication-fault-kpgp25ml/case/store/objects/a3/1a856f430af395bccd7eb2f142b11ad3ae0fc5daf3acc4ffb341c48a5abd39>, "Package: empty-package\nVersion: 1\nArchitecture: all\nMaintainer: Fixture <fixture@example.invalid"..., 65536, 0) = 149
pread64(3</tmp/nia-publication-fault-kpgp25ml/case/store/objects/a3/1a856f430af395bccd7eb2f142b11ad3ae0fc5daf3acc4ffb341c48a5abd39>, "", 65387, 149) = 0
pread64(3</tmp/nia-publication-fault-kpgp25ml/case/store/objects/a3/1a856f430af395bccd7eb2f142b11ad3ae0fc5daf3acc4ffb341c48a5abd39>, "", 65536, 149) = 0
pread64(3</tmp/nia-publication-fault-kpgp25ml/case/store/objects/a3/1a856f430af395bccd7eb2f142b11ad3ae0fc5daf3acc4ffb341c48a5abd39>, "Package: empty-package\nVersion: 1\nArchitecture: all\nMaintainer: Fixture <fixture@example.invalid"..., 16777216, 0) = 149
pread64(3</tmp/nia-publication-fault-kpgp25ml/case/store/objects/a3/1a856f430af395bccd7eb2f142b11ad3ae0fc5daf3acc4ffb341c48a5abd39>, "", 16777067, 149) = 0
pread64(3</tmp/nia-publication-fault-kpgp25ml/case/store/objects/a3/1a856f430af395bccd7eb2f142b11ad3ae0fc5daf3acc4ffb341c48a5abd39>, "Package: empty-package\nVersion: 1\nArchitecture: all\nMaintainer: Fixture <fixture@example.invalid"..., 65536, 0) = 149
pread64(3</tmp/nia-publication-fault-kpgp25ml/case/store/objects/a3/1a856f430af395bccd7eb2f142b11ad3ae0fc5daf3acc4ffb341c48a5abd39>, "", 65387, 149) = 0
pread64(3</tmp/nia-publication-fault-kpgp25ml/case/store/objects/a3/1a856f430af395bccd7eb2f142b11ad3ae0fc5daf3acc4ffb341c48a5abd39>, "", 65536, 149) = 0
pread64(3</tmp/nia-publication-fault-kpgp25ml/case/store/objects/a3/1a856f430af395bccd7eb2f142b11ad3ae0fc5daf3acc4ffb341c48a5abd39>, "Package: empty-package\nVersion: 1\nArchitecture: all\nMaintainer: Fixture <fixture@example.invalid"..., 16777216, 0) = 149
pread64(3</tmp/nia-publication-fault-kpgp25ml/case/store/objects/a3/1a856f430af395bccd7eb2f142b11ad3ae0fc5daf3acc4ffb341c48a5abd39>, "", 16777067, 149) = 0
pread64(3</tmp/nia-publication-fault-kpgp25ml/case/state/root.state>, "MCROOT02\37\37\37\37\37\37\37\37\37\37\37\37\37\37\37\37\0\0\0\0\0\0\0\0================|(\260]\354\310\366\2733\266\317\17dlZ\365\252\200U\340\nL\366\332\32tk\326;\35\36\362\0\0\0\0\0\0\0\0\0\0\0\0\0\0\0\0"..., 192, 0) = 192
pread64(3</tmp/nia-publication-fault-kpgp25ml/case/store/objects/7c/28b05decc8f6bb33b6cf0f646c5af5aa8055e00a4cf6da1a746bd63b1d1ef2>, "MCPLAN02\37\37\37\37\37\37\37\37\37\37\37\37\37\37\37\37================\0\0\0\0\0\0\0\0\0\0\0\0\0\0\0\1\0\0\0\0\0\0\0\1\0\0\0\0\0\0\0\2\216\346\2104^\35\225\2\356\214\327'zE<0\277\267{\224r\1\276\263"..., 4500000, 0) = 467
pread64(3</tmp/nia-publication-fault-kpgp25ml/case/store/objects/7c/28b05decc8f6bb33b6cf0f646c5af5aa8055e00a4cf6da1a746bd63b1d1ef2>, "", 4499533, 467) = 0
pread64(3</tmp/nia-publication-fault-kpgp25ml/case/store/pins/3d3d3d3d3d3d3d3d3d3d3d3d3d3d3d3d>, "|(\260]\354\310\366\2733\266\317\17dlZ\365\252\200U\340\nL\366\332\32tk\326;\35\36\362", 33, 0) = 32
pread64(3</tmp/nia-publication-fault-kpgp25ml/case/store/pins/3d3d3d3d3d3d3d3d3d3d3d3d3d3d3d3d>, "", 1, 32) = 0
pread64(3</tmp/nia-publication-fault-kpgp25ml/case/state/tx-3d3d3d3d3d3d3d3d3d3d3d3d3d3d3d3d.log>, "MCLOG002\0\0\0\0\0\0\0\1\0\1\0\0\0\0\0\0\37\37\37\37\37\37\37\37\37\37\37\37\37\37\37\37================\0\0\0\0\0\0\0\1\0\0\0\0\0\0\0\2\0\0\0\0\0\0\0\0\0\0\0\0\0\0\0\1|(\260]\354\310\366\273"..., 256, 0) = 256
pread64(3</tmp/nia-publication-fault-kpgp25ml/case/state/tx-3d3d3d3d3d3d3d3d3d3d3d3d3d3d3d3d.log>, "MCLOG002\0\0\0\0\0\0\0\2\0\2\0\0\0\0\0\0\37\37\37\37\37\37\37\37\37\37\37\37\37\37\37\37================\0\0\0\0\0\0\0\1\0\0\0\0\0\0\0\2\0\0\0\0\0\0\0\1\0\0\0\0\0\0\0\1|(\260]\354\310\366\273"..., 256, 256) = 256
pread64(3</tmp/nia-publication-fault-kpgp25ml/case/state/tx-3d3d3d3d3d3d3d3d3d3d3d3d3d3d3d3d.log>, "MCLOG002\0\0\0\0\0\0\0\3\0\3\0\0\0\0\0\0\37\37\37\37\37\37\37\37\37\37\37\37\37\37\37\37================\0\0\0\0\0\0\0\1\0\0\0\0\0\0\0\2\0\0\0\0\0\0\0\1\0\0\0\0\0\0\0\1|(\260]\354\310\366\273"..., 256, 512) = 256
pread64(3</tmp/nia-publication-fault-kpgp25ml/case/state/tx-3d3d3d3d3d3d3d3d3d3d3d3d3d3d3d3d.log>, "MCLOG002\0\0\0\0\0\0\0\4\0\4\0\0\0\0\0\0\37\37\37\37\37\37\37\37\37\37\37\37\37\37\37\37================\0\0\0\0\0\0\0\1\0\0\0\0\0\0\0\2\0\0\0\0\0\0\0\0\0\0\0\0\0\0\0\1|(\260]\354\310\366\273"..., 256, 768) = 256
pread64(18</tmp/nia-publication-fault-kpgp25ml/case/state/root.state>, "MCROOT02\37\37\37\37\37\37\37\37\37\37\37\37\37\37\37\37\0\0\0\0\0\0\0\0================|(\260]\354\310\366\2733\266\317\17dlZ\365\252\200U\340\nL\366\332\32tk\326;\35\36\362\0\0\0\0\0\0\0\0\0\0\0\0\0\0\0\0"..., 192, 0) = 192
pread64(3</tmp/nia-publication-fault-kpgp25ml/case/store/objects/b2/d93d1647239d0ba4daeaa2a008547e866b63fe552b7835bb1cf81afd008832>, "NIASPOL1~R\322\ng\4\374Nt{\300\301\330\36\340\226\257\27\360\206\320\344f\21\354\217~\254\226\320\232\"\0\0\0\0\0\0\3\350\0\0\0\0\0\0\0\1GGGGGGGGGGGGGGGGGGGGGGGGGGGGGGGG\212\210\343\335t\t\361\225"..., 65536, 0) = 136
pread64(3</tmp/nia-publication-fault-kpgp25ml/case/store/objects/b2/d93d1647239d0ba4daeaa2a008547e866b63fe552b7835bb1cf81afd008832>, "", 65400, 136) = 0
pread64(3</tmp/nia-publication-fault-kpgp25ml/case/store/objects/b2/d93d1647239d0ba4daeaa2a008547e866b63fe552b7835bb1cf81afd008832>, "", 65536, 136) = 0
pread64(3</tmp/nia-publication-fault-kpgp25ml/case/store/objects/b2/d93d1647239d0ba4daeaa2a008547e866b63fe552b7835bb1cf81afd008832>, "NIASPOL1~R\322\ng\4\374Nt{\300\301\330\36\340\226\257\27\360\206\320\344f\21\354\217~\254\226\320\232\"\0\0\0\0\0\0\3\350\0\0\0\0\0\0\0\1GGGGGGGGGGGGGGGGGGGGGGGGGGGGGGGG\212\210\343\335t\t\361\225"..., 20536, 0) = 136
pread64(3</tmp/nia-publication-fault-kpgp25ml/case/store/objects/b2/d93d1647239d0ba4daeaa2a008547e866b63fe552b7835bb1cf81afd008832>, "", 20400, 136) = 0
pread64(3</tmp/nia-publication-fault-kpgp25ml/case/store/objects/b2/d93d1647239d0ba4daeaa2a008547e866b63fe552b7835bb1cf81afd008832>, "NIASPOL1~R\322\ng\4\374Nt{\300\301\330\36\340\226\257\27\360\206\320\344f\21\354\217~\254\226\320\232\"\0\0\0\0\0\0\3\350\0\0\0\0\0\0\0\1GGGGGGGGGGGGGGGGGGGGGGGGGGGGGGGG\212\210\343\335t\t\361\225"..., 65536, 0) = 136
pread64(3</tmp/nia-publication-fault-kpgp25ml/case/store/objects/b2/d93d1647239d0ba4daeaa2a008547e866b63fe552b7835bb1cf81afd008832>, "", 65400, 136) = 0
pread64(3</tmp/nia-publication-fault-kpgp25ml/case/store/objects/b2/d93d1647239d0ba4daeaa2a008547e866b63fe552b7835bb1cf81afd008832>, "", 65536, 136) = 0
pread64(3</tmp/nia-publication-fault-kpgp25ml/case/store/objects/b2/d93d1647239d0ba4daeaa2a008547e866b63fe552b7835bb1cf81afd008832>, "NIASPOL1~R\322\ng\4\374Nt{\300\301\330\36\340\226\257\27\360\206\320\344f\21\354\217~\254\226\320\232\"\0\0\0\0\0\0\3\350\0\0\0\0\0\0\0\1GGGGGGGGGGGGGGGGGGGGGGGGGGGGGGGG\212\210\343\335t\t\361\225"..., 20536, 0) = 136
pread64(3</tmp/nia-publication-fault-kpgp25ml/case/store/objects/b2/d93d1647239d0ba4daeaa2a008547e866b63fe552b7835bb1cf81afd008832>, "", 20400, 136) = 0
pread64(3</tmp/nia-publication-fault-kpgp25ml/case/store/objects/7e/52d20a6704fc4e747bc0c1d81ee096af17f086d0e46611ec8f7eac96d09a22>, "NIASMAP1\37\37\37\37\37\37\37\37\37\37\37\37\37\37\37\37\0\0\0\0\0\0\0\0\0\0\0\0\0\0\0\0\0\0\0\0\0\0\0\0\0\0\0\0\0\0\0\0\0\0\0\0\0\0\0\0\0\0\0\0\0\0\0\0\0\0\0\0\0\0\0\0\0\0\0\0\0\0\0\0\216\346\2104^\35\225\2"..., 65536, 0) = 256
pread64(3</tmp/nia-publication-fault-kpgp25ml/case/store/objects/7e/52d20a6704fc4e747bc0c1d81ee096af17f086d0e46611ec8f7eac96d09a22>, "", 65280, 256) = 0
pread64(3</tmp/nia-publication-fault-kpgp25ml/case/store/objects/7e/52d20a6704fc4e747bc0c1d81ee096af17f086d0e46611ec8f7eac96d09a22>, "", 65536, 256) = 0
pread64(3</tmp/nia-publication-fault-kpgp25ml/case/store/objects/7e/52d20a6704fc4e747bc0c1d81ee096af17f086d0e46611ec8f7eac96d09a22>, "NIASMAP1\37\37\37\37\37\37\37\37\37\37\37\37\37\37\37\37\0\0\0\0\0\0\0\0\0\0\0\0\0\0\0\0\0\0\0\0\0\0\0\0\0\0\0\0\0\0\0\0\0\0\0\0\0\0\0\0\0\0\0\0\0\0\0\0\0\0\0\0\0\0\0\0\0\0\0\0\0\0\0\0\216\346\2104^\35\225\2"..., 393376, 0) = 256
pread64(3</tmp/nia-publication-fault-kpgp25ml/case/store/objects/7e/52d20a6704fc4e747bc0c1d81ee096af17f086d0e46611ec8f7eac96d09a22>, "", 393120, 256) = 0
pread64(3</tmp/nia-publication-fault-kpgp25ml/case/store/objects/be/79019cd624c1b58af3cac32a235b467dac74ebfc6ee94e6390a198650449a5>, "NIASUP01GGGGGGGGGGGGGGGGGGGGGGGGGGGGGGGGf\246uqQ\370\356U\333\22w\26\307\343\334\340\276\200t\266N \355\245B\345\301\344l\251\304\36\f\241y\346\276\376\267a\363a?\36\365|\250\222\353\303\246\242(\334\243/"..., 65536, 0) = 320
pread64(3</tmp/nia-publication-fault-kpgp25ml/case/store/objects/be/79019cd624c1b58af3cac32a235b467dac74ebfc6ee94e6390a198650449a5>, "", 65216, 320) = 0
pread64(3</tmp/nia-publication-fault-kpgp25ml/case/store/objects/be/79019cd624c1b58af3cac32a235b467dac74ebfc6ee94e6390a198650449a5>, "", 65536, 320) = 0
pread64(3</tmp/nia-publication-fault-kpgp25ml/case/store/objects/be/79019cd624c1b58af3cac32a235b467dac74ebfc6ee94e6390a198650449a5>, "NIASUP01GGGGGGGGGGGGGGGGGGGGGGGGGGGGGGGGf\246uqQ\370\356U\333\22w\26\307\343\334\340\276\200t\266N \355\245B\345\301\344l\251\304\36\f\241y\346\276\376\267a\363a?\36\365|\250\222\353\303\246\242(\334\243/"..., 320, 0) = 320
pread64(3</tmp/nia-publication-fault-kpgp25ml/case/store/objects/66/a6757151f8ee55db127716c7e3dce0be8074b64e20eda542e5c1e46ca9c41e>, "\7\10\t", 65536, 0) = 3
pread64(3</tmp/nia-publication-fault-kpgp25ml/case/store/objects/66/a6757151f8ee55db127716c7e3dce0be8074b64e20eda542e5c1e46ca9c41e>, "", 65533, 3) = 0
pread64(3</tmp/nia-publication-fault-kpgp25ml/case/store/objects/66/a6757151f8ee55db127716c7e3dce0be8074b64e20eda542e5c1e46ca9c41e>, "", 65536, 3) = 0
pread64(3</tmp/nia-publication-fault-kpgp25ml/case/store/objects/0c/a179e6befeb761f3613f1ef57ca892ebc3a6a228dca32f1309f0ac06a7de7e>, "!<arch>\ndebian-binary/  0           0     0     100644  4         `\n2.0\ncontrol.tar/    0       "..., 65536, 0) = 20672
pread64(3</tmp/nia-publication-fault-kpgp25ml/case/store/objects/0c/a179e6befeb761f3613f1ef57ca892ebc3a6a228dca32f1309f0ac06a7de7e>, "", 44864, 20672) = 0
pread64(3</tmp/nia-publication-fault-kpgp25ml/case/store/objects/0c/a179e6befeb761f3613f1ef57ca892ebc3a6a228dca32f1309f0ac06a7de7e>, "", 65536, 20672) = 0
pread64(3</tmp/nia-publication-fault-kpgp25ml/case/store/objects/a3/1a856f430af395bccd7eb2f142b11ad3ae0fc5daf3acc4ffb341c48a5abd39>, "Package: empty-package\nVersion: 1\nArchitecture: all\nMaintainer: Fixture <fixture@example.invalid"..., 65536, 0) = 149
pread64(3</tmp/nia-publication-fault-kpgp25ml/case/store/objects/a3/1a856f430af395bccd7eb2f142b11ad3ae0fc5daf3acc4ffb341c48a5abd39>, "", 65387, 149) = 0
pread64(3</tmp/nia-publication-fault-kpgp25ml/case/store/objects/a3/1a856f430af395bccd7eb2f142b11ad3ae0fc5daf3acc4ffb341c48a5abd39>, "", 65536, 149) = 0
pread64(3</tmp/nia-publication-fault-kpgp25ml/case/store/objects/66/a6757151f8ee55db127716c7e3dce0be8074b64e20eda542e5c1e46ca9c41e>, "\7\10\t", 65536, 0) = 3
pread64(3</tmp/nia-publication-fault-kpgp25ml/case/store/objects/66/a6757151f8ee55db127716c7e3dce0be8074b64e20eda542e5c1e46ca9c41e>, "", 65533, 3) = 0
pread64(3</tmp/nia-publication-fault-kpgp25ml/case/store/objects/66/a6757151f8ee55db127716c7e3dce0be8074b64e20eda542e5c1e46ca9c41e>, "", 65536, 3) = 0
pread64(3</tmp/nia-publication-fault-kpgp25ml/case/store/objects/66/a6757151f8ee55db127716c7e3dce0be8074b64e20eda542e5c1e46ca9c41e>, "\7\10\t", 65536, 0) = 3
pread64(3</tmp/nia-publication-fault-kpgp25ml/case/store/objects/66/a6757151f8ee55db127716c7e3dce0be8074b64e20eda542e5c1e46ca9c41e>, "", 65533, 3) = 0
pread64(3</tmp/nia-publication-fault-kpgp25ml/case/store/objects/66/a6757151f8ee55db127716c7e3dce0be8074b64e20eda542e5c1e46ca9c41e>, "", 65536, 3) = 0
pread64(3</tmp/nia-publication-fault-kpgp25ml/case/store/objects/66/a6757151f8ee55db127716c7e3dce0be8074b64e20eda542e5c1e46ca9c41e>, "\7\10\t", 65536, 0) = 3
pread64(3</tmp/nia-publication-fault-kpgp25ml/case/store/objects/66/a6757151f8ee55db127716c7e3dce0be8074b64e20eda542e5c1e46ca9c41e>, "", 65533, 3) = 0
pread64(3</tmp/nia-publication-fault-kpgp25ml/case/store/objects/66/a6757151f8ee55db127716c7e3dce0be8074b64e20eda542e5c1e46ca9c41e>, "", 65536, 3) = 0
pread64(3</tmp/nia-publication-fault-kpgp25ml/case/store/objects/be/79019cd624c1b58af3cac32a235b467dac74ebfc6ee94e6390a198650449a5>, "NIASUP01GGGGGGGGGGGGGGGGGGGGGGGGGGGGGGGGf\246uqQ\370\356U\333\22w\26\307\343\334\340\276\200t\266N \355\245B\345\301\344l\251\304\36\f\241y\346\276\376\267a\363a?\36\365|\250\222\353\303\246\242(\334\243/"..., 65536, 0) = 320
pread64(3</tmp/nia-publication-fault-kpgp25ml/case/store/objects/be/79019cd624c1b58af3cac32a235b467dac74ebfc6ee94e6390a198650449a5>, "", 65216, 320) = 0
pread64(3</tmp/nia-publication-fault-kpgp25ml/case/store/objects/be/79019cd624c1b58af3cac32a235b467dac74ebfc6ee94e6390a198650449a5>, "", 65536, 320) = 0
pread64(3</tmp/nia-publication-fault-kpgp25ml/case/store/objects/be/79019cd624c1b58af3cac32a235b467dac74ebfc6ee94e6390a198650449a5>, "NIASUP01GGGGGGGGGGGGGGGGGGGGGGGGGGGGGGGGf\246uqQ\370\356U\333\22w\26\307\343\334\340\276\200t\266N \355\245B\345\301\344l\251\304\36\f\241y\346\276\376\267a\363a?\36\365|\250\222\353\303\246\242(\334\243/"..., 320, 0) = 320
pread64(3</tmp/nia-publication-fault-kpgp25ml/case/store/objects/66/a6757151f8ee55db127716c7e3dce0be8074b64e20eda542e5c1e46ca9c41e>, "\7\10\t", 65536, 0) = 3
pread64(3</tmp/nia-publication-fault-kpgp25ml/case/store/objects/66/a6757151f8ee55db127716c7e3dce0be8074b64e20eda542e5c1e46ca9c41e>, "", 65533, 3) = 0
pread64(3</tmp/nia-publication-fault-kpgp25ml/case/store/objects/66/a6757151f8ee55db127716c7e3dce0be8074b64e20eda542e5c1e46ca9c41e>, "", 65536, 3) = 0
pread64(3</tmp/nia-publication-fault-kpgp25ml/case/store/objects/0c/a179e6befeb761f3613f1ef57ca892ebc3a6a228dca32f1309f0ac06a7de7e>, "!<arch>\ndebian-binary/  0           0     0     100644  4         `\n2.0\ncontrol.tar/    0       "..., 65536, 0) = 20672
pread64(3</tmp/nia-publication-fault-kpgp25ml/case/store/objects/0c/a179e6befeb761f3613f1ef57ca892ebc3a6a228dca32f1309f0ac06a7de7e>, "", 44864, 20672) = 0
pread64(3</tmp/nia-publication-fault-kpgp25ml/case/store/objects/0c/a179e6befeb761f3613f1ef57ca892ebc3a6a228dca32f1309f0ac06a7de7e>, "", 65536, 20672) = 0
pread64(3</tmp/nia-publication-fault-kpgp25ml/case/store/objects/a3/1a856f430af395bccd7eb2f142b11ad3ae0fc5daf3acc4ffb341c48a5abd39>, "Package: empty-package\nVersion: 1\nArchitecture: all\nMaintainer: Fixture <fixture@example.invalid"..., 65536, 0) = 149
pread64(3</tmp/nia-publication-fault-kpgp25ml/case/store/objects/a3/1a856f430af395bccd7eb2f142b11ad3ae0fc5daf3acc4ffb341c48a5abd39>, "", 65387, 149) = 0
pread64(3</tmp/nia-publication-fault-kpgp25ml/case/store/objects/a3/1a856f430af395bccd7eb2f142b11ad3ae0fc5daf3acc4ffb341c48a5abd39>, "", 65536, 149) = 0
pread64(3</tmp/nia-publication-fault-kpgp25ml/case/store/objects/66/a6757151f8ee55db127716c7e3dce0be8074b64e20eda542e5c1e46ca9c41e>, "\7\10\t", 65536, 0) = 3
pread64(3</tmp/nia-publication-fault-kpgp25ml/case/store/objects/66/a6757151f8ee55db127716c7e3dce0be8074b64e20eda542e5c1e46ca9c41e>, "", 65533, 3) = 0
pread64(3</tmp/nia-publication-fault-kpgp25ml/case/store/objects/66/a6757151f8ee55db127716c7e3dce0be8074b64e20eda542e5c1e46ca9c41e>, "", 65536, 3) = 0
pread64(3</tmp/nia-publication-fault-kpgp25ml/case/store/objects/66/a6757151f8ee55db127716c7e3dce0be8074b64e20eda542e5c1e46ca9c41e>, "\7\10\t", 65536, 0) = 3
pread64(3</tmp/nia-publication-fault-kpgp25ml/case/store/objects/66/a6757151f8ee55db127716c7e3dce0be8074b64e20eda542e5c1e46ca9c41e>, "", 65533, 3) = 0
pread64(3</tmp/nia-publication-fault-kpgp25ml/case/store/objects/66/a6757151f8ee55db127716c7e3dce0be8074b64e20eda542e5c1e46ca9c41e>, "", 65536, 3) = 0
pread64(3</tmp/nia-publication-fault-kpgp25ml/case/store/objects/66/a6757151f8ee55db127716c7e3dce0be8074b64e20eda542e5c1e46ca9c41e>, "\7\10\t", 65536, 0) = 3
pread64(3</tmp/nia-publication-fault-kpgp25ml/case/store/objects/66/a6757151f8ee55db127716c7e3dce0be8074b64e20eda542e5c1e46ca9c41e>, "", 65533, 3) = 0
pread64(3</tmp/nia-publication-fault-kpgp25ml/case/store/objects/66/a6757151f8ee55db127716c7e3dce0be8074b64e20eda542e5c1e46ca9c41e>, "", 65536, 3) = 0
pread64(3</tmp/nia-publication-fault-kpgp25ml/case/store/objects/be/79019cd624c1b58af3cac32a235b467dac74ebfc6ee94e6390a198650449a5>, "NIASUP01GGGGGGGGGGGGGGGGGGGGGGGGGGGGGGGGf\246uqQ\370\356U\333\22w\26\307\343\334\340\276\200t\266N \355\245B\345\301\344l\251\304\36\f\241y\346\276\376\267a\363a?\36\365|\250\222\353\303\246\242(\334\243/"..., 65536, 0) = 320
pread64(3</tmp/nia-publication-fault-kpgp25ml/case/store/objects/be/79019cd624c1b58af3cac32a235b467dac74ebfc6ee94e6390a198650449a5>, "", 65216, 320) = 0
pread64(3</tmp/nia-publication-fault-kpgp25ml/case/store/objects/be/79019cd624c1b58af3cac32a235b467dac74ebfc6ee94e6390a198650449a5>, "", 65536, 320) = 0
pread64(3</tmp/nia-publication-fault-kpgp25ml/case/store/objects/be/79019cd624c1b58af3cac32a235b467dac74ebfc6ee94e6390a198650449a5>, "NIASUP01GGGGGGGGGGGGGGGGGGGGGGGGGGGGGGGGf\246uqQ\370\356U\333\22w\26\307\343\334\340\276\200t\266N \355\245B\345\301\344l\251\304\36\f\241y\346\276\376\267a\363a?\36\365|\250\222\353\303\246\242(\334\243/"..., 320, 0) = 320
pread64(3</tmp/nia-publication-fault-kpgp25ml/case/store/objects/66/a6757151f8ee55db127716c7e3dce0be8074b64e20eda542e5c1e46ca9c41e>, "\7\10\t", 65536, 0) = 3
pread64(3</tmp/nia-publication-fault-kpgp25ml/case/store/objects/66/a6757151f8ee55db127716c7e3dce0be8074b64e20eda542e5c1e46ca9c41e>, "", 65533, 3) = 0
pread64(3</tmp/nia-publication-fault-kpgp25ml/case/store/objects/66/a6757151f8ee55db127716c7e3dce0be8074b64e20eda542e5c1e46ca9c41e>, "", 65536, 3) = 0
pread64(3</tmp/nia-publication-fault-kpgp25ml/case/store/objects/0c/a179e6befeb761f3613f1ef57ca892ebc3a6a228dca32f1309f0ac06a7de7e>, "!<arch>\ndebian-binary/  0           0     0     100644  4         `\n2.0\ncontrol.tar/    0       "..., 65536, 0) = 20672
pread64(3</tmp/nia-publication-fault-kpgp25ml/case/store/objects/0c/a179e6befeb761f3613f1ef57ca892ebc3a6a228dca32f1309f0ac06a7de7e>, "", 44864, 20672) = 0
pread64(3</tmp/nia-publication-fault-kpgp25ml/case/store/objects/0c/a179e6befeb761f3613f1ef57ca892ebc3a6a228dca32f1309f0ac06a7de7e>, "", 65536, 20672) = 0
pread64(3</tmp/nia-publication-fault-kpgp25ml/case/store/objects/a3/1a856f430af395bccd7eb2f142b11ad3ae0fc5daf3acc4ffb341c48a5abd39>, "Package: empty-package\nVersion: 1\nArchitecture: all\nMaintainer: Fixture <fixture@example.invalid"..., 65536, 0) = 149
pread64(3</tmp/nia-publication-fault-kpgp25ml/case/store/objects/a3/1a856f430af395bccd7eb2f142b11ad3ae0fc5daf3acc4ffb341c48a5abd39>, "", 65387, 149) = 0
pread64(3</tmp/nia-publication-fault-kpgp25ml/case/store/objects/a3/1a856f430af395bccd7eb2f142b11ad3ae0fc5daf3acc4ffb341c48a5abd39>, "", 65536, 149) = 0
pread64(3</tmp/nia-publication-fault-kpgp25ml/case/store/objects/66/a6757151f8ee55db127716c7e3dce0be8074b64e20eda542e5c1e46ca9c41e>, "\7\10\t", 65536, 0) = 3
pread64(3</tmp/nia-publication-fault-kpgp25ml/case/store/objects/66/a6757151f8ee55db127716c7e3dce0be8074b64e20eda542e5c1e46ca9c41e>, "", 65533, 3) = 0
pread64(3</tmp/nia-publication-fault-kpgp25ml/case/store/objects/66/a6757151f8ee55db127716c7e3dce0be8074b64e20eda542e5c1e46ca9c41e>, "", 65536, 3) = 0
pread64(3</tmp/nia-publication-fault-kpgp25ml/case/store/objects/66/a6757151f8ee55db127716c7e3dce0be8074b64e20eda542e5c1e46ca9c41e>, "\7\10\t", 65536, 0) = 3
pread64(3</tmp/nia-publication-fault-kpgp25ml/case/store/objects/66/a6757151f8ee55db127716c7e3dce0be8074b64e20eda542e5c1e46ca9c41e>, "", 65533, 3) = 0
pread64(3</tmp/nia-publication-fault-kpgp25ml/case/store/objects/66/a6757151f8ee55db127716c7e3dce0be8074b64e20eda542e5c1e46ca9c41e>, "", 65536, 3) = 0
pread64(3</tmp/nia-publication-fault-kpgp25ml/case/store/objects/66/a6757151f8ee55db127716c7e3dce0be8074b64e20eda542e5c1e46ca9c41e>, "\7\10\t", 65536, 0) = 3
pread64(3</tmp/nia-publication-fault-kpgp25ml/case/store/objects/66/a6757151f8ee55db127716c7e3dce0be8074b64e20eda542e5c1e46ca9c41e>, "", 65533, 3) = 0
pread64(3</tmp/nia-publication-fault-kpgp25ml/case/store/objects/66/a6757151f8ee55db127716c7e3dce0be8074b64e20eda542e5c1e46ca9c41e>, "", 65536, 3) = 0
pread64(3</tmp/nia-publication-fault-kpgp25ml/case/store/objects/0c/a179e6befeb761f3613f1ef57ca892ebc3a6a228dca32f1309f0ac06a7de7e>, "!<arch>\ndebian-binary/  0           0     0     100644  4         `\n2.0\ncontrol.tar/    0       "..., 65536, 0) = 20672
pread64(3</tmp/nia-publication-fault-kpgp25ml/case/store/objects/0c/a179e6befeb761f3613f1ef57ca892ebc3a6a228dca32f1309f0ac06a7de7e>, "", 44864, 20672) = 0
pread64(3</tmp/nia-publication-fault-kpgp25ml/case/store/objects/0c/a179e6befeb761f3613f1ef57ca892ebc3a6a228dca32f1309f0ac06a7de7e>, "", 65536, 20672) = 0
pread64(3</tmp/nia-publication-fault-kpgp25ml/case/store/objects/0c/a179e6befeb761f3613f1ef57ca892ebc3a6a228dca32f1309f0ac06a7de7e>, "!<arch>\n", 8, 0) = 8
pread64(3</tmp/nia-publication-fault-kpgp25ml/case/store/objects/0c/a179e6befeb761f3613f1ef57ca892ebc3a6a228dca32f1309f0ac06a7de7e>, "debian-binary/  0           0     0     100644  4         `\n", 60, 8) = 60
pread64(3</tmp/nia-publication-fault-kpgp25ml/case/store/objects/0c/a179e6befeb761f3613f1ef57ca892ebc3a6a228dca32f1309f0ac06a7de7e>, "2.0\n", 4, 68) = 4
pread64(3</tmp/nia-publication-fault-kpgp25ml/case/store/objects/0c/a179e6befeb761f3613f1ef57ca892ebc3a6a228dca32f1309f0ac06a7de7e>, "2.0\n", 4, 68) = 4
pread64(3</tmp/nia-publication-fault-kpgp25ml/case/store/objects/0c/a179e6befeb761f3613f1ef57ca892ebc3a6a228dca32f1309f0ac06a7de7e>, "control.tar/    0           0     0     100644  10240     `\n", 60, 72) = 60
pread64(3</tmp/nia-publication-fault-kpgp25ml/case/store/objects/0c/a179e6befeb761f3613f1ef57ca892ebc3a6a228dca32f1309f0ac06a7de7e>, "./control\0\0\0\0\0\0\0\0\0\0\0\0\0\0\0\0\0\0\0\0\0\0\0\0\0\0\0\0\0\0\0\0\0\0\0\0\0\0\0\0\0\0\0\0\0\0\0\0\0\0\0\0\0\0\0\0\0\0\0\0\0\0\0\0\0\0\0\0\0\0\0\0\0\0\0\0\0\0\0\0\0\0\0\0\0\0\0"..., 10240, 132) = 10240
pread64(3</tmp/nia-publication-fault-kpgp25ml/case/store/objects/0c/a179e6befeb761f3613f1ef57ca892ebc3a6a228dca32f1309f0ac06a7de7e>, "data.tar/       0           0     0     100644  10240     `\n", 60, 10372) = 60
pread64(3</tmp/nia-publication-fault-kpgp25ml/case/store/objects/0c/a179e6befeb761f3613f1ef57ca892ebc3a6a228dca32f1309f0ac06a7de7e>, "\0\0\0\0\0\0\0\0\0\0\0\0\0\0\0\0\0\0\0\0\0\0\0\0\0\0\0\0\0\0\0\0\0\0\0\0\0\0\0\0\0\0\0\0\0\0\0\0\0\0\0\0\0\0\0\0\0\0\0\0\0\0\0\0\0\0\0\0\0\0\0\0\0\0\0\0\0\0\0\0\0\0\0\0\0\0\0\0\0\0\0\0\0\0\0\0"..., 10240, 10432) = 10240
pread64(3</tmp/nia-publication-fault-kpgp25ml/case/store/objects/0c/a179e6befeb761f3613f1ef57ca892ebc3a6a228dca32f1309f0ac06a7de7e>, "!<arch>\ndebian-binary/  0           0     0     100644  4         `\n2.0\ncontrol.tar/    0       "..., 65536, 0) = 20672
pread64(3</tmp/nia-publication-fault-kpgp25ml/case/store/objects/0c/a179e6befeb761f3613f1ef57ca892ebc3a6a228dca32f1309f0ac06a7de7e>, "", 44864, 20672) = 0
pread64(3</tmp/nia-publication-fault-kpgp25ml/case/store/objects/0c/a179e6befeb761f3613f1ef57ca892ebc3a6a228dca32f1309f0ac06a7de7e>, "", 65536, 20672) = 0
pread64(3</tmp/nia-publication-fault-kpgp25ml/case/store/objects/0c/a179e6befeb761f3613f1ef57ca892ebc3a6a228dca32f1309f0ac06a7de7e>, "!<arch>\n", 8, 0) = 8
pread64(3</tmp/nia-publication-fault-kpgp25ml/case/store/objects/0c/a179e6befeb761f3613f1ef57ca892ebc3a6a228dca32f1309f0ac06a7de7e>, "debian-binary/  0           0     0     100644  4         `\n", 60, 8) = 60
pread64(3</tmp/nia-publication-fault-kpgp25ml/case/store/objects/0c/a179e6befeb761f3613f1ef57ca892ebc3a6a228dca32f1309f0ac06a7de7e>, "2.0\n", 4, 68) = 4
pread64(3</tmp/nia-publication-fault-kpgp25ml/case/store/objects/0c/a179e6befeb761f3613f1ef57ca892ebc3a6a228dca32f1309f0ac06a7de7e>, "2.0\n", 4, 68) = 4
pread64(3</tmp/nia-publication-fault-kpgp25ml/case/store/objects/0c/a179e6befeb761f3613f1ef57ca892ebc3a6a228dca32f1309f0ac06a7de7e>, "control.tar/    0           0     0     100644  10240     `\n", 60, 72) = 60
pread64(3</tmp/nia-publication-fault-kpgp25ml/case/store/objects/0c/a179e6befeb761f3613f1ef57ca892ebc3a6a228dca32f1309f0ac06a7de7e>, "./control\0\0\0\0\0\0\0\0\0\0\0\0\0\0\0\0\0\0\0\0\0\0\0\0\0\0\0\0\0\0\0\0\0\0\0\0\0\0\0\0\0\0\0\0\0\0\0\0\0\0\0\0\0\0\0\0\0\0\0\0\0\0\0\0\0\0\0\0\0\0\0\0\0\0\0\0\0\0\0\0\0\0\0\0\0\0\0"..., 10240, 132) = 10240
pread64(3</tmp/nia-publication-fault-kpgp25ml/case/store/objects/0c/a179e6befeb761f3613f1ef57ca892ebc3a6a228dca32f1309f0ac06a7de7e>, "data.tar/       0           0     0     100644  10240     `\n", 60, 10372) = 60
pread64(3</tmp/nia-publication-fault-kpgp25ml/case/store/objects/0c/a179e6befeb761f3613f1ef57ca892ebc3a6a228dca32f1309f0ac06a7de7e>, "\0\0\0\0\0\0\0\0\0\0\0\0\0\0\0\0\0\0\0\0\0\0\0\0\0\0\0\0\0\0\0\0\0\0\0\0\0\0\0\0\0\0\0\0\0\0\0\0\0\0\0\0\0\0\0\0\0\0\0\0\0\0\0\0\0\0\0\0\0\0\0\0\0\0\0\0\0\0\0\0\0\0\0\0\0\0\0\0\0\0\0\0\0\0\0\0"..., 10240, 10432) = 10240
fsync(17</tmp/nia-publication-fault-kpgp25ml/case/store/incoming>) = 0
pread64(3</tmp/nia-publication-fault-kpgp25ml/case/store/objects/0c/a179e6befeb761f3613f1ef57ca892ebc3a6a228dca32f1309f0ac06a7de7e>, "./control\0\0\0\0\0\0\0\0\0\0\0\0\0\0\0\0\0\0\0\0\0\0\0\0\0\0\0\0\0\0\0\0\0\0\0\0\0\0\0\0\0\0\0\0\0\0\0\0\0\0\0\0\0\0\0\0\0\0\0\0\0\0\0\0\0\0\0\0\0\0\0\0\0\0\0\0\0\0\0\0\0\0\0\0\0\0\0"..., 10240, 132) = 10240
write(16</tmp/nia-publication-fault-kpgp25ml/case/store/incoming/6250072c04424c4cc53c2e7473f794a6>, "./control\0\0\0\0\0\0\0\0\0\0\0\0\0\0\0\0\0\0\0\0\0\0\0\0\0\0\0\0\0\0\0\0\0\0\0\0\0\0\0\0\0\0\0\0\0\0\0\0\0\0\0\0\0\0\0\0\0\0\0\0\0\0\0\0\0\0\0\0\0\0\0\0\0\0\0\0\0\0\0\0\0\0\0\0\0\0\0"..., 10240) = 10240
fsync(16</tmp/nia-publication-fault-kpgp25ml/case/store/incoming/6250072c04424c4cc53c2e7473f794a6>) = 0
renameat2(17</tmp/nia-publication-fault-kpgp25ml/case/store/incoming>, "6250072c04424c4cc53c2e7473f794a6", 16</tmp/nia-publication-fault-kpgp25ml/case/store/objects/4a>, "36f6eb7c1b236ab6cb28ddb882919e888bf393dfc00d93008ad6730697f8f7", RENAME_NOREPLACE) = -1 EEXIST (File exists)
pread64(16</tmp/nia-publication-fault-kpgp25ml/case/store/objects/4a/36f6eb7c1b236ab6cb28ddb882919e888bf393dfc00d93008ad6730697f8f7>, "./control\0\0\0\0\0\0\0\0\0\0\0\0\0\0\0\0\0\0\0\0\0\0\0\0\0\0\0\0\0\0\0\0\0\0\0\0\0\0\0\0\0\0\0\0\0\0\0\0\0\0\0\0\0\0\0\0\0\0\0\0\0\0\0\0\0\0\0\0\0\0\0\0\0\0\0\0\0\0\0\0\0\0\0\0\0\0\0"..., 65536, 0) = 10240
pread64(16</tmp/nia-publication-fault-kpgp25ml/case/store/objects/4a/36f6eb7c1b236ab6cb28ddb882919e888bf393dfc00d93008ad6730697f8f7>, "", 55296, 10240) = 0
pread64(16</tmp/nia-publication-fault-kpgp25ml/case/store/objects/4a/36f6eb7c1b236ab6cb28ddb882919e888bf393dfc00d93008ad6730697f8f7>, "", 65536, 10240) = 0
fsync(17</tmp/nia-publication-fault-kpgp25ml/case/store/incoming>) = 0
pread64(3</tmp/nia-publication-fault-kpgp25ml/case/store/objects/4a/36f6eb7c1b236ab6cb28ddb882919e888bf393dfc00d93008ad6730697f8f7>, "./control\0\0\0\0\0\0\0\0\0\0\0\0\0\0\0\0\0\0\0\0\0\0\0\0\0\0\0\0\0\0\0\0\0\0\0\0\0\0\0\0\0\0\0\0\0\0\0\0\0\0\0\0\0\0\0\0\0\0\0\0\0\0\0\0\0\0\0\0\0\0\0\0\0\0\0\0\0\0\0\0\0\0\0\0\0\0\0"..., 65536, 0) = 10240
pread64(3</tmp/nia-publication-fault-kpgp25ml/case/store/objects/4a/36f6eb7c1b236ab6cb28ddb882919e888bf393dfc00d93008ad6730697f8f7>, "", 55296, 10240) = 0
pread64(3</tmp/nia-publication-fault-kpgp25ml/case/store/objects/4a/36f6eb7c1b236ab6cb28ddb882919e888bf393dfc00d93008ad6730697f8f7>, "", 65536, 10240) = 0
pread64(3</tmp/nia-publication-fault-kpgp25ml/case/store/objects/4a/36f6eb7c1b236ab6cb28ddb882919e888bf393dfc00d93008ad6730697f8f7>, "./control\0\0\0\0\0\0\0\0\0\0\0\0\0\0\0\0\0\0\0\0\0\0\0\0\0\0\0\0\0\0\0\0\0\0\0\0\0\0\0\0\0\0\0\0\0\0\0\0\0\0\0\0\0\0\0\0\0\0\0\0\0\0\0\0\0\0\0\0\0\0\0\0\0\0\0\0\0\0\0\0\0\0\0\0\0\0\0"..., 10240, 0) = 10240
fsync(17</tmp/nia-publication-fault-kpgp25ml/case/store/incoming>) = 0
write(16</tmp/nia-publication-fault-kpgp25ml/case/store/incoming/4347cbd18650fef6c464acfc4c4e4882>, "Package: empty-package\nVersion: 1\nArchitecture: all\nMaintainer: Fixture <fixture@example.invalid"..., 149) = 149
fsync(16</tmp/nia-publication-fault-kpgp25ml/case/store/incoming/4347cbd18650fef6c464acfc4c4e4882>) = 0
renameat2(17</tmp/nia-publication-fault-kpgp25ml/case/store/incoming>, "4347cbd18650fef6c464acfc4c4e4882", 16</tmp/nia-publication-fault-kpgp25ml/case/store/objects/a3>, "1a856f430af395bccd7eb2f142b11ad3ae0fc5daf3acc4ffb341c48a5abd39", RENAME_NOREPLACE) = -1 EEXIST (File exists)
pread64(16</tmp/nia-publication-fault-kpgp25ml/case/store/objects/a3/1a856f430af395bccd7eb2f142b11ad3ae0fc5daf3acc4ffb341c48a5abd39>, "Package: empty-package\nVersion: 1\nArchitecture: all\nMaintainer: Fixture <fixture@example.invalid"..., 65536, 0) = 149
pread64(16</tmp/nia-publication-fault-kpgp25ml/case/store/objects/a3/1a856f430af395bccd7eb2f142b11ad3ae0fc5daf3acc4ffb341c48a5abd39>, "", 65387, 149) = 0
pread64(16</tmp/nia-publication-fault-kpgp25ml/case/store/objects/a3/1a856f430af395bccd7eb2f142b11ad3ae0fc5daf3acc4ffb341c48a5abd39>, "", 65536, 149) = 0
fsync(17</tmp/nia-publication-fault-kpgp25ml/case/store/incoming>) = 0
pread64(3</tmp/nia-publication-fault-kpgp25ml/case/store/objects/a3/1a856f430af395bccd7eb2f142b11ad3ae0fc5daf3acc4ffb341c48a5abd39>, "Package: empty-package\nVersion: 1\nArchitecture: all\nMaintainer: Fixture <fixture@example.invalid"..., 65536, 0) = 149
pread64(3</tmp/nia-publication-fault-kpgp25ml/case/store/objects/a3/1a856f430af395bccd7eb2f142b11ad3ae0fc5daf3acc4ffb341c48a5abd39>, "", 65387, 149) = 0
pread64(3</tmp/nia-publication-fault-kpgp25ml/case/store/objects/a3/1a856f430af395bccd7eb2f142b11ad3ae0fc5daf3acc4ffb341c48a5abd39>, "", 65536, 149) = 0
pread64(3</tmp/nia-publication-fault-kpgp25ml/case/store/objects/a3/1a856f430af395bccd7eb2f142b11ad3ae0fc5daf3acc4ffb341c48a5abd39>, "Package: empty-package\nVersion: 1\nArchitecture: all\nMaintainer: Fixture <fixture@example.invalid"..., 16777216, 0) = 149
pread64(3</tmp/nia-publication-fault-kpgp25ml/case/store/objects/a3/1a856f430af395bccd7eb2f142b11ad3ae0fc5daf3acc4ffb341c48a5abd39>, "", 16777067, 149) = 0
pread64(3</tmp/nia-publication-fault-kpgp25ml/case/store/objects/32/094e7c613fdb6dffb1f27d926b176f7fd8946b8c2cf3ca9e3b95cb91a1a8ca>, "NIACLOS1\216\346\2104^\35\225\2\356\214\327'zE<0\277\267{\224r\1\276\2630\16\235\362\270\3122\35\273\343\341b6\331$M\267\345\300\262\251\302\306\27f\270\251!\330\260\227\374\323p\347\177\25.\3311\0\0\0\0\0\0\0\5\f\241y\346\276\376\267a\363a?\36\365|\250\222"..., 65536, 0) = 240
pread64(3</tmp/nia-publication-fault-kpgp25ml/case/store/objects/32/094e7c613fdb6dffb1f27d926b176f7fd8946b8c2cf3ca9e3b95cb91a1a8ca>, "", 65296, 240) = 0
pread64(3</tmp/nia-publication-fault-kpgp25ml/case/store/objects/32/094e7c613fdb6dffb1f27d926b176f7fd8946b8c2cf3ca9e3b95cb91a1a8ca>, "", 65536, 240) = 0
pread64(3</tmp/nia-publication-fault-kpgp25ml/case/store/objects/32/094e7c613fdb6dffb1f27d926b176f7fd8946b8c2cf3ca9e3b95cb91a1a8ca>, "NIACLOS1\216\346\2104^\35\225\2\356\214\327'zE<0\277\267{\224r\1\276\2630\16\235\362\270\3122\35\273\343\341b6\331$M\267\345\300\262\251\302\306\27f\270\251!\330\260\227\374\323p\347\177\25.\3311\0\0\0\0\0\0\0\5", 80, 0) = 80
pread64(3</tmp/nia-publication-fault-kpgp25ml/case/store/objects/32/094e7c613fdb6dffb1f27d926b176f7fd8946b8c2cf3ca9e3b95cb91a1a8ca>, "\f\241y\346\276\376\267a\363a?\36\365|\250\222\353\303\246\242(\334\243/\23\t\360\254\6\247\336~", 32, 80) = 32
pread64(16</tmp/nia-publication-fault-kpgp25ml/case/store/objects/0c/a179e6befeb761f3613f1ef57ca892ebc3a6a228dca32f1309f0ac06a7de7e>, "!<arch>\ndebian-binary/  0           0     0     100644  4         `\n2.0\ncontrol.tar/    0       "..., 65536, 0) = 20672
pread64(16</tmp/nia-publication-fault-kpgp25ml/case/store/objects/0c/a179e6befeb761f3613f1ef57ca892ebc3a6a228dca32f1309f0ac06a7de7e>, "", 44864, 20672) = 0
pread64(16</tmp/nia-publication-fault-kpgp25ml/case/store/objects/0c/a179e6befeb761f3613f1ef57ca892ebc3a6a228dca32f1309f0ac06a7de7e>, "", 65536, 20672) = 0
pread64(3</tmp/nia-publication-fault-kpgp25ml/case/store/objects/32/094e7c613fdb6dffb1f27d926b176f7fd8946b8c2cf3ca9e3b95cb91a1a8ca>, "J6\366\353|\33#j\266\313(\335\270\202\221\236\210\213\363\223\337\300\r\223\0\212\326s\6\227\370\367", 32, 112) = 32
pread64(16</tmp/nia-publication-fault-kpgp25ml/case/store/objects/4a/36f6eb7c1b236ab6cb28ddb882919e888bf393dfc00d93008ad6730697f8f7>, "./control\0\0\0\0\0\0\0\0\0\0\0\0\0\0\0\0\0\0\0\0\0\0\0\0\0\0\0\0\0\0\0\0\0\0\0\0\0\0\0\0\0\0\0\0\0\0\0\0\0\0\0\0\0\0\0\0\0\0\0\0\0\0\0\0\0\0\0\0\0\0\0\0\0\0\0\0\0\0\0\0\0\0\0\0\0\0\0"..., 65536, 0) = 10240
pread64(16</tmp/nia-publication-fault-kpgp25ml/case/store/objects/4a/36f6eb7c1b236ab6cb28ddb882919e888bf393dfc00d93008ad6730697f8f7>, "", 55296, 10240) = 0
pread64(16</tmp/nia-publication-fault-kpgp25ml/case/store/objects/4a/36f6eb7c1b236ab6cb28ddb882919e888bf393dfc00d93008ad6730697f8f7>, "", 65536, 10240) = 0
pread64(3</tmp/nia-publication-fault-kpgp25ml/case/store/objects/32/094e7c613fdb6dffb1f27d926b176f7fd8946b8c2cf3ca9e3b95cb91a1a8ca>, "\204\377\222i\37\220\232\5\262$\341\305j\273Hd\360\33O\216<\205NK\264\307\272\361\323\366\326R", 32, 144) = 32
pread64(16</tmp/nia-publication-fault-kpgp25ml/case/store/objects/84/ff92691f909a05b224e1c56abb4864f01b4f8e3c854e4bb4c7baf1d3f6d652>, "\0\0\0\0\0\0\0\0\0\0\0\0\0\0\0\0\0\0\0\0\0\0\0\0\0\0\0\0\0\0\0\0\0\0\0\0\0\0\0\0\0\0\0\0\0\0\0\0\0\0\0\0\0\0\0\0\0\0\0\0\0\0\0\0\0\0\0\0\0\0\0\0\0\0\0\0\0\0\0\0\0\0\0\0\0\0\0\0\0\0\0\0\0\0\0\0"..., 65536, 0) = 10240
pread64(16</tmp/nia-publication-fault-kpgp25ml/case/store/objects/84/ff92691f909a05b224e1c56abb4864f01b4f8e3c854e4bb4c7baf1d3f6d652>, "", 55296, 10240) = 0
pread64(16</tmp/nia-publication-fault-kpgp25ml/case/store/objects/84/ff92691f909a05b224e1c56abb4864f01b4f8e3c854e4bb4c7baf1d3f6d652>, "", 65536, 10240) = 0
pread64(3</tmp/nia-publication-fault-kpgp25ml/case/store/objects/32/094e7c613fdb6dffb1f27d926b176f7fd8946b8c2cf3ca9e3b95cb91a1a8ca>, "\216\346\2104^\35\225\2\356\214\327'zE<0\277\267{\224r\1\276\2630\16\235\362\270\3122\35", 32, 176) = 32
pread64(16</tmp/nia-publication-fault-kpgp25ml/case/store/objects/8e/e688345e1d9502ee8cd7277a453c30bfb77b947201beb3300e9df2b8ca321d>, "\0\0\0\0\0\0\0\10NIACSEL1\273\343\341b6\331$M\267\345\300\262\251\302\306\27f\270\251!\330\260\227\374\323p\347\177\25.\3311\0\0\0\0\0\0\0\1\f\241y\346\276\376\267a\363a?\36\365|\250\222\353\303\246\242(\334\243/\23\t\360\254\6\247\336~J6\366\353|\33#j"..., 65536, 0) = 152
pread64(16</tmp/nia-publication-fault-kpgp25ml/case/store/objects/8e/e688345e1d9502ee8cd7277a453c30bfb77b947201beb3300e9df2b8ca321d>, "", 65384, 152) = 0
pread64(16</tmp/nia-publication-fault-kpgp25ml/case/store/objects/8e/e688345e1d9502ee8cd7277a453c30bfb77b947201beb3300e9df2b8ca321d>, "", 65536, 152) = 0
pread64(3</tmp/nia-publication-fault-kpgp25ml/case/store/objects/32/094e7c613fdb6dffb1f27d926b176f7fd8946b8c2cf3ca9e3b95cb91a1a8ca>, "\243\32\205oC\n\363\225\274\315~\262\361B\261\32\323\256\17\305\332\363\254\304\377\263A\304\212Z\2759", 32, 208) = 32
pread64(16</tmp/nia-publication-fault-kpgp25ml/case/store/objects/a3/1a856f430af395bccd7eb2f142b11ad3ae0fc5daf3acc4ffb341c48a5abd39>, "Package: empty-package\nVersion: 1\nArchitecture: all\nMaintainer: Fixture <fixture@example.invalid"..., 65536, 0) = 149
pread64(16</tmp/nia-publication-fault-kpgp25ml/case/store/objects/a3/1a856f430af395bccd7eb2f142b11ad3ae0fc5daf3acc4ffb341c48a5abd39>, "", 65387, 149) = 0
pread64(16</tmp/nia-publication-fault-kpgp25ml/case/store/objects/a3/1a856f430af395bccd7eb2f142b11ad3ae0fc5daf3acc4ffb341c48a5abd39>, "", 65536, 149) = 0
pread64(3</tmp/nia-publication-fault-kpgp25ml/case/store/objects/8e/e688345e1d9502ee8cd7277a453c30bfb77b947201beb3300e9df2b8ca321d>, "\0\0\0\0\0\0\0\10NIACSEL1\273\343\341b6\331$M\267\345\300\262\251\302\306\27f\270\251!\330\260\227\374\323p\347\177\25.\3311\0\0\0\0\0\0\0\1\f\241y\346\276\376\267a\363a?\36\365|\250\222\353\303\246\242(\334\243/\23\t\360\254\6\247\336~J6\366\353|\33#j"..., 65536, 0) = 152
pread64(3</tmp/nia-publication-fault-kpgp25ml/case/store/objects/8e/e688345e1d9502ee8cd7277a453c30bfb77b947201beb3300e9df2b8ca321d>, "", 65384, 152) = 0
pread64(3</tmp/nia-publication-fault-kpgp25ml/case/store/objects/8e/e688345e1d9502ee8cd7277a453c30bfb77b947201beb3300e9df2b8ca321d>, "", 65536, 152) = 0
pread64(3</tmp/nia-publication-fault-kpgp25ml/case/store/objects/8e/e688345e1d9502ee8cd7277a453c30bfb77b947201beb3300e9df2b8ca321d>, "\0\0\0\0\0\0\0\10NIACSEL1\273\343\341b6\331$M\267\345\300\262\251\302\306\27f\270\251!\330\260\227\374\323p\347\177\25.\3311\0\0\0\0\0\0\0\1\f\241y\346\276\376\267a\363a?\36\365|\250\222\353\303\246\242(\334\243/\23\t\360\254\6\247\336~J6\366\353|\33#j"..., 393272, 0) = 152
pread64(3</tmp/nia-publication-fault-kpgp25ml/case/store/objects/8e/e688345e1d9502ee8cd7277a453c30bfb77b947201beb3300e9df2b8ca321d>, "", 393120, 152) = 0
pread64(3</tmp/nia-publication-fault-kpgp25ml/case/store/objects/0c/a179e6befeb761f3613f1ef57ca892ebc3a6a228dca32f1309f0ac06a7de7e>, "!<arch>\ndebian-binary/  0           0     0     100644  4         `\n2.0\ncontrol.tar/    0       "..., 65536, 0) = 20672
pread64(3</tmp/nia-publication-fault-kpgp25ml/case/store/objects/0c/a179e6befeb761f3613f1ef57ca892ebc3a6a228dca32f1309f0ac06a7de7e>, "", 44864, 20672) = 0
pread64(3</tmp/nia-publication-fault-kpgp25ml/case/store/objects/0c/a179e6befeb761f3613f1ef57ca892ebc3a6a228dca32f1309f0ac06a7de7e>, "", 65536, 20672) = 0
pread64(3</tmp/nia-publication-fault-kpgp25ml/case/store/objects/0c/a179e6befeb761f3613f1ef57ca892ebc3a6a228dca32f1309f0ac06a7de7e>, "!<arch>\n", 8, 0) = 8
pread64(3</tmp/nia-publication-fault-kpgp25ml/case/store/objects/0c/a179e6befeb761f3613f1ef57ca892ebc3a6a228dca32f1309f0ac06a7de7e>, "debian-binary/  0           0     0     100644  4         `\n", 60, 8) = 60
pread64(3</tmp/nia-publication-fault-kpgp25ml/case/store/objects/0c/a179e6befeb761f3613f1ef57ca892ebc3a6a228dca32f1309f0ac06a7de7e>, "2.0\n", 4, 68) = 4
pread64(3</tmp/nia-publication-fault-kpgp25ml/case/store/objects/0c/a179e6befeb761f3613f1ef57ca892ebc3a6a228dca32f1309f0ac06a7de7e>, "2.0\n", 4, 68) = 4
pread64(3</tmp/nia-publication-fault-kpgp25ml/case/store/objects/0c/a179e6befeb761f3613f1ef57ca892ebc3a6a228dca32f1309f0ac06a7de7e>, "control.tar/    0           0     0     100644  10240     `\n", 60, 72) = 60
pread64(3</tmp/nia-publication-fault-kpgp25ml/case/store/objects/0c/a179e6befeb761f3613f1ef57ca892ebc3a6a228dca32f1309f0ac06a7de7e>, "./control\0\0\0\0\0\0\0\0\0\0\0\0\0\0\0\0\0\0\0\0\0\0\0\0\0\0\0\0\0\0\0\0\0\0\0\0\0\0\0\0\0\0\0\0\0\0\0\0\0\0\0\0\0\0\0\0\0\0\0\0\0\0\0\0\0\0\0\0\0\0\0\0\0\0\0\0\0\0\0\0\0\0\0\0\0\0\0"..., 10240, 132) = 10240
pread64(3</tmp/nia-publication-fault-kpgp25ml/case/store/objects/0c/a179e6befeb761f3613f1ef57ca892ebc3a6a228dca32f1309f0ac06a7de7e>, "data.tar/       0           0     0     100644  10240     `\n", 60, 10372) = 60
pread64(3</tmp/nia-publication-fault-kpgp25ml/case/store/objects/0c/a179e6befeb761f3613f1ef57ca892ebc3a6a228dca32f1309f0ac06a7de7e>, "\0\0\0\0\0\0\0\0\0\0\0\0\0\0\0\0\0\0\0\0\0\0\0\0\0\0\0\0\0\0\0\0\0\0\0\0\0\0\0\0\0\0\0\0\0\0\0\0\0\0\0\0\0\0\0\0\0\0\0\0\0\0\0\0\0\0\0\0\0\0\0\0\0\0\0\0\0\0\0\0\0\0\0\0\0\0\0\0\0\0\0\0\0\0\0\0"..., 10240, 10432) = 10240
pread64(3</tmp/nia-publication-fault-kpgp25ml/case/store/objects/0c/a179e6befeb761f3613f1ef57ca892ebc3a6a228dca32f1309f0ac06a7de7e>, "!<arch>\ndebian-binary/  0           0     0     100644  4         `\n2.0\ncontrol.tar/    0       "..., 65536, 0) = 20672
pread64(3</tmp/nia-publication-fault-kpgp25ml/case/store/objects/0c/a179e6befeb761f3613f1ef57ca892ebc3a6a228dca32f1309f0ac06a7de7e>, "", 44864, 20672) = 0
pread64(3</tmp/nia-publication-fault-kpgp25ml/case/store/objects/0c/a179e6befeb761f3613f1ef57ca892ebc3a6a228dca32f1309f0ac06a7de7e>, "", 65536, 20672) = 0
pread64(3</tmp/nia-publication-fault-kpgp25ml/case/store/objects/0c/a179e6befeb761f3613f1ef57ca892ebc3a6a228dca32f1309f0ac06a7de7e>, "!<arch>\n", 8, 0) = 8
pread64(3</tmp/nia-publication-fault-kpgp25ml/case/store/objects/0c/a179e6befeb761f3613f1ef57ca892ebc3a6a228dca32f1309f0ac06a7de7e>, "debian-binary/  0           0     0     100644  4         `\n", 60, 8) = 60
pread64(3</tmp/nia-publication-fault-kpgp25ml/case/store/objects/0c/a179e6befeb761f3613f1ef57ca892ebc3a6a228dca32f1309f0ac06a7de7e>, "2.0\n", 4, 68) = 4
pread64(3</tmp/nia-publication-fault-kpgp25ml/case/store/objects/0c/a179e6befeb761f3613f1ef57ca892ebc3a6a228dca32f1309f0ac06a7de7e>, "2.0\n", 4, 68) = 4
pread64(3</tmp/nia-publication-fault-kpgp25ml/case/store/objects/0c/a179e6befeb761f3613f1ef57ca892ebc3a6a228dca32f1309f0ac06a7de7e>, "control.tar/    0           0     0     100644  10240     `\n", 60, 72) = 60
pread64(3</tmp/nia-publication-fault-kpgp25ml/case/store/objects/0c/a179e6befeb761f3613f1ef57ca892ebc3a6a228dca32f1309f0ac06a7de7e>, "./control\0\0\0\0\0\0\0\0\0\0\0\0\0\0\0\0\0\0\0\0\0\0\0\0\0\0\0\0\0\0\0\0\0\0\0\0\0\0\0\0\0\0\0\0\0\0\0\0\0\0\0\0\0\0\0\0\0\0\0\0\0\0\0\0\0\0\0\0\0\0\0\0\0\0\0\0\0\0\0\0\0\0\0\0\0\0\0"..., 10240, 132) = 10240
pread64(3</tmp/nia-publication-fault-kpgp25ml/case/store/objects/0c/a179e6befeb761f3613f1ef57ca892ebc3a6a228dca32f1309f0ac06a7de7e>, "data.tar/       0           0     0     100644  10240     `\n", 60, 10372) = 60
pread64(3</tmp/nia-publication-fault-kpgp25ml/case/store/objects/0c/a179e6befeb761f3613f1ef57ca892ebc3a6a228dca32f1309f0ac06a7de7e>, "\0\0\0\0\0\0\0\0\0\0\0\0\0\0\0\0\0\0\0\0\0\0\0\0\0\0\0\0\0\0\0\0\0\0\0\0\0\0\0\0\0\0\0\0\0\0\0\0\0\0\0\0\0\0\0\0\0\0\0\0\0\0\0\0\0\0\0\0\0\0\0\0\0\0\0\0\0\0\0\0\0\0\0\0\0\0\0\0\0\0\0\0\0\0\0\0"..., 10240, 10432) = 10240
fsync(17</tmp/nia-publication-fault-kpgp25ml/case/store/incoming>) = 0
pread64(3</tmp/nia-publication-fault-kpgp25ml/case/store/objects/0c/a179e6befeb761f3613f1ef57ca892ebc3a6a228dca32f1309f0ac06a7de7e>, "\0\0\0\0\0\0\0\0\0\0\0\0\0\0\0\0\0\0\0\0\0\0\0\0\0\0\0\0\0\0\0\0\0\0\0\0\0\0\0\0\0\0\0\0\0\0\0\0\0\0\0\0\0\0\0\0\0\0\0\0\0\0\0\0\0\0\0\0\0\0\0\0\0\0\0\0\0\0\0\0\0\0\0\0\0\0\0\0\0\0\0\0\0\0\0\0"..., 10240, 10432) = 10240
write(16</tmp/nia-publication-fault-kpgp25ml/case/store/incoming/023ad3c1280caffc6cf661f412042a1e>, "\0\0\0\0\0\0\0\0\0\0\0\0\0\0\0\0\0\0\0\0\0\0\0\0\0\0\0\0\0\0\0\0\0\0\0\0\0\0\0\0\0\0\0\0\0\0\0\0\0\0\0\0\0\0\0\0\0\0\0\0\0\0\0\0\0\0\0\0\0\0\0\0\0\0\0\0\0\0\0\0\0\0\0\0\0\0\0\0\0\0\0\0\0\0\0\0"..., 10240) = 10240
fsync(16</tmp/nia-publication-fault-kpgp25ml/case/store/incoming/023ad3c1280caffc6cf661f412042a1e>) = 0
renameat2(17</tmp/nia-publication-fault-kpgp25ml/case/store/incoming>, "023ad3c1280caffc6cf661f412042a1e", 16</tmp/nia-publication-fault-kpgp25ml/case/store/objects/84>, "ff92691f909a05b224e1c56abb4864f01b4f8e3c854e4bb4c7baf1d3f6d652", RENAME_NOREPLACE) = -1 EEXIST (File exists)
pread64(16</tmp/nia-publication-fault-kpgp25ml/case/store/objects/84/ff92691f909a05b224e1c56abb4864f01b4f8e3c854e4bb4c7baf1d3f6d652>, "\0\0\0\0\0\0\0\0\0\0\0\0\0\0\0\0\0\0\0\0\0\0\0\0\0\0\0\0\0\0\0\0\0\0\0\0\0\0\0\0\0\0\0\0\0\0\0\0\0\0\0\0\0\0\0\0\0\0\0\0\0\0\0\0\0\0\0\0\0\0\0\0\0\0\0\0\0\0\0\0\0\0\0\0\0\0\0\0\0\0\0\0\0\0\0\0"..., 65536, 0) = 10240
pread64(16</tmp/nia-publication-fault-kpgp25ml/case/store/objects/84/ff92691f909a05b224e1c56abb4864f01b4f8e3c854e4bb4c7baf1d3f6d652>, "", 55296, 10240) = 0
pread64(16</tmp/nia-publication-fault-kpgp25ml/case/store/objects/84/ff92691f909a05b224e1c56abb4864f01b4f8e3c854e4bb4c7baf1d3f6d652>, "", 65536, 10240) = 0
fsync(17</tmp/nia-publication-fault-kpgp25ml/case/store/incoming>) = 0
pread64(3</tmp/nia-publication-fault-kpgp25ml/case/store/objects/84/ff92691f909a05b224e1c56abb4864f01b4f8e3c854e4bb4c7baf1d3f6d652>, "\0\0\0\0\0\0\0\0\0\0\0\0\0\0\0\0\0\0\0\0\0\0\0\0\0\0\0\0\0\0\0\0\0\0\0\0\0\0\0\0\0\0\0\0\0\0\0\0\0\0\0\0\0\0\0\0\0\0\0\0\0\0\0\0\0\0\0\0\0\0\0\0\0\0\0\0\0\0\0\0\0\0\0\0\0\0\0\0\0\0\0\0\0\0\0\0"..., 65536, 0) = 10240
pread64(3</tmp/nia-publication-fault-kpgp25ml/case/store/objects/84/ff92691f909a05b224e1c56abb4864f01b4f8e3c854e4bb4c7baf1d3f6d652>, "", 55296, 10240) = 0
pread64(3</tmp/nia-publication-fault-kpgp25ml/case/store/objects/84/ff92691f909a05b224e1c56abb4864f01b4f8e3c854e4bb4c7baf1d3f6d652>, "", 65536, 10240) = 0
pread64(3</tmp/nia-publication-fault-kpgp25ml/case/store/objects/84/ff92691f909a05b224e1c56abb4864f01b4f8e3c854e4bb4c7baf1d3f6d652>, "\0\0\0\0\0\0\0\0\0\0\0\0\0\0\0\0\0\0\0\0\0\0\0\0\0\0\0\0\0\0\0\0\0\0\0\0\0\0\0\0\0\0\0\0\0\0\0\0\0\0\0\0\0\0\0\0\0\0\0\0\0\0\0\0\0\0\0\0\0\0\0\0\0\0\0\0\0\0\0\0\0\0\0\0\0\0\0\0\0\0\0\0\0\0\0\0"..., 10240, 0) = 10240
fsync(17</tmp/nia-publication-fault-kpgp25ml/case/store/incoming>) = 0
pread64(3</tmp/nia-publication-fault-kpgp25ml/case/store/objects/84/ff92691f909a05b224e1c56abb4864f01b4f8e3c854e4bb4c7baf1d3f6d652>, "\0\0\0\0\0\0\0\0\0\0\0\0\0\0\0\0\0\0\0\0\0\0\0\0\0\0\0\0\0\0\0\0\0\0\0\0\0\0\0\0\0\0\0\0\0\0\0\0\0\0\0\0\0\0\0\0\0\0\0\0\0\0\0\0\0\0\0\0\0\0\0\0\0\0\0\0\0\0\0\0\0\0\0\0\0\0\0\0\0\0\0\0\0\0\0\0"..., 10240, 0) = 10240
write(16</tmp/nia-publication-fault-kpgp25ml/case/store/incoming/c78ebc22eb489e2cfcd26539f22e4ce6>, "\0\0\0\0\0\0\0\0\0\0\0\0\0\0\0\0\0\0\0\0\0\0\0\0\0\0\0\0\0\0\0\0\0\0\0\0\0\0\0\0\0\0\0\0\0\0\0\0\0\0\0\0\0\0\0\0\0\0\0\0\0\0\0\0\0\0\0\0\0\0\0\0\0\0\0\0\0\0\0\0\0\0\0\0\0\0\0\0\0\0\0\0\0\0\0\0"..., 10240) = 10240
fsync(16</tmp/nia-publication-fault-kpgp25ml/case/store/incoming/c78ebc22eb489e2cfcd26539f22e4ce6>) = 0
renameat2(17</tmp/nia-publication-fault-kpgp25ml/case/store/incoming>, "c78ebc22eb489e2cfcd26539f22e4ce6", 16</tmp/nia-publication-fault-kpgp25ml/case/store/objects/84>, "ff92691f909a05b224e1c56abb4864f01b4f8e3c854e4bb4c7baf1d3f6d652", RENAME_NOREPLACE) = -1 EEXIST (File exists)
pread64(16</tmp/nia-publication-fault-kpgp25ml/case/store/objects/84/ff92691f909a05b224e1c56abb4864f01b4f8e3c854e4bb4c7baf1d3f6d652>, "\0\0\0\0\0\0\0\0\0\0\0\0\0\0\0\0\0\0\0\0\0\0\0\0\0\0\0\0\0\0\0\0\0\0\0\0\0\0\0\0\0\0\0\0\0\0\0\0\0\0\0\0\0\0\0\0\0\0\0\0\0\0\0\0\0\0\0\0\0\0\0\0\0\0\0\0\0\0\0\0\0\0\0\0\0\0\0\0\0\0\0\0\0\0\0\0"..., 65536, 0) = 10240
pread64(16</tmp/nia-publication-fault-kpgp25ml/case/store/objects/84/ff92691f909a05b224e1c56abb4864f01b4f8e3c854e4bb4c7baf1d3f6d652>, "", 55296, 10240) = 0
pread64(16</tmp/nia-publication-fault-kpgp25ml/case/store/objects/84/ff92691f909a05b224e1c56abb4864f01b4f8e3c854e4bb4c7baf1d3f6d652>, "", 65536, 10240) = 0
fsync(17</tmp/nia-publication-fault-kpgp25ml/case/store/incoming>) = 0
pread64(3</tmp/nia-publication-fault-kpgp25ml/case/store/objects/84/ff92691f909a05b224e1c56abb4864f01b4f8e3c854e4bb4c7baf1d3f6d652>, "\0\0\0\0\0\0\0\0\0\0\0\0\0\0\0\0\0\0\0\0\0\0\0\0\0\0\0\0\0\0\0\0\0\0\0\0\0\0\0\0\0\0\0\0\0\0\0\0\0\0\0\0\0\0\0\0\0\0\0\0\0\0\0\0\0\0\0\0\0\0\0\0\0\0\0\0\0\0\0\0\0\0\0\0\0\0\0\0\0\0\0\0\0\0\0\0"..., 65536, 0) = 10240
pread64(3</tmp/nia-publication-fault-kpgp25ml/case/store/objects/84/ff92691f909a05b224e1c56abb4864f01b4f8e3c854e4bb4c7baf1d3f6d652>, "", 55296, 10240) = 0
pread64(3</tmp/nia-publication-fault-kpgp25ml/case/store/objects/84/ff92691f909a05b224e1c56abb4864f01b4f8e3c854e4bb4c7baf1d3f6d652>, "", 65536, 10240) = 0
pread64(3</tmp/nia-publication-fault-kpgp25ml/case/store/objects/84/ff92691f909a05b224e1c56abb4864f01b4f8e3c854e4bb4c7baf1d3f6d652>, "\0\0\0\0\0\0\0\0\0\0\0\0\0\0\0\0\0\0\0\0\0\0\0\0\0\0\0\0\0\0\0\0\0\0\0\0\0\0\0\0\0\0\0\0\0\0\0\0\0\0\0\0\0\0\0\0\0\0\0\0\0\0\0\0\0\0\0\0\0\0\0\0\0\0\0\0\0\0\0\0\0\0\0\0\0\0\0\0\0\0\0\0\0\0\0\0"..., 512, 0) = 512
pread64(3</tmp/nia-publication-fault-kpgp25ml/case/store/objects/84/ff92691f909a05b224e1c56abb4864f01b4f8e3c854e4bb4c7baf1d3f6d652>, "\0\0\0\0\0\0\0\0\0\0\0\0\0\0\0\0\0\0\0\0\0\0\0\0\0\0\0\0\0\0\0\0\0\0\0\0\0\0\0\0\0\0\0\0\0\0\0\0\0\0\0\0\0\0\0\0\0\0\0\0\0\0\0\0\0\0\0\0\0\0\0\0\0\0\0\0\0\0\0\0\0\0\0\0\0\0\0\0\0\0\0\0\0\0\0\0"..., 9728, 512) = 9728
pread64(3</tmp/nia-publication-fault-kpgp25ml/case/store/objects/0c/a179e6befeb761f3613f1ef57ca892ebc3a6a228dca32f1309f0ac06a7de7e>, "!<arch>\ndebian-binary/  0           0     0     100644  4         `\n2.0\ncontrol.tar/    0       "..., 65536, 0) = 20672
pread64(3</tmp/nia-publication-fault-kpgp25ml/case/store/objects/0c/a179e6befeb761f3613f1ef57ca892ebc3a6a228dca32f1309f0ac06a7de7e>, "", 44864, 20672) = 0
pread64(3</tmp/nia-publication-fault-kpgp25ml/case/store/objects/0c/a179e6befeb761f3613f1ef57ca892ebc3a6a228dca32f1309f0ac06a7de7e>, "", 65536, 20672) = 0
pread64(3</tmp/nia-publication-fault-kpgp25ml/case/store/objects/0c/a179e6befeb761f3613f1ef57ca892ebc3a6a228dca32f1309f0ac06a7de7e>, "!<arch>\n", 8, 0) = 8
pread64(3</tmp/nia-publication-fault-kpgp25ml/case/store/objects/0c/a179e6befeb761f3613f1ef57ca892ebc3a6a228dca32f1309f0ac06a7de7e>, "debian-binary/  0           0     0     100644  4         `\n", 60, 8) = 60
pread64(3</tmp/nia-publication-fault-kpgp25ml/case/store/objects/0c/a179e6befeb761f3613f1ef57ca892ebc3a6a228dca32f1309f0ac06a7de7e>, "2.0\n", 4, 68) = 4
pread64(3</tmp/nia-publication-fault-kpgp25ml/case/store/objects/0c/a179e6befeb761f3613f1ef57ca892ebc3a6a228dca32f1309f0ac06a7de7e>, "2.0\n", 4, 68) = 4
pread64(3</tmp/nia-publication-fault-kpgp25ml/case/store/objects/0c/a179e6befeb761f3613f1ef57ca892ebc3a6a228dca32f1309f0ac06a7de7e>, "control.tar/    0           0     0     100644  10240     `\n", 60, 72) = 60
pread64(3</tmp/nia-publication-fault-kpgp25ml/case/store/objects/0c/a179e6befeb761f3613f1ef57ca892ebc3a6a228dca32f1309f0ac06a7de7e>, "./control\0\0\0\0\0\0\0\0\0\0\0\0\0\0\0\0\0\0\0\0\0\0\0\0\0\0\0\0\0\0\0\0\0\0\0\0\0\0\0\0\0\0\0\0\0\0\0\0\0\0\0\0\0\0\0\0\0\0\0\0\0\0\0\0\0\0\0\0\0\0\0\0\0\0\0\0\0\0\0\0\0\0\0\0\0\0\0"..., 10240, 132) = 10240
pread64(3</tmp/nia-publication-fault-kpgp25ml/case/store/objects/0c/a179e6befeb761f3613f1ef57ca892ebc3a6a228dca32f1309f0ac06a7de7e>, "data.tar/       0           0     0     100644  10240     `\n", 60, 10372) = 60
pread64(3</tmp/nia-publication-fault-kpgp25ml/case/store/objects/0c/a179e6befeb761f3613f1ef57ca892ebc3a6a228dca32f1309f0ac06a7de7e>, "\0\0\0\0\0\0\0\0\0\0\0\0\0\0\0\0\0\0\0\0\0\0\0\0\0\0\0\0\0\0\0\0\0\0\0\0\0\0\0\0\0\0\0\0\0\0\0\0\0\0\0\0\0\0\0\0\0\0\0\0\0\0\0\0\0\0\0\0\0\0\0\0\0\0\0\0\0\0\0\0\0\0\0\0\0\0\0\0\0\0\0\0\0\0\0\0"..., 10240, 10432) = 10240
pread64(3</tmp/nia-publication-fault-kpgp25ml/case/store/objects/0c/a179e6befeb761f3613f1ef57ca892ebc3a6a228dca32f1309f0ac06a7de7e>, "!<arch>\ndebian-binary/  0           0     0     100644  4         `\n2.0\ncontrol.tar/    0       "..., 65536, 0) = 20672
pread64(3</tmp/nia-publication-fault-kpgp25ml/case/store/objects/0c/a179e6befeb761f3613f1ef57ca892ebc3a6a228dca32f1309f0ac06a7de7e>, "", 44864, 20672) = 0
pread64(3</tmp/nia-publication-fault-kpgp25ml/case/store/objects/0c/a179e6befeb761f3613f1ef57ca892ebc3a6a228dca32f1309f0ac06a7de7e>, "", 65536, 20672) = 0
pread64(3</tmp/nia-publication-fault-kpgp25ml/case/store/objects/0c/a179e6befeb761f3613f1ef57ca892ebc3a6a228dca32f1309f0ac06a7de7e>, "!<arch>\n", 8, 0) = 8
pread64(3</tmp/nia-publication-fault-kpgp25ml/case/store/objects/0c/a179e6befeb761f3613f1ef57ca892ebc3a6a228dca32f1309f0ac06a7de7e>, "debian-binary/  0           0     0     100644  4         `\n", 60, 8) = 60
pread64(3</tmp/nia-publication-fault-kpgp25ml/case/store/objects/0c/a179e6befeb761f3613f1ef57ca892ebc3a6a228dca32f1309f0ac06a7de7e>, "2.0\n", 4, 68) = 4
pread64(3</tmp/nia-publication-fault-kpgp25ml/case/store/objects/0c/a179e6befeb761f3613f1ef57ca892ebc3a6a228dca32f1309f0ac06a7de7e>, "2.0\n", 4, 68) = 4
pread64(3</tmp/nia-publication-fault-kpgp25ml/case/store/objects/0c/a179e6befeb761f3613f1ef57ca892ebc3a6a228dca32f1309f0ac06a7de7e>, "control.tar/    0           0     0     100644  10240     `\n", 60, 72) = 60
pread64(3</tmp/nia-publication-fault-kpgp25ml/case/store/objects/0c/a179e6befeb761f3613f1ef57ca892ebc3a6a228dca32f1309f0ac06a7de7e>, "./control\0\0\0\0\0\0\0\0\0\0\0\0\0\0\0\0\0\0\0\0\0\0\0\0\0\0\0\0\0\0\0\0\0\0\0\0\0\0\0\0\0\0\0\0\0\0\0\0\0\0\0\0\0\0\0\0\0\0\0\0\0\0\0\0\0\0\0\0\0\0\0\0\0\0\0\0\0\0\0\0\0\0\0\0\0\0\0"..., 10240, 132) = 10240
pread64(3</tmp/nia-publication-fault-kpgp25ml/case/store/objects/0c/a179e6befeb761f3613f1ef57ca892ebc3a6a228dca32f1309f0ac06a7de7e>, "data.tar/       0           0     0     100644  10240     `\n", 60, 10372) = 60
pread64(3</tmp/nia-publication-fault-kpgp25ml/case/store/objects/0c/a179e6befeb761f3613f1ef57ca892ebc3a6a228dca32f1309f0ac06a7de7e>, "\0\0\0\0\0\0\0\0\0\0\0\0\0\0\0\0\0\0\0\0\0\0\0\0\0\0\0\0\0\0\0\0\0\0\0\0\0\0\0\0\0\0\0\0\0\0\0\0\0\0\0\0\0\0\0\0\0\0\0\0\0\0\0\0\0\0\0\0\0\0\0\0\0\0\0\0\0\0\0\0\0\0\0\0\0\0\0\0\0\0\0\0\0\0\0\0"..., 10240, 10432) = 10240
fsync(17</tmp/nia-publication-fault-kpgp25ml/case/store/incoming>) = 0
pread64(3</tmp/nia-publication-fault-kpgp25ml/case/store/objects/0c/a179e6befeb761f3613f1ef57ca892ebc3a6a228dca32f1309f0ac06a7de7e>, "./control\0\0\0\0\0\0\0\0\0\0\0\0\0\0\0\0\0\0\0\0\0\0\0\0\0\0\0\0\0\0\0\0\0\0\0\0\0\0\0\0\0\0\0\0\0\0\0\0\0\0\0\0\0\0\0\0\0\0\0\0\0\0\0\0\0\0\0\0\0\0\0\0\0\0\0\0\0\0\0\0\0\0\0\0\0\0\0"..., 10240, 132) = 10240
write(16</tmp/nia-publication-fault-kpgp25ml/case/store/incoming/00ea4c372afdeb6699635d4d9a829bd7>, "./control\0\0\0\0\0\0\0\0\0\0\0\0\0\0\0\0\0\0\0\0\0\0\0\0\0\0\0\0\0\0\0\0\0\0\0\0\0\0\0\0\0\0\0\0\0\0\0\0\0\0\0\0\0\0\0\0\0\0\0\0\0\0\0\0\0\0\0\0\0\0\0\0\0\0\0\0\0\0\0\0\0\0\0\0\0\0\0"..., 10240) = 10240
fsync(16</tmp/nia-publication-fault-kpgp25ml/case/store/incoming/00ea4c372afdeb6699635d4d9a829bd7>) = 0
renameat2(17</tmp/nia-publication-fault-kpgp25ml/case/store/incoming>, "00ea4c372afdeb6699635d4d9a829bd7", 16</tmp/nia-publication-fault-kpgp25ml/case/store/objects/4a>, "36f6eb7c1b236ab6cb28ddb882919e888bf393dfc00d93008ad6730697f8f7", RENAME_NOREPLACE) = -1 EEXIST (File exists)
pread64(16</tmp/nia-publication-fault-kpgp25ml/case/store/objects/4a/36f6eb7c1b236ab6cb28ddb882919e888bf393dfc00d93008ad6730697f8f7>, "./control\0\0\0\0\0\0\0\0\0\0\0\0\0\0\0\0\0\0\0\0\0\0\0\0\0\0\0\0\0\0\0\0\0\0\0\0\0\0\0\0\0\0\0\0\0\0\0\0\0\0\0\0\0\0\0\0\0\0\0\0\0\0\0\0\0\0\0\0\0\0\0\0\0\0\0\0\0\0\0\0\0\0\0\0\0\0\0"..., 65536, 0) = 10240
pread64(16</tmp/nia-publication-fault-kpgp25ml/case/store/objects/4a/36f6eb7c1b236ab6cb28ddb882919e888bf393dfc00d93008ad6730697f8f7>, "", 55296, 10240) = 0
pread64(16</tmp/nia-publication-fault-kpgp25ml/case/store/objects/4a/36f6eb7c1b236ab6cb28ddb882919e888bf393dfc00d93008ad6730697f8f7>, "", 65536, 10240) = 0
fsync(17</tmp/nia-publication-fault-kpgp25ml/case/store/incoming>) = 0
pread64(3</tmp/nia-publication-fault-kpgp25ml/case/store/objects/4a/36f6eb7c1b236ab6cb28ddb882919e888bf393dfc00d93008ad6730697f8f7>, "./control\0\0\0\0\0\0\0\0\0\0\0\0\0\0\0\0\0\0\0\0\0\0\0\0\0\0\0\0\0\0\0\0\0\0\0\0\0\0\0\0\0\0\0\0\0\0\0\0\0\0\0\0\0\0\0\0\0\0\0\0\0\0\0\0\0\0\0\0\0\0\0\0\0\0\0\0\0\0\0\0\0\0\0\0\0\0\0"..., 65536, 0) = 10240
pread64(3</tmp/nia-publication-fault-kpgp25ml/case/store/objects/4a/36f6eb7c1b236ab6cb28ddb882919e888bf393dfc00d93008ad6730697f8f7>, "", 55296, 10240) = 0
pread64(3</tmp/nia-publication-fault-kpgp25ml/case/store/objects/4a/36f6eb7c1b236ab6cb28ddb882919e888bf393dfc00d93008ad6730697f8f7>, "", 65536, 10240) = 0
pread64(3</tmp/nia-publication-fault-kpgp25ml/case/store/objects/4a/36f6eb7c1b236ab6cb28ddb882919e888bf393dfc00d93008ad6730697f8f7>, "./control\0\0\0\0\0\0\0\0\0\0\0\0\0\0\0\0\0\0\0\0\0\0\0\0\0\0\0\0\0\0\0\0\0\0\0\0\0\0\0\0\0\0\0\0\0\0\0\0\0\0\0\0\0\0\0\0\0\0\0\0\0\0\0\0\0\0\0\0\0\0\0\0\0\0\0\0\0\0\0\0\0\0\0\0\0\0\0"..., 10240, 0) = 10240
fsync(17</tmp/nia-publication-fault-kpgp25ml/case/store/incoming>) = 0
write(16</tmp/nia-publication-fault-kpgp25ml/case/store/incoming/baf58fb93d74d9bb9c1e9510ad2032ed>, "Package: empty-package\nVersion: 1\nArchitecture: all\nMaintainer: Fixture <fixture@example.invalid"..., 149) = 149
fsync(16</tmp/nia-publication-fault-kpgp25ml/case/store/incoming/baf58fb93d74d9bb9c1e9510ad2032ed>) = 0
renameat2(17</tmp/nia-publication-fault-kpgp25ml/case/store/incoming>, "baf58fb93d74d9bb9c1e9510ad2032ed", 16</tmp/nia-publication-fault-kpgp25ml/case/store/objects/a3>, "1a856f430af395bccd7eb2f142b11ad3ae0fc5daf3acc4ffb341c48a5abd39", RENAME_NOREPLACE) = -1 EEXIST (File exists)
pread64(16</tmp/nia-publication-fault-kpgp25ml/case/store/objects/a3/1a856f430af395bccd7eb2f142b11ad3ae0fc5daf3acc4ffb341c48a5abd39>, "Package: empty-package\nVersion: 1\nArchitecture: all\nMaintainer: Fixture <fixture@example.invalid"..., 65536, 0) = 149
pread64(16</tmp/nia-publication-fault-kpgp25ml/case/store/objects/a3/1a856f430af395bccd7eb2f142b11ad3ae0fc5daf3acc4ffb341c48a5abd39>, "", 65387, 149) = 0
pread64(16</tmp/nia-publication-fault-kpgp25ml/case/store/objects/a3/1a856f430af395bccd7eb2f142b11ad3ae0fc5daf3acc4ffb341c48a5abd39>, "", 65536, 149) = 0
fsync(17</tmp/nia-publication-fault-kpgp25ml/case/store/incoming>) = 0
pread64(3</tmp/nia-publication-fault-kpgp25ml/case/store/objects/a3/1a856f430af395bccd7eb2f142b11ad3ae0fc5daf3acc4ffb341c48a5abd39>, "Package: empty-package\nVersion: 1\nArchitecture: all\nMaintainer: Fixture <fixture@example.invalid"..., 65536, 0) = 149
pread64(3</tmp/nia-publication-fault-kpgp25ml/case/store/objects/a3/1a856f430af395bccd7eb2f142b11ad3ae0fc5daf3acc4ffb341c48a5abd39>, "", 65387, 149) = 0
pread64(3</tmp/nia-publication-fault-kpgp25ml/case/store/objects/a3/1a856f430af395bccd7eb2f142b11ad3ae0fc5daf3acc4ffb341c48a5abd39>, "", 65536, 149) = 0
pread64(3</tmp/nia-publication-fault-kpgp25ml/case/store/objects/a3/1a856f430af395bccd7eb2f142b11ad3ae0fc5daf3acc4ffb341c48a5abd39>, "Package: empty-package\nVersion: 1\nArchitecture: all\nMaintainer: Fixture <fixture@example.invalid"..., 16777216, 0) = 149
pread64(3</tmp/nia-publication-fault-kpgp25ml/case/store/objects/a3/1a856f430af395bccd7eb2f142b11ad3ae0fc5daf3acc4ffb341c48a5abd39>, "", 16777067, 149) = 0
pread64(3</tmp/nia-publication-fault-kpgp25ml/case/store/objects/a3/1a856f430af395bccd7eb2f142b11ad3ae0fc5daf3acc4ffb341c48a5abd39>, "Package: empty-package\nVersion: 1\nArchitecture: all\nMaintainer: Fixture <fixture@example.invalid"..., 65536, 0) = 149
pread64(3</tmp/nia-publication-fault-kpgp25ml/case/store/objects/a3/1a856f430af395bccd7eb2f142b11ad3ae0fc5daf3acc4ffb341c48a5abd39>, "", 65387, 149) = 0
pread64(3</tmp/nia-publication-fault-kpgp25ml/case/store/objects/a3/1a856f430af395bccd7eb2f142b11ad3ae0fc5daf3acc4ffb341c48a5abd39>, "", 65536, 149) = 0
pread64(3</tmp/nia-publication-fault-kpgp25ml/case/store/objects/a3/1a856f430af395bccd7eb2f142b11ad3ae0fc5daf3acc4ffb341c48a5abd39>, "Package: empty-package\nVersion: 1\nArchitecture: all\nMaintainer: Fixture <fixture@example.invalid"..., 16777216, 0) = 149
pread64(3</tmp/nia-publication-fault-kpgp25ml/case/store/objects/a3/1a856f430af395bccd7eb2f142b11ad3ae0fc5daf3acc4ffb341c48a5abd39>, "", 16777067, 149) = 0
pread64(3</tmp/nia-publication-fault-kpgp25ml/case/store/objects/0c/a179e6befeb761f3613f1ef57ca892ebc3a6a228dca32f1309f0ac06a7de7e>, "!<arch>\ndebian-binary/  0           0     0     100644  4         `\n2.0\ncontrol.tar/    0       "..., 65536, 0) = 20672
pread64(3</tmp/nia-publication-fault-kpgp25ml/case/store/objects/0c/a179e6befeb761f3613f1ef57ca892ebc3a6a228dca32f1309f0ac06a7de7e>, "", 44864, 20672) = 0
pread64(3</tmp/nia-publication-fault-kpgp25ml/case/store/objects/0c/a179e6befeb761f3613f1ef57ca892ebc3a6a228dca32f1309f0ac06a7de7e>, "", 65536, 20672) = 0
pread64(3</tmp/nia-publication-fault-kpgp25ml/case/store/objects/0c/a179e6befeb761f3613f1ef57ca892ebc3a6a228dca32f1309f0ac06a7de7e>, "!<arch>\n", 8, 0) = 8
pread64(3</tmp/nia-publication-fault-kpgp25ml/case/store/objects/0c/a179e6befeb761f3613f1ef57ca892ebc3a6a228dca32f1309f0ac06a7de7e>, "debian-binary/  0           0     0     100644  4         `\n", 60, 8) = 60
pread64(3</tmp/nia-publication-fault-kpgp25ml/case/store/objects/0c/a179e6befeb761f3613f1ef57ca892ebc3a6a228dca32f1309f0ac06a7de7e>, "2.0\n", 4, 68) = 4
pread64(3</tmp/nia-publication-fault-kpgp25ml/case/store/objects/0c/a179e6befeb761f3613f1ef57ca892ebc3a6a228dca32f1309f0ac06a7de7e>, "2.0\n", 4, 68) = 4
pread64(3</tmp/nia-publication-fault-kpgp25ml/case/store/objects/0c/a179e6befeb761f3613f1ef57ca892ebc3a6a228dca32f1309f0ac06a7de7e>, "control.tar/    0           0     0     100644  10240     `\n", 60, 72) = 60
pread64(3</tmp/nia-publication-fault-kpgp25ml/case/store/objects/0c/a179e6befeb761f3613f1ef57ca892ebc3a6a228dca32f1309f0ac06a7de7e>, "./control\0\0\0\0\0\0\0\0\0\0\0\0\0\0\0\0\0\0\0\0\0\0\0\0\0\0\0\0\0\0\0\0\0\0\0\0\0\0\0\0\0\0\0\0\0\0\0\0\0\0\0\0\0\0\0\0\0\0\0\0\0\0\0\0\0\0\0\0\0\0\0\0\0\0\0\0\0\0\0\0\0\0\0\0\0\0\0"..., 10240, 132) = 10240
pread64(3</tmp/nia-publication-fault-kpgp25ml/case/store/objects/0c/a179e6befeb761f3613f1ef57ca892ebc3a6a228dca32f1309f0ac06a7de7e>, "data.tar/       0           0     0     100644  10240     `\n", 60, 10372) = 60
pread64(3</tmp/nia-publication-fault-kpgp25ml/case/store/objects/0c/a179e6befeb761f3613f1ef57ca892ebc3a6a228dca32f1309f0ac06a7de7e>, "\0\0\0\0\0\0\0\0\0\0\0\0\0\0\0\0\0\0\0\0\0\0\0\0\0\0\0\0\0\0\0\0\0\0\0\0\0\0\0\0\0\0\0\0\0\0\0\0\0\0\0\0\0\0\0\0\0\0\0\0\0\0\0\0\0\0\0\0\0\0\0\0\0\0\0\0\0\0\0\0\0\0\0\0\0\0\0\0\0\0\0\0\0\0\0\0"..., 10240, 10432) = 10240
pread64(3</tmp/nia-publication-fault-kpgp25ml/case/store/objects/0c/a179e6befeb761f3613f1ef57ca892ebc3a6a228dca32f1309f0ac06a7de7e>, "!<arch>\ndebian-binary/  0           0     0     100644  4         `\n2.0\ncontrol.tar/    0       "..., 65536, 0) = 20672
pread64(3</tmp/nia-publication-fault-kpgp25ml/case/store/objects/0c/a179e6befeb761f3613f1ef57ca892ebc3a6a228dca32f1309f0ac06a7de7e>, "", 44864, 20672) = 0
pread64(3</tmp/nia-publication-fault-kpgp25ml/case/store/objects/0c/a179e6befeb761f3613f1ef57ca892ebc3a6a228dca32f1309f0ac06a7de7e>, "", 65536, 20672) = 0
pread64(3</tmp/nia-publication-fault-kpgp25ml/case/store/objects/0c/a179e6befeb761f3613f1ef57ca892ebc3a6a228dca32f1309f0ac06a7de7e>, "!<arch>\n", 8, 0) = 8
pread64(3</tmp/nia-publication-fault-kpgp25ml/case/store/objects/0c/a179e6befeb761f3613f1ef57ca892ebc3a6a228dca32f1309f0ac06a7de7e>, "debian-binary/  0           0     0     100644  4         `\n", 60, 8) = 60
pread64(3</tmp/nia-publication-fault-kpgp25ml/case/store/objects/0c/a179e6befeb761f3613f1ef57ca892ebc3a6a228dca32f1309f0ac06a7de7e>, "2.0\n", 4, 68) = 4
pread64(3</tmp/nia-publication-fault-kpgp25ml/case/store/objects/0c/a179e6befeb761f3613f1ef57ca892ebc3a6a228dca32f1309f0ac06a7de7e>, "2.0\n", 4, 68) = 4
pread64(3</tmp/nia-publication-fault-kpgp25ml/case/store/objects/0c/a179e6befeb761f3613f1ef57ca892ebc3a6a228dca32f1309f0ac06a7de7e>, "control.tar/    0           0     0     100644  10240     `\n", 60, 72) = 60
pread64(3</tmp/nia-publication-fault-kpgp25ml/case/store/objects/0c/a179e6befeb761f3613f1ef57ca892ebc3a6a228dca32f1309f0ac06a7de7e>, "./control\0\0\0\0\0\0\0\0\0\0\0\0\0\0\0\0\0\0\0\0\0\0\0\0\0\0\0\0\0\0\0\0\0\0\0\0\0\0\0\0\0\0\0\0\0\0\0\0\0\0\0\0\0\0\0\0\0\0\0\0\0\0\0\0\0\0\0\0\0\0\0\0\0\0\0\0\0\0\0\0\0\0\0\0\0\0\0"..., 10240, 132) = 10240
pread64(3</tmp/nia-publication-fault-kpgp25ml/case/store/objects/0c/a179e6befeb761f3613f1ef57ca892ebc3a6a228dca32f1309f0ac06a7de7e>, "data.tar/       0           0     0     100644  10240     `\n", 60, 10372) = 60
pread64(3</tmp/nia-publication-fault-kpgp25ml/case/store/objects/0c/a179e6befeb761f3613f1ef57ca892ebc3a6a228dca32f1309f0ac06a7de7e>, "\0\0\0\0\0\0\0\0\0\0\0\0\0\0\0\0\0\0\0\0\0\0\0\0\0\0\0\0\0\0\0\0\0\0\0\0\0\0\0\0\0\0\0\0\0\0\0\0\0\0\0\0\0\0\0\0\0\0\0\0\0\0\0\0\0\0\0\0\0\0\0\0\0\0\0\0\0\0\0\0\0\0\0\0\0\0\0\0\0\0\0\0\0\0\0\0"..., 10240, 10432) = 10240
fsync(17</tmp/nia-publication-fault-kpgp25ml/case/store/incoming>) = 0
pread64(3</tmp/nia-publication-fault-kpgp25ml/case/store/objects/0c/a179e6befeb761f3613f1ef57ca892ebc3a6a228dca32f1309f0ac06a7de7e>, "./control\0\0\0\0\0\0\0\0\0\0\0\0\0\0\0\0\0\0\0\0\0\0\0\0\0\0\0\0\0\0\0\0\0\0\0\0\0\0\0\0\0\0\0\0\0\0\0\0\0\0\0\0\0\0\0\0\0\0\0\0\0\0\0\0\0\0\0\0\0\0\0\0\0\0\0\0\0\0\0\0\0\0\0\0\0\0\0"..., 10240, 132) = 10240
write(16</tmp/nia-publication-fault-kpgp25ml/case/store/incoming/11e0ec016eeb01033f0c13f03efdeaba>, "./control\0\0\0\0\0\0\0\0\0\0\0\0\0\0\0\0\0\0\0\0\0\0\0\0\0\0\0\0\0\0\0\0\0\0\0\0\0\0\0\0\0\0\0\0\0\0\0\0\0\0\0\0\0\0\0\0\0\0\0\0\0\0\0\0\0\0\0\0\0\0\0\0\0\0\0\0\0\0\0\0\0\0\0\0\0\0\0"..., 10240) = 10240
fsync(16</tmp/nia-publication-fault-kpgp25ml/case/store/incoming/11e0ec016eeb01033f0c13f03efdeaba>) = 0
renameat2(17</tmp/nia-publication-fault-kpgp25ml/case/store/incoming>, "11e0ec016eeb01033f0c13f03efdeaba", 16</tmp/nia-publication-fault-kpgp25ml/case/store/objects/4a>, "36f6eb7c1b236ab6cb28ddb882919e888bf393dfc00d93008ad6730697f8f7", RENAME_NOREPLACE) = -1 EEXIST (File exists)
pread64(16</tmp/nia-publication-fault-kpgp25ml/case/store/objects/4a/36f6eb7c1b236ab6cb28ddb882919e888bf393dfc00d93008ad6730697f8f7>, "./control\0\0\0\0\0\0\0\0\0\0\0\0\0\0\0\0\0\0\0\0\0\0\0\0\0\0\0\0\0\0\0\0\0\0\0\0\0\0\0\0\0\0\0\0\0\0\0\0\0\0\0\0\0\0\0\0\0\0\0\0\0\0\0\0\0\0\0\0\0\0\0\0\0\0\0\0\0\0\0\0\0\0\0\0\0\0\0"..., 65536, 0) = 10240
pread64(16</tmp/nia-publication-fault-kpgp25ml/case/store/objects/4a/36f6eb7c1b236ab6cb28ddb882919e888bf393dfc00d93008ad6730697f8f7>, "", 55296, 10240) = 0
pread64(16</tmp/nia-publication-fault-kpgp25ml/case/store/objects/4a/36f6eb7c1b236ab6cb28ddb882919e888bf393dfc00d93008ad6730697f8f7>, "", 65536, 10240) = 0
fsync(17</tmp/nia-publication-fault-kpgp25ml/case/store/incoming>) = 0
pread64(3</tmp/nia-publication-fault-kpgp25ml/case/store/objects/4a/36f6eb7c1b236ab6cb28ddb882919e888bf393dfc00d93008ad6730697f8f7>, "./control\0\0\0\0\0\0\0\0\0\0\0\0\0\0\0\0\0\0\0\0\0\0\0\0\0\0\0\0\0\0\0\0\0\0\0\0\0\0\0\0\0\0\0\0\0\0\0\0\0\0\0\0\0\0\0\0\0\0\0\0\0\0\0\0\0\0\0\0\0\0\0\0\0\0\0\0\0\0\0\0\0\0\0\0\0\0\0"..., 65536, 0) = 10240
pread64(3</tmp/nia-publication-fault-kpgp25ml/case/store/objects/4a/36f6eb7c1b236ab6cb28ddb882919e888bf393dfc00d93008ad6730697f8f7>, "", 55296, 10240) = 0
pread64(3</tmp/nia-publication-fault-kpgp25ml/case/store/objects/4a/36f6eb7c1b236ab6cb28ddb882919e888bf393dfc00d93008ad6730697f8f7>, "", 65536, 10240) = 0
pread64(3</tmp/nia-publication-fault-kpgp25ml/case/store/objects/4a/36f6eb7c1b236ab6cb28ddb882919e888bf393dfc00d93008ad6730697f8f7>, "./control\0\0\0\0\0\0\0\0\0\0\0\0\0\0\0\0\0\0\0\0\0\0\0\0\0\0\0\0\0\0\0\0\0\0\0\0\0\0\0\0\0\0\0\0\0\0\0\0\0\0\0\0\0\0\0\0\0\0\0\0\0\0\0\0\0\0\0\0\0\0\0\0\0\0\0\0\0\0\0\0\0\0\0\0\0\0\0"..., 10240, 0) = 10240
fsync(17</tmp/nia-publication-fault-kpgp25ml/case/store/incoming>) = 0
write(16</tmp/nia-publication-fault-kpgp25ml/case/store/incoming/8042b65c766ec73d5c588030199a80d8>, "Package: empty-package\nVersion: 1\nArchitecture: all\nMaintainer: Fixture <fixture@example.invalid"..., 149) = 149
fsync(16</tmp/nia-publication-fault-kpgp25ml/case/store/incoming/8042b65c766ec73d5c588030199a80d8>) = 0
renameat2(17</tmp/nia-publication-fault-kpgp25ml/case/store/incoming>, "8042b65c766ec73d5c588030199a80d8", 16</tmp/nia-publication-fault-kpgp25ml/case/store/objects/a3>, "1a856f430af395bccd7eb2f142b11ad3ae0fc5daf3acc4ffb341c48a5abd39", RENAME_NOREPLACE) = -1 EEXIST (File exists)
pread64(16</tmp/nia-publication-fault-kpgp25ml/case/store/objects/a3/1a856f430af395bccd7eb2f142b11ad3ae0fc5daf3acc4ffb341c48a5abd39>, "Package: empty-package\nVersion: 1\nArchitecture: all\nMaintainer: Fixture <fixture@example.invalid"..., 65536, 0) = 149
pread64(16</tmp/nia-publication-fault-kpgp25ml/case/store/objects/a3/1a856f430af395bccd7eb2f142b11ad3ae0fc5daf3acc4ffb341c48a5abd39>, "", 65387, 149) = 0
pread64(16</tmp/nia-publication-fault-kpgp25ml/case/store/objects/a3/1a856f430af395bccd7eb2f142b11ad3ae0fc5daf3acc4ffb341c48a5abd39>, "", 65536, 149) = 0
fsync(17</tmp/nia-publication-fault-kpgp25ml/case/store/incoming>) = 0
pread64(3</tmp/nia-publication-fault-kpgp25ml/case/store/objects/0c/a179e6befeb761f3613f1ef57ca892ebc3a6a228dca32f1309f0ac06a7de7e>, "!<arch>\ndebian-binary/  0           0     0     100644  4         `\n2.0\ncontrol.tar/    0       "..., 65536, 0) = 20672
pread64(3</tmp/nia-publication-fault-kpgp25ml/case/store/objects/0c/a179e6befeb761f3613f1ef57ca892ebc3a6a228dca32f1309f0ac06a7de7e>, "", 44864, 20672) = 0
pread64(3</tmp/nia-publication-fault-kpgp25ml/case/store/objects/0c/a179e6befeb761f3613f1ef57ca892ebc3a6a228dca32f1309f0ac06a7de7e>, "", 65536, 20672) = 0
pread64(3</tmp/nia-publication-fault-kpgp25ml/case/store/objects/4a/36f6eb7c1b236ab6cb28ddb882919e888bf393dfc00d93008ad6730697f8f7>, "./control\0\0\0\0\0\0\0\0\0\0\0\0\0\0\0\0\0\0\0\0\0\0\0\0\0\0\0\0\0\0\0\0\0\0\0\0\0\0\0\0\0\0\0\0\0\0\0\0\0\0\0\0\0\0\0\0\0\0\0\0\0\0\0\0\0\0\0\0\0\0\0\0\0\0\0\0\0\0\0\0\0\0\0\0\0\0\0"..., 65536, 0) = 10240
pread64(3</tmp/nia-publication-fault-kpgp25ml/case/store/objects/4a/36f6eb7c1b236ab6cb28ddb882919e888bf393dfc00d93008ad6730697f8f7>, "", 55296, 10240) = 0
pread64(3</tmp/nia-publication-fault-kpgp25ml/case/store/objects/4a/36f6eb7c1b236ab6cb28ddb882919e888bf393dfc00d93008ad6730697f8f7>, "", 65536, 10240) = 0
pread64(3</tmp/nia-publication-fault-kpgp25ml/case/store/objects/84/ff92691f909a05b224e1c56abb4864f01b4f8e3c854e4bb4c7baf1d3f6d652>, "\0\0\0\0\0\0\0\0\0\0\0\0\0\0\0\0\0\0\0\0\0\0\0\0\0\0\0\0\0\0\0\0\0\0\0\0\0\0\0\0\0\0\0\0\0\0\0\0\0\0\0\0\0\0\0\0\0\0\0\0\0\0\0\0\0\0\0\0\0\0\0\0\0\0\0\0\0\0\0\0\0\0\0\0\0\0\0\0\0\0\0\0\0\0\0\0"..., 65536, 0) = 10240
pread64(3</tmp/nia-publication-fault-kpgp25ml/case/store/objects/84/ff92691f909a05b224e1c56abb4864f01b4f8e3c854e4bb4c7baf1d3f6d652>, "", 55296, 10240) = 0
pread64(3</tmp/nia-publication-fault-kpgp25ml/case/store/objects/84/ff92691f909a05b224e1c56abb4864f01b4f8e3c854e4bb4c7baf1d3f6d652>, "", 65536, 10240) = 0
pread64(3</tmp/nia-publication-fault-kpgp25ml/case/store/objects/8e/e688345e1d9502ee8cd7277a453c30bfb77b947201beb3300e9df2b8ca321d>, "\0\0\0\0\0\0\0\10NIACSEL1\273\343\341b6\331$M\267\345\300\262\251\302\306\27f\270\251!\330\260\227\374\323p\347\177\25.\3311\0\0\0\0\0\0\0\1\f\241y\346\276\376\267a\363a?\36\365|\250\222\353\303\246\242(\334\243/\23\t\360\254\6\247\336~J6\366\353|\33#j"..., 65536, 0) = 152
pread64(3</tmp/nia-publication-fault-kpgp25ml/case/store/objects/8e/e688345e1d9502ee8cd7277a453c30bfb77b947201beb3300e9df2b8ca321d>, "", 65384, 152) = 0
pread64(3</tmp/nia-publication-fault-kpgp25ml/case/store/objects/8e/e688345e1d9502ee8cd7277a453c30bfb77b947201beb3300e9df2b8ca321d>, "", 65536, 152) = 0
pread64(3</tmp/nia-publication-fault-kpgp25ml/case/store/objects/a3/1a856f430af395bccd7eb2f142b11ad3ae0fc5daf3acc4ffb341c48a5abd39>, "Package: empty-package\nVersion: 1\nArchitecture: all\nMaintainer: Fixture <fixture@example.invalid"..., 65536, 0) = 149
pread64(3</tmp/nia-publication-fault-kpgp25ml/case/store/objects/a3/1a856f430af395bccd7eb2f142b11ad3ae0fc5daf3acc4ffb341c48a5abd39>, "", 65387, 149) = 0
pread64(3</tmp/nia-publication-fault-kpgp25ml/case/store/objects/a3/1a856f430af395bccd7eb2f142b11ad3ae0fc5daf3acc4ffb341c48a5abd39>, "", 65536, 149) = 0
fsync(16</tmp/nia-publication-fault-kpgp25ml/case/store/incoming>) = 0
write(3</tmp/nia-publication-fault-kpgp25ml/case/store/incoming/73b8608adbb7786484078da37d4a2909>, "NIACLOS1\216\346\2104^\35\225\2\356\214\327'zE<0\277\267{\224r\1\276\2630\16\235\362\270\3122\35\273\343\341b6\331$M\267\345\300\262\251\302\306\27f\270\251!\330\260\227\374\323p\347\177\25.\3311\0\0\0\0\0\0\0\5", 80) = 80
write(3</tmp/nia-publication-fault-kpgp25ml/case/store/incoming/73b8608adbb7786484078da37d4a2909>, "\f\241y\346\276\376\267a\363a?\36\365|\250\222\353\303\246\242(\334\243/\23\t\360\254\6\247\336~", 32) = 32
write(3</tmp/nia-publication-fault-kpgp25ml/case/store/incoming/73b8608adbb7786484078da37d4a2909>, "J6\366\353|\33#j\266\313(\335\270\202\221\236\210\213\363\223\337\300\r\223\0\212\326s\6\227\370\367", 32) = 32
write(3</tmp/nia-publication-fault-kpgp25ml/case/store/incoming/73b8608adbb7786484078da37d4a2909>, "\204\377\222i\37\220\232\5\262$\341\305j\273Hd\360\33O\216<\205NK\264\307\272\361\323\366\326R", 32) = 32
write(3</tmp/nia-publication-fault-kpgp25ml/case/store/incoming/73b8608adbb7786484078da37d4a2909>, "\216\346\2104^\35\225\2\356\214\327'zE<0\277\267{\224r\1\276\2630\16\235\362\270\3122\35", 32) = 32
write(3</tmp/nia-publication-fault-kpgp25ml/case/store/incoming/73b8608adbb7786484078da37d4a2909>, "\243\32\205oC\n\363\225\274\315~\262\361B\261\32\323\256\17\305\332\363\254\304\377\263A\304\212Z\2759", 32) = 32
fsync(3</tmp/nia-publication-fault-kpgp25ml/case/store/incoming/73b8608adbb7786484078da37d4a2909>) = 0
renameat2(16</tmp/nia-publication-fault-kpgp25ml/case/store/incoming>, "73b8608adbb7786484078da37d4a2909", 3</tmp/nia-publication-fault-kpgp25ml/case/store/objects/32>, "094e7c613fdb6dffb1f27d926b176f7fd8946b8c2cf3ca9e3b95cb91a1a8ca", RENAME_NOREPLACE) = -1 EEXIST (File exists)
pread64(3</tmp/nia-publication-fault-kpgp25ml/case/store/objects/32/094e7c613fdb6dffb1f27d926b176f7fd8946b8c2cf3ca9e3b95cb91a1a8ca>, "NIACLOS1\216\346\2104^\35\225\2\356\214\327'zE<0\277\267{\224r\1\276\2630\16\235\362\270\3122\35\273\343\341b6\331$M\267\345\300\262\251\302\306\27f\270\251!\330\260\227\374\323p\347\177\25.\3311\0\0\0\0\0\0\0\5\f\241y\346\276\376\267a\363a?\36\365|\250\222"..., 65536, 0) = 240
pread64(3</tmp/nia-publication-fault-kpgp25ml/case/store/objects/32/094e7c613fdb6dffb1f27d926b176f7fd8946b8c2cf3ca9e3b95cb91a1a8ca>, "", 65296, 240) = 0
pread64(3</tmp/nia-publication-fault-kpgp25ml/case/store/objects/32/094e7c613fdb6dffb1f27d926b176f7fd8946b8c2cf3ca9e3b95cb91a1a8ca>, "", 65536, 240) = 0
fsync(16</tmp/nia-publication-fault-kpgp25ml/case/store/incoming>) = 0
pread64(3</tmp/nia-publication-fault-kpgp25ml/case/store/objects/8e/e688345e1d9502ee8cd7277a453c30bfb77b947201beb3300e9df2b8ca321d>, "\0\0\0\0\0\0\0\10NIACSEL1\273\343\341b6\331$M\267\345\300\262\251\302\306\27f\270\251!\330\260\227\374\323p\347\177\25.\3311\0\0\0\0\0\0\0\1\f\241y\346\276\376\267a\363a?\36\365|\250\222\353\303\246\242(\334\243/\23\t\360\254\6\247\336~J6\366\353|\33#j"..., 65536, 0) = 152
pread64(3</tmp/nia-publication-fault-kpgp25ml/case/store/objects/8e/e688345e1d9502ee8cd7277a453c30bfb77b947201beb3300e9df2b8ca321d>, "", 65384, 152) = 0
pread64(3</tmp/nia-publication-fault-kpgp25ml/case/store/objects/8e/e688345e1d9502ee8cd7277a453c30bfb77b947201beb3300e9df2b8ca321d>, "", 65536, 152) = 0
pread64(3</tmp/nia-publication-fault-kpgp25ml/case/store/objects/8e/e688345e1d9502ee8cd7277a453c30bfb77b947201beb3300e9df2b8ca321d>, "\0\0\0\0\0\0\0\10NIACSEL1\273\343\341b6\331$M\267\345\300\262\251\302\306\27f\270\251!\330\260\227\374\323p\347\177\25.\3311\0\0\0\0\0\0\0\1\f\241y\346\276\376\267a\363a?\36\365|\250\222\353\303\246\242(\334\243/\23\t\360\254\6\247\336~J6\366\353|\33#j"..., 393272, 0) = 152
pread64(3</tmp/nia-publication-fault-kpgp25ml/case/store/objects/8e/e688345e1d9502ee8cd7277a453c30bfb77b947201beb3300e9df2b8ca321d>, "", 393120, 152) = 0
pread64(3</tmp/nia-publication-fault-kpgp25ml/case/store/objects/0c/a179e6befeb761f3613f1ef57ca892ebc3a6a228dca32f1309f0ac06a7de7e>, "!<arch>\ndebian-binary/  0           0     0     100644  4         `\n2.0\ncontrol.tar/    0       "..., 65536, 0) = 20672
pread64(3</tmp/nia-publication-fault-kpgp25ml/case/store/objects/0c/a179e6befeb761f3613f1ef57ca892ebc3a6a228dca32f1309f0ac06a7de7e>, "", 44864, 20672) = 0
pread64(3</tmp/nia-publication-fault-kpgp25ml/case/store/objects/0c/a179e6befeb761f3613f1ef57ca892ebc3a6a228dca32f1309f0ac06a7de7e>, "", 65536, 20672) = 0
pread64(3</tmp/nia-publication-fault-kpgp25ml/case/store/objects/0c/a179e6befeb761f3613f1ef57ca892ebc3a6a228dca32f1309f0ac06a7de7e>, "!<arch>\n", 8, 0) = 8
pread64(3</tmp/nia-publication-fault-kpgp25ml/case/store/objects/0c/a179e6befeb761f3613f1ef57ca892ebc3a6a228dca32f1309f0ac06a7de7e>, "debian-binary/  0           0     0     100644  4         `\n", 60, 8) = 60
pread64(3</tmp/nia-publication-fault-kpgp25ml/case/store/objects/0c/a179e6befeb761f3613f1ef57ca892ebc3a6a228dca32f1309f0ac06a7de7e>, "2.0\n", 4, 68) = 4
pread64(3</tmp/nia-publication-fault-kpgp25ml/case/store/objects/0c/a179e6befeb761f3613f1ef57ca892ebc3a6a228dca32f1309f0ac06a7de7e>, "2.0\n", 4, 68) = 4
pread64(3</tmp/nia-publication-fault-kpgp25ml/case/store/objects/0c/a179e6befeb761f3613f1ef57ca892ebc3a6a228dca32f1309f0ac06a7de7e>, "control.tar/    0           0     0     100644  10240     `\n", 60, 72) = 60
pread64(3</tmp/nia-publication-fault-kpgp25ml/case/store/objects/0c/a179e6befeb761f3613f1ef57ca892ebc3a6a228dca32f1309f0ac06a7de7e>, "./control\0\0\0\0\0\0\0\0\0\0\0\0\0\0\0\0\0\0\0\0\0\0\0\0\0\0\0\0\0\0\0\0\0\0\0\0\0\0\0\0\0\0\0\0\0\0\0\0\0\0\0\0\0\0\0\0\0\0\0\0\0\0\0\0\0\0\0\0\0\0\0\0\0\0\0\0\0\0\0\0\0\0\0\0\0\0\0"..., 10240, 132) = 10240
pread64(3</tmp/nia-publication-fault-kpgp25ml/case/store/objects/0c/a179e6befeb761f3613f1ef57ca892ebc3a6a228dca32f1309f0ac06a7de7e>, "data.tar/       0           0     0     100644  10240     `\n", 60, 10372) = 60
pread64(3</tmp/nia-publication-fault-kpgp25ml/case/store/objects/0c/a179e6befeb761f3613f1ef57ca892ebc3a6a228dca32f1309f0ac06a7de7e>, "\0\0\0\0\0\0\0\0\0\0\0\0\0\0\0\0\0\0\0\0\0\0\0\0\0\0\0\0\0\0\0\0\0\0\0\0\0\0\0\0\0\0\0\0\0\0\0\0\0\0\0\0\0\0\0\0\0\0\0\0\0\0\0\0\0\0\0\0\0\0\0\0\0\0\0\0\0\0\0\0\0\0\0\0\0\0\0\0\0\0\0\0\0\0\0\0"..., 10240, 10432) = 10240
pread64(3</tmp/nia-publication-fault-kpgp25ml/case/store/objects/0c/a179e6befeb761f3613f1ef57ca892ebc3a6a228dca32f1309f0ac06a7de7e>, "!<arch>\ndebian-binary/  0           0     0     100644  4         `\n2.0\ncontrol.tar/    0       "..., 65536, 0) = 20672
pread64(3</tmp/nia-publication-fault-kpgp25ml/case/store/objects/0c/a179e6befeb761f3613f1ef57ca892ebc3a6a228dca32f1309f0ac06a7de7e>, "", 44864, 20672) = 0
pread64(3</tmp/nia-publication-fault-kpgp25ml/case/store/objects/0c/a179e6befeb761f3613f1ef57ca892ebc3a6a228dca32f1309f0ac06a7de7e>, "", 65536, 20672) = 0
pread64(3</tmp/nia-publication-fault-kpgp25ml/case/store/objects/0c/a179e6befeb761f3613f1ef57ca892ebc3a6a228dca32f1309f0ac06a7de7e>, "!<arch>\n", 8, 0) = 8
pread64(3</tmp/nia-publication-fault-kpgp25ml/case/store/objects/0c/a179e6befeb761f3613f1ef57ca892ebc3a6a228dca32f1309f0ac06a7de7e>, "debian-binary/  0           0     0     100644  4         `\n", 60, 8) = 60
pread64(3</tmp/nia-publication-fault-kpgp25ml/case/store/objects/0c/a179e6befeb761f3613f1ef57ca892ebc3a6a228dca32f1309f0ac06a7de7e>, "2.0\n", 4, 68) = 4
pread64(3</tmp/nia-publication-fault-kpgp25ml/case/store/objects/0c/a179e6befeb761f3613f1ef57ca892ebc3a6a228dca32f1309f0ac06a7de7e>, "2.0\n", 4, 68) = 4
pread64(3</tmp/nia-publication-fault-kpgp25ml/case/store/objects/0c/a179e6befeb761f3613f1ef57ca892ebc3a6a228dca32f1309f0ac06a7de7e>, "control.tar/    0           0     0     100644  10240     `\n", 60, 72) = 60
pread64(3</tmp/nia-publication-fault-kpgp25ml/case/store/objects/0c/a179e6befeb761f3613f1ef57ca892ebc3a6a228dca32f1309f0ac06a7de7e>, "./control\0\0\0\0\0\0\0\0\0\0\0\0\0\0\0\0\0\0\0\0\0\0\0\0\0\0\0\0\0\0\0\0\0\0\0\0\0\0\0\0\0\0\0\0\0\0\0\0\0\0\0\0\0\0\0\0\0\0\0\0\0\0\0\0\0\0\0\0\0\0\0\0\0\0\0\0\0\0\0\0\0\0\0\0\0\0\0"..., 10240, 132) = 10240
pread64(3</tmp/nia-publication-fault-kpgp25ml/case/store/objects/0c/a179e6befeb761f3613f1ef57ca892ebc3a6a228dca32f1309f0ac06a7de7e>, "data.tar/       0           0     0     100644  10240     `\n", 60, 10372) = 60
pread64(3</tmp/nia-publication-fault-kpgp25ml/case/store/objects/0c/a179e6befeb761f3613f1ef57ca892ebc3a6a228dca32f1309f0ac06a7de7e>, "\0\0\0\0\0\0\0\0\0\0\0\0\0\0\0\0\0\0\0\0\0\0\0\0\0\0\0\0\0\0\0\0\0\0\0\0\0\0\0\0\0\0\0\0\0\0\0\0\0\0\0\0\0\0\0\0\0\0\0\0\0\0\0\0\0\0\0\0\0\0\0\0\0\0\0\0\0\0\0\0\0\0\0\0\0\0\0\0\0\0\0\0\0\0\0\0"..., 10240, 10432) = 10240
fsync(17</tmp/nia-publication-fault-kpgp25ml/case/store/incoming>) = 0
pread64(3</tmp/nia-publication-fault-kpgp25ml/case/store/objects/0c/a179e6befeb761f3613f1ef57ca892ebc3a6a228dca32f1309f0ac06a7de7e>, "\0\0\0\0\0\0\0\0\0\0\0\0\0\0\0\0\0\0\0\0\0\0\0\0\0\0\0\0\0\0\0\0\0\0\0\0\0\0\0\0\0\0\0\0\0\0\0\0\0\0\0\0\0\0\0\0\0\0\0\0\0\0\0\0\0\0\0\0\0\0\0\0\0\0\0\0\0\0\0\0\0\0\0\0\0\0\0\0\0\0\0\0\0\0\0\0"..., 10240, 10432) = 10240
write(16</tmp/nia-publication-fault-kpgp25ml/case/store/incoming/478a63f3cf936a7425720db7f511a93c>, "\0\0\0\0\0\0\0\0\0\0\0\0\0\0\0\0\0\0\0\0\0\0\0\0\0\0\0\0\0\0\0\0\0\0\0\0\0\0\0\0\0\0\0\0\0\0\0\0\0\0\0\0\0\0\0\0\0\0\0\0\0\0\0\0\0\0\0\0\0\0\0\0\0\0\0\0\0\0\0\0\0\0\0\0\0\0\0\0\0\0\0\0\0\0\0\0"..., 10240) = 10240
fsync(16</tmp/nia-publication-fault-kpgp25ml/case/store/incoming/478a63f3cf936a7425720db7f511a93c>) = 0
renameat2(17</tmp/nia-publication-fault-kpgp25ml/case/store/incoming>, "478a63f3cf936a7425720db7f511a93c", 16</tmp/nia-publication-fault-kpgp25ml/case/store/objects/84>, "ff92691f909a05b224e1c56abb4864f01b4f8e3c854e4bb4c7baf1d3f6d652", RENAME_NOREPLACE) = -1 EEXIST (File exists)
pread64(16</tmp/nia-publication-fault-kpgp25ml/case/store/objects/84/ff92691f909a05b224e1c56abb4864f01b4f8e3c854e4bb4c7baf1d3f6d652>, "\0\0\0\0\0\0\0\0\0\0\0\0\0\0\0\0\0\0\0\0\0\0\0\0\0\0\0\0\0\0\0\0\0\0\0\0\0\0\0\0\0\0\0\0\0\0\0\0\0\0\0\0\0\0\0\0\0\0\0\0\0\0\0\0\0\0\0\0\0\0\0\0\0\0\0\0\0\0\0\0\0\0\0\0\0\0\0\0\0\0\0\0\0\0\0\0"..., 65536, 0) = 10240
pread64(16</tmp/nia-publication-fault-kpgp25ml/case/store/objects/84/ff92691f909a05b224e1c56abb4864f01b4f8e3c854e4bb4c7baf1d3f6d652>, "", 55296, 10240) = 0
pread64(16</tmp/nia-publication-fault-kpgp25ml/case/store/objects/84/ff92691f909a05b224e1c56abb4864f01b4f8e3c854e4bb4c7baf1d3f6d652>, "", 65536, 10240) = 0
fsync(17</tmp/nia-publication-fault-kpgp25ml/case/store/incoming>) = 0
pread64(3</tmp/nia-publication-fault-kpgp25ml/case/store/objects/84/ff92691f909a05b224e1c56abb4864f01b4f8e3c854e4bb4c7baf1d3f6d652>, "\0\0\0\0\0\0\0\0\0\0\0\0\0\0\0\0\0\0\0\0\0\0\0\0\0\0\0\0\0\0\0\0\0\0\0\0\0\0\0\0\0\0\0\0\0\0\0\0\0\0\0\0\0\0\0\0\0\0\0\0\0\0\0\0\0\0\0\0\0\0\0\0\0\0\0\0\0\0\0\0\0\0\0\0\0\0\0\0\0\0\0\0\0\0\0\0"..., 65536, 0) = 10240
pread64(3</tmp/nia-publication-fault-kpgp25ml/case/store/objects/84/ff92691f909a05b224e1c56abb4864f01b4f8e3c854e4bb4c7baf1d3f6d652>, "", 55296, 10240) = 0
pread64(3</tmp/nia-publication-fault-kpgp25ml/case/store/objects/84/ff92691f909a05b224e1c56abb4864f01b4f8e3c854e4bb4c7baf1d3f6d652>, "", 65536, 10240) = 0
pread64(3</tmp/nia-publication-fault-kpgp25ml/case/store/objects/84/ff92691f909a05b224e1c56abb4864f01b4f8e3c854e4bb4c7baf1d3f6d652>, "\0\0\0\0\0\0\0\0\0\0\0\0\0\0\0\0\0\0\0\0\0\0\0\0\0\0\0\0\0\0\0\0\0\0\0\0\0\0\0\0\0\0\0\0\0\0\0\0\0\0\0\0\0\0\0\0\0\0\0\0\0\0\0\0\0\0\0\0\0\0\0\0\0\0\0\0\0\0\0\0\0\0\0\0\0\0\0\0\0\0\0\0\0\0\0\0"..., 10240, 0) = 10240
fsync(17</tmp/nia-publication-fault-kpgp25ml/case/store/incoming>) = 0
pread64(3</tmp/nia-publication-fault-kpgp25ml/case/store/objects/84/ff92691f909a05b224e1c56abb4864f01b4f8e3c854e4bb4c7baf1d3f6d652>, "\0\0\0\0\0\0\0\0\0\0\0\0\0\0\0\0\0\0\0\0\0\0\0\0\0\0\0\0\0\0\0\0\0\0\0\0\0\0\0\0\0\0\0\0\0\0\0\0\0\0\0\0\0\0\0\0\0\0\0\0\0\0\0\0\0\0\0\0\0\0\0\0\0\0\0\0\0\0\0\0\0\0\0\0\0\0\0\0\0\0\0\0\0\0\0\0"..., 10240, 0) = 10240
write(16</tmp/nia-publication-fault-kpgp25ml/case/store/incoming/059a2c221a7d65c96abd08a197ea023b>, "\0\0\0\0\0\0\0\0\0\0\0\0\0\0\0\0\0\0\0\0\0\0\0\0\0\0\0\0\0\0\0\0\0\0\0\0\0\0\0\0\0\0\0\0\0\0\0\0\0\0\0\0\0\0\0\0\0\0\0\0\0\0\0\0\0\0\0\0\0\0\0\0\0\0\0\0\0\0\0\0\0\0\0\0\0\0\0\0\0\0\0\0\0\0\0\0"..., 10240) = 10240
fsync(16</tmp/nia-publication-fault-kpgp25ml/case/store/incoming/059a2c221a7d65c96abd08a197ea023b>) = 0
renameat2(17</tmp/nia-publication-fault-kpgp25ml/case/store/incoming>, "059a2c221a7d65c96abd08a197ea023b", 16</tmp/nia-publication-fault-kpgp25ml/case/store/objects/84>, "ff92691f909a05b224e1c56abb4864f01b4f8e3c854e4bb4c7baf1d3f6d652", RENAME_NOREPLACE) = -1 EEXIST (File exists)
pread64(16</tmp/nia-publication-fault-kpgp25ml/case/store/objects/84/ff92691f909a05b224e1c56abb4864f01b4f8e3c854e4bb4c7baf1d3f6d652>, "\0\0\0\0\0\0\0\0\0\0\0\0\0\0\0\0\0\0\0\0\0\0\0\0\0\0\0\0\0\0\0\0\0\0\0\0\0\0\0\0\0\0\0\0\0\0\0\0\0\0\0\0\0\0\0\0\0\0\0\0\0\0\0\0\0\0\0\0\0\0\0\0\0\0\0\0\0\0\0\0\0\0\0\0\0\0\0\0\0\0\0\0\0\0\0\0"..., 65536, 0) = 10240
pread64(16</tmp/nia-publication-fault-kpgp25ml/case/store/objects/84/ff92691f909a05b224e1c56abb4864f01b4f8e3c854e4bb4c7baf1d3f6d652>, "", 55296, 10240) = 0
pread64(16</tmp/nia-publication-fault-kpgp25ml/case/store/objects/84/ff92691f909a05b224e1c56abb4864f01b4f8e3c854e4bb4c7baf1d3f6d652>, "", 65536, 10240) = 0
fsync(17</tmp/nia-publication-fault-kpgp25ml/case/store/incoming>) = 0
pread64(3</tmp/nia-publication-fault-kpgp25ml/case/store/objects/84/ff92691f909a05b224e1c56abb4864f01b4f8e3c854e4bb4c7baf1d3f6d652>, "\0\0\0\0\0\0\0\0\0\0\0\0\0\0\0\0\0\0\0\0\0\0\0\0\0\0\0\0\0\0\0\0\0\0\0\0\0\0\0\0\0\0\0\0\0\0\0\0\0\0\0\0\0\0\0\0\0\0\0\0\0\0\0\0\0\0\0\0\0\0\0\0\0\0\0\0\0\0\0\0\0\0\0\0\0\0\0\0\0\0\0\0\0\0\0\0"..., 65536, 0) = 10240
pread64(3</tmp/nia-publication-fault-kpgp25ml/case/store/objects/84/ff92691f909a05b224e1c56abb4864f01b4f8e3c854e4bb4c7baf1d3f6d652>, "", 55296, 10240) = 0
pread64(3</tmp/nia-publication-fault-kpgp25ml/case/store/objects/84/ff92691f909a05b224e1c56abb4864f01b4f8e3c854e4bb4c7baf1d3f6d652>, "", 65536, 10240) = 0
pread64(3</tmp/nia-publication-fault-kpgp25ml/case/store/objects/84/ff92691f909a05b224e1c56abb4864f01b4f8e3c854e4bb4c7baf1d3f6d652>, "\0\0\0\0\0\0\0\0\0\0\0\0\0\0\0\0\0\0\0\0\0\0\0\0\0\0\0\0\0\0\0\0\0\0\0\0\0\0\0\0\0\0\0\0\0\0\0\0\0\0\0\0\0\0\0\0\0\0\0\0\0\0\0\0\0\0\0\0\0\0\0\0\0\0\0\0\0\0\0\0\0\0\0\0\0\0\0\0\0\0\0\0\0\0\0\0"..., 512, 0) = 512
pread64(3</tmp/nia-publication-fault-kpgp25ml/case/store/objects/84/ff92691f909a05b224e1c56abb4864f01b4f8e3c854e4bb4c7baf1d3f6d652>, "\0\0\0\0\0\0\0\0\0\0\0\0\0\0\0\0\0\0\0\0\0\0\0\0\0\0\0\0\0\0\0\0\0\0\0\0\0\0\0\0\0\0\0\0\0\0\0\0\0\0\0\0\0\0\0\0\0\0\0\0\0\0\0\0\0\0\0\0\0\0\0\0\0\0\0\0\0\0\0\0\0\0\0\0\0\0\0\0\0\0\0\0\0\0\0\0"..., 9728, 512) = 9728
pread64(3</tmp/nia-publication-fault-kpgp25ml/case/store/objects/0c/a179e6befeb761f3613f1ef57ca892ebc3a6a228dca32f1309f0ac06a7de7e>, "!<arch>\ndebian-binary/  0           0     0     100644  4         `\n2.0\ncontrol.tar/    0       "..., 65536, 0) = 20672
pread64(3</tmp/nia-publication-fault-kpgp25ml/case/store/objects/0c/a179e6befeb761f3613f1ef57ca892ebc3a6a228dca32f1309f0ac06a7de7e>, "", 44864, 20672) = 0
pread64(3</tmp/nia-publication-fault-kpgp25ml/case/store/objects/0c/a179e6befeb761f3613f1ef57ca892ebc3a6a228dca32f1309f0ac06a7de7e>, "", 65536, 20672) = 0
pread64(3</tmp/nia-publication-fault-kpgp25ml/case/store/objects/0c/a179e6befeb761f3613f1ef57ca892ebc3a6a228dca32f1309f0ac06a7de7e>, "!<arch>\n", 8, 0) = 8
pread64(3</tmp/nia-publication-fault-kpgp25ml/case/store/objects/0c/a179e6befeb761f3613f1ef57ca892ebc3a6a228dca32f1309f0ac06a7de7e>, "debian-binary/  0           0     0     100644  4         `\n", 60, 8) = 60
pread64(3</tmp/nia-publication-fault-kpgp25ml/case/store/objects/0c/a179e6befeb761f3613f1ef57ca892ebc3a6a228dca32f1309f0ac06a7de7e>, "2.0\n", 4, 68) = 4
pread64(3</tmp/nia-publication-fault-kpgp25ml/case/store/objects/0c/a179e6befeb761f3613f1ef57ca892ebc3a6a228dca32f1309f0ac06a7de7e>, "2.0\n", 4, 68) = 4
pread64(3</tmp/nia-publication-fault-kpgp25ml/case/store/objects/0c/a179e6befeb761f3613f1ef57ca892ebc3a6a228dca32f1309f0ac06a7de7e>, "control.tar/    0           0     0     100644  10240     `\n", 60, 72) = 60
pread64(3</tmp/nia-publication-fault-kpgp25ml/case/store/objects/0c/a179e6befeb761f3613f1ef57ca892ebc3a6a228dca32f1309f0ac06a7de7e>, "./control\0\0\0\0\0\0\0\0\0\0\0\0\0\0\0\0\0\0\0\0\0\0\0\0\0\0\0\0\0\0\0\0\0\0\0\0\0\0\0\0\0\0\0\0\0\0\0\0\0\0\0\0\0\0\0\0\0\0\0\0\0\0\0\0\0\0\0\0\0\0\0\0\0\0\0\0\0\0\0\0\0\0\0\0\0\0\0"..., 10240, 132) = 10240
pread64(3</tmp/nia-publication-fault-kpgp25ml/case/store/objects/0c/a179e6befeb761f3613f1ef57ca892ebc3a6a228dca32f1309f0ac06a7de7e>, "data.tar/       0           0     0     100644  10240     `\n", 60, 10372) = 60
pread64(3</tmp/nia-publication-fault-kpgp25ml/case/store/objects/0c/a179e6befeb761f3613f1ef57ca892ebc3a6a228dca32f1309f0ac06a7de7e>, "\0\0\0\0\0\0\0\0\0\0\0\0\0\0\0\0\0\0\0\0\0\0\0\0\0\0\0\0\0\0\0\0\0\0\0\0\0\0\0\0\0\0\0\0\0\0\0\0\0\0\0\0\0\0\0\0\0\0\0\0\0\0\0\0\0\0\0\0\0\0\0\0\0\0\0\0\0\0\0\0\0\0\0\0\0\0\0\0\0\0\0\0\0\0\0\0"..., 10240, 10432) = 10240
pread64(3</tmp/nia-publication-fault-kpgp25ml/case/store/objects/0c/a179e6befeb761f3613f1ef57ca892ebc3a6a228dca32f1309f0ac06a7de7e>, "!<arch>\ndebian-binary/  0           0     0     100644  4         `\n2.0\ncontrol.tar/    0       "..., 65536, 0) = 20672
pread64(3</tmp/nia-publication-fault-kpgp25ml/case/store/objects/0c/a179e6befeb761f3613f1ef57ca892ebc3a6a228dca32f1309f0ac06a7de7e>, "", 44864, 20672) = 0
pread64(3</tmp/nia-publication-fault-kpgp25ml/case/store/objects/0c/a179e6befeb761f3613f1ef57ca892ebc3a6a228dca32f1309f0ac06a7de7e>, "", 65536, 20672) = 0
pread64(3</tmp/nia-publication-fault-kpgp25ml/case/store/objects/0c/a179e6befeb761f3613f1ef57ca892ebc3a6a228dca32f1309f0ac06a7de7e>, "!<arch>\n", 8, 0) = 8
pread64(3</tmp/nia-publication-fault-kpgp25ml/case/store/objects/0c/a179e6befeb761f3613f1ef57ca892ebc3a6a228dca32f1309f0ac06a7de7e>, "debian-binary/  0           0     0     100644  4         `\n", 60, 8) = 60
pread64(3</tmp/nia-publication-fault-kpgp25ml/case/store/objects/0c/a179e6befeb761f3613f1ef57ca892ebc3a6a228dca32f1309f0ac06a7de7e>, "2.0\n", 4, 68) = 4
pread64(3</tmp/nia-publication-fault-kpgp25ml/case/store/objects/0c/a179e6befeb761f3613f1ef57ca892ebc3a6a228dca32f1309f0ac06a7de7e>, "2.0\n", 4, 68) = 4
pread64(3</tmp/nia-publication-fault-kpgp25ml/case/store/objects/0c/a179e6befeb761f3613f1ef57ca892ebc3a6a228dca32f1309f0ac06a7de7e>, "control.tar/    0           0     0     100644  10240     `\n", 60, 72) = 60
pread64(3</tmp/nia-publication-fault-kpgp25ml/case/store/objects/0c/a179e6befeb761f3613f1ef57ca892ebc3a6a228dca32f1309f0ac06a7de7e>, "./control\0\0\0\0\0\0\0\0\0\0\0\0\0\0\0\0\0\0\0\0\0\0\0\0\0\0\0\0\0\0\0\0\0\0\0\0\0\0\0\0\0\0\0\0\0\0\0\0\0\0\0\0\0\0\0\0\0\0\0\0\0\0\0\0\0\0\0\0\0\0\0\0\0\0\0\0\0\0\0\0\0\0\0\0\0\0\0"..., 10240, 132) = 10240
pread64(3</tmp/nia-publication-fault-kpgp25ml/case/store/objects/0c/a179e6befeb761f3613f1ef57ca892ebc3a6a228dca32f1309f0ac06a7de7e>, "data.tar/       0           0     0     100644  10240     `\n", 60, 10372) = 60
pread64(3</tmp/nia-publication-fault-kpgp25ml/case/store/objects/0c/a179e6befeb761f3613f1ef57ca892ebc3a6a228dca32f1309f0ac06a7de7e>, "\0\0\0\0\0\0\0\0\0\0\0\0\0\0\0\0\0\0\0\0\0\0\0\0\0\0\0\0\0\0\0\0\0\0\0\0\0\0\0\0\0\0\0\0\0\0\0\0\0\0\0\0\0\0\0\0\0\0\0\0\0\0\0\0\0\0\0\0\0\0\0\0\0\0\0\0\0\0\0\0\0\0\0\0\0\0\0\0\0\0\0\0\0\0\0\0"..., 10240, 10432) = 10240
fsync(17</tmp/nia-publication-fault-kpgp25ml/case/store/incoming>) = 0
pread64(3</tmp/nia-publication-fault-kpgp25ml/case/store/objects/0c/a179e6befeb761f3613f1ef57ca892ebc3a6a228dca32f1309f0ac06a7de7e>, "./control\0\0\0\0\0\0\0\0\0\0\0\0\0\0\0\0\0\0\0\0\0\0\0\0\0\0\0\0\0\0\0\0\0\0\0\0\0\0\0\0\0\0\0\0\0\0\0\0\0\0\0\0\0\0\0\0\0\0\0\0\0\0\0\0\0\0\0\0\0\0\0\0\0\0\0\0\0\0\0\0\0\0\0\0\0\0\0"..., 10240, 132) = 10240
write(16</tmp/nia-publication-fault-kpgp25ml/case/store/incoming/27a7ed42267135c7d2a81e0bc8be8225>, "./control\0\0\0\0\0\0\0\0\0\0\0\0\0\0\0\0\0\0\0\0\0\0\0\0\0\0\0\0\0\0\0\0\0\0\0\0\0\0\0\0\0\0\0\0\0\0\0\0\0\0\0\0\0\0\0\0\0\0\0\0\0\0\0\0\0\0\0\0\0\0\0\0\0\0\0\0\0\0\0\0\0\0\0\0\0\0\0"..., 10240) = 10240
fsync(16</tmp/nia-publication-fault-kpgp25ml/case/store/incoming/27a7ed42267135c7d2a81e0bc8be8225>) = 0
renameat2(17</tmp/nia-publication-fault-kpgp25ml/case/store/incoming>, "27a7ed42267135c7d2a81e0bc8be8225", 16</tmp/nia-publication-fault-kpgp25ml/case/store/objects/4a>, "36f6eb7c1b236ab6cb28ddb882919e888bf393dfc00d93008ad6730697f8f7", RENAME_NOREPLACE) = -1 EEXIST (File exists)
pread64(16</tmp/nia-publication-fault-kpgp25ml/case/store/objects/4a/36f6eb7c1b236ab6cb28ddb882919e888bf393dfc00d93008ad6730697f8f7>, "./control\0\0\0\0\0\0\0\0\0\0\0\0\0\0\0\0\0\0\0\0\0\0\0\0\0\0\0\0\0\0\0\0\0\0\0\0\0\0\0\0\0\0\0\0\0\0\0\0\0\0\0\0\0\0\0\0\0\0\0\0\0\0\0\0\0\0\0\0\0\0\0\0\0\0\0\0\0\0\0\0\0\0\0\0\0\0\0"..., 65536, 0) = 10240
pread64(16</tmp/nia-publication-fault-kpgp25ml/case/store/objects/4a/36f6eb7c1b236ab6cb28ddb882919e888bf393dfc00d93008ad6730697f8f7>, "", 55296, 10240) = 0
pread64(16</tmp/nia-publication-fault-kpgp25ml/case/store/objects/4a/36f6eb7c1b236ab6cb28ddb882919e888bf393dfc00d93008ad6730697f8f7>, "", 65536, 10240) = 0
fsync(17</tmp/nia-publication-fault-kpgp25ml/case/store/incoming>) = 0
pread64(3</tmp/nia-publication-fault-kpgp25ml/case/store/objects/4a/36f6eb7c1b236ab6cb28ddb882919e888bf393dfc00d93008ad6730697f8f7>, "./control\0\0\0\0\0\0\0\0\0\0\0\0\0\0\0\0\0\0\0\0\0\0\0\0\0\0\0\0\0\0\0\0\0\0\0\0\0\0\0\0\0\0\0\0\0\0\0\0\0\0\0\0\0\0\0\0\0\0\0\0\0\0\0\0\0\0\0\0\0\0\0\0\0\0\0\0\0\0\0\0\0\0\0\0\0\0\0"..., 65536, 0) = 10240
pread64(3</tmp/nia-publication-fault-kpgp25ml/case/store/objects/4a/36f6eb7c1b236ab6cb28ddb882919e888bf393dfc00d93008ad6730697f8f7>, "", 55296, 10240) = 0
pread64(3</tmp/nia-publication-fault-kpgp25ml/case/store/objects/4a/36f6eb7c1b236ab6cb28ddb882919e888bf393dfc00d93008ad6730697f8f7>, "", 65536, 10240) = 0
pread64(3</tmp/nia-publication-fault-kpgp25ml/case/store/objects/4a/36f6eb7c1b236ab6cb28ddb882919e888bf393dfc00d93008ad6730697f8f7>, "./control\0\0\0\0\0\0\0\0\0\0\0\0\0\0\0\0\0\0\0\0\0\0\0\0\0\0\0\0\0\0\0\0\0\0\0\0\0\0\0\0\0\0\0\0\0\0\0\0\0\0\0\0\0\0\0\0\0\0\0\0\0\0\0\0\0\0\0\0\0\0\0\0\0\0\0\0\0\0\0\0\0\0\0\0\0\0\0"..., 10240, 0) = 10240
fsync(17</tmp/nia-publication-fault-kpgp25ml/case/store/incoming>) = 0
write(16</tmp/nia-publication-fault-kpgp25ml/case/store/incoming/b63621d3c85de1bf53fad508f3ae4a96>, "Package: empty-package\nVersion: 1\nArchitecture: all\nMaintainer: Fixture <fixture@example.invalid"..., 149) = 149
fsync(16</tmp/nia-publication-fault-kpgp25ml/case/store/incoming/b63621d3c85de1bf53fad508f3ae4a96>) = 0
renameat2(17</tmp/nia-publication-fault-kpgp25ml/case/store/incoming>, "b63621d3c85de1bf53fad508f3ae4a96", 16</tmp/nia-publication-fault-kpgp25ml/case/store/objects/a3>, "1a856f430af395bccd7eb2f142b11ad3ae0fc5daf3acc4ffb341c48a5abd39", RENAME_NOREPLACE) = -1 EEXIST (File exists)
pread64(16</tmp/nia-publication-fault-kpgp25ml/case/store/objects/a3/1a856f430af395bccd7eb2f142b11ad3ae0fc5daf3acc4ffb341c48a5abd39>, "Package: empty-package\nVersion: 1\nArchitecture: all\nMaintainer: Fixture <fixture@example.invalid"..., 65536, 0) = 149
pread64(16</tmp/nia-publication-fault-kpgp25ml/case/store/objects/a3/1a856f430af395bccd7eb2f142b11ad3ae0fc5daf3acc4ffb341c48a5abd39>, "", 65387, 149) = 0
pread64(16</tmp/nia-publication-fault-kpgp25ml/case/store/objects/a3/1a856f430af395bccd7eb2f142b11ad3ae0fc5daf3acc4ffb341c48a5abd39>, "", 65536, 149) = 0
fsync(17</tmp/nia-publication-fault-kpgp25ml/case/store/incoming>) = 0
pread64(3</tmp/nia-publication-fault-kpgp25ml/case/store/objects/a3/1a856f430af395bccd7eb2f142b11ad3ae0fc5daf3acc4ffb341c48a5abd39>, "Package: empty-package\nVersion: 1\nArchitecture: all\nMaintainer: Fixture <fixture@example.invalid"..., 65536, 0) = 149
pread64(3</tmp/nia-publication-fault-kpgp25ml/case/store/objects/a3/1a856f430af395bccd7eb2f142b11ad3ae0fc5daf3acc4ffb341c48a5abd39>, "", 65387, 149) = 0
pread64(3</tmp/nia-publication-fault-kpgp25ml/case/store/objects/a3/1a856f430af395bccd7eb2f142b11ad3ae0fc5daf3acc4ffb341c48a5abd39>, "", 65536, 149) = 0
pread64(3</tmp/nia-publication-fault-kpgp25ml/case/store/objects/a3/1a856f430af395bccd7eb2f142b11ad3ae0fc5daf3acc4ffb341c48a5abd39>, "Package: empty-package\nVersion: 1\nArchitecture: all\nMaintainer: Fixture <fixture@example.invalid"..., 16777216, 0) = 149
pread64(3</tmp/nia-publication-fault-kpgp25ml/case/store/objects/a3/1a856f430af395bccd7eb2f142b11ad3ae0fc5daf3acc4ffb341c48a5abd39>, "", 16777067, 149) = 0
pread64(3</tmp/nia-publication-fault-kpgp25ml/case/store/objects/a3/1a856f430af395bccd7eb2f142b11ad3ae0fc5daf3acc4ffb341c48a5abd39>, "Package: empty-package\nVersion: 1\nArchitecture: all\nMaintainer: Fixture <fixture@example.invalid"..., 65536, 0) = 149
pread64(3</tmp/nia-publication-fault-kpgp25ml/case/store/objects/a3/1a856f430af395bccd7eb2f142b11ad3ae0fc5daf3acc4ffb341c48a5abd39>, "", 65387, 149) = 0
pread64(3</tmp/nia-publication-fault-kpgp25ml/case/store/objects/a3/1a856f430af395bccd7eb2f142b11ad3ae0fc5daf3acc4ffb341c48a5abd39>, "", 65536, 149) = 0
pread64(3</tmp/nia-publication-fault-kpgp25ml/case/store/objects/a3/1a856f430af395bccd7eb2f142b11ad3ae0fc5daf3acc4ffb341c48a5abd39>, "Package: empty-package\nVersion: 1\nArchitecture: all\nMaintainer: Fixture <fixture@example.invalid"..., 16777216, 0) = 149
pread64(3</tmp/nia-publication-fault-kpgp25ml/case/store/objects/a3/1a856f430af395bccd7eb2f142b11ad3ae0fc5daf3acc4ffb341c48a5abd39>, "", 16777067, 149) = 0
pread64(3</tmp/nia-publication-fault-kpgp25ml/case/store/objects/7c/28b05decc8f6bb33b6cf0f646c5af5aa8055e00a4cf6da1a746bd63b1d1ef2>, "MCPLAN02\37\37\37\37\37\37\37\37\37\37\37\37\37\37\37\37================\0\0\0\0\0\0\0\0\0\0\0\0\0\0\0\1\0\0\0\0\0\0\0\1\0\0\0\0\0\0\0\2\216\346\2104^\35\225\2\356\214\327'zE<0\277\267{\224r\1\276\263"..., 65536, 0) = 467
pread64(3</tmp/nia-publication-fault-kpgp25ml/case/store/objects/7c/28b05decc8f6bb33b6cf0f646c5af5aa8055e00a4cf6da1a746bd63b1d1ef2>, "", 65069, 467) = 0
pread64(3</tmp/nia-publication-fault-kpgp25ml/case/store/objects/7c/28b05decc8f6bb33b6cf0f646c5af5aa8055e00a4cf6da1a746bd63b1d1ef2>, "", 65536, 467) = 0
pread64(3</tmp/nia-publication-fault-kpgp25ml/case/store/objects/7c/28b05decc8f6bb33b6cf0f646c5af5aa8055e00a4cf6da1a746bd63b1d1ef2>, "MCPLAN02\37\37\37\37\37\37\37\37\37\37\37\37\37\37\37\37================\0\0\0\0\0\0\0\0\0\0\0\0\0\0\0\1\0\0\0\0\0\0\0\1\0\0\0\0\0\0\0\2\216\346\2104^\35\225\2\356\214\327'zE<0\277\267{\224r\1\276\263"..., 4500000, 0) = 467
pread64(3</tmp/nia-publication-fault-kpgp25ml/case/store/objects/7c/28b05decc8f6bb33b6cf0f646c5af5aa8055e00a4cf6da1a746bd63b1d1ef2>, "", 4499533, 467) = 0
pread64(3</tmp/nia-publication-fault-kpgp25ml/case/store/pins/3d3d3d3d3d3d3d3d3d3d3d3d3d3d3d3d>, "|(\260]\354\310\366\2733\266\317\17dlZ\365\252\200U\340\nL\366\332\32tk\326;\35\36\362", 33, 0) = 32
pread64(3</tmp/nia-publication-fault-kpgp25ml/case/store/pins/3d3d3d3d3d3d3d3d3d3d3d3d3d3d3d3d>, "", 1, 32) = 0
fsync(3</tmp/nia-publication-fault-kpgp25ml/case/state>) = 0
pread64(16</tmp/nia-publication-fault-kpgp25ml/case/state/tx-3d3d3d3d3d3d3d3d3d3d3d3d3d3d3d3d.log>, "MCLOG002\0\0\0\0\0\0\0\1\0\1\0\0\0\0\0\0\37\37\37\37\37\37\37\37\37\37\37\37\37\37\37\37================\0\0\0\0\0\0\0\1\0\0\0\0\0\0\0\2\0\0\0\0\0\0\0\0\0\0\0\0\0\0\0\1|(\260]\354\310\366\273"..., 256, 0) = 256
pread64(16</tmp/nia-publication-fault-kpgp25ml/case/state/tx-3d3d3d3d3d3d3d3d3d3d3d3d3d3d3d3d.log>, "MCLOG002\0\0\0\0\0\0\0\2\0\2\0\0\0\0\0\0\37\37\37\37\37\37\37\37\37\37\37\37\37\37\37\37================\0\0\0\0\0\0\0\1\0\0\0\0\0\0\0\2\0\0\0\0\0\0\0\1\0\0\0\0\0\0\0\1|(\260]\354\310\366\273"..., 256, 256) = 256
pread64(16</tmp/nia-publication-fault-kpgp25ml/case/state/tx-3d3d3d3d3d3d3d3d3d3d3d3d3d3d3d3d.log>, "MCLOG002\0\0\0\0\0\0\0\3\0\3\0\0\0\0\0\0\37\37\37\37\37\37\37\37\37\37\37\37\37\37\37\37================\0\0\0\0\0\0\0\1\0\0\0\0\0\0\0\2\0\0\0\0\0\0\0\1\0\0\0\0\0\0\0\1|(\260]\354\310\366\273"..., 256, 512) = 256
pread64(16</tmp/nia-publication-fault-kpgp25ml/case/state/tx-3d3d3d3d3d3d3d3d3d3d3d3d3d3d3d3d.log>, "MCLOG002\0\0\0\0\0\0\0\4\0\4\0\0\0\0\0\0\37\37\37\37\37\37\37\37\37\37\37\37\37\37\37\37================\0\0\0\0\0\0\0\1\0\0\0\0\0\0\0\2\0\0\0\0\0\0\0\0\0\0\0\0\0\0\0\1|(\260]\354\310\366\273"..., 256, 768) = 256
pread64(16</tmp/nia-publication-fault-kpgp25ml/case/state/tx-3d3d3d3d3d3d3d3d3d3d3d3d3d3d3d3d.log>, "MCLOG002\0\0\0\0\0\0\0\1\0\1\0\0\0\0\0\0\37\37\37\37\37\37\37\37\37\37\37\37\37\37\37\37================\0\0\0\0\0\0\0\1\0\0\0\0\0\0\0\2\0\0\0\0\0\0\0\0\0\0\0\0\0\0\0\1|(\260]\354\310\366\273"..., 256, 0) = 256
pread64(16</tmp/nia-publication-fault-kpgp25ml/case/state/tx-3d3d3d3d3d3d3d3d3d3d3d3d3d3d3d3d.log>, "MCLOG002\0\0\0\0\0\0\0\2\0\2\0\0\0\0\0\0\37\37\37\37\37\37\37\37\37\37\37\37\37\37\37\37================\0\0\0\0\0\0\0\1\0\0\0\0\0\0\0\2\0\0\0\0\0\0\0\1\0\0\0\0\0\0\0\1|(\260]\354\310\366\273"..., 256, 256) = 256
pread64(16</tmp/nia-publication-fault-kpgp25ml/case/state/tx-3d3d3d3d3d3d3d3d3d3d3d3d3d3d3d3d.log>, "MCLOG002\0\0\0\0\0\0\0\3\0\3\0\0\0\0\0\0\37\37\37\37\37\37\37\37\37\37\37\37\37\37\37\37================\0\0\0\0\0\0\0\1\0\0\0\0\0\0\0\2\0\0\0\0\0\0\0\1\0\0\0\0\0\0\0\1|(\260]\354\310\366\273"..., 256, 512) = 256
pread64(16</tmp/nia-publication-fault-kpgp25ml/case/state/tx-3d3d3d3d3d3d3d3d3d3d3d3d3d3d3d3d.log>, "MCLOG002\0\0\0\0\0\0\0\4\0\4\0\0\0\0\0\0\37\37\37\37\37\37\37\37\37\37\37\37\37\37\37\37================\0\0\0\0\0\0\0\1\0\0\0\0\0\0\0\2\0\0\0\0\0\0\0\0\0\0\0\0\0\0\0\1|(\260]\354\310\366\273"..., 256, 768) = 256
pread64(3</tmp/nia-publication-fault-kpgp25ml/case/state/root.state>, "MCROOT02\37\37\37\37\37\37\37\37\37\37\37\37\37\37\37\37\0\0\0\0\0\0\0\0================|(\260]\354\310\366\2733\266\317\17dlZ\365\252\200U\340\nL\366\332\32tk\326;\35\36\362\0\0\0\0\0\0\0\0\0\0\0\0\0\0\0\0"..., 192, 0) = 192
pread64(3</tmp/nia-publication-fault-kpgp25ml/case/store/objects/7c/28b05decc8f6bb33b6cf0f646c5af5aa8055e00a4cf6da1a746bd63b1d1ef2>, "MCPLAN02\37\37\37\37\37\37\37\37\37\37\37\37\37\37\37\37================\0\0\0\0\0\0\0\0\0\0\0\0\0\0\0\1\0\0\0\0\0\0\0\1\0\0\0\0\0\0\0\2\216\346\2104^\35\225\2\356\214\327'zE<0\277\267{\224r\1\276\263"..., 4500000, 0) = 467
pread64(3</tmp/nia-publication-fault-kpgp25ml/case/store/objects/7c/28b05decc8f6bb33b6cf0f646c5af5aa8055e00a4cf6da1a746bd63b1d1ef2>, "", 4499533, 467) = 0
pread64(3</tmp/nia-publication-fault-kpgp25ml/case/store/pins/3d3d3d3d3d3d3d3d3d3d3d3d3d3d3d3d>, "|(\260]\354\310\366\2733\266\317\17dlZ\365\252\200U\340\nL\366\332\32tk\326;\35\36\362", 33, 0) = 32
pread64(3</tmp/nia-publication-fault-kpgp25ml/case/store/pins/3d3d3d3d3d3d3d3d3d3d3d3d3d3d3d3d>, "", 1, 32) = 0
pread64(3</tmp/nia-publication-fault-kpgp25ml/case/state/tx-3d3d3d3d3d3d3d3d3d3d3d3d3d3d3d3d.log>, "MCLOG002\0\0\0\0\0\0\0\1\0\1\0\0\0\0\0\0\37\37\37\37\37\37\37\37\37\37\37\37\37\37\37\37================\0\0\0\0\0\0\0\1\0\0\0\0\0\0\0\2\0\0\0\0\0\0\0\0\0\0\0\0\0\0\0\1|(\260]\354\310\366\273"..., 256, 0) = 256
pread64(3</tmp/nia-publication-fault-kpgp25ml/case/state/tx-3d3d3d3d3d3d3d3d3d3d3d3d3d3d3d3d.log>, "MCLOG002\0\0\0\0\0\0\0\2\0\2\0\0\0\0\0\0\37\37\37\37\37\37\37\37\37\37\37\37\37\37\37\37================\0\0\0\0\0\0\0\1\0\0\0\0\0\0\0\2\0\0\0\0\0\0\0\1\0\0\0\0\0\0\0\1|(\260]\354\310\366\273"..., 256, 256) = 256
pread64(3</tmp/nia-publication-fault-kpgp25ml/case/state/tx-3d3d3d3d3d3d3d3d3d3d3d3d3d3d3d3d.log>, "MCLOG002\0\0\0\0\0\0\0\3\0\3\0\0\0\0\0\0\37\37\37\37\37\37\37\37\37\37\37\37\37\37\37\37================\0\0\0\0\0\0\0\1\0\0\0\0\0\0\0\2\0\0\0\0\0\0\0\1\0\0\0\0\0\0\0\1|(\260]\354\310\366\273"..., 256, 512) = 256
pread64(3</tmp/nia-publication-fault-kpgp25ml/case/state/tx-3d3d3d3d3d3d3d3d3d3d3d3d3d3d3d3d.log>, "MCLOG002\0\0\0\0\0\0\0\4\0\4\0\0\0\0\0\0\37\37\37\37\37\37\37\37\37\37\37\37\37\37\37\37================\0\0\0\0\0\0\0\1\0\0\0\0\0\0\0\2\0\0\0\0\0\0\0\0\0\0\0\0\0\0\0\1|(\260]\354\310\366\273"..., 256, 768) = 256
pread64(19</tmp/nia-publication-fault-kpgp25ml/case/state/root.state>, "MCROOT02\37\37\37\37\37\37\37\37\37\37\37\37\37\37\37\37\0\0\0\0\0\0\0\0================|(\260]\354\310\366\2733\266\317\17dlZ\365\252\200U\340\nL\366\332\32tk\326;\35\36\362\0\0\0\0\0\0\0\0\0\0\0\0\0\0\0\0"..., 192, 0) = 192
pread64(16</tmp/nia-publication-fault-kpgp25ml/case/state/tx-3d3d3d3d3d3d3d3d3d3d3d3d3d3d3d3d.log>, "MCLOG002\0\0\0\0\0\0\0\1\0\1\0\0\0\0\0\0\37\37\37\37\37\37\37\37\37\37\37\37\37\37\37\37================\0\0\0\0\0\0\0\1\0\0\0\0\0\0\0\2\0\0\0\0\0\0\0\0\0\0\0\0\0\0\0\1|(\260]\354\310\366\273"..., 256, 0) = 256
pread64(16</tmp/nia-publication-fault-kpgp25ml/case/state/tx-3d3d3d3d3d3d3d3d3d3d3d3d3d3d3d3d.log>, "MCLOG002\0\0\0\0\0\0\0\2\0\2\0\0\0\0\0\0\37\37\37\37\37\37\37\37\37\37\37\37\37\37\37\37================\0\0\0\0\0\0\0\1\0\0\0\0\0\0\0\2\0\0\0\0\0\0\0\1\0\0\0\0\0\0\0\1|(\260]\354\310\366\273"..., 256, 256) = 256
pread64(16</tmp/nia-publication-fault-kpgp25ml/case/state/tx-3d3d3d3d3d3d3d3d3d3d3d3d3d3d3d3d.log>, "MCLOG002\0\0\0\0\0\0\0\3\0\3\0\0\0\0\0\0\37\37\37\37\37\37\37\37\37\37\37\37\37\37\37\37================\0\0\0\0\0\0\0\1\0\0\0\0\0\0\0\2\0\0\0\0\0\0\0\1\0\0\0\0\0\0\0\1|(\260]\354\310\366\273"..., 256, 512) = 256
pread64(16</tmp/nia-publication-fault-kpgp25ml/case/state/tx-3d3d3d3d3d3d3d3d3d3d3d3d3d3d3d3d.log>, "MCLOG002\0\0\0\0\0\0\0\4\0\4\0\0\0\0\0\0\37\37\37\37\37\37\37\37\37\37\37\37\37\37\37\37================\0\0\0\0\0\0\0\1\0\0\0\0\0\0\0\2\0\0\0\0\0\0\0\0\0\0\0\0\0\0\0\1|(\260]\354\310\366\273"..., 256, 768) = 256
pread64(16</tmp/nia-publication-fault-kpgp25ml/case/state/tx-3d3d3d3d3d3d3d3d3d3d3d3d3d3d3d3d.log>, "MCLOG002\0\0\0\0\0\0\0\1\0\1\0\0\0\0\0\0\37\37\37\37\37\37\37\37\37\37\37\37\37\37\37\37================\0\0\0\0\0\0\0\1\0\0\0\0\0\0\0\2\0\0\0\0\0\0\0\0\0\0\0\0\0\0\0\1|(\260]\354\310\366\273"..., 256, 0) = 256
pread64(16</tmp/nia-publication-fault-kpgp25ml/case/state/tx-3d3d3d3d3d3d3d3d3d3d3d3d3d3d3d3d.log>, "MCLOG002\0\0\0\0\0\0\0\2\0\2\0\0\0\0\0\0\37\37\37\37\37\37\37\37\37\37\37\37\37\37\37\37================\0\0\0\0\0\0\0\1\0\0\0\0\0\0\0\2\0\0\0\0\0\0\0\1\0\0\0\0\0\0\0\1|(\260]\354\310\366\273"..., 256, 256) = 256
pread64(16</tmp/nia-publication-fault-kpgp25ml/case/state/tx-3d3d3d3d3d3d3d3d3d3d3d3d3d3d3d3d.log>, "MCLOG002\0\0\0\0\0\0\0\3\0\3\0\0\0\0\0\0\37\37\37\37\37\37\37\37\37\37\37\37\37\37\37\37================\0\0\0\0\0\0\0\1\0\0\0\0\0\0\0\2\0\0\0\0\0\0\0\1\0\0\0\0\0\0\0\1|(\260]\354\310\366\273"..., 256, 512) = 256
pread64(16</tmp/nia-publication-fault-kpgp25ml/case/state/tx-3d3d3d3d3d3d3d3d3d3d3d3d3d3d3d3d.log>, "MCLOG002\0\0\0\0\0\0\0\4\0\4\0\0\0\0\0\0\37\37\37\37\37\37\37\37\37\37\37\37\37\37\37\37================\0\0\0\0\0\0\0\1\0\0\0\0\0\0\0\2\0\0\0\0\0\0\0\0\0\0\0\0\0\0\0\1|(\260]\354\310\366\273"..., 256, 768) = 256
pread64(3</tmp/nia-publication-fault-kpgp25ml/case/root/generation.next>, "NIAPUB01\37\37\37\37\37\37\37\37\37\37\37\37\37\37\37\37))))))))))))))))EN\16:\276\304-E\373\22\204\265\26:\214\305\301\1\4\312\17\2\177.%\237)jJ\374\31\270\216\346\2104^\35\225\2\356\214\327'zE<0\277\267{\224r\1\276\263"..., 65536, 0) = 192
pread64(3</tmp/nia-publication-fault-kpgp25ml/case/root/generation.next>, "", 65344, 192) = 0
pread64(3</tmp/nia-publication-fault-kpgp25ml/case/root/generation.next>, "", 65536, 192) = 0
pread64(16</tmp/nia-publication-fault-kpgp25ml/case/state/tx-3d3d3d3d3d3d3d3d3d3d3d3d3d3d3d3d.log>, "MCLOG002\0\0\0\0\0\0\0\1\0\1\0\0\0\0\0\0\37\37\37\37\37\37\37\37\37\37\37\37\37\37\37\37================\0\0\0\0\0\0\0\1\0\0\0\0\0\0\0\2\0\0\0\0\0\0\0\0\0\0\0\0\0\0\0\1|(\260]\354\310\366\273"..., 256, 0) = 256
pread64(16</tmp/nia-publication-fault-kpgp25ml/case/state/tx-3d3d3d3d3d3d3d3d3d3d3d3d3d3d3d3d.log>, "MCLOG002\0\0\0\0\0\0\0\2\0\2\0\0\0\0\0\0\37\37\37\37\37\37\37\37\37\37\37\37\37\37\37\37================\0\0\0\0\0\0\0\1\0\0\0\0\0\0\0\2\0\0\0\0\0\0\0\1\0\0\0\0\0\0\0\1|(\260]\354\310\366\273"..., 256, 256) = 256
pread64(16</tmp/nia-publication-fault-kpgp25ml/case/state/tx-3d3d3d3d3d3d3d3d3d3d3d3d3d3d3d3d.log>, "MCLOG002\0\0\0\0\0\0\0\3\0\3\0\0\0\0\0\0\37\37\37\37\37\37\37\37\37\37\37\37\37\37\37\37================\0\0\0\0\0\0\0\1\0\0\0\0\0\0\0\2\0\0\0\0\0\0\0\1\0\0\0\0\0\0\0\1|(\260]\354\310\366\273"..., 256, 512) = 256
pread64(16</tmp/nia-publication-fault-kpgp25ml/case/state/tx-3d3d3d3d3d3d3d3d3d3d3d3d3d3d3d3d.log>, "MCLOG002\0\0\0\0\0\0\0\4\0\4\0\0\0\0\0\0\37\37\37\37\37\37\37\37\37\37\37\37\37\37\37\37================\0\0\0\0\0\0\0\1\0\0\0\0\0\0\0\2\0\0\0\0\0\0\0\0\0\0\0\0\0\0\0\1|(\260]\354\310\366\273"..., 256, 768) = 256
pread64(3</tmp/nia-publication-fault-kpgp25ml/case/store/objects/66/a6757151f8ee55db127716c7e3dce0be8074b64e20eda542e5c1e46ca9c41e>, "\7\10\t", 65536, 0) = 3
pread64(3</tmp/nia-publication-fault-kpgp25ml/case/store/objects/66/a6757151f8ee55db127716c7e3dce0be8074b64e20eda542e5c1e46ca9c41e>, "", 65533, 3) = 0
pread64(3</tmp/nia-publication-fault-kpgp25ml/case/store/objects/66/a6757151f8ee55db127716c7e3dce0be8074b64e20eda542e5c1e46ca9c41e>, "", 65536, 3) = 0
pread64(16</tmp/nia-publication-fault-kpgp25ml/case/state/tx-3d3d3d3d3d3d3d3d3d3d3d3d3d3d3d3d.log>, "MCLOG002\0\0\0\0\0\0\0\1\0\1\0\0\0\0\0\0\37\37\37\37\37\37\37\37\37\37\37\37\37\37\37\37================\0\0\0\0\0\0\0\1\0\0\0\0\0\0\0\2\0\0\0\0\0\0\0\0\0\0\0\0\0\0\0\1|(\260]\354\310\366\273"..., 256, 0) = 256
pread64(16</tmp/nia-publication-fault-kpgp25ml/case/state/tx-3d3d3d3d3d3d3d3d3d3d3d3d3d3d3d3d.log>, "MCLOG002\0\0\0\0\0\0\0\2\0\2\0\0\0\0\0\0\37\37\37\37\37\37\37\37\37\37\37\37\37\37\37\37================\0\0\0\0\0\0\0\1\0\0\0\0\0\0\0\2\0\0\0\0\0\0\0\1\0\0\0\0\0\0\0\1|(\260]\354\310\366\273"..., 256, 256) = 256
pread64(16</tmp/nia-publication-fault-kpgp25ml/case/state/tx-3d3d3d3d3d3d3d3d3d3d3d3d3d3d3d3d.log>, "MCLOG002\0\0\0\0\0\0\0\3\0\3\0\0\0\0\0\0\37\37\37\37\37\37\37\37\37\37\37\37\37\37\37\37================\0\0\0\0\0\0\0\1\0\0\0\0\0\0\0\2\0\0\0\0\0\0\0\1\0\0\0\0\0\0\0\1|(\260]\354\310\366\273"..., 256, 512) = 256
pread64(16</tmp/nia-publication-fault-kpgp25ml/case/state/tx-3d3d3d3d3d3d3d3d3d3d3d3d3d3d3d3d.log>, "MCLOG002\0\0\0\0\0\0\0\4\0\4\0\0\0\0\0\0\37\37\37\37\37\37\37\37\37\37\37\37\37\37\37\37================\0\0\0\0\0\0\0\1\0\0\0\0\0\0\0\2\0\0\0\0\0\0\0\0\0\0\0\0\0\0\0\1|(\260]\354\310\366\273"..., 256, 768) = 256
pread64(3</tmp/nia-publication-fault-kpgp25ml/case/root/generation.next>, "NIAPUB01\37\37\37\37\37\37\37\37\37\37\37\37\37\37\37\37))))))))))))))))EN\16:\276\304-E\373\22\204\265\26:\214\305\301\1\4\312\17\2\177.%\237)jJ\374\31\270\216\346\2104^\35\225\2\356\214\327'zE<0\277\267{\224r\1\276\263"..., 65536, 0) = 192
pread64(3</tmp/nia-publication-fault-kpgp25ml/case/root/generation.next>, "", 65344, 192) = 0
pread64(3</tmp/nia-publication-fault-kpgp25ml/case/root/generation.next>, "", 65536, 192) = 0
write(16</tmp/nia-publication-fault-kpgp25ml/case/state/tx-3d3d3d3d3d3d3d3d3d3d3d3d3d3d3d3d.log>, "MCLOG002\0\0\0\0\0\0\0\5\0\5\0\0\0\0\0\0\37\37\37\37\37\37\37\37\37\37\37\37\37\37\37\37================\0\0\0\0\0\0\0\1\0\0\0\0\0\0\0\2\0\0\0\0\0\0\0\0\0\0\0\0\0\0\0\1f\246uqQ\370\356U"..., 256) = 256
fsync(16</tmp/nia-publication-fault-kpgp25ml/case/state/tx-3d3d3d3d3d3d3d3d3d3d3d3d3d3d3d3d.log>) = 0
fsync(3</tmp/nia-publication-fault-kpgp25ml/case/state>) = 0
write(17</tmp/nia-publication-fault-kpgp25ml/case/state/.mc-tmp-08b13dea8c7935df6f245eb83840ef75>, "MCROOT02\37\37\37\37\37\37\37\37\37\37\37\37\37\37\37\37\0\0\0\0\0\0\0\1================|(\260]\354\310\366\2733\266\317\17dlZ\365\252\200U\340\nL\366\332\32tk\326;\35\36\362|(\260]\354\310\366\2733\266\317\17dlZ\365"..., 192) = 192
fsync(17</tmp/nia-publication-fault-kpgp25ml/case/state/.mc-tmp-08b13dea8c7935df6f245eb83840ef75>) = 0
renameat(3</tmp/nia-publication-fault-kpgp25ml/case/state>, ".mc-tmp-08b13dea8c7935df6f245eb83840ef75", 17</tmp/nia-publication-fault-kpgp25ml/case/state>, "root.state") = 0
fsync(3</tmp/nia-publication-fault-kpgp25ml/case/state>) = 0
fsync(17</tmp/nia-publication-fault-kpgp25ml/case/state>) = 0
write(16</tmp/nia-publication-fault-kpgp25ml/case/state/tx-3d3d3d3d3d3d3d3d3d3d3d3d3d3d3d3d.log>, "MCLOG002\0\0\0\0\0\0\0\6\0\6\0\0\0\0\0\0\37\37\37\37\37\37\37\37\37\37\37\37\37\37\37\37================\0\0\0\0\0\0\0\1\0\0\0\0\0\0\0\2\0\0\0\0\0\0\0\0\0\0\0\0\0\0\0\1f\246uqQ\370\356U"..., 256) = 256
fsync(16</tmp/nia-publication-fault-kpgp25ml/case/state/tx-3d3d3d3d3d3d3d3d3d3d3d3d3d3d3d3d.log>) = 0
fsync(3</tmp/nia-publication-fault-kpgp25ml/case/state>) = 0
write(17</tmp/nia-publication-fault-kpgp25ml/case/state/.mc-tmp-3d2480e2732fe910021f7b182c8ba2e9>, "MCROOT02\37\37\37\37\37\37\37\37\37\37\37\37\37\37\37\37\0\0\0\0\0\0\0\1\0\0\0\0\0\0\0\0\0\0\0\0\0\0\0\0\0\0\0\0\0\0\0\0\0\0\0\0\0\0\0\0\0\0\0\0\0\0\0\0\0\0\0\0\0\0\0\0|(\260]\354\310\366\2733\266\317\17dlZ\365"..., 192) = 192
fsync(17</tmp/nia-publication-fault-kpgp25ml/case/state/.mc-tmp-3d2480e2732fe910021f7b182c8ba2e9>) = -1 EIO (Input/output error) (INJECTED)
write(1<pipe:[663395]>, "LAB_RESULT INDETERMINATE 7c28b05decc8f6bb33b6cf0f646c5af5aa8055e00a4cf6da1a746bd63b1d1ef2\n", 90) = 90
