pread64(3</usr/lib/x86_64-linux-gnu/libc.so.6>, "\6\0\0\0\4\0\0\0@\0\0\0\0\0\0\0@\0\0\0\0\0\0\0@\0\0\0\0\0\0\0H\3\0\0\0\0\0\0H\3\0\0\0\0\0\0\10\0\0\0\0\0\0\0\3\0\0\0\4\0\0\0\240\1\36\0\0\0\0\0\240\1\36\0\0\0\0\0\240\1\36\0\0\0\0\0\34\0\0\0\0\0\0\0"..., 840, 64) = 840
pread64(3</usr/lib/x86_64-linux-gnu/libc.so.6>, "\6\0\0\0\4\0\0\0@\0\0\0\0\0\0\0@\0\0\0\0\0\0\0@\0\0\0\0\0\0\0H\3\0\0\0\0\0\0H\3\0\0\0\0\0\0\10\0\0\0\0\0\0\0\3\0\0\0\4\0\0\0\240\1\36\0\0\0\0\0\240\1\36\0\0\0\0\0\240\1\36\0\0\0\0\0\34\0\0\0\0\0\0\0"..., 840, 64) = 840
fsync(3</tmp/nia-map-chaos-fault-d2dmehcu/store>) = 0
pread64(3</evidence/chaos/attempt-02/public-fixture/map>, "NIASMAP1hhhhhhhhhhhhhhhh\0\0\0\0\0\0\0\0\0\0\0\0\0\0\0\0\0\0\0\0\0\0\0\0\0\0\0\0\0\0\0\0\0\0\0\0\0\0\0\0\0\0\0\0\0\0\0\0\0\0\0\0\0\0\0\0\0\0\0\0\0\0\0\0\f\205Xb\22%\361\360"..., 257, 0) = 256
pread64(3</evidence/chaos/attempt-02/public-fixture/map>, "", 1, 256) = 0
pread64(3</evidence/chaos/attempt-02/public-fixture/public-key>, "\212\346\252\3438\346\n\373\324z\240\300\354k\216\"P\214\266\212\375\252\306\227~\272\20\303\250\322\35]", 32, 0) = 32
pread64(3</evidence/chaos/attempt-02/public-fixture/scope>, "\320J\341\215S4\201\323\2n\257\2457J\354\231\360-\311\362p\341\t\312\333.\334\227\365_\33\270", 32, 0) = 32
write(1<pipe:[586988]>, "READY prepare\n", 14) = 14
pread64(3</tmp/nia-map-chaos-fault-d2dmehcu/store/objects/fc/c198429c3bb19428ed58b0f41fdd9b664acbd2749b7cff9cf42dbc21c4ce31>, "NIASUP01\320J\341\215S4\201\323\2n\257\2457J\354\231\360-\311\362p\341\t\312\333.\334\227\365_\33\270\346s\32\317b\177\n\324\251\275\342\360$\244<)f\216r\206\352\340\347rZ\240H(qP\22\330\342\2\347OE:\247\235\22\273\332\346\303\205?\367\340{:$7<\371\2"..., 65536, 0) = 320
pread64(3</tmp/nia-map-chaos-fault-d2dmehcu/store/objects/fc/c198429c3bb19428ed58b0f41fdd9b664acbd2749b7cff9cf42dbc21c4ce31>, "", 65216, 320) = 0
pread64(3</tmp/nia-map-chaos-fault-d2dmehcu/store/objects/fc/c198429c3bb19428ed58b0f41fdd9b664acbd2749b7cff9cf42dbc21c4ce31>, "", 65536, 320) = 0
pread64(3</tmp/nia-map-chaos-fault-d2dmehcu/store/objects/fc/c198429c3bb19428ed58b0f41fdd9b664acbd2749b7cff9cf42dbc21c4ce31>, "NIASUP01\320J\341\215S4\201\323\2n\257\2457J\354\231\360-\311\362p\341\t\312\333.\334\227\365_\33\270\346s\32\317b\177\n\324\251\275\342\360$\244<)f\216r\206\352\340\347rZ\240H(qP\22\330\342\2\347OE:\247\235\22\273\332\346\303\205?\367\340{:$7<\371\2"..., 320, 0) = 320
pread64(3</tmp/nia-map-chaos-fault-d2dmehcu/store/objects/e6/731acf627f0ad4a9bde2f024a43c29668e7286eae0e7725aa04828715012d8>, "{\"created_at\":1789009433,\"schema\":\"org.niaos.archive-supply/v1\",\"security_epoch\":7,\"trust\":{\"fut"..., 65536, 0) = 583
pread64(3</tmp/nia-map-chaos-fault-d2dmehcu/store/objects/e6/731acf627f0ad4a9bde2f024a43c29668e7286eae0e7725aa04828715012d8>, "", 64953, 583) = 0
pread64(3</tmp/nia-map-chaos-fault-d2dmehcu/store/objects/e6/731acf627f0ad4a9bde2f024a43c29668e7286eae0e7725aa04828715012d8>, "", 65536, 583) = 0
pread64(3</tmp/nia-map-chaos-fault-d2dmehcu/store/objects/e2/02e74f453aa79d12bbdae6c3853ff7e07b3a24373cf9027c2648961b08800e>, "!<arch>\ndebian-binary   1789009493  0     0     100644  4         `\n2.0\ncontrol.tar.xz  17890094"..., 65536, 0) = 848
pread64(3</tmp/nia-map-chaos-fault-d2dmehcu/store/objects/e2/02e74f453aa79d12bbdae6c3853ff7e07b3a24373cf9027c2648961b08800e>, "", 64688, 848) = 0
pread64(3</tmp/nia-map-chaos-fault-d2dmehcu/store/objects/e2/02e74f453aa79d12bbdae6c3853ff7e07b3a24373cf9027c2648961b08800e>, "", 65536, 848) = 0
pread64(3</tmp/nia-map-chaos-fault-d2dmehcu/store/objects/c1/5e5346c8cc38aa50241e3350fced5682318ca66d63f9ff59983cd669e03fae>, "Package: nia-test\nVersion: 1:2.0~rc1-3\nArchitecture: all\nMaintainer: Nia synthetic fixture\nDescr"..., 65536, 0) = 125
pread64(3</tmp/nia-map-chaos-fault-d2dmehcu/store/objects/c1/5e5346c8cc38aa50241e3350fced5682318ca66d63f9ff59983cd669e03fae>, "", 65411, 125) = 0
pread64(3</tmp/nia-map-chaos-fault-d2dmehcu/store/objects/c1/5e5346c8cc38aa50241e3350fced5682318ca66d63f9ff59983cd669e03fae>, "", 65536, 125) = 0
pread64(3</tmp/nia-map-chaos-fault-d2dmehcu/store/objects/db/cb6eaedbc574d3eb60183ecf2cc9609935b2616fe0b773df6327f5e0670c07>, "-----BEGIN PGP SIGNED MESSAGE-----\nHash: SHA512\n\nOrigin: Debian\nLabel: Debian\nSuite: stable\nCode"..., 65536, 0) = 523
pread64(3</tmp/nia-map-chaos-fault-d2dmehcu/store/objects/db/cb6eaedbc574d3eb60183ecf2cc9609935b2616fe0b773df6327f5e0670c07>, "", 65013, 523) = 0
pread64(3</tmp/nia-map-chaos-fault-d2dmehcu/store/objects/db/cb6eaedbc574d3eb60183ecf2cc9609935b2616fe0b773df6327f5e0670c07>, "", 65536, 523) = 0
pread64(3</tmp/nia-map-chaos-fault-d2dmehcu/store/objects/9a/e529035433296764f4737f94080e88b77b89f3bd551793a8754334fddf862f>, "\3757zXZ\0\0\4\346\326\264F\2\0!\1\26\0\0\0t/\345\243\340\0\300\0\246]\0(\30Hf\333\3320\205\376\26\352\356\274IX\321\4\33l\177\314a\345:\375b)\10V\237\202V\243-\24\226s{\206\277#.n\373Uz\226\f\321 u\t\331R7\342\347\3\355'z$\366\300\232"..., 65536, 0) = 232
pread64(3</tmp/nia-map-chaos-fault-d2dmehcu/store/objects/9a/e529035433296764f4737f94080e88b77b89f3bd551793a8754334fddf862f>, "", 65304, 232) = 0
pread64(3</tmp/nia-map-chaos-fault-d2dmehcu/store/objects/9a/e529035433296764f4737f94080e88b77b89f3bd551793a8754334fddf862f>, "", 65536, 232) = 0
pread64(3</tmp/nia-map-chaos-fault-d2dmehcu/store/objects/f1/96e9799d17fccec47d4eeb9127d5fa976acb37358c1476cdcad1b640bc20ed>, "\2303\4j\242\36U\26\t+\6\1\4\1\332G\17\1\1\7@\0023Q\312|\355o\377(\10\224\300T\220{\340\204\5 \370\307~f\266\274\242B\235\243\316\312^\264\26Nia artificial fixture\210\220\4\23\26\n\08\26!\4&\34#\221>nE "..., 65536, 0) = 223
pread64(3</tmp/nia-map-chaos-fault-d2dmehcu/store/objects/f1/96e9799d17fccec47d4eeb9127d5fa976acb37358c1476cdcad1b640bc20ed>, "", 65313, 223) = 0
pread64(3</tmp/nia-map-chaos-fault-d2dmehcu/store/objects/f1/96e9799d17fccec47d4eeb9127d5fa976acb37358c1476cdcad1b640bc20ed>, "", 65536, 223) = 0
pread64(3</tmp/nia-map-chaos-fault-d2dmehcu/store/objects/fc/c198429c3bb19428ed58b0f41fdd9b664acbd2749b7cff9cf42dbc21c4ce31>, "NIASUP01\320J\341\215S4\201\323\2n\257\2457J\354\231\360-\311\362p\341\t\312\333.\334\227\365_\33\270\346s\32\317b\177\n\324\251\275\342\360$\244<)f\216r\206\352\340\347rZ\240H(qP\22\330\342\2\347OE:\247\235\22\273\332\346\303\205?\367\340{:$7<\371\2"..., 65536, 0) = 320
pread64(3</tmp/nia-map-chaos-fault-d2dmehcu/store/objects/fc/c198429c3bb19428ed58b0f41fdd9b664acbd2749b7cff9cf42dbc21c4ce31>, "", 65216, 320) = 0
pread64(3</tmp/nia-map-chaos-fault-d2dmehcu/store/objects/fc/c198429c3bb19428ed58b0f41fdd9b664acbd2749b7cff9cf42dbc21c4ce31>, "", 65536, 320) = 0
pread64(3</tmp/nia-map-chaos-fault-d2dmehcu/store/objects/fc/c198429c3bb19428ed58b0f41fdd9b664acbd2749b7cff9cf42dbc21c4ce31>, "NIASUP01\320J\341\215S4\201\323\2n\257\2457J\354\231\360-\311\362p\341\t\312\333.\334\227\365_\33\270\346s\32\317b\177\n\324\251\275\342\360$\244<)f\216r\206\352\340\347rZ\240H(qP\22\330\342\2\347OE:\247\235\22\273\332\346\303\205?\367\340{:$7<\371\2"..., 320, 0) = 320
pread64(3</tmp/nia-map-chaos-fault-d2dmehcu/store/objects/e6/731acf627f0ad4a9bde2f024a43c29668e7286eae0e7725aa04828715012d8>, "{\"created_at\":1789009433,\"schema\":\"org.niaos.archive-supply/v1\",\"security_epoch\":7,\"trust\":{\"fut"..., 65536, 0) = 583
pread64(3</tmp/nia-map-chaos-fault-d2dmehcu/store/objects/e6/731acf627f0ad4a9bde2f024a43c29668e7286eae0e7725aa04828715012d8>, "", 64953, 583) = 0
pread64(3</tmp/nia-map-chaos-fault-d2dmehcu/store/objects/e6/731acf627f0ad4a9bde2f024a43c29668e7286eae0e7725aa04828715012d8>, "", 65536, 583) = 0
pread64(3</tmp/nia-map-chaos-fault-d2dmehcu/store/objects/e2/02e74f453aa79d12bbdae6c3853ff7e07b3a24373cf9027c2648961b08800e>, "!<arch>\ndebian-binary   1789009493  0     0     100644  4         `\n2.0\ncontrol.tar.xz  17890094"..., 65536, 0) = 848
pread64(3</tmp/nia-map-chaos-fault-d2dmehcu/store/objects/e2/02e74f453aa79d12bbdae6c3853ff7e07b3a24373cf9027c2648961b08800e>, "", 64688, 848) = 0
pread64(3</tmp/nia-map-chaos-fault-d2dmehcu/store/objects/e2/02e74f453aa79d12bbdae6c3853ff7e07b3a24373cf9027c2648961b08800e>, "", 65536, 848) = 0
pread64(3</tmp/nia-map-chaos-fault-d2dmehcu/store/objects/c1/5e5346c8cc38aa50241e3350fced5682318ca66d63f9ff59983cd669e03fae>, "Package: nia-test\nVersion: 1:2.0~rc1-3\nArchitecture: all\nMaintainer: Nia synthetic fixture\nDescr"..., 65536, 0) = 125
pread64(3</tmp/nia-map-chaos-fault-d2dmehcu/store/objects/c1/5e5346c8cc38aa50241e3350fced5682318ca66d63f9ff59983cd669e03fae>, "", 65411, 125) = 0
pread64(3</tmp/nia-map-chaos-fault-d2dmehcu/store/objects/c1/5e5346c8cc38aa50241e3350fced5682318ca66d63f9ff59983cd669e03fae>, "", 65536, 125) = 0
pread64(3</tmp/nia-map-chaos-fault-d2dmehcu/store/objects/db/cb6eaedbc574d3eb60183ecf2cc9609935b2616fe0b773df6327f5e0670c07>, "-----BEGIN PGP SIGNED MESSAGE-----\nHash: SHA512\n\nOrigin: Debian\nLabel: Debian\nSuite: stable\nCode"..., 65536, 0) = 523
pread64(3</tmp/nia-map-chaos-fault-d2dmehcu/store/objects/db/cb6eaedbc574d3eb60183ecf2cc9609935b2616fe0b773df6327f5e0670c07>, "", 65013, 523) = 0
pread64(3</tmp/nia-map-chaos-fault-d2dmehcu/store/objects/db/cb6eaedbc574d3eb60183ecf2cc9609935b2616fe0b773df6327f5e0670c07>, "", 65536, 523) = 0
pread64(3</tmp/nia-map-chaos-fault-d2dmehcu/store/objects/9a/e529035433296764f4737f94080e88b77b89f3bd551793a8754334fddf862f>, "\3757zXZ\0\0\4\346\326\264F\2\0!\1\26\0\0\0t/\345\243\340\0\300\0\246]\0(\30Hf\333\3320\205\376\26\352\356\274IX\321\4\33l\177\314a\345:\375b)\10V\237\202V\243-\24\226s{\206\277#.n\373Uz\226\f\321 u\t\331R7\342\347\3\355'z$\366\300\232"..., 65536, 0) = 232
pread64(3</tmp/nia-map-chaos-fault-d2dmehcu/store/objects/9a/e529035433296764f4737f94080e88b77b89f3bd551793a8754334fddf862f>, "", 65304, 232) = 0
pread64(3</tmp/nia-map-chaos-fault-d2dmehcu/store/objects/9a/e529035433296764f4737f94080e88b77b89f3bd551793a8754334fddf862f>, "", 65536, 232) = 0
pread64(3</tmp/nia-map-chaos-fault-d2dmehcu/store/objects/f1/96e9799d17fccec47d4eeb9127d5fa976acb37358c1476cdcad1b640bc20ed>, "\2303\4j\242\36U\26\t+\6\1\4\1\332G\17\1\1\7@\0023Q\312|\355o\377(\10\224\300T\220{\340\204\5 \370\307~f\266\274\242B\235\243\316\312^\264\26Nia artificial fixture\210\220\4\23\26\n\08\26!\4&\34#\221>nE "..., 65536, 0) = 223
pread64(3</tmp/nia-map-chaos-fault-d2dmehcu/store/objects/f1/96e9799d17fccec47d4eeb9127d5fa976acb37358c1476cdcad1b640bc20ed>, "", 65313, 223) = 0
pread64(3</tmp/nia-map-chaos-fault-d2dmehcu/store/objects/f1/96e9799d17fccec47d4eeb9127d5fa976acb37358c1476cdcad1b640bc20ed>, "", 65536, 223) = 0
pread64(3</tmp/nia-map-chaos-fault-d2dmehcu/store/objects/fc/c198429c3bb19428ed58b0f41fdd9b664acbd2749b7cff9cf42dbc21c4ce31>, "NIASUP01\320J\341\215S4\201\323\2n\257\2457J\354\231\360-\311\362p\341\t\312\333.\334\227\365_\33\270\346s\32\317b\177\n\324\251\275\342\360$\244<)f\216r\206\352\340\347rZ\240H(qP\22\330\342\2\347OE:\247\235\22\273\332\346\303\205?\367\340{:$7<\371\2"..., 65536, 0) = 320
pread64(3</tmp/nia-map-chaos-fault-d2dmehcu/store/objects/fc/c198429c3bb19428ed58b0f41fdd9b664acbd2749b7cff9cf42dbc21c4ce31>, "", 65216, 320) = 0
pread64(3</tmp/nia-map-chaos-fault-d2dmehcu/store/objects/fc/c198429c3bb19428ed58b0f41fdd9b664acbd2749b7cff9cf42dbc21c4ce31>, "", 65536, 320) = 0
pread64(3</tmp/nia-map-chaos-fault-d2dmehcu/store/objects/fc/c198429c3bb19428ed58b0f41fdd9b664acbd2749b7cff9cf42dbc21c4ce31>, "NIASUP01\320J\341\215S4\201\323\2n\257\2457J\354\231\360-\311\362p\341\t\312\333.\334\227\365_\33\270\346s\32\317b\177\n\324\251\275\342\360$\244<)f\216r\206\352\340\347rZ\240H(qP\22\330\342\2\347OE:\247\235\22\273\332\346\303\205?\367\340{:$7<\371\2"..., 320, 0) = 320
pread64(3</tmp/nia-map-chaos-fault-d2dmehcu/store/objects/e6/731acf627f0ad4a9bde2f024a43c29668e7286eae0e7725aa04828715012d8>, "{\"created_at\":1789009433,\"schema\":\"org.niaos.archive-supply/v1\",\"security_epoch\":7,\"trust\":{\"fut"..., 65536, 0) = 583
pread64(3</tmp/nia-map-chaos-fault-d2dmehcu/store/objects/e6/731acf627f0ad4a9bde2f024a43c29668e7286eae0e7725aa04828715012d8>, "", 64953, 583) = 0
pread64(3</tmp/nia-map-chaos-fault-d2dmehcu/store/objects/e6/731acf627f0ad4a9bde2f024a43c29668e7286eae0e7725aa04828715012d8>, "", 65536, 583) = 0
pread64(3</tmp/nia-map-chaos-fault-d2dmehcu/store/objects/e2/02e74f453aa79d12bbdae6c3853ff7e07b3a24373cf9027c2648961b08800e>, "!<arch>\ndebian-binary   1789009493  0     0     100644  4         `\n2.0\ncontrol.tar.xz  17890094"..., 65536, 0) = 848
pread64(3</tmp/nia-map-chaos-fault-d2dmehcu/store/objects/e2/02e74f453aa79d12bbdae6c3853ff7e07b3a24373cf9027c2648961b08800e>, "", 64688, 848) = 0
pread64(3</tmp/nia-map-chaos-fault-d2dmehcu/store/objects/e2/02e74f453aa79d12bbdae6c3853ff7e07b3a24373cf9027c2648961b08800e>, "", 65536, 848) = 0
pread64(3</tmp/nia-map-chaos-fault-d2dmehcu/store/objects/c1/5e5346c8cc38aa50241e3350fced5682318ca66d63f9ff59983cd669e03fae>, "Package: nia-test\nVersion: 1:2.0~rc1-3\nArchitecture: all\nMaintainer: Nia synthetic fixture\nDescr"..., 65536, 0) = 125
pread64(3</tmp/nia-map-chaos-fault-d2dmehcu/store/objects/c1/5e5346c8cc38aa50241e3350fced5682318ca66d63f9ff59983cd669e03fae>, "", 65411, 125) = 0
pread64(3</tmp/nia-map-chaos-fault-d2dmehcu/store/objects/c1/5e5346c8cc38aa50241e3350fced5682318ca66d63f9ff59983cd669e03fae>, "", 65536, 125) = 0
pread64(3</tmp/nia-map-chaos-fault-d2dmehcu/store/objects/db/cb6eaedbc574d3eb60183ecf2cc9609935b2616fe0b773df6327f5e0670c07>, "-----BEGIN PGP SIGNED MESSAGE-----\nHash: SHA512\n\nOrigin: Debian\nLabel: Debian\nSuite: stable\nCode"..., 65536, 0) = 523
pread64(3</tmp/nia-map-chaos-fault-d2dmehcu/store/objects/db/cb6eaedbc574d3eb60183ecf2cc9609935b2616fe0b773df6327f5e0670c07>, "", 65013, 523) = 0
pread64(3</tmp/nia-map-chaos-fault-d2dmehcu/store/objects/db/cb6eaedbc574d3eb60183ecf2cc9609935b2616fe0b773df6327f5e0670c07>, "", 65536, 523) = 0
pread64(3</tmp/nia-map-chaos-fault-d2dmehcu/store/objects/9a/e529035433296764f4737f94080e88b77b89f3bd551793a8754334fddf862f>, "\3757zXZ\0\0\4\346\326\264F\2\0!\1\26\0\0\0t/\345\243\340\0\300\0\246]\0(\30Hf\333\3320\205\376\26\352\356\274IX\321\4\33l\177\314a\345:\375b)\10V\237\202V\243-\24\226s{\206\277#.n\373Uz\226\f\321 u\t\331R7\342\347\3\355'z$\366\300\232"..., 65536, 0) = 232
pread64(3</tmp/nia-map-chaos-fault-d2dmehcu/store/objects/9a/e529035433296764f4737f94080e88b77b89f3bd551793a8754334fddf862f>, "", 65304, 232) = 0
pread64(3</tmp/nia-map-chaos-fault-d2dmehcu/store/objects/9a/e529035433296764f4737f94080e88b77b89f3bd551793a8754334fddf862f>, "", 65536, 232) = 0
pread64(3</tmp/nia-map-chaos-fault-d2dmehcu/store/objects/f1/96e9799d17fccec47d4eeb9127d5fa976acb37358c1476cdcad1b640bc20ed>, "\2303\4j\242\36U\26\t+\6\1\4\1\332G\17\1\1\7@\0023Q\312|\355o\377(\10\224\300T\220{\340\204\5 \370\307~f\266\274\242B\235\243\316\312^\264\26Nia artificial fixture\210\220\4\23\26\n\08\26!\4&\34#\221>nE "..., 65536, 0) = 223
pread64(3</tmp/nia-map-chaos-fault-d2dmehcu/store/objects/f1/96e9799d17fccec47d4eeb9127d5fa976acb37358c1476cdcad1b640bc20ed>, "", 65313, 223) = 0
pread64(3</tmp/nia-map-chaos-fault-d2dmehcu/store/objects/f1/96e9799d17fccec47d4eeb9127d5fa976acb37358c1476cdcad1b640bc20ed>, "", 65536, 223) = 0
pread64(3</tmp/nia-map-chaos-fault-d2dmehcu/store/objects/e2/02e74f453aa79d12bbdae6c3853ff7e07b3a24373cf9027c2648961b08800e>, "!<arch>\ndebian-binary   1789009493  0     0     100644  4         `\n2.0\ncontrol.tar.xz  17890094"..., 65536, 0) = 848
pread64(3</tmp/nia-map-chaos-fault-d2dmehcu/store/objects/e2/02e74f453aa79d12bbdae6c3853ff7e07b3a24373cf9027c2648961b08800e>, "", 64688, 848) = 0
pread64(3</tmp/nia-map-chaos-fault-d2dmehcu/store/objects/e2/02e74f453aa79d12bbdae6c3853ff7e07b3a24373cf9027c2648961b08800e>, "", 65536, 848) = 0
pread64(3</tmp/nia-map-chaos-fault-d2dmehcu/store/objects/e2/02e74f453aa79d12bbdae6c3853ff7e07b3a24373cf9027c2648961b08800e>, "!<arch>\n", 8, 0) = 8
pread64(3</tmp/nia-map-chaos-fault-d2dmehcu/store/objects/e2/02e74f453aa79d12bbdae6c3853ff7e07b3a24373cf9027c2648961b08800e>, "debian-binary   1789009493  0     0     100644  4         `\n", 60, 8) = 60
pread64(3</tmp/nia-map-chaos-fault-d2dmehcu/store/objects/e2/02e74f453aa79d12bbdae6c3853ff7e07b3a24373cf9027c2648961b08800e>, "2.0\n", 4, 68) = 4
pread64(3</tmp/nia-map-chaos-fault-d2dmehcu/store/objects/e2/02e74f453aa79d12bbdae6c3853ff7e07b3a24373cf9027c2648961b08800e>, "2.0\n", 4, 68) = 4
pread64(3</tmp/nia-map-chaos-fault-d2dmehcu/store/objects/e2/02e74f453aa79d12bbdae6c3853ff7e07b3a24373cf9027c2648961b08800e>, "control.tar.xz  1789009493  0     0     100644  428       `\n", 60, 72) = 60
pread64(3</tmp/nia-map-chaos-fault-d2dmehcu/store/objects/e2/02e74f453aa79d12bbdae6c3853ff7e07b3a24373cf9027c2648961b08800e>, "\3757zXZ\0\0\4\346\326\264F\4\300\354\2\200P!\1\26\0\0\0\0\0\0\0|>\270\354\340'\377\1d]\0\27\v\274\34}\1\225\300\35J>y\25\302\314&\243c\26a\254~l\376\25\335\311R\233\266\240uA\256\1\271\243{\373}\241\236%\343\332\343\326\v)\313\276.B\201\3744\267"..., 428, 132) = 428
pread64(3</tmp/nia-map-chaos-fault-d2dmehcu/store/objects/e2/02e74f453aa79d12bbdae6c3853ff7e07b3a24373cf9027c2648961b08800e>, "data.tar.xz     1789009493  0     0     100644  228       `\n", 60, 560) = 60
pread64(3</tmp/nia-map-chaos-fault-d2dmehcu/store/objects/e2/02e74f453aa79d12bbdae6c3853ff7e07b3a24373cf9027c2648961b08800e>, "\3757zXZ\0\0\4\346\326\264F\4\300\242\1\200P!\1\26\0\0\0\0\0\0\0\303\360P\333\340'\377\0\232]\0\27\v\274\34}\1\225\300\35J>y\25\302\314&\243c\26a\254~l\376\25\335\311R\233\266\240uA\256\1\271\243{\373}\241\236%\343\332\343\326\v)\313\276.B\201\3744\267"..., 228, 620) = 228
pread64(3</tmp/nia-map-chaos-fault-d2dmehcu/store/objects/e2/02e74f453aa79d12bbdae6c3853ff7e07b3a24373cf9027c2648961b08800e>, "!<arch>\ndebian-binary   1789009493  0     0     100644  4         `\n2.0\ncontrol.tar.xz  17890094"..., 65536, 0) = 848
pread64(3</tmp/nia-map-chaos-fault-d2dmehcu/store/objects/e2/02e74f453aa79d12bbdae6c3853ff7e07b3a24373cf9027c2648961b08800e>, "", 64688, 848) = 0
pread64(3</tmp/nia-map-chaos-fault-d2dmehcu/store/objects/e2/02e74f453aa79d12bbdae6c3853ff7e07b3a24373cf9027c2648961b08800e>, "", 65536, 848) = 0
pread64(3</tmp/nia-map-chaos-fault-d2dmehcu/store/objects/e2/02e74f453aa79d12bbdae6c3853ff7e07b3a24373cf9027c2648961b08800e>, "!<arch>\n", 8, 0) = 8
pread64(3</tmp/nia-map-chaos-fault-d2dmehcu/store/objects/e2/02e74f453aa79d12bbdae6c3853ff7e07b3a24373cf9027c2648961b08800e>, "debian-binary   1789009493  0     0     100644  4         `\n", 60, 8) = 60
pread64(3</tmp/nia-map-chaos-fault-d2dmehcu/store/objects/e2/02e74f453aa79d12bbdae6c3853ff7e07b3a24373cf9027c2648961b08800e>, "2.0\n", 4, 68) = 4
pread64(3</tmp/nia-map-chaos-fault-d2dmehcu/store/objects/e2/02e74f453aa79d12bbdae6c3853ff7e07b3a24373cf9027c2648961b08800e>, "2.0\n", 4, 68) = 4
pread64(3</tmp/nia-map-chaos-fault-d2dmehcu/store/objects/e2/02e74f453aa79d12bbdae6c3853ff7e07b3a24373cf9027c2648961b08800e>, "control.tar.xz  1789009493  0     0     100644  428       `\n", 60, 72) = 60
pread64(3</tmp/nia-map-chaos-fault-d2dmehcu/store/objects/e2/02e74f453aa79d12bbdae6c3853ff7e07b3a24373cf9027c2648961b08800e>, "\3757zXZ\0\0\4\346\326\264F\4\300\354\2\200P!\1\26\0\0\0\0\0\0\0|>\270\354\340'\377\1d]\0\27\v\274\34}\1\225\300\35J>y\25\302\314&\243c\26a\254~l\376\25\335\311R\233\266\240uA\256\1\271\243{\373}\241\236%\343\332\343\326\v)\313\276.B\201\3744\267"..., 428, 132) = 428
pread64(3</tmp/nia-map-chaos-fault-d2dmehcu/store/objects/e2/02e74f453aa79d12bbdae6c3853ff7e07b3a24373cf9027c2648961b08800e>, "data.tar.xz     1789009493  0     0     100644  228       `\n", 60, 560) = 60
pread64(3</tmp/nia-map-chaos-fault-d2dmehcu/store/objects/e2/02e74f453aa79d12bbdae6c3853ff7e07b3a24373cf9027c2648961b08800e>, "\3757zXZ\0\0\4\346\326\264F\4\300\242\1\200P!\1\26\0\0\0\0\0\0\0\303\360P\333\340'\377\0\232]\0\27\v\274\34}\1\225\300\35J>y\25\302\314&\243c\26a\254~l\376\25\335\311R\233\266\240uA\256\1\271\243{\373}\241\236%\343\332\343\326\v)\313\276.B\201\3744\267"..., 228, 620) = 228
fsync(8</tmp/nia-map-chaos-fault-d2dmehcu/store/incoming>) = 0
pread64(3</tmp/nia-map-chaos-fault-d2dmehcu/store/objects/e2/02e74f453aa79d12bbdae6c3853ff7e07b3a24373cf9027c2648961b08800e>, "\3757zXZ\0\0\4\346\326\264F\4\300\354\2\200P!\1\26\0\0\0\0\0\0\0|>\270\354\340'\377\1d]\0\27\v\274\34}\1\225\300\35J>y\25\302\314&\243c\26a\254~l\376\25\335\311R\233\266\240uA\256\1\271\243{\373}\241\236%\343\332\343\326\v)\313\276.B\201\3744\267"..., 428, 132) = 428
write(7</tmp/nia-map-chaos-fault-d2dmehcu/store/incoming/441318859961f871d467545688cf10f5>, "\3757zXZ\0\0\4\346\326\264F\4\300\354\2\200P!\1\26\0\0\0\0\0\0\0|>\270\354\340'\377\1d]\0\27\v\274\34}\1\225\300\35J>y\25\302\314&\243c\26a\254~l\376\25\335\311R\233\266\240uA\256\1\271\243{\373}\241\236%\343\332\343\326\v)\313\276.B\201\3744\267"..., 428) = 428
fsync(7</tmp/nia-map-chaos-fault-d2dmehcu/store/incoming/441318859961f871d467545688cf10f5>) = 0
renameat2(8</tmp/nia-map-chaos-fault-d2dmehcu/store/incoming>, "441318859961f871d467545688cf10f5", 7</tmp/nia-map-chaos-fault-d2dmehcu/store/objects/af>, "b9d4bc2639811abc00e478b9a42fab7510143ffd62dcd1951df3b03f4d7de4", RENAME_NOREPLACE) = -1 EEXIST (File exists)
pread64(7</tmp/nia-map-chaos-fault-d2dmehcu/store/objects/af/b9d4bc2639811abc00e478b9a42fab7510143ffd62dcd1951df3b03f4d7de4>, "\3757zXZ\0\0\4\346\326\264F\4\300\354\2\200P!\1\26\0\0\0\0\0\0\0|>\270\354\340'\377\1d]\0\27\v\274\34}\1\225\300\35J>y\25\302\314&\243c\26a\254~l\376\25\335\311R\233\266\240uA\256\1\271\243{\373}\241\236%\343\332\343\326\v)\313\276.B\201\3744\267"..., 65536, 0) = 428
pread64(7</tmp/nia-map-chaos-fault-d2dmehcu/store/objects/af/b9d4bc2639811abc00e478b9a42fab7510143ffd62dcd1951df3b03f4d7de4>, "", 65108, 428) = 0
pread64(7</tmp/nia-map-chaos-fault-d2dmehcu/store/objects/af/b9d4bc2639811abc00e478b9a42fab7510143ffd62dcd1951df3b03f4d7de4>, "", 65536, 428) = 0
fsync(8</tmp/nia-map-chaos-fault-d2dmehcu/store/incoming>) = 0
pread64(3</tmp/nia-map-chaos-fault-d2dmehcu/store/objects/af/b9d4bc2639811abc00e478b9a42fab7510143ffd62dcd1951df3b03f4d7de4>, "\3757zXZ\0\0\4\346\326\264F\4\300\354\2\200P!\1\26\0\0\0\0\0\0\0|>\270\354\340'\377\1d]\0\27\v\274\34}\1\225\300\35J>y\25\302\314&\243c\26a\254~l\376\25\335\311R\233\266\240uA\256\1\271\243{\373}\241\236%\343\332\343\326\v)\313\276.B\201\3744\267"..., 65536, 0) = 428
pread64(3</tmp/nia-map-chaos-fault-d2dmehcu/store/objects/af/b9d4bc2639811abc00e478b9a42fab7510143ffd62dcd1951df3b03f4d7de4>, "", 65108, 428) = 0
pread64(3</tmp/nia-map-chaos-fault-d2dmehcu/store/objects/af/b9d4bc2639811abc00e478b9a42fab7510143ffd62dcd1951df3b03f4d7de4>, "", 65536, 428) = 0
pread64(3</tmp/nia-map-chaos-fault-d2dmehcu/store/objects/af/b9d4bc2639811abc00e478b9a42fab7510143ffd62dcd1951df3b03f4d7de4>, "\3757zXZ\0\0\4\346\326\264F\4\300\354\2\200P!\1\26\0\0\0\0\0\0\0|>\270\354\340'\377\1d]\0\27\v\274\34}\1\225\300\35J>y\25\302\314&\243c\26a\254~l\376\25\335\311R\233\266\240uA\256\1\271\243{\373}\241\236%\343\332\343\326\v)\313\276.B\201\3744\267"..., 428, 0) = 428
fsync(8</tmp/nia-map-chaos-fault-d2dmehcu/store/incoming>) = 0
write(7</tmp/nia-map-chaos-fault-d2dmehcu/store/incoming/7fd9b81b4103315a50925ce58c0d7e78>, "/etc/nia-test.conf\n", 19) = 19
fsync(7</tmp/nia-map-chaos-fault-d2dmehcu/store/incoming/7fd9b81b4103315a50925ce58c0d7e78>) = 0
renameat2(8</tmp/nia-map-chaos-fault-d2dmehcu/store/incoming>, "7fd9b81b4103315a50925ce58c0d7e78", 7</tmp/nia-map-chaos-fault-d2dmehcu/store/objects/6a>, "483aacea69cb29a5b5f3d3539c38e6c6545123cd6b21b9602613ed7d9ea914", RENAME_NOREPLACE) = -1 EEXIST (File exists)
pread64(7</tmp/nia-map-chaos-fault-d2dmehcu/store/objects/6a/483aacea69cb29a5b5f3d3539c38e6c6545123cd6b21b9602613ed7d9ea914>, "/etc/nia-test.conf\n", 65536, 0) = 19
pread64(7</tmp/nia-map-chaos-fault-d2dmehcu/store/objects/6a/483aacea69cb29a5b5f3d3539c38e6c6545123cd6b21b9602613ed7d9ea914>, "", 65517, 19) = 0
pread64(7</tmp/nia-map-chaos-fault-d2dmehcu/store/objects/6a/483aacea69cb29a5b5f3d3539c38e6c6545123cd6b21b9602613ed7d9ea914>, "", 65536, 19) = 0
fsync(8</tmp/nia-map-chaos-fault-d2dmehcu/store/incoming>) = 0
fsync(8</tmp/nia-map-chaos-fault-d2dmehcu/store/incoming>) = 0
write(7</tmp/nia-map-chaos-fault-d2dmehcu/store/incoming/614e5bd2522871c3115c8d53c5e7136b>, "Package: nia-test\nVersion: 1:2.0~rc1-3\nArchitecture: all\nMaintainer: Nia synthetic fixture\nDescr"..., 125) = 125
fsync(7</tmp/nia-map-chaos-fault-d2dmehcu/store/incoming/614e5bd2522871c3115c8d53c5e7136b>) = 0
renameat2(8</tmp/nia-map-chaos-fault-d2dmehcu/store/incoming>, "614e5bd2522871c3115c8d53c5e7136b", 7</tmp/nia-map-chaos-fault-d2dmehcu/store/objects/c1>, "5e5346c8cc38aa50241e3350fced5682318ca66d63f9ff59983cd669e03fae", RENAME_NOREPLACE) = -1 EEXIST (File exists)
pread64(7</tmp/nia-map-chaos-fault-d2dmehcu/store/objects/c1/5e5346c8cc38aa50241e3350fced5682318ca66d63f9ff59983cd669e03fae>, "Package: nia-test\nVersion: 1:2.0~rc1-3\nArchitecture: all\nMaintainer: Nia synthetic fixture\nDescr"..., 65536, 0) = 125
pread64(7</tmp/nia-map-chaos-fault-d2dmehcu/store/objects/c1/5e5346c8cc38aa50241e3350fced5682318ca66d63f9ff59983cd669e03fae>, "", 65411, 125) = 0
pread64(7</tmp/nia-map-chaos-fault-d2dmehcu/store/objects/c1/5e5346c8cc38aa50241e3350fced5682318ca66d63f9ff59983cd669e03fae>, "", 65536, 125) = 0
fsync(8</tmp/nia-map-chaos-fault-d2dmehcu/store/incoming>) = 0
fsync(8</tmp/nia-map-chaos-fault-d2dmehcu/store/incoming>) = 0
write(7</tmp/nia-map-chaos-fault-d2dmehcu/store/incoming/e190f02717028706cfe80f4a359d73a0>, "#!/bin/sh\necho forbidden > /tmp/nia-intake-test-2s7g6qyf/SCRIPT_WAS_EXECUTED\n", 77) = 77
fsync(7</tmp/nia-map-chaos-fault-d2dmehcu/store/incoming/e190f02717028706cfe80f4a359d73a0>) = 0
renameat2(8</tmp/nia-map-chaos-fault-d2dmehcu/store/incoming>, "e190f02717028706cfe80f4a359d73a0", 7</tmp/nia-map-chaos-fault-d2dmehcu/store/objects/75>, "3e023a19719e4cbd6f0a3123253950f8ee355a16c56b939316d96d02520353", RENAME_NOREPLACE) = -1 EEXIST (File exists)
pread64(7</tmp/nia-map-chaos-fault-d2dmehcu/store/objects/75/3e023a19719e4cbd6f0a3123253950f8ee355a16c56b939316d96d02520353>, "#!/bin/sh\necho forbidden > /tmp/nia-intake-test-2s7g6qyf/SCRIPT_WAS_EXECUTED\n", 65536, 0) = 77
pread64(7</tmp/nia-map-chaos-fault-d2dmehcu/store/objects/75/3e023a19719e4cbd6f0a3123253950f8ee355a16c56b939316d96d02520353>, "", 65459, 77) = 0
pread64(7</tmp/nia-map-chaos-fault-d2dmehcu/store/objects/75/3e023a19719e4cbd6f0a3123253950f8ee355a16c56b939316d96d02520353>, "", 65536, 77) = 0
fsync(8</tmp/nia-map-chaos-fault-d2dmehcu/store/incoming>) = 0
pread64(3</tmp/nia-map-chaos-fault-d2dmehcu/store/objects/c1/5e5346c8cc38aa50241e3350fced5682318ca66d63f9ff59983cd669e03fae>, "Package: nia-test\nVersion: 1:2.0~rc1-3\nArchitecture: all\nMaintainer: Nia synthetic fixture\nDescr"..., 65536, 0) = 125
pread64(3</tmp/nia-map-chaos-fault-d2dmehcu/store/objects/c1/5e5346c8cc38aa50241e3350fced5682318ca66d63f9ff59983cd669e03fae>, "", 65411, 125) = 0
pread64(3</tmp/nia-map-chaos-fault-d2dmehcu/store/objects/c1/5e5346c8cc38aa50241e3350fced5682318ca66d63f9ff59983cd669e03fae>, "", 65536, 125) = 0
pread64(3</tmp/nia-map-chaos-fault-d2dmehcu/store/objects/c1/5e5346c8cc38aa50241e3350fced5682318ca66d63f9ff59983cd669e03fae>, "Package: nia-test\nVersion: 1:2.0~rc1-3\nArchitecture: all\nMaintainer: Nia synthetic fixture\nDescr"..., 16777216, 0) = 125
pread64(3</tmp/nia-map-chaos-fault-d2dmehcu/store/objects/c1/5e5346c8cc38aa50241e3350fced5682318ca66d63f9ff59983cd669e03fae>, "", 16777091, 125) = 0
pread64(3</tmp/nia-map-chaos-fault-d2dmehcu/store/objects/02/22ef2519cde4306d612644ab1f4cd2be32108e214a4af6e8e421c530dfdb70>, "NIACLOS1\f\205Xb\22%\361\360 \215g\235\6/\327t'\210I\253{\t\265L\367g\327Y*\355\260\23\221\312\367\16FfS\232\224\206g\1774\206\270\315<\231>\204\260\337Rs\210y7\255\331l\356\377\0\0\0\0\0\0\0\n\f\205Xb\22%\361\360 \215g\235\6/\327t"..., 65536, 0) = 400
pread64(3</tmp/nia-map-chaos-fault-d2dmehcu/store/objects/02/22ef2519cde4306d612644ab1f4cd2be32108e214a4af6e8e421c530dfdb70>, "", 65136, 400) = 0
pread64(3</tmp/nia-map-chaos-fault-d2dmehcu/store/objects/02/22ef2519cde4306d612644ab1f4cd2be32108e214a4af6e8e421c530dfdb70>, "", 65536, 400) = 0
pread64(3</tmp/nia-map-chaos-fault-d2dmehcu/store/objects/02/22ef2519cde4306d612644ab1f4cd2be32108e214a4af6e8e421c530dfdb70>, "NIACLOS1\f\205Xb\22%\361\360 \215g\235\6/\327t'\210I\253{\t\265L\367g\327Y*\355\260\23\221\312\367\16FfS\232\224\206g\1774\206\270\315<\231>\204\260\337Rs\210y7\255\331l\356\377\0\0\0\0\0\0\0\n", 80, 0) = 80
pread64(3</tmp/nia-map-chaos-fault-d2dmehcu/store/objects/02/22ef2519cde4306d612644ab1f4cd2be32108e214a4af6e8e421c530dfdb70>, "\f\205Xb\22%\361\360 \215g\235\6/\327t'\210I\253{\t\265L\367g\327Y*\355\260\23", 32, 80) = 32
pread64(7</tmp/nia-map-chaos-fault-d2dmehcu/store/objects/0c/8558621225f1f0208d679d062fd774278849ab7b09b54cf767d7592aedb013>, "\0\0\0\0\0\0\0\10NIACSEL1\221\312\367\16FfS\232\224\206g\1774\206\270\315<\231>\204\260\337Rs\210y7\255\331l\356\377\0\0\0\0\0\0\0\1\342\2\347OE:\247\235\22\273\332\346\303\205?\367\340{:$7<\371\2|&H\226\33\10\200\16\257\271\324\274&9\201\32"..., 65536, 0) = 152
pread64(7</tmp/nia-map-chaos-fault-d2dmehcu/store/objects/0c/8558621225f1f0208d679d062fd774278849ab7b09b54cf767d7592aedb013>, "", 65384, 152) = 0
pread64(7</tmp/nia-map-chaos-fault-d2dmehcu/store/objects/0c/8558621225f1f0208d679d062fd774278849ab7b09b54cf767d7592aedb013>, "", 65536, 152) = 0
pread64(3</tmp/nia-map-chaos-fault-d2dmehcu/store/objects/02/22ef2519cde4306d612644ab1f4cd2be32108e214a4af6e8e421c530dfdb70>, "\0273\\\365\270m\3146J\306$\34\27YBg{\vJ\"\256\222\314b\214\5\177z\17Q\201-", 32, 112) = 32
pread64(7</tmp/nia-map-chaos-fault-d2dmehcu/store/objects/17/335cf5b86dcc364ac6241c175942677b0b4a22ae92cc628c057f7a0f51812d>, "\3757zXZ\0\0\4\346\326\264F\4\300\242\1\200P!\1\26\0\0\0\0\0\0\0\303\360P\333\340'\377\0\232]\0\27\v\274\34}\1\225\300\35J>y\25\302\314&\243c\26a\254~l\376\25\335\311R\233\266\240uA\256\1\271\243{\373}\241\236%\343\332\343\326\v)\313\276.B\201\3744\267"..., 65536, 0) = 228
pread64(7</tmp/nia-map-chaos-fault-d2dmehcu/store/objects/17/335cf5b86dcc364ac6241c175942677b0b4a22ae92cc628c057f7a0f51812d>, "", 65308, 228) = 0
pread64(7</tmp/nia-map-chaos-fault-d2dmehcu/store/objects/17/335cf5b86dcc364ac6241c175942677b0b4a22ae92cc628c057f7a0f51812d>, "", 65536, 228) = 0
pread64(3</tmp/nia-map-chaos-fault-d2dmehcu/store/objects/02/22ef2519cde4306d612644ab1f4cd2be32108e214a4af6e8e421c530dfdb70>, "S\352\247;\256\224\266C\24\212XL\322Ow\367\357\342\341J\341[}\256\377^/F\236\343\267\341", 32, 144) = 32
pread64(7</tmp/nia-map-chaos-fault-d2dmehcu/store/objects/53/eaa73bae94b643148a584cd24f77f7efe2e14ae15b7daeff5e2f469ee3b7e1>, "./\0\0\0\0\0\0\0\0\0\0\0\0\0\0\0\0\0\0\0\0\0\0\0\0\0\0\0\0\0\0\0\0\0\0\0\0\0\0\0\0\0\0\0\0\0\0\0\0\0\0\0\0\0\0\0\0\0\0\0\0\0\0\0\0\0\0\0\0\0\0\0\0\0\0\0\0\0\0\0\0\0\0\0\0\0\0\0\0\0\0\0\0\0\0"..., 65536, 0) = 10240
pread64(7</tmp/nia-map-chaos-fault-d2dmehcu/store/objects/53/eaa73bae94b643148a584cd24f77f7efe2e14ae15b7daeff5e2f469ee3b7e1>, "", 55296, 10240) = 0
pread64(7</tmp/nia-map-chaos-fault-d2dmehcu/store/objects/53/eaa73bae94b643148a584cd24f77f7efe2e14ae15b7daeff5e2f469ee3b7e1>, "", 65536, 10240) = 0
pread64(3</tmp/nia-map-chaos-fault-d2dmehcu/store/objects/02/22ef2519cde4306d612644ab1f4cd2be32108e214a4af6e8e421c530dfdb70>, "jH:\254\352i\313)\245\265\363\323S\2348\346\306TQ#\315k!\271`&\23\355}\236\251\24", 32, 176) = 32
pread64(7</tmp/nia-map-chaos-fault-d2dmehcu/store/objects/6a/483aacea69cb29a5b5f3d3539c38e6c6545123cd6b21b9602613ed7d9ea914>, "/etc/nia-test.conf\n", 65536, 0) = 19
pread64(7</tmp/nia-map-chaos-fault-d2dmehcu/store/objects/6a/483aacea69cb29a5b5f3d3539c38e6c6545123cd6b21b9602613ed7d9ea914>, "", 65517, 19) = 0
pread64(7</tmp/nia-map-chaos-fault-d2dmehcu/store/objects/6a/483aacea69cb29a5b5f3d3539c38e6c6545123cd6b21b9602613ed7d9ea914>, "", 65536, 19) = 0
pread64(3</tmp/nia-map-chaos-fault-d2dmehcu/store/objects/02/22ef2519cde4306d612644ab1f4cd2be32108e214a4af6e8e421c530dfdb70>, "u>\2:\31q\236L\275o\n1#%9P\370\3565Z\26\305k\223\223\26\331m\2R\3S", 32, 208) = 32
pread64(7</tmp/nia-map-chaos-fault-d2dmehcu/store/objects/75/3e023a19719e4cbd6f0a3123253950f8ee355a16c56b939316d96d02520353>, "#!/bin/sh\necho forbidden > /tmp/nia-intake-test-2s7g6qyf/SCRIPT_WAS_EXECUTED\n", 65536, 0) = 77
pread64(7</tmp/nia-map-chaos-fault-d2dmehcu/store/objects/75/3e023a19719e4cbd6f0a3123253950f8ee355a16c56b939316d96d02520353>, "", 65459, 77) = 0
pread64(7</tmp/nia-map-chaos-fault-d2dmehcu/store/objects/75/3e023a19719e4cbd6f0a3123253950f8ee355a16c56b939316d96d02520353>, "", 65536, 77) = 0
pread64(3</tmp/nia-map-chaos-fault-d2dmehcu/store/objects/02/22ef2519cde4306d612644ab1f4cd2be32108e214a4af6e8e421c530dfdb70>, "\226\242\226\322$\362\205\306{\356\223\303\17\2120\221W\360\332\243]\305\270~A\vxc\n\t\317\307", 32, 240) = 32
pread64(7</tmp/nia-map-chaos-fault-d2dmehcu/store/objects/96/a296d224f285c67bee93c30f8a309157f0daa35dc5b87e410b78630a09cfc7>, "\0\0", 65536, 0) = 2
pread64(7</tmp/nia-map-chaos-fault-d2dmehcu/store/objects/96/a296d224f285c67bee93c30f8a309157f0daa35dc5b87e410b78630a09cfc7>, "", 65534, 2) = 0
pread64(7</tmp/nia-map-chaos-fault-d2dmehcu/store/objects/96/a296d224f285c67bee93c30f8a309157f0daa35dc5b87e410b78630a09cfc7>, "", 65536, 2) = 0
pread64(3</tmp/nia-map-chaos-fault-d2dmehcu/store/objects/02/22ef2519cde4306d612644ab1f4cd2be32108e214a4af6e8e421c530dfdb70>, "\257\271\324\274&9\201\32\274\0\344x\271\244/\253u\20\24?\375b\334\321\225\35\363\260?M}\344", 32, 272) = 32
pread64(7</tmp/nia-map-chaos-fault-d2dmehcu/store/objects/af/b9d4bc2639811abc00e478b9a42fab7510143ffd62dcd1951df3b03f4d7de4>, "\3757zXZ\0\0\4\346\326\264F\4\300\354\2\200P!\1\26\0\0\0\0\0\0\0|>\270\354\340'\377\1d]\0\27\v\274\34}\1\225\300\35J>y\25\302\314&\243c\26a\254~l\376\25\335\311R\233\266\240uA\256\1\271\243{\373}\241\236%\343\332\343\326\v)\313\276.B\201\3744\267"..., 65536, 0) = 428
pread64(7</tmp/nia-map-chaos-fault-d2dmehcu/store/objects/af/b9d4bc2639811abc00e478b9a42fab7510143ffd62dcd1951df3b03f4d7de4>, "", 65108, 428) = 0
pread64(7</tmp/nia-map-chaos-fault-d2dmehcu/store/objects/af/b9d4bc2639811abc00e478b9a42fab7510143ffd62dcd1951df3b03f4d7de4>, "", 65536, 428) = 0
pread64(3</tmp/nia-map-chaos-fault-d2dmehcu/store/objects/02/22ef2519cde4306d612644ab1f4cd2be32108e214a4af6e8e421c530dfdb70>, "\301^SF\310\3148\252P$\0363P\374\355V\2021\214\246mc\371\377Y\230<\326i\340?\256", 32, 304) = 32
pread64(7</tmp/nia-map-chaos-fault-d2dmehcu/store/objects/c1/5e5346c8cc38aa50241e3350fced5682318ca66d63f9ff59983cd669e03fae>, "Package: nia-test\nVersion: 1:2.0~rc1-3\nArchitecture: all\nMaintainer: Nia synthetic fixture\nDescr"..., 65536, 0) = 125
pread64(7</tmp/nia-map-chaos-fault-d2dmehcu/store/objects/c1/5e5346c8cc38aa50241e3350fced5682318ca66d63f9ff59983cd669e03fae>, "", 65411, 125) = 0
pread64(7</tmp/nia-map-chaos-fault-d2dmehcu/store/objects/c1/5e5346c8cc38aa50241e3350fced5682318ca66d63f9ff59983cd669e03fae>, "", 65536, 125) = 0
pread64(3</tmp/nia-map-chaos-fault-d2dmehcu/store/objects/02/22ef2519cde4306d612644ab1f4cd2be32108e214a4af6e8e421c530dfdb70>, "\334\323\342\335Qg\275\201\20\245E\16)B\350\321\266x\212\322~nYe\352\271\342\332\37\35\3457", 32, 336) = 32
pread64(7</tmp/nia-map-chaos-fault-d2dmehcu/store/objects/dc/d3e2dd5167bd8110a5450e2942e8d1b6788ad27e6e5965eab9e2da1f1de537>, "mode=safe\n", 65536, 0) = 10
pread64(7</tmp/nia-map-chaos-fault-d2dmehcu/store/objects/dc/d3e2dd5167bd8110a5450e2942e8d1b6788ad27e6e5965eab9e2da1f1de537>, "", 65526, 10) = 0
pread64(7</tmp/nia-map-chaos-fault-d2dmehcu/store/objects/dc/d3e2dd5167bd8110a5450e2942e8d1b6788ad27e6e5965eab9e2da1f1de537>, "", 65536, 10) = 0
pread64(3</tmp/nia-map-chaos-fault-d2dmehcu/store/objects/02/22ef2519cde4306d612644ab1f4cd2be32108e214a4af6e8e421c530dfdb70>, "\342\2\347OE:\247\235\22\273\332\346\303\205?\367\340{:$7<\371\2|&H\226\33\10\200\16", 32, 368) = 32
pread64(7</tmp/nia-map-chaos-fault-d2dmehcu/store/objects/e2/02e74f453aa79d12bbdae6c3853ff7e07b3a24373cf9027c2648961b08800e>, "!<arch>\ndebian-binary   1789009493  0     0     100644  4         `\n2.0\ncontrol.tar.xz  17890094"..., 65536, 0) = 848
pread64(7</tmp/nia-map-chaos-fault-d2dmehcu/store/objects/e2/02e74f453aa79d12bbdae6c3853ff7e07b3a24373cf9027c2648961b08800e>, "", 64688, 848) = 0
pread64(7</tmp/nia-map-chaos-fault-d2dmehcu/store/objects/e2/02e74f453aa79d12bbdae6c3853ff7e07b3a24373cf9027c2648961b08800e>, "", 65536, 848) = 0
pread64(3</tmp/nia-map-chaos-fault-d2dmehcu/store/objects/0c/8558621225f1f0208d679d062fd774278849ab7b09b54cf767d7592aedb013>, "\0\0\0\0\0\0\0\10NIACSEL1\221\312\367\16FfS\232\224\206g\1774\206\270\315<\231>\204\260\337Rs\210y7\255\331l\356\377\0\0\0\0\0\0\0\1\342\2\347OE:\247\235\22\273\332\346\303\205?\367\340{:$7<\371\2|&H\226\33\10\200\16\257\271\324\274&9\201\32"..., 65536, 0) = 152
pread64(3</tmp/nia-map-chaos-fault-d2dmehcu/store/objects/0c/8558621225f1f0208d679d062fd774278849ab7b09b54cf767d7592aedb013>, "", 65384, 152) = 0
pread64(3</tmp/nia-map-chaos-fault-d2dmehcu/store/objects/0c/8558621225f1f0208d679d062fd774278849ab7b09b54cf767d7592aedb013>, "", 65536, 152) = 0
pread64(3</tmp/nia-map-chaos-fault-d2dmehcu/store/objects/0c/8558621225f1f0208d679d062fd774278849ab7b09b54cf767d7592aedb013>, "\0\0\0\0\0\0\0\10NIACSEL1\221\312\367\16FfS\232\224\206g\1774\206\270\315<\231>\204\260\337Rs\210y7\255\331l\356\377\0\0\0\0\0\0\0\1\342\2\347OE:\247\235\22\273\332\346\303\205?\367\340{:$7<\371\2|&H\226\33\10\200\16\257\271\324\274&9\201\32"..., 393272, 0) = 152
pread64(3</tmp/nia-map-chaos-fault-d2dmehcu/store/objects/0c/8558621225f1f0208d679d062fd774278849ab7b09b54cf767d7592aedb013>, "", 393120, 152) = 0
pread64(3</tmp/nia-map-chaos-fault-d2dmehcu/store/objects/e2/02e74f453aa79d12bbdae6c3853ff7e07b3a24373cf9027c2648961b08800e>, "!<arch>\ndebian-binary   1789009493  0     0     100644  4         `\n2.0\ncontrol.tar.xz  17890094"..., 65536, 0) = 848
pread64(3</tmp/nia-map-chaos-fault-d2dmehcu/store/objects/e2/02e74f453aa79d12bbdae6c3853ff7e07b3a24373cf9027c2648961b08800e>, "", 64688, 848) = 0
pread64(3</tmp/nia-map-chaos-fault-d2dmehcu/store/objects/e2/02e74f453aa79d12bbdae6c3853ff7e07b3a24373cf9027c2648961b08800e>, "", 65536, 848) = 0
pread64(3</tmp/nia-map-chaos-fault-d2dmehcu/store/objects/e2/02e74f453aa79d12bbdae6c3853ff7e07b3a24373cf9027c2648961b08800e>, "!<arch>\n", 8, 0) = 8
pread64(3</tmp/nia-map-chaos-fault-d2dmehcu/store/objects/e2/02e74f453aa79d12bbdae6c3853ff7e07b3a24373cf9027c2648961b08800e>, "debian-binary   1789009493  0     0     100644  4         `\n", 60, 8) = 60
pread64(3</tmp/nia-map-chaos-fault-d2dmehcu/store/objects/e2/02e74f453aa79d12bbdae6c3853ff7e07b3a24373cf9027c2648961b08800e>, "2.0\n", 4, 68) = 4
pread64(3</tmp/nia-map-chaos-fault-d2dmehcu/store/objects/e2/02e74f453aa79d12bbdae6c3853ff7e07b3a24373cf9027c2648961b08800e>, "2.0\n", 4, 68) = 4
pread64(3</tmp/nia-map-chaos-fault-d2dmehcu/store/objects/e2/02e74f453aa79d12bbdae6c3853ff7e07b3a24373cf9027c2648961b08800e>, "control.tar.xz  1789009493  0     0     100644  428       `\n", 60, 72) = 60
pread64(3</tmp/nia-map-chaos-fault-d2dmehcu/store/objects/e2/02e74f453aa79d12bbdae6c3853ff7e07b3a24373cf9027c2648961b08800e>, "\3757zXZ\0\0\4\346\326\264F\4\300\354\2\200P!\1\26\0\0\0\0\0\0\0|>\270\354\340'\377\1d]\0\27\v\274\34}\1\225\300\35J>y\25\302\314&\243c\26a\254~l\376\25\335\311R\233\266\240uA\256\1\271\243{\373}\241\236%\343\332\343\326\v)\313\276.B\201\3744\267"..., 428, 132) = 428
pread64(3</tmp/nia-map-chaos-fault-d2dmehcu/store/objects/e2/02e74f453aa79d12bbdae6c3853ff7e07b3a24373cf9027c2648961b08800e>, "data.tar.xz     1789009493  0     0     100644  228       `\n", 60, 560) = 60
pread64(3</tmp/nia-map-chaos-fault-d2dmehcu/store/objects/e2/02e74f453aa79d12bbdae6c3853ff7e07b3a24373cf9027c2648961b08800e>, "\3757zXZ\0\0\4\346\326\264F\4\300\242\1\200P!\1\26\0\0\0\0\0\0\0\303\360P\333\340'\377\0\232]\0\27\v\274\34}\1\225\300\35J>y\25\302\314&\243c\26a\254~l\376\25\335\311R\233\266\240uA\256\1\271\243{\373}\241\236%\343\332\343\326\v)\313\276.B\201\3744\267"..., 228, 620) = 228
pread64(3</tmp/nia-map-chaos-fault-d2dmehcu/store/objects/e2/02e74f453aa79d12bbdae6c3853ff7e07b3a24373cf9027c2648961b08800e>, "!<arch>\ndebian-binary   1789009493  0     0     100644  4         `\n2.0\ncontrol.tar.xz  17890094"..., 65536, 0) = 848
pread64(3</tmp/nia-map-chaos-fault-d2dmehcu/store/objects/e2/02e74f453aa79d12bbdae6c3853ff7e07b3a24373cf9027c2648961b08800e>, "", 64688, 848) = 0
pread64(3</tmp/nia-map-chaos-fault-d2dmehcu/store/objects/e2/02e74f453aa79d12bbdae6c3853ff7e07b3a24373cf9027c2648961b08800e>, "", 65536, 848) = 0
pread64(3</tmp/nia-map-chaos-fault-d2dmehcu/store/objects/e2/02e74f453aa79d12bbdae6c3853ff7e07b3a24373cf9027c2648961b08800e>, "!<arch>\n", 8, 0) = 8
pread64(3</tmp/nia-map-chaos-fault-d2dmehcu/store/objects/e2/02e74f453aa79d12bbdae6c3853ff7e07b3a24373cf9027c2648961b08800e>, "debian-binary   1789009493  0     0     100644  4         `\n", 60, 8) = 60
pread64(3</tmp/nia-map-chaos-fault-d2dmehcu/store/objects/e2/02e74f453aa79d12bbdae6c3853ff7e07b3a24373cf9027c2648961b08800e>, "2.0\n", 4, 68) = 4
pread64(3</tmp/nia-map-chaos-fault-d2dmehcu/store/objects/e2/02e74f453aa79d12bbdae6c3853ff7e07b3a24373cf9027c2648961b08800e>, "2.0\n", 4, 68) = 4
pread64(3</tmp/nia-map-chaos-fault-d2dmehcu/store/objects/e2/02e74f453aa79d12bbdae6c3853ff7e07b3a24373cf9027c2648961b08800e>, "control.tar.xz  1789009493  0     0     100644  428       `\n", 60, 72) = 60
pread64(3</tmp/nia-map-chaos-fault-d2dmehcu/store/objects/e2/02e74f453aa79d12bbdae6c3853ff7e07b3a24373cf9027c2648961b08800e>, "\3757zXZ\0\0\4\346\326\264F\4\300\354\2\200P!\1\26\0\0\0\0\0\0\0|>\270\354\340'\377\1d]\0\27\v\274\34}\1\225\300\35J>y\25\302\314&\243c\26a\254~l\376\25\335\311R\233\266\240uA\256\1\271\243{\373}\241\236%\343\332\343\326\v)\313\276.B\201\3744\267"..., 428, 132) = 428
pread64(3</tmp/nia-map-chaos-fault-d2dmehcu/store/objects/e2/02e74f453aa79d12bbdae6c3853ff7e07b3a24373cf9027c2648961b08800e>, "data.tar.xz     1789009493  0     0     100644  228       `\n", 60, 560) = 60
pread64(3</tmp/nia-map-chaos-fault-d2dmehcu/store/objects/e2/02e74f453aa79d12bbdae6c3853ff7e07b3a24373cf9027c2648961b08800e>, "\3757zXZ\0\0\4\346\326\264F\4\300\242\1\200P!\1\26\0\0\0\0\0\0\0\303\360P\333\340'\377\0\232]\0\27\v\274\34}\1\225\300\35J>y\25\302\314&\243c\26a\254~l\376\25\335\311R\233\266\240uA\256\1\271\243{\373}\241\236%\343\332\343\326\v)\313\276.B\201\3744\267"..., 228, 620) = 228
fsync(8</tmp/nia-map-chaos-fault-d2dmehcu/store/incoming>) = 0
pread64(3</tmp/nia-map-chaos-fault-d2dmehcu/store/objects/e2/02e74f453aa79d12bbdae6c3853ff7e07b3a24373cf9027c2648961b08800e>, "\3757zXZ\0\0\4\346\326\264F\4\300\242\1\200P!\1\26\0\0\0\0\0\0\0\303\360P\333\340'\377\0\232]\0\27\v\274\34}\1\225\300\35J>y\25\302\314&\243c\26a\254~l\376\25\335\311R\233\266\240uA\256\1\271\243{\373}\241\236%\343\332\343\326\v)\313\276.B\201\3744\267"..., 228, 620) = 228
write(7</tmp/nia-map-chaos-fault-d2dmehcu/store/incoming/59b6113184780aab244665f889d078ee>, "\3757zXZ\0\0\4\346\326\264F\4\300\242\1\200P!\1\26\0\0\0\0\0\0\0\303\360P\333\340'\377\0\232]\0\27\v\274\34}\1\225\300\35J>y\25\302\314&\243c\26a\254~l\376\25\335\311R\233\266\240uA\256\1\271\243{\373}\241\236%\343\332\343\326\v)\313\276.B\201\3744\267"..., 228) = 228
fsync(7</tmp/nia-map-chaos-fault-d2dmehcu/store/incoming/59b6113184780aab244665f889d078ee>) = 0
renameat2(8</tmp/nia-map-chaos-fault-d2dmehcu/store/incoming>, "59b6113184780aab244665f889d078ee", 7</tmp/nia-map-chaos-fault-d2dmehcu/store/objects/17>, "335cf5b86dcc364ac6241c175942677b0b4a22ae92cc628c057f7a0f51812d", RENAME_NOREPLACE) = -1 EEXIST (File exists)
pread64(7</tmp/nia-map-chaos-fault-d2dmehcu/store/objects/17/335cf5b86dcc364ac6241c175942677b0b4a22ae92cc628c057f7a0f51812d>, "\3757zXZ\0\0\4\346\326\264F\4\300\242\1\200P!\1\26\0\0\0\0\0\0\0\303\360P\333\340'\377\0\232]\0\27\v\274\34}\1\225\300\35J>y\25\302\314&\243c\26a\254~l\376\25\335\311R\233\266\240uA\256\1\271\243{\373}\241\236%\343\332\343\326\v)\313\276.B\201\3744\267"..., 65536, 0) = 228
pread64(7</tmp/nia-map-chaos-fault-d2dmehcu/store/objects/17/335cf5b86dcc364ac6241c175942677b0b4a22ae92cc628c057f7a0f51812d>, "", 65308, 228) = 0
pread64(7</tmp/nia-map-chaos-fault-d2dmehcu/store/objects/17/335cf5b86dcc364ac6241c175942677b0b4a22ae92cc628c057f7a0f51812d>, "", 65536, 228) = 0
fsync(8</tmp/nia-map-chaos-fault-d2dmehcu/store/incoming>) = 0
pread64(3</tmp/nia-map-chaos-fault-d2dmehcu/store/objects/17/335cf5b86dcc364ac6241c175942677b0b4a22ae92cc628c057f7a0f51812d>, "\3757zXZ\0\0\4\346\326\264F\4\300\242\1\200P!\1\26\0\0\0\0\0\0\0\303\360P\333\340'\377\0\232]\0\27\v\274\34}\1\225\300\35J>y\25\302\314&\243c\26a\254~l\376\25\335\311R\233\266\240uA\256\1\271\243{\373}\241\236%\343\332\343\326\v)\313\276.B\201\3744\267"..., 65536, 0) = 228
pread64(3</tmp/nia-map-chaos-fault-d2dmehcu/store/objects/17/335cf5b86dcc364ac6241c175942677b0b4a22ae92cc628c057f7a0f51812d>, "", 65308, 228) = 0
pread64(3</tmp/nia-map-chaos-fault-d2dmehcu/store/objects/17/335cf5b86dcc364ac6241c175942677b0b4a22ae92cc628c057f7a0f51812d>, "", 65536, 228) = 0
pread64(3</tmp/nia-map-chaos-fault-d2dmehcu/store/objects/17/335cf5b86dcc364ac6241c175942677b0b4a22ae92cc628c057f7a0f51812d>, "\3757zXZ\0\0\4\346\326\264F\4\300\242\1\200P!\1\26\0\0\0\0\0\0\0\303\360P\333\340'\377\0\232]\0\27\v\274\34}\1\225\300\35J>y\25\302\314&\243c\26a\254~l\376\25\335\311R\233\266\240uA\256\1\271\243{\373}\241\236%\343\332\343\326\v)\313\276.B\201\3744\267"..., 228, 0) = 228
fsync(8</tmp/nia-map-chaos-fault-d2dmehcu/store/incoming>) = 0
pread64(3</tmp/nia-map-chaos-fault-d2dmehcu/store/objects/17/335cf5b86dcc364ac6241c175942677b0b4a22ae92cc628c057f7a0f51812d>, "\3757zXZ\0\0\4\346\326\264F\4\300\242\1\200P!\1\26\0\0\0\0\0\0\0\303\360P\333\340'\377\0\232]\0\27\v\274\34}\1\225\300\35J>y\25\302\314&\243c\26a\254~l\376\25\335\311R\233\266\240uA\256\1\271\243{\373}\241\236%\343\332\343\326\v)\313\276.B\201\3744\267"..., 228, 0) = 228
write(7</tmp/nia-map-chaos-fault-d2dmehcu/store/incoming/e0d60f452cf4da8bf37e48017e9e6543>, "./\0\0\0\0\0\0\0\0\0\0\0\0\0\0\0\0\0\0\0\0\0\0\0\0\0\0\0\0\0\0\0\0\0\0\0\0\0\0\0\0\0\0\0\0\0\0\0\0\0\0\0\0\0\0\0\0\0\0\0\0\0\0\0\0\0\0\0\0\0\0\0\0\0\0\0\0\0\0\0\0\0\0\0\0\0\0\0\0\0\0\0\0\0\0"..., 10240) = 10240
fsync(7</tmp/nia-map-chaos-fault-d2dmehcu/store/incoming/e0d60f452cf4da8bf37e48017e9e6543>) = 0
renameat2(8</tmp/nia-map-chaos-fault-d2dmehcu/store/incoming>, "e0d60f452cf4da8bf37e48017e9e6543", 7</tmp/nia-map-chaos-fault-d2dmehcu/store/objects/53>, "eaa73bae94b643148a584cd24f77f7efe2e14ae15b7daeff5e2f469ee3b7e1", RENAME_NOREPLACE) = -1 EEXIST (File exists)
pread64(7</tmp/nia-map-chaos-fault-d2dmehcu/store/objects/53/eaa73bae94b643148a584cd24f77f7efe2e14ae15b7daeff5e2f469ee3b7e1>, "./\0\0\0\0\0\0\0\0\0\0\0\0\0\0\0\0\0\0\0\0\0\0\0\0\0\0\0\0\0\0\0\0\0\0\0\0\0\0\0\0\0\0\0\0\0\0\0\0\0\0\0\0\0\0\0\0\0\0\0\0\0\0\0\0\0\0\0\0\0\0\0\0\0\0\0\0\0\0\0\0\0\0\0\0\0\0\0\0\0\0\0\0\0\0"..., 65536, 0) = 10240
pread64(7</tmp/nia-map-chaos-fault-d2dmehcu/store/objects/53/eaa73bae94b643148a584cd24f77f7efe2e14ae15b7daeff5e2f469ee3b7e1>, "", 55296, 10240) = 0
pread64(7</tmp/nia-map-chaos-fault-d2dmehcu/store/objects/53/eaa73bae94b643148a584cd24f77f7efe2e14ae15b7daeff5e2f469ee3b7e1>, "", 65536, 10240) = 0
fsync(8</tmp/nia-map-chaos-fault-d2dmehcu/store/incoming>) = 0
pread64(3</tmp/nia-map-chaos-fault-d2dmehcu/store/objects/53/eaa73bae94b643148a584cd24f77f7efe2e14ae15b7daeff5e2f469ee3b7e1>, "./\0\0\0\0\0\0\0\0\0\0\0\0\0\0\0\0\0\0\0\0\0\0\0\0\0\0\0\0\0\0\0\0\0\0\0\0\0\0\0\0\0\0\0\0\0\0\0\0\0\0\0\0\0\0\0\0\0\0\0\0\0\0\0\0\0\0\0\0\0\0\0\0\0\0\0\0\0\0\0\0\0\0\0\0\0\0\0\0\0\0\0\0\0\0"..., 65536, 0) = 10240
pread64(3</tmp/nia-map-chaos-fault-d2dmehcu/store/objects/53/eaa73bae94b643148a584cd24f77f7efe2e14ae15b7daeff5e2f469ee3b7e1>, "", 55296, 10240) = 0
pread64(3</tmp/nia-map-chaos-fault-d2dmehcu/store/objects/53/eaa73bae94b643148a584cd24f77f7efe2e14ae15b7daeff5e2f469ee3b7e1>, "", 65536, 10240) = 0
pread64(3</tmp/nia-map-chaos-fault-d2dmehcu/store/objects/53/eaa73bae94b643148a584cd24f77f7efe2e14ae15b7daeff5e2f469ee3b7e1>, "./\0\0\0\0\0\0\0\0\0\0\0\0\0\0\0\0\0\0\0\0\0\0\0\0\0\0\0\0\0\0\0\0\0\0\0\0\0\0\0\0\0\0\0\0\0\0\0\0\0\0\0\0\0\0\0\0\0\0\0\0\0\0\0\0\0\0\0\0\0\0\0\0\0\0\0\0\0\0\0\0\0\0\0\0\0\0\0\0\0\0\0\0\0\0"..., 512, 0) = 512
pread64(3</tmp/nia-map-chaos-fault-d2dmehcu/store/objects/53/eaa73bae94b643148a584cd24f77f7efe2e14ae15b7daeff5e2f469ee3b7e1>, "./etc/\0\0\0\0\0\0\0\0\0\0\0\0\0\0\0\0\0\0\0\0\0\0\0\0\0\0\0\0\0\0\0\0\0\0\0\0\0\0\0\0\0\0\0\0\0\0\0\0\0\0\0\0\0\0\0\0\0\0\0\0\0\0\0\0\0\0\0\0\0\0\0\0\0\0\0\0\0\0\0\0\0\0\0\0\0\0\0\0\0\0"..., 512, 512) = 512
pread64(3</tmp/nia-map-chaos-fault-d2dmehcu/store/objects/53/eaa73bae94b643148a584cd24f77f7efe2e14ae15b7daeff5e2f469ee3b7e1>, "./etc/nia-test.conf\0\0\0\0\0\0\0\0\0\0\0\0\0\0\0\0\0\0\0\0\0\0\0\0\0\0\0\0\0\0\0\0\0\0\0\0\0\0\0\0\0\0\0\0\0\0\0\0\0\0\0\0\0\0\0\0\0\0\0\0\0\0\0\0\0\0\0\0\0\0\0\0\0\0\0\0\0"..., 512, 1024) = 512
pread64(3</tmp/nia-map-chaos-fault-d2dmehcu/store/objects/53/eaa73bae94b643148a584cd24f77f7efe2e14ae15b7daeff5e2f469ee3b7e1>, "\0\0\0\0\0\0\0\0\0\0\0\0\0\0\0\0\0\0\0\0\0\0\0\0\0\0\0\0\0\0\0\0\0\0\0\0\0\0\0\0\0\0\0\0\0\0\0\0\0\0\0\0\0\0\0\0\0\0\0\0\0\0\0\0\0\0\0\0\0\0\0\0\0\0\0\0\0\0\0\0\0\0\0\0\0\0\0\0\0\0\0\0\0\0\0\0"..., 502, 1546) = 502
pread64(3</tmp/nia-map-chaos-fault-d2dmehcu/store/objects/53/eaa73bae94b643148a584cd24f77f7efe2e14ae15b7daeff5e2f469ee3b7e1>, "\0\0\0\0\0\0\0\0\0\0\0\0\0\0\0\0\0\0\0\0\0\0\0\0\0\0\0\0\0\0\0\0\0\0\0\0\0\0\0\0\0\0\0\0\0\0\0\0\0\0\0\0\0\0\0\0\0\0\0\0\0\0\0\0\0\0\0\0\0\0\0\0\0\0\0\0\0\0\0\0\0\0\0\0\0\0\0\0\0\0\0\0\0\0\0\0"..., 512, 2048) = 512
pread64(3</tmp/nia-map-chaos-fault-d2dmehcu/store/objects/53/eaa73bae94b643148a584cd24f77f7efe2e14ae15b7daeff5e2f469ee3b7e1>, "\0\0\0\0\0\0\0\0\0\0\0\0\0\0\0\0\0\0\0\0\0\0\0\0\0\0\0\0\0\0\0\0\0\0\0\0\0\0\0\0\0\0\0\0\0\0\0\0\0\0\0\0\0\0\0\0\0\0\0\0\0\0\0\0\0\0\0\0\0\0\0\0\0\0\0\0\0\0\0\0\0\0\0\0\0\0\0\0\0\0\0\0\0\0\0\0"..., 7680, 2560) = 7680
fsync(8</tmp/nia-map-chaos-fault-d2dmehcu/store/incoming>) = 0
write(7</tmp/nia-map-chaos-fault-d2dmehcu/store/incoming/51f78639adcdf5de2fcab190069514cd>, "\0\0", 2) = 2
fsync(7</tmp/nia-map-chaos-fault-d2dmehcu/store/incoming/51f78639adcdf5de2fcab190069514cd>) = 0
renameat2(8</tmp/nia-map-chaos-fault-d2dmehcu/store/incoming>, "51f78639adcdf5de2fcab190069514cd", 7</tmp/nia-map-chaos-fault-d2dmehcu/store/objects/96>, "a296d224f285c67bee93c30f8a309157f0daa35dc5b87e410b78630a09cfc7", RENAME_NOREPLACE) = -1 EEXIST (File exists)
pread64(7</tmp/nia-map-chaos-fault-d2dmehcu/store/objects/96/a296d224f285c67bee93c30f8a309157f0daa35dc5b87e410b78630a09cfc7>, "\0\0", 65536, 0) = 2
pread64(7</tmp/nia-map-chaos-fault-d2dmehcu/store/objects/96/a296d224f285c67bee93c30f8a309157f0daa35dc5b87e410b78630a09cfc7>, "", 65534, 2) = 0
pread64(7</tmp/nia-map-chaos-fault-d2dmehcu/store/objects/96/a296d224f285c67bee93c30f8a309157f0daa35dc5b87e410b78630a09cfc7>, "", 65536, 2) = 0
fsync(8</tmp/nia-map-chaos-fault-d2dmehcu/store/incoming>) = 0
fsync(8</tmp/nia-map-chaos-fault-d2dmehcu/store/incoming>) = 0
write(7</tmp/nia-map-chaos-fault-d2dmehcu/store/incoming/cd70c0e8fe61dfc89d4e6224d2e14370>, "\0\0", 2) = 2
fsync(7</tmp/nia-map-chaos-fault-d2dmehcu/store/incoming/cd70c0e8fe61dfc89d4e6224d2e14370>) = 0
renameat2(8</tmp/nia-map-chaos-fault-d2dmehcu/store/incoming>, "cd70c0e8fe61dfc89d4e6224d2e14370", 7</tmp/nia-map-chaos-fault-d2dmehcu/store/objects/96>, "a296d224f285c67bee93c30f8a309157f0daa35dc5b87e410b78630a09cfc7", RENAME_NOREPLACE) = -1 EEXIST (File exists)
pread64(7</tmp/nia-map-chaos-fault-d2dmehcu/store/objects/96/a296d224f285c67bee93c30f8a309157f0daa35dc5b87e410b78630a09cfc7>, "\0\0", 65536, 0) = 2
pread64(7</tmp/nia-map-chaos-fault-d2dmehcu/store/objects/96/a296d224f285c67bee93c30f8a309157f0daa35dc5b87e410b78630a09cfc7>, "", 65534, 2) = 0
pread64(7</tmp/nia-map-chaos-fault-d2dmehcu/store/objects/96/a296d224f285c67bee93c30f8a309157f0daa35dc5b87e410b78630a09cfc7>, "", 65536, 2) = 0
fsync(8</tmp/nia-map-chaos-fault-d2dmehcu/store/incoming>) = 0
fsync(8</tmp/nia-map-chaos-fault-d2dmehcu/store/incoming>) = 0
write(7</tmp/nia-map-chaos-fault-d2dmehcu/store/incoming/085b8d327c17c0c034a9d7ac831ae97f>, "\0\0", 2) = 2
fsync(7</tmp/nia-map-chaos-fault-d2dmehcu/store/incoming/085b8d327c17c0c034a9d7ac831ae97f>) = 0
renameat2(8</tmp/nia-map-chaos-fault-d2dmehcu/store/incoming>, "085b8d327c17c0c034a9d7ac831ae97f", 7</tmp/nia-map-chaos-fault-d2dmehcu/store/objects/96>, "a296d224f285c67bee93c30f8a309157f0daa35dc5b87e410b78630a09cfc7", RENAME_NOREPLACE) = -1 EEXIST (File exists)
pread64(7</tmp/nia-map-chaos-fault-d2dmehcu/store/objects/96/a296d224f285c67bee93c30f8a309157f0daa35dc5b87e410b78630a09cfc7>, "\0\0", 65536, 0) = 2
pread64(7</tmp/nia-map-chaos-fault-d2dmehcu/store/objects/96/a296d224f285c67bee93c30f8a309157f0daa35dc5b87e410b78630a09cfc7>, "", 65534, 2) = 0
pread64(7</tmp/nia-map-chaos-fault-d2dmehcu/store/objects/96/a296d224f285c67bee93c30f8a309157f0daa35dc5b87e410b78630a09cfc7>, "", 65536, 2) = 0
fsync(8</tmp/nia-map-chaos-fault-d2dmehcu/store/incoming>) = 0
fsync(8</tmp/nia-map-chaos-fault-d2dmehcu/store/incoming>) = 0
write(7</tmp/nia-map-chaos-fault-d2dmehcu/store/incoming/b897eaa1e1195dcd1f5dd3342f912573>, "\0\0", 2) = 2
fsync(7</tmp/nia-map-chaos-fault-d2dmehcu/store/incoming/b897eaa1e1195dcd1f5dd3342f912573>) = 0
renameat2(8</tmp/nia-map-chaos-fault-d2dmehcu/store/incoming>, "b897eaa1e1195dcd1f5dd3342f912573", 7</tmp/nia-map-chaos-fault-d2dmehcu/store/objects/96>, "a296d224f285c67bee93c30f8a309157f0daa35dc5b87e410b78630a09cfc7", RENAME_NOREPLACE) = -1 EEXIST (File exists)
pread64(7</tmp/nia-map-chaos-fault-d2dmehcu/store/objects/96/a296d224f285c67bee93c30f8a309157f0daa35dc5b87e410b78630a09cfc7>, "\0\0", 65536, 0) = 2
pread64(7</tmp/nia-map-chaos-fault-d2dmehcu/store/objects/96/a296d224f285c67bee93c30f8a309157f0daa35dc5b87e410b78630a09cfc7>, "", 65534, 2) = 0
pread64(7</tmp/nia-map-chaos-fault-d2dmehcu/store/objects/96/a296d224f285c67bee93c30f8a309157f0daa35dc5b87e410b78630a09cfc7>, "", 65536, 2) = 0
fsync(8</tmp/nia-map-chaos-fault-d2dmehcu/store/incoming>) = 0
fsync(8</tmp/nia-map-chaos-fault-d2dmehcu/store/incoming>) = 0
write(7</tmp/nia-map-chaos-fault-d2dmehcu/store/incoming/07e492957ccd126df10c0bce4fefbef9>, "\0\0", 2) = 2
fsync(7</tmp/nia-map-chaos-fault-d2dmehcu/store/incoming/07e492957ccd126df10c0bce4fefbef9>) = 0
renameat2(8</tmp/nia-map-chaos-fault-d2dmehcu/store/incoming>, "07e492957ccd126df10c0bce4fefbef9", 7</tmp/nia-map-chaos-fault-d2dmehcu/store/objects/96>, "a296d224f285c67bee93c30f8a309157f0daa35dc5b87e410b78630a09cfc7", RENAME_NOREPLACE) = -1 EEXIST (File exists)
pread64(7</tmp/nia-map-chaos-fault-d2dmehcu/store/objects/96/a296d224f285c67bee93c30f8a309157f0daa35dc5b87e410b78630a09cfc7>, "\0\0", 65536, 0) = 2
pread64(7</tmp/nia-map-chaos-fault-d2dmehcu/store/objects/96/a296d224f285c67bee93c30f8a309157f0daa35dc5b87e410b78630a09cfc7>, "", 65534, 2) = 0
pread64(7</tmp/nia-map-chaos-fault-d2dmehcu/store/objects/96/a296d224f285c67bee93c30f8a309157f0daa35dc5b87e410b78630a09cfc7>, "", 65536, 2) = 0
fsync(8</tmp/nia-map-chaos-fault-d2dmehcu/store/incoming>) = 0
fsync(8</tmp/nia-map-chaos-fault-d2dmehcu/store/incoming>) = 0
write(7</tmp/nia-map-chaos-fault-d2dmehcu/store/incoming/1556125fd9da0c2379a4df5bdb894841>, "\0\0", 2) = 2
fsync(7</tmp/nia-map-chaos-fault-d2dmehcu/store/incoming/1556125fd9da0c2379a4df5bdb894841>) = 0
renameat2(8</tmp/nia-map-chaos-fault-d2dmehcu/store/incoming>, "1556125fd9da0c2379a4df5bdb894841", 7</tmp/nia-map-chaos-fault-d2dmehcu/store/objects/96>, "a296d224f285c67bee93c30f8a309157f0daa35dc5b87e410b78630a09cfc7", RENAME_NOREPLACE) = -1 EEXIST (File exists)
pread64(7</tmp/nia-map-chaos-fault-d2dmehcu/store/objects/96/a296d224f285c67bee93c30f8a309157f0daa35dc5b87e410b78630a09cfc7>, "\0\0", 65536, 0) = 2
pread64(7</tmp/nia-map-chaos-fault-d2dmehcu/store/objects/96/a296d224f285c67bee93c30f8a309157f0daa35dc5b87e410b78630a09cfc7>, "", 65534, 2) = 0
pread64(7</tmp/nia-map-chaos-fault-d2dmehcu/store/objects/96/a296d224f285c67bee93c30f8a309157f0daa35dc5b87e410b78630a09cfc7>, "", 65536, 2) = 0
fsync(8</tmp/nia-map-chaos-fault-d2dmehcu/store/incoming>) = 0
fsync(8</tmp/nia-map-chaos-fault-d2dmehcu/store/incoming>) = 0
pread64(3</tmp/nia-map-chaos-fault-d2dmehcu/store/objects/53/eaa73bae94b643148a584cd24f77f7efe2e14ae15b7daeff5e2f469ee3b7e1>, "mode=safe\n", 10, 1536) = 10
write(7</tmp/nia-map-chaos-fault-d2dmehcu/store/incoming/51c05c43d6bf0c3227ca7b94cff4f837>, "mode=safe\n", 10) = 10
fsync(7</tmp/nia-map-chaos-fault-d2dmehcu/store/incoming/51c05c43d6bf0c3227ca7b94cff4f837>) = 0
renameat2(8</tmp/nia-map-chaos-fault-d2dmehcu/store/incoming>, "51c05c43d6bf0c3227ca7b94cff4f837", 7</tmp/nia-map-chaos-fault-d2dmehcu/store/objects/dc>, "d3e2dd5167bd8110a5450e2942e8d1b6788ad27e6e5965eab9e2da1f1de537", RENAME_NOREPLACE) = -1 EEXIST (File exists)
pread64(7</tmp/nia-map-chaos-fault-d2dmehcu/store/objects/dc/d3e2dd5167bd8110a5450e2942e8d1b6788ad27e6e5965eab9e2da1f1de537>, "mode=safe\n", 65536, 0) = 10
pread64(7</tmp/nia-map-chaos-fault-d2dmehcu/store/objects/dc/d3e2dd5167bd8110a5450e2942e8d1b6788ad27e6e5965eab9e2da1f1de537>, "", 65526, 10) = 0
pread64(7</tmp/nia-map-chaos-fault-d2dmehcu/store/objects/dc/d3e2dd5167bd8110a5450e2942e8d1b6788ad27e6e5965eab9e2da1f1de537>, "", 65536, 10) = 0
fsync(8</tmp/nia-map-chaos-fault-d2dmehcu/store/incoming>) = 0
pread64(3</tmp/nia-map-chaos-fault-d2dmehcu/store/objects/e2/02e74f453aa79d12bbdae6c3853ff7e07b3a24373cf9027c2648961b08800e>, "!<arch>\ndebian-binary   1789009493  0     0     100644  4         `\n2.0\ncontrol.tar.xz  17890094"..., 65536, 0) = 848
pread64(3</tmp/nia-map-chaos-fault-d2dmehcu/store/objects/e2/02e74f453aa79d12bbdae6c3853ff7e07b3a24373cf9027c2648961b08800e>, "", 64688, 848) = 0
pread64(3</tmp/nia-map-chaos-fault-d2dmehcu/store/objects/e2/02e74f453aa79d12bbdae6c3853ff7e07b3a24373cf9027c2648961b08800e>, "", 65536, 848) = 0
pread64(3</tmp/nia-map-chaos-fault-d2dmehcu/store/objects/e2/02e74f453aa79d12bbdae6c3853ff7e07b3a24373cf9027c2648961b08800e>, "!<arch>\n", 8, 0) = 8
pread64(3</tmp/nia-map-chaos-fault-d2dmehcu/store/objects/e2/02e74f453aa79d12bbdae6c3853ff7e07b3a24373cf9027c2648961b08800e>, "debian-binary   1789009493  0     0     100644  4         `\n", 60, 8) = 60
pread64(3</tmp/nia-map-chaos-fault-d2dmehcu/store/objects/e2/02e74f453aa79d12bbdae6c3853ff7e07b3a24373cf9027c2648961b08800e>, "2.0\n", 4, 68) = 4
pread64(3</tmp/nia-map-chaos-fault-d2dmehcu/store/objects/e2/02e74f453aa79d12bbdae6c3853ff7e07b3a24373cf9027c2648961b08800e>, "2.0\n", 4, 68) = 4
pread64(3</tmp/nia-map-chaos-fault-d2dmehcu/store/objects/e2/02e74f453aa79d12bbdae6c3853ff7e07b3a24373cf9027c2648961b08800e>, "control.tar.xz  1789009493  0     0     100644  428       `\n", 60, 72) = 60
pread64(3</tmp/nia-map-chaos-fault-d2dmehcu/store/objects/e2/02e74f453aa79d12bbdae6c3853ff7e07b3a24373cf9027c2648961b08800e>, "\3757zXZ\0\0\4\346\326\264F\4\300\354\2\200P!\1\26\0\0\0\0\0\0\0|>\270\354\340'\377\1d]\0\27\v\274\34}\1\225\300\35J>y\25\302\314&\243c\26a\254~l\376\25\335\311R\233\266\240uA\256\1\271\243{\373}\241\236%\343\332\343\326\v)\313\276.B\201\3744\267"..., 428, 132) = 428
pread64(3</tmp/nia-map-chaos-fault-d2dmehcu/store/objects/e2/02e74f453aa79d12bbdae6c3853ff7e07b3a24373cf9027c2648961b08800e>, "data.tar.xz     1789009493  0     0     100644  228       `\n", 60, 560) = 60
pread64(3</tmp/nia-map-chaos-fault-d2dmehcu/store/objects/e2/02e74f453aa79d12bbdae6c3853ff7e07b3a24373cf9027c2648961b08800e>, "\3757zXZ\0\0\4\346\326\264F\4\300\242\1\200P!\1\26\0\0\0\0\0\0\0\303\360P\333\340'\377\0\232]\0\27\v\274\34}\1\225\300\35J>y\25\302\314&\243c\26a\254~l\376\25\335\311R\233\266\240uA\256\1\271\243{\373}\241\236%\343\332\343\326\v)\313\276.B\201\3744\267"..., 228, 620) = 228
pread64(3</tmp/nia-map-chaos-fault-d2dmehcu/store/objects/e2/02e74f453aa79d12bbdae6c3853ff7e07b3a24373cf9027c2648961b08800e>, "!<arch>\ndebian-binary   1789009493  0     0     100644  4         `\n2.0\ncontrol.tar.xz  17890094"..., 65536, 0) = 848
pread64(3</tmp/nia-map-chaos-fault-d2dmehcu/store/objects/e2/02e74f453aa79d12bbdae6c3853ff7e07b3a24373cf9027c2648961b08800e>, "", 64688, 848) = 0
pread64(3</tmp/nia-map-chaos-fault-d2dmehcu/store/objects/e2/02e74f453aa79d12bbdae6c3853ff7e07b3a24373cf9027c2648961b08800e>, "", 65536, 848) = 0
pread64(3</tmp/nia-map-chaos-fault-d2dmehcu/store/objects/e2/02e74f453aa79d12bbdae6c3853ff7e07b3a24373cf9027c2648961b08800e>, "!<arch>\n", 8, 0) = 8
pread64(3</tmp/nia-map-chaos-fault-d2dmehcu/store/objects/e2/02e74f453aa79d12bbdae6c3853ff7e07b3a24373cf9027c2648961b08800e>, "debian-binary   1789009493  0     0     100644  4         `\n", 60, 8) = 60
pread64(3</tmp/nia-map-chaos-fault-d2dmehcu/store/objects/e2/02e74f453aa79d12bbdae6c3853ff7e07b3a24373cf9027c2648961b08800e>, "2.0\n", 4, 68) = 4
pread64(3</tmp/nia-map-chaos-fault-d2dmehcu/store/objects/e2/02e74f453aa79d12bbdae6c3853ff7e07b3a24373cf9027c2648961b08800e>, "2.0\n", 4, 68) = 4
pread64(3</tmp/nia-map-chaos-fault-d2dmehcu/store/objects/e2/02e74f453aa79d12bbdae6c3853ff7e07b3a24373cf9027c2648961b08800e>, "control.tar.xz  1789009493  0     0     100644  428       `\n", 60, 72) = 60
pread64(3</tmp/nia-map-chaos-fault-d2dmehcu/store/objects/e2/02e74f453aa79d12bbdae6c3853ff7e07b3a24373cf9027c2648961b08800e>, "\3757zXZ\0\0\4\346\326\264F\4\300\354\2\200P!\1\26\0\0\0\0\0\0\0|>\270\354\340'\377\1d]\0\27\v\274\34}\1\225\300\35J>y\25\302\314&\243c\26a\254~l\376\25\335\311R\233\266\240uA\256\1\271\243{\373}\241\236%\343\332\343\326\v)\313\276.B\201\3744\267"..., 428, 132) = 428
pread64(3</tmp/nia-map-chaos-fault-d2dmehcu/store/objects/e2/02e74f453aa79d12bbdae6c3853ff7e07b3a24373cf9027c2648961b08800e>, "data.tar.xz     1789009493  0     0     100644  228       `\n", 60, 560) = 60
pread64(3</tmp/nia-map-chaos-fault-d2dmehcu/store/objects/e2/02e74f453aa79d12bbdae6c3853ff7e07b3a24373cf9027c2648961b08800e>, "\3757zXZ\0\0\4\346\326\264F\4\300\242\1\200P!\1\26\0\0\0\0\0\0\0\303\360P\333\340'\377\0\232]\0\27\v\274\34}\1\225\300\35J>y\25\302\314&\243c\26a\254~l\376\25\335\311R\233\266\240uA\256\1\271\243{\373}\241\236%\343\332\343\326\v)\313\276.B\201\3744\267"..., 228, 620) = 228
fsync(8</tmp/nia-map-chaos-fault-d2dmehcu/store/incoming>) = 0
pread64(3</tmp/nia-map-chaos-fault-d2dmehcu/store/objects/e2/02e74f453aa79d12bbdae6c3853ff7e07b3a24373cf9027c2648961b08800e>, "\3757zXZ\0\0\4\346\326\264F\4\300\354\2\200P!\1\26\0\0\0\0\0\0\0|>\270\354\340'\377\1d]\0\27\v\274\34}\1\225\300\35J>y\25\302\314&\243c\26a\254~l\376\25\335\311R\233\266\240uA\256\1\271\243{\373}\241\236%\343\332\343\326\v)\313\276.B\201\3744\267"..., 428, 132) = 428
write(7</tmp/nia-map-chaos-fault-d2dmehcu/store/incoming/86ab1f450b2d00113b77396e37aa112e>, "\3757zXZ\0\0\4\346\326\264F\4\300\354\2\200P!\1\26\0\0\0\0\0\0\0|>\270\354\340'\377\1d]\0\27\v\274\34}\1\225\300\35J>y\25\302\314&\243c\26a\254~l\376\25\335\311R\233\266\240uA\256\1\271\243{\373}\241\236%\343\332\343\326\v)\313\276.B\201\3744\267"..., 428) = 428
fsync(7</tmp/nia-map-chaos-fault-d2dmehcu/store/incoming/86ab1f450b2d00113b77396e37aa112e>) = 0
renameat2(8</tmp/nia-map-chaos-fault-d2dmehcu/store/incoming>, "86ab1f450b2d00113b77396e37aa112e", 7</tmp/nia-map-chaos-fault-d2dmehcu/store/objects/af>, "b9d4bc2639811abc00e478b9a42fab7510143ffd62dcd1951df3b03f4d7de4", RENAME_NOREPLACE) = -1 EEXIST (File exists)
pread64(7</tmp/nia-map-chaos-fault-d2dmehcu/store/objects/af/b9d4bc2639811abc00e478b9a42fab7510143ffd62dcd1951df3b03f4d7de4>, "\3757zXZ\0\0\4\346\326\264F\4\300\354\2\200P!\1\26\0\0\0\0\0\0\0|>\270\354\340'\377\1d]\0\27\v\274\34}\1\225\300\35J>y\25\302\314&\243c\26a\254~l\376\25\335\311R\233\266\240uA\256\1\271\243{\373}\241\236%\343\332\343\326\v)\313\276.B\201\3744\267"..., 65536, 0) = 428
pread64(7</tmp/nia-map-chaos-fault-d2dmehcu/store/objects/af/b9d4bc2639811abc00e478b9a42fab7510143ffd62dcd1951df3b03f4d7de4>, "", 65108, 428) = 0
pread64(7</tmp/nia-map-chaos-fault-d2dmehcu/store/objects/af/b9d4bc2639811abc00e478b9a42fab7510143ffd62dcd1951df3b03f4d7de4>, "", 65536, 428) = 0
fsync(8</tmp/nia-map-chaos-fault-d2dmehcu/store/incoming>) = 0
pread64(3</tmp/nia-map-chaos-fault-d2dmehcu/store/objects/af/b9d4bc2639811abc00e478b9a42fab7510143ffd62dcd1951df3b03f4d7de4>, "\3757zXZ\0\0\4\346\326\264F\4\300\354\2\200P!\1\26\0\0\0\0\0\0\0|>\270\354\340'\377\1d]\0\27\v\274\34}\1\225\300\35J>y\25\302\314&\243c\26a\254~l\376\25\335\311R\233\266\240uA\256\1\271\243{\373}\241\236%\343\332\343\326\v)\313\276.B\201\3744\267"..., 65536, 0) = 428
pread64(3</tmp/nia-map-chaos-fault-d2dmehcu/store/objects/af/b9d4bc2639811abc00e478b9a42fab7510143ffd62dcd1951df3b03f4d7de4>, "", 65108, 428) = 0
pread64(3</tmp/nia-map-chaos-fault-d2dmehcu/store/objects/af/b9d4bc2639811abc00e478b9a42fab7510143ffd62dcd1951df3b03f4d7de4>, "", 65536, 428) = 0
pread64(3</tmp/nia-map-chaos-fault-d2dmehcu/store/objects/af/b9d4bc2639811abc00e478b9a42fab7510143ffd62dcd1951df3b03f4d7de4>, "\3757zXZ\0\0\4\346\326\264F\4\300\354\2\200P!\1\26\0\0\0\0\0\0\0|>\270\354\340'\377\1d]\0\27\v\274\34}\1\225\300\35J>y\25\302\314&\243c\26a\254~l\376\25\335\311R\233\266\240uA\256\1\271\243{\373}\241\236%\343\332\343\326\v)\313\276.B\201\3744\267"..., 428, 0) = 428
fsync(8</tmp/nia-map-chaos-fault-d2dmehcu/store/incoming>) = 0
write(7</tmp/nia-map-chaos-fault-d2dmehcu/store/incoming/086e2062d4a935fe9e727718e73eca81>, "/etc/nia-test.conf\n", 19) = 19
fsync(7</tmp/nia-map-chaos-fault-d2dmehcu/store/incoming/086e2062d4a935fe9e727718e73eca81>) = 0
renameat2(8</tmp/nia-map-chaos-fault-d2dmehcu/store/incoming>, "086e2062d4a935fe9e727718e73eca81", 7</tmp/nia-map-chaos-fault-d2dmehcu/store/objects/6a>, "483aacea69cb29a5b5f3d3539c38e6c6545123cd6b21b9602613ed7d9ea914", RENAME_NOREPLACE) = -1 EEXIST (File exists)
pread64(7</tmp/nia-map-chaos-fault-d2dmehcu/store/objects/6a/483aacea69cb29a5b5f3d3539c38e6c6545123cd6b21b9602613ed7d9ea914>, "/etc/nia-test.conf\n", 65536, 0) = 19
pread64(7</tmp/nia-map-chaos-fault-d2dmehcu/store/objects/6a/483aacea69cb29a5b5f3d3539c38e6c6545123cd6b21b9602613ed7d9ea914>, "", 65517, 19) = 0
pread64(7</tmp/nia-map-chaos-fault-d2dmehcu/store/objects/6a/483aacea69cb29a5b5f3d3539c38e6c6545123cd6b21b9602613ed7d9ea914>, "", 65536, 19) = 0
fsync(8</tmp/nia-map-chaos-fault-d2dmehcu/store/incoming>) = 0
fsync(8</tmp/nia-map-chaos-fault-d2dmehcu/store/incoming>) = 0
write(7</tmp/nia-map-chaos-fault-d2dmehcu/store/incoming/66a50833d379be21b7e0aaf14338db00>, "Package: nia-test\nVersion: 1:2.0~rc1-3\nArchitecture: all\nMaintainer: Nia synthetic fixture\nDescr"..., 125) = 125
fsync(7</tmp/nia-map-chaos-fault-d2dmehcu/store/incoming/66a50833d379be21b7e0aaf14338db00>) = 0
renameat2(8</tmp/nia-map-chaos-fault-d2dmehcu/store/incoming>, "66a50833d379be21b7e0aaf14338db00", 7</tmp/nia-map-chaos-fault-d2dmehcu/store/objects/c1>, "5e5346c8cc38aa50241e3350fced5682318ca66d63f9ff59983cd669e03fae", RENAME_NOREPLACE) = -1 EEXIST (File exists)
pread64(7</tmp/nia-map-chaos-fault-d2dmehcu/store/objects/c1/5e5346c8cc38aa50241e3350fced5682318ca66d63f9ff59983cd669e03fae>, "Package: nia-test\nVersion: 1:2.0~rc1-3\nArchitecture: all\nMaintainer: Nia synthetic fixture\nDescr"..., 65536, 0) = 125
pread64(7</tmp/nia-map-chaos-fault-d2dmehcu/store/objects/c1/5e5346c8cc38aa50241e3350fced5682318ca66d63f9ff59983cd669e03fae>, "", 65411, 125) = 0
pread64(7</tmp/nia-map-chaos-fault-d2dmehcu/store/objects/c1/5e5346c8cc38aa50241e3350fced5682318ca66d63f9ff59983cd669e03fae>, "", 65536, 125) = 0
fsync(8</tmp/nia-map-chaos-fault-d2dmehcu/store/incoming>) = 0
fsync(8</tmp/nia-map-chaos-fault-d2dmehcu/store/incoming>) = 0
write(7</tmp/nia-map-chaos-fault-d2dmehcu/store/incoming/680e3cbf15bab5277a5ee333ebd7aa8b>, "#!/bin/sh\necho forbidden > /tmp/nia-intake-test-2s7g6qyf/SCRIPT_WAS_EXECUTED\n", 77) = 77
fsync(7</tmp/nia-map-chaos-fault-d2dmehcu/store/incoming/680e3cbf15bab5277a5ee333ebd7aa8b>) = 0
renameat2(8</tmp/nia-map-chaos-fault-d2dmehcu/store/incoming>, "680e3cbf15bab5277a5ee333ebd7aa8b", 7</tmp/nia-map-chaos-fault-d2dmehcu/store/objects/75>, "3e023a19719e4cbd6f0a3123253950f8ee355a16c56b939316d96d02520353", RENAME_NOREPLACE) = -1 EEXIST (File exists)
pread64(7</tmp/nia-map-chaos-fault-d2dmehcu/store/objects/75/3e023a19719e4cbd6f0a3123253950f8ee355a16c56b939316d96d02520353>, "#!/bin/sh\necho forbidden > /tmp/nia-intake-test-2s7g6qyf/SCRIPT_WAS_EXECUTED\n", 65536, 0) = 77
pread64(7</tmp/nia-map-chaos-fault-d2dmehcu/store/objects/75/3e023a19719e4cbd6f0a3123253950f8ee355a16c56b939316d96d02520353>, "", 65459, 77) = 0
pread64(7</tmp/nia-map-chaos-fault-d2dmehcu/store/objects/75/3e023a19719e4cbd6f0a3123253950f8ee355a16c56b939316d96d02520353>, "", 65536, 77) = 0
fsync(8</tmp/nia-map-chaos-fault-d2dmehcu/store/incoming>) = 0
pread64(3</tmp/nia-map-chaos-fault-d2dmehcu/store/objects/c1/5e5346c8cc38aa50241e3350fced5682318ca66d63f9ff59983cd669e03fae>, "Package: nia-test\nVersion: 1:2.0~rc1-3\nArchitecture: all\nMaintainer: Nia synthetic fixture\nDescr"..., 65536, 0) = 125
pread64(3</tmp/nia-map-chaos-fault-d2dmehcu/store/objects/c1/5e5346c8cc38aa50241e3350fced5682318ca66d63f9ff59983cd669e03fae>, "", 65411, 125) = 0
pread64(3</tmp/nia-map-chaos-fault-d2dmehcu/store/objects/c1/5e5346c8cc38aa50241e3350fced5682318ca66d63f9ff59983cd669e03fae>, "", 65536, 125) = 0
pread64(3</tmp/nia-map-chaos-fault-d2dmehcu/store/objects/c1/5e5346c8cc38aa50241e3350fced5682318ca66d63f9ff59983cd669e03fae>, "Package: nia-test\nVersion: 1:2.0~rc1-3\nArchitecture: all\nMaintainer: Nia synthetic fixture\nDescr"..., 16777216, 0) = 125
pread64(3</tmp/nia-map-chaos-fault-d2dmehcu/store/objects/c1/5e5346c8cc38aa50241e3350fced5682318ca66d63f9ff59983cd669e03fae>, "", 16777091, 125) = 0
pread64(3</tmp/nia-map-chaos-fault-d2dmehcu/store/objects/c1/5e5346c8cc38aa50241e3350fced5682318ca66d63f9ff59983cd669e03fae>, "Package: nia-test\nVersion: 1:2.0~rc1-3\nArchitecture: all\nMaintainer: Nia synthetic fixture\nDescr"..., 65536, 0) = 125
pread64(3</tmp/nia-map-chaos-fault-d2dmehcu/store/objects/c1/5e5346c8cc38aa50241e3350fced5682318ca66d63f9ff59983cd669e03fae>, "", 65411, 125) = 0
pread64(3</tmp/nia-map-chaos-fault-d2dmehcu/store/objects/c1/5e5346c8cc38aa50241e3350fced5682318ca66d63f9ff59983cd669e03fae>, "", 65536, 125) = 0
pread64(3</tmp/nia-map-chaos-fault-d2dmehcu/store/objects/c1/5e5346c8cc38aa50241e3350fced5682318ca66d63f9ff59983cd669e03fae>, "Package: nia-test\nVersion: 1:2.0~rc1-3\nArchitecture: all\nMaintainer: Nia synthetic fixture\nDescr"..., 16777216, 0) = 125
pread64(3</tmp/nia-map-chaos-fault-d2dmehcu/store/objects/c1/5e5346c8cc38aa50241e3350fced5682318ca66d63f9ff59983cd669e03fae>, "", 16777091, 125) = 0
pread64(3</tmp/nia-map-chaos-fault-d2dmehcu/store/objects/e2/02e74f453aa79d12bbdae6c3853ff7e07b3a24373cf9027c2648961b08800e>, "!<arch>\ndebian-binary   1789009493  0     0     100644  4         `\n2.0\ncontrol.tar.xz  17890094"..., 65536, 0) = 848
pread64(3</tmp/nia-map-chaos-fault-d2dmehcu/store/objects/e2/02e74f453aa79d12bbdae6c3853ff7e07b3a24373cf9027c2648961b08800e>, "", 64688, 848) = 0
pread64(3</tmp/nia-map-chaos-fault-d2dmehcu/store/objects/e2/02e74f453aa79d12bbdae6c3853ff7e07b3a24373cf9027c2648961b08800e>, "", 65536, 848) = 0
pread64(3</tmp/nia-map-chaos-fault-d2dmehcu/store/objects/e2/02e74f453aa79d12bbdae6c3853ff7e07b3a24373cf9027c2648961b08800e>, "!<arch>\n", 8, 0) = 8
pread64(3</tmp/nia-map-chaos-fault-d2dmehcu/store/objects/e2/02e74f453aa79d12bbdae6c3853ff7e07b3a24373cf9027c2648961b08800e>, "debian-binary   1789009493  0     0     100644  4         `\n", 60, 8) = 60
pread64(3</tmp/nia-map-chaos-fault-d2dmehcu/store/objects/e2/02e74f453aa79d12bbdae6c3853ff7e07b3a24373cf9027c2648961b08800e>, "2.0\n", 4, 68) = 4
pread64(3</tmp/nia-map-chaos-fault-d2dmehcu/store/objects/e2/02e74f453aa79d12bbdae6c3853ff7e07b3a24373cf9027c2648961b08800e>, "2.0\n", 4, 68) = 4
pread64(3</tmp/nia-map-chaos-fault-d2dmehcu/store/objects/e2/02e74f453aa79d12bbdae6c3853ff7e07b3a24373cf9027c2648961b08800e>, "control.tar.xz  1789009493  0     0     100644  428       `\n", 60, 72) = 60
pread64(3</tmp/nia-map-chaos-fault-d2dmehcu/store/objects/e2/02e74f453aa79d12bbdae6c3853ff7e07b3a24373cf9027c2648961b08800e>, "\3757zXZ\0\0\4\346\326\264F\4\300\354\2\200P!\1\26\0\0\0\0\0\0\0|>\270\354\340'\377\1d]\0\27\v\274\34}\1\225\300\35J>y\25\302\314&\243c\26a\254~l\376\25\335\311R\233\266\240uA\256\1\271\243{\373}\241\236%\343\332\343\326\v)\313\276.B\201\3744\267"..., 428, 132) = 428
pread64(3</tmp/nia-map-chaos-fault-d2dmehcu/store/objects/e2/02e74f453aa79d12bbdae6c3853ff7e07b3a24373cf9027c2648961b08800e>, "data.tar.xz     1789009493  0     0     100644  228       `\n", 60, 560) = 60
pread64(3</tmp/nia-map-chaos-fault-d2dmehcu/store/objects/e2/02e74f453aa79d12bbdae6c3853ff7e07b3a24373cf9027c2648961b08800e>, "\3757zXZ\0\0\4\346\326\264F\4\300\242\1\200P!\1\26\0\0\0\0\0\0\0\303\360P\333\340'\377\0\232]\0\27\v\274\34}\1\225\300\35J>y\25\302\314&\243c\26a\254~l\376\25\335\311R\233\266\240uA\256\1\271\243{\373}\241\236%\343\332\343\326\v)\313\276.B\201\3744\267"..., 228, 620) = 228
pread64(3</tmp/nia-map-chaos-fault-d2dmehcu/store/objects/e2/02e74f453aa79d12bbdae6c3853ff7e07b3a24373cf9027c2648961b08800e>, "!<arch>\ndebian-binary   1789009493  0     0     100644  4         `\n2.0\ncontrol.tar.xz  17890094"..., 65536, 0) = 848
pread64(3</tmp/nia-map-chaos-fault-d2dmehcu/store/objects/e2/02e74f453aa79d12bbdae6c3853ff7e07b3a24373cf9027c2648961b08800e>, "", 64688, 848) = 0
pread64(3</tmp/nia-map-chaos-fault-d2dmehcu/store/objects/e2/02e74f453aa79d12bbdae6c3853ff7e07b3a24373cf9027c2648961b08800e>, "", 65536, 848) = 0
pread64(3</tmp/nia-map-chaos-fault-d2dmehcu/store/objects/e2/02e74f453aa79d12bbdae6c3853ff7e07b3a24373cf9027c2648961b08800e>, "!<arch>\n", 8, 0) = 8
pread64(3</tmp/nia-map-chaos-fault-d2dmehcu/store/objects/e2/02e74f453aa79d12bbdae6c3853ff7e07b3a24373cf9027c2648961b08800e>, "debian-binary   1789009493  0     0     100644  4         `\n", 60, 8) = 60
pread64(3</tmp/nia-map-chaos-fault-d2dmehcu/store/objects/e2/02e74f453aa79d12bbdae6c3853ff7e07b3a24373cf9027c2648961b08800e>, "2.0\n", 4, 68) = 4
pread64(3</tmp/nia-map-chaos-fault-d2dmehcu/store/objects/e2/02e74f453aa79d12bbdae6c3853ff7e07b3a24373cf9027c2648961b08800e>, "2.0\n", 4, 68) = 4
pread64(3</tmp/nia-map-chaos-fault-d2dmehcu/store/objects/e2/02e74f453aa79d12bbdae6c3853ff7e07b3a24373cf9027c2648961b08800e>, "control.tar.xz  1789009493  0     0     100644  428       `\n", 60, 72) = 60
pread64(3</tmp/nia-map-chaos-fault-d2dmehcu/store/objects/e2/02e74f453aa79d12bbdae6c3853ff7e07b3a24373cf9027c2648961b08800e>, "\3757zXZ\0\0\4\346\326\264F\4\300\354\2\200P!\1\26\0\0\0\0\0\0\0|>\270\354\340'\377\1d]\0\27\v\274\34}\1\225\300\35J>y\25\302\314&\243c\26a\254~l\376\25\335\311R\233\266\240uA\256\1\271\243{\373}\241\236%\343\332\343\326\v)\313\276.B\201\3744\267"..., 428, 132) = 428
pread64(3</tmp/nia-map-chaos-fault-d2dmehcu/store/objects/e2/02e74f453aa79d12bbdae6c3853ff7e07b3a24373cf9027c2648961b08800e>, "data.tar.xz     1789009493  0     0     100644  228       `\n", 60, 560) = 60
pread64(3</tmp/nia-map-chaos-fault-d2dmehcu/store/objects/e2/02e74f453aa79d12bbdae6c3853ff7e07b3a24373cf9027c2648961b08800e>, "\3757zXZ\0\0\4\346\326\264F\4\300\242\1\200P!\1\26\0\0\0\0\0\0\0\303\360P\333\340'\377\0\232]\0\27\v\274\34}\1\225\300\35J>y\25\302\314&\243c\26a\254~l\376\25\335\311R\233\266\240uA\256\1\271\243{\373}\241\236%\343\332\343\326\v)\313\276.B\201\3744\267"..., 228, 620) = 228
fsync(8</tmp/nia-map-chaos-fault-d2dmehcu/store/incoming>) = 0
pread64(3</tmp/nia-map-chaos-fault-d2dmehcu/store/objects/e2/02e74f453aa79d12bbdae6c3853ff7e07b3a24373cf9027c2648961b08800e>, "\3757zXZ\0\0\4\346\326\264F\4\300\354\2\200P!\1\26\0\0\0\0\0\0\0|>\270\354\340'\377\1d]\0\27\v\274\34}\1\225\300\35J>y\25\302\314&\243c\26a\254~l\376\25\335\311R\233\266\240uA\256\1\271\243{\373}\241\236%\343\332\343\326\v)\313\276.B\201\3744\267"..., 428, 132) = 428
write(7</tmp/nia-map-chaos-fault-d2dmehcu/store/incoming/0b03095490819f025d0cdd4172930b24>, "\3757zXZ\0\0\4\346\326\264F\4\300\354\2\200P!\1\26\0\0\0\0\0\0\0|>\270\354\340'\377\1d]\0\27\v\274\34}\1\225\300\35J>y\25\302\314&\243c\26a\254~l\376\25\335\311R\233\266\240uA\256\1\271\243{\373}\241\236%\343\332\343\326\v)\313\276.B\201\3744\267"..., 428) = 428
fsync(7</tmp/nia-map-chaos-fault-d2dmehcu/store/incoming/0b03095490819f025d0cdd4172930b24>) = 0
renameat2(8</tmp/nia-map-chaos-fault-d2dmehcu/store/incoming>, "0b03095490819f025d0cdd4172930b24", 7</tmp/nia-map-chaos-fault-d2dmehcu/store/objects/af>, "b9d4bc2639811abc00e478b9a42fab7510143ffd62dcd1951df3b03f4d7de4", RENAME_NOREPLACE) = -1 EEXIST (File exists)
pread64(7</tmp/nia-map-chaos-fault-d2dmehcu/store/objects/af/b9d4bc2639811abc00e478b9a42fab7510143ffd62dcd1951df3b03f4d7de4>, "\3757zXZ\0\0\4\346\326\264F\4\300\354\2\200P!\1\26\0\0\0\0\0\0\0|>\270\354\340'\377\1d]\0\27\v\274\34}\1\225\300\35J>y\25\302\314&\243c\26a\254~l\376\25\335\311R\233\266\240uA\256\1\271\243{\373}\241\236%\343\332\343\326\v)\313\276.B\201\3744\267"..., 65536, 0) = 428
pread64(7</tmp/nia-map-chaos-fault-d2dmehcu/store/objects/af/b9d4bc2639811abc00e478b9a42fab7510143ffd62dcd1951df3b03f4d7de4>, "", 65108, 428) = 0
pread64(7</tmp/nia-map-chaos-fault-d2dmehcu/store/objects/af/b9d4bc2639811abc00e478b9a42fab7510143ffd62dcd1951df3b03f4d7de4>, "", 65536, 428) = 0
fsync(8</tmp/nia-map-chaos-fault-d2dmehcu/store/incoming>) = 0
pread64(3</tmp/nia-map-chaos-fault-d2dmehcu/store/objects/af/b9d4bc2639811abc00e478b9a42fab7510143ffd62dcd1951df3b03f4d7de4>, "\3757zXZ\0\0\4\346\326\264F\4\300\354\2\200P!\1\26\0\0\0\0\0\0\0|>\270\354\340'\377\1d]\0\27\v\274\34}\1\225\300\35J>y\25\302\314&\243c\26a\254~l\376\25\335\311R\233\266\240uA\256\1\271\243{\373}\241\236%\343\332\343\326\v)\313\276.B\201\3744\267"..., 65536, 0) = 428
pread64(3</tmp/nia-map-chaos-fault-d2dmehcu/store/objects/af/b9d4bc2639811abc00e478b9a42fab7510143ffd62dcd1951df3b03f4d7de4>, "", 65108, 428) = 0
pread64(3</tmp/nia-map-chaos-fault-d2dmehcu/store/objects/af/b9d4bc2639811abc00e478b9a42fab7510143ffd62dcd1951df3b03f4d7de4>, "", 65536, 428) = 0
pread64(3</tmp/nia-map-chaos-fault-d2dmehcu/store/objects/af/b9d4bc2639811abc00e478b9a42fab7510143ffd62dcd1951df3b03f4d7de4>, "\3757zXZ\0\0\4\346\326\264F\4\300\354\2\200P!\1\26\0\0\0\0\0\0\0|>\270\354\340'\377\1d]\0\27\v\274\34}\1\225\300\35J>y\25\302\314&\243c\26a\254~l\376\25\335\311R\233\266\240uA\256\1\271\243{\373}\241\236%\343\332\343\326\v)\313\276.B\201\3744\267"..., 428, 0) = 428
fsync(8</tmp/nia-map-chaos-fault-d2dmehcu/store/incoming>) = 0
write(7</tmp/nia-map-chaos-fault-d2dmehcu/store/incoming/4c857fc60708ab4e0442655133251ca8>, "/etc/nia-test.conf\n", 19) = 19
fsync(7</tmp/nia-map-chaos-fault-d2dmehcu/store/incoming/4c857fc60708ab4e0442655133251ca8>) = 0
renameat2(8</tmp/nia-map-chaos-fault-d2dmehcu/store/incoming>, "4c857fc60708ab4e0442655133251ca8", 7</tmp/nia-map-chaos-fault-d2dmehcu/store/objects/6a>, "483aacea69cb29a5b5f3d3539c38e6c6545123cd6b21b9602613ed7d9ea914", RENAME_NOREPLACE) = -1 EEXIST (File exists)
pread64(7</tmp/nia-map-chaos-fault-d2dmehcu/store/objects/6a/483aacea69cb29a5b5f3d3539c38e6c6545123cd6b21b9602613ed7d9ea914>, "/etc/nia-test.conf\n", 65536, 0) = 19
pread64(7</tmp/nia-map-chaos-fault-d2dmehcu/store/objects/6a/483aacea69cb29a5b5f3d3539c38e6c6545123cd6b21b9602613ed7d9ea914>, "", 65517, 19) = 0
pread64(7</tmp/nia-map-chaos-fault-d2dmehcu/store/objects/6a/483aacea69cb29a5b5f3d3539c38e6c6545123cd6b21b9602613ed7d9ea914>, "", 65536, 19) = 0
fsync(8</tmp/nia-map-chaos-fault-d2dmehcu/store/incoming>) = 0
fsync(8</tmp/nia-map-chaos-fault-d2dmehcu/store/incoming>) = 0
write(7</tmp/nia-map-chaos-fault-d2dmehcu/store/incoming/f750a426b125b5a2bc99d05752471ca6>, "Package: nia-test\nVersion: 1:2.0~rc1-3\nArchitecture: all\nMaintainer: Nia synthetic fixture\nDescr"..., 125) = 125
fsync(7</tmp/nia-map-chaos-fault-d2dmehcu/store/incoming/f750a426b125b5a2bc99d05752471ca6>) = 0
renameat2(8</tmp/nia-map-chaos-fault-d2dmehcu/store/incoming>, "f750a426b125b5a2bc99d05752471ca6", 7</tmp/nia-map-chaos-fault-d2dmehcu/store/objects/c1>, "5e5346c8cc38aa50241e3350fced5682318ca66d63f9ff59983cd669e03fae", RENAME_NOREPLACE) = -1 EEXIST (File exists)
pread64(7</tmp/nia-map-chaos-fault-d2dmehcu/store/objects/c1/5e5346c8cc38aa50241e3350fced5682318ca66d63f9ff59983cd669e03fae>, "Package: nia-test\nVersion: 1:2.0~rc1-3\nArchitecture: all\nMaintainer: Nia synthetic fixture\nDescr"..., 65536, 0) = 125
pread64(7</tmp/nia-map-chaos-fault-d2dmehcu/store/objects/c1/5e5346c8cc38aa50241e3350fced5682318ca66d63f9ff59983cd669e03fae>, "", 65411, 125) = 0
pread64(7</tmp/nia-map-chaos-fault-d2dmehcu/store/objects/c1/5e5346c8cc38aa50241e3350fced5682318ca66d63f9ff59983cd669e03fae>, "", 65536, 125) = 0
fsync(8</tmp/nia-map-chaos-fault-d2dmehcu/store/incoming>) = 0
fsync(8</tmp/nia-map-chaos-fault-d2dmehcu/store/incoming>) = 0
write(7</tmp/nia-map-chaos-fault-d2dmehcu/store/incoming/d77fc9d1d17cd4cc5bc99da0ce1c408d>, "#!/bin/sh\necho forbidden > /tmp/nia-intake-test-2s7g6qyf/SCRIPT_WAS_EXECUTED\n", 77) = 77
fsync(7</tmp/nia-map-chaos-fault-d2dmehcu/store/incoming/d77fc9d1d17cd4cc5bc99da0ce1c408d>) = 0
renameat2(8</tmp/nia-map-chaos-fault-d2dmehcu/store/incoming>, "d77fc9d1d17cd4cc5bc99da0ce1c408d", 7</tmp/nia-map-chaos-fault-d2dmehcu/store/objects/75>, "3e023a19719e4cbd6f0a3123253950f8ee355a16c56b939316d96d02520353", RENAME_NOREPLACE) = -1 EEXIST (File exists)
pread64(7</tmp/nia-map-chaos-fault-d2dmehcu/store/objects/75/3e023a19719e4cbd6f0a3123253950f8ee355a16c56b939316d96d02520353>, "#!/bin/sh\necho forbidden > /tmp/nia-intake-test-2s7g6qyf/SCRIPT_WAS_EXECUTED\n", 65536, 0) = 77
pread64(7</tmp/nia-map-chaos-fault-d2dmehcu/store/objects/75/3e023a19719e4cbd6f0a3123253950f8ee355a16c56b939316d96d02520353>, "", 65459, 77) = 0
pread64(7</tmp/nia-map-chaos-fault-d2dmehcu/store/objects/75/3e023a19719e4cbd6f0a3123253950f8ee355a16c56b939316d96d02520353>, "", 65536, 77) = 0
fsync(8</tmp/nia-map-chaos-fault-d2dmehcu/store/incoming>) = 0
pread64(3</tmp/nia-map-chaos-fault-d2dmehcu/store/objects/0c/8558621225f1f0208d679d062fd774278849ab7b09b54cf767d7592aedb013>, "\0\0\0\0\0\0\0\10NIACSEL1\221\312\367\16FfS\232\224\206g\1774\206\270\315<\231>\204\260\337Rs\210y7\255\331l\356\377\0\0\0\0\0\0\0\1\342\2\347OE:\247\235\22\273\332\346\303\205?\367\340{:$7<\371\2|&H\226\33\10\200\16\257\271\324\274&9\201\32"..., 65536, 0) = 152
pread64(3</tmp/nia-map-chaos-fault-d2dmehcu/store/objects/0c/8558621225f1f0208d679d062fd774278849ab7b09b54cf767d7592aedb013>, "", 65384, 152) = 0
pread64(3</tmp/nia-map-chaos-fault-d2dmehcu/store/objects/0c/8558621225f1f0208d679d062fd774278849ab7b09b54cf767d7592aedb013>, "", 65536, 152) = 0
pread64(3</tmp/nia-map-chaos-fault-d2dmehcu/store/objects/17/335cf5b86dcc364ac6241c175942677b0b4a22ae92cc628c057f7a0f51812d>, "\3757zXZ\0\0\4\346\326\264F\4\300\242\1\200P!\1\26\0\0\0\0\0\0\0\303\360P\333\340'\377\0\232]\0\27\v\274\34}\1\225\300\35J>y\25\302\314&\243c\26a\254~l\376\25\335\311R\233\266\240uA\256\1\271\243{\373}\241\236%\343\332\343\326\v)\313\276.B\201\3744\267"..., 65536, 0) = 228
pread64(3</tmp/nia-map-chaos-fault-d2dmehcu/store/objects/17/335cf5b86dcc364ac6241c175942677b0b4a22ae92cc628c057f7a0f51812d>, "", 65308, 228) = 0
pread64(3</tmp/nia-map-chaos-fault-d2dmehcu/store/objects/17/335cf5b86dcc364ac6241c175942677b0b4a22ae92cc628c057f7a0f51812d>, "", 65536, 228) = 0
pread64(3</tmp/nia-map-chaos-fault-d2dmehcu/store/objects/53/eaa73bae94b643148a584cd24f77f7efe2e14ae15b7daeff5e2f469ee3b7e1>, "./\0\0\0\0\0\0\0\0\0\0\0\0\0\0\0\0\0\0\0\0\0\0\0\0\0\0\0\0\0\0\0\0\0\0\0\0\0\0\0\0\0\0\0\0\0\0\0\0\0\0\0\0\0\0\0\0\0\0\0\0\0\0\0\0\0\0\0\0\0\0\0\0\0\0\0\0\0\0\0\0\0\0\0\0\0\0\0\0\0\0\0\0\0\0"..., 65536, 0) = 10240
pread64(3</tmp/nia-map-chaos-fault-d2dmehcu/store/objects/53/eaa73bae94b643148a584cd24f77f7efe2e14ae15b7daeff5e2f469ee3b7e1>, "", 55296, 10240) = 0
pread64(3</tmp/nia-map-chaos-fault-d2dmehcu/store/objects/53/eaa73bae94b643148a584cd24f77f7efe2e14ae15b7daeff5e2f469ee3b7e1>, "", 65536, 10240) = 0
pread64(3</tmp/nia-map-chaos-fault-d2dmehcu/store/objects/6a/483aacea69cb29a5b5f3d3539c38e6c6545123cd6b21b9602613ed7d9ea914>, "/etc/nia-test.conf\n", 65536, 0) = 19
pread64(3</tmp/nia-map-chaos-fault-d2dmehcu/store/objects/6a/483aacea69cb29a5b5f3d3539c38e6c6545123cd6b21b9602613ed7d9ea914>, "", 65517, 19) = 0
pread64(3</tmp/nia-map-chaos-fault-d2dmehcu/store/objects/6a/483aacea69cb29a5b5f3d3539c38e6c6545123cd6b21b9602613ed7d9ea914>, "", 65536, 19) = 0
pread64(3</tmp/nia-map-chaos-fault-d2dmehcu/store/objects/75/3e023a19719e4cbd6f0a3123253950f8ee355a16c56b939316d96d02520353>, "#!/bin/sh\necho forbidden > /tmp/nia-intake-test-2s7g6qyf/SCRIPT_WAS_EXECUTED\n", 65536, 0) = 77
pread64(3</tmp/nia-map-chaos-fault-d2dmehcu/store/objects/75/3e023a19719e4cbd6f0a3123253950f8ee355a16c56b939316d96d02520353>, "", 65459, 77) = 0
pread64(3</tmp/nia-map-chaos-fault-d2dmehcu/store/objects/75/3e023a19719e4cbd6f0a3123253950f8ee355a16c56b939316d96d02520353>, "", 65536, 77) = 0
pread64(3</tmp/nia-map-chaos-fault-d2dmehcu/store/objects/96/a296d224f285c67bee93c30f8a309157f0daa35dc5b87e410b78630a09cfc7>, "\0\0", 65536, 0) = 2
pread64(3</tmp/nia-map-chaos-fault-d2dmehcu/store/objects/96/a296d224f285c67bee93c30f8a309157f0daa35dc5b87e410b78630a09cfc7>, "", 65534, 2) = 0
pread64(3</tmp/nia-map-chaos-fault-d2dmehcu/store/objects/96/a296d224f285c67bee93c30f8a309157f0daa35dc5b87e410b78630a09cfc7>, "", 65536, 2) = 0
pread64(3</tmp/nia-map-chaos-fault-d2dmehcu/store/objects/af/b9d4bc2639811abc00e478b9a42fab7510143ffd62dcd1951df3b03f4d7de4>, "\3757zXZ\0\0\4\346\326\264F\4\300\354\2\200P!\1\26\0\0\0\0\0\0\0|>\270\354\340'\377\1d]\0\27\v\274\34}\1\225\300\35J>y\25\302\314&\243c\26a\254~l\376\25\335\311R\233\266\240uA\256\1\271\243{\373}\241\236%\343\332\343\326\v)\313\276.B\201\3744\267"..., 65536, 0) = 428
pread64(3</tmp/nia-map-chaos-fault-d2dmehcu/store/objects/af/b9d4bc2639811abc00e478b9a42fab7510143ffd62dcd1951df3b03f4d7de4>, "", 65108, 428) = 0
pread64(3</tmp/nia-map-chaos-fault-d2dmehcu/store/objects/af/b9d4bc2639811abc00e478b9a42fab7510143ffd62dcd1951df3b03f4d7de4>, "", 65536, 428) = 0
pread64(3</tmp/nia-map-chaos-fault-d2dmehcu/store/objects/c1/5e5346c8cc38aa50241e3350fced5682318ca66d63f9ff59983cd669e03fae>, "Package: nia-test\nVersion: 1:2.0~rc1-3\nArchitecture: all\nMaintainer: Nia synthetic fixture\nDescr"..., 65536, 0) = 125
pread64(3</tmp/nia-map-chaos-fault-d2dmehcu/store/objects/c1/5e5346c8cc38aa50241e3350fced5682318ca66d63f9ff59983cd669e03fae>, "", 65411, 125) = 0
pread64(3</tmp/nia-map-chaos-fault-d2dmehcu/store/objects/c1/5e5346c8cc38aa50241e3350fced5682318ca66d63f9ff59983cd669e03fae>, "", 65536, 125) = 0
pread64(3</tmp/nia-map-chaos-fault-d2dmehcu/store/objects/dc/d3e2dd5167bd8110a5450e2942e8d1b6788ad27e6e5965eab9e2da1f1de537>, "mode=safe\n", 65536, 0) = 10
pread64(3</tmp/nia-map-chaos-fault-d2dmehcu/store/objects/dc/d3e2dd5167bd8110a5450e2942e8d1b6788ad27e6e5965eab9e2da1f1de537>, "", 65526, 10) = 0
pread64(3</tmp/nia-map-chaos-fault-d2dmehcu/store/objects/dc/d3e2dd5167bd8110a5450e2942e8d1b6788ad27e6e5965eab9e2da1f1de537>, "", 65536, 10) = 0
pread64(3</tmp/nia-map-chaos-fault-d2dmehcu/store/objects/e2/02e74f453aa79d12bbdae6c3853ff7e07b3a24373cf9027c2648961b08800e>, "!<arch>\ndebian-binary   1789009493  0     0     100644  4         `\n2.0\ncontrol.tar.xz  17890094"..., 65536, 0) = 848
pread64(3</tmp/nia-map-chaos-fault-d2dmehcu/store/objects/e2/02e74f453aa79d12bbdae6c3853ff7e07b3a24373cf9027c2648961b08800e>, "", 64688, 848) = 0
pread64(3</tmp/nia-map-chaos-fault-d2dmehcu/store/objects/e2/02e74f453aa79d12bbdae6c3853ff7e07b3a24373cf9027c2648961b08800e>, "", 65536, 848) = 0
fsync(7</tmp/nia-map-chaos-fault-d2dmehcu/store/incoming>) = 0
write(3</tmp/nia-map-chaos-fault-d2dmehcu/store/incoming/df183f12ee307055c8ec420c7dd2e035>, "NIACLOS1\f\205Xb\22%\361\360 \215g\235\6/\327t'\210I\253{\t\265L\367g\327Y*\355\260\23\221\312\367\16FfS\232\224\206g\1774\206\270\315<\231>\204\260\337Rs\210y7\255\331l\356\377\0\0\0\0\0\0\0\n", 80) = 80
write(3</tmp/nia-map-chaos-fault-d2dmehcu/store/incoming/df183f12ee307055c8ec420c7dd2e035>, "\f\205Xb\22%\361\360 \215g\235\6/\327t'\210I\253{\t\265L\367g\327Y*\355\260\23", 32) = 32
write(3</tmp/nia-map-chaos-fault-d2dmehcu/store/incoming/df183f12ee307055c8ec420c7dd2e035>, "\0273\\\365\270m\3146J\306$\34\27YBg{\vJ\"\256\222\314b\214\5\177z\17Q\201-", 32) = 32
write(3</tmp/nia-map-chaos-fault-d2dmehcu/store/incoming/df183f12ee307055c8ec420c7dd2e035>, "S\352\247;\256\224\266C\24\212XL\322Ow\367\357\342\341J\341[}\256\377^/F\236\343\267\341", 32) = 32
write(3</tmp/nia-map-chaos-fault-d2dmehcu/store/incoming/df183f12ee307055c8ec420c7dd2e035>, "jH:\254\352i\313)\245\265\363\323S\2348\346\306TQ#\315k!\271`&\23\355}\236\251\24", 32) = 32
write(3</tmp/nia-map-chaos-fault-d2dmehcu/store/incoming/df183f12ee307055c8ec420c7dd2e035>, "u>\2:\31q\236L\275o\n1#%9P\370\3565Z\26\305k\223\223\26\331m\2R\3S", 32) = 32
write(3</tmp/nia-map-chaos-fault-d2dmehcu/store/incoming/df183f12ee307055c8ec420c7dd2e035>, "\226\242\226\322$\362\205\306{\356\223\303\17\2120\221W\360\332\243]\305\270~A\vxc\n\t\317\307", 32) = 32
write(3</tmp/nia-map-chaos-fault-d2dmehcu/store/incoming/df183f12ee307055c8ec420c7dd2e035>, "\257\271\324\274&9\201\32\274\0\344x\271\244/\253u\20\24?\375b\334\321\225\35\363\260?M}\344", 32) = 32
write(3</tmp/nia-map-chaos-fault-d2dmehcu/store/incoming/df183f12ee307055c8ec420c7dd2e035>, "\301^SF\310\3148\252P$\0363P\374\355V\2021\214\246mc\371\377Y\230<\326i\340?\256", 32) = 32
write(3</tmp/nia-map-chaos-fault-d2dmehcu/store/incoming/df183f12ee307055c8ec420c7dd2e035>, "\334\323\342\335Qg\275\201\20\245E\16)B\350\321\266x\212\322~nYe\352\271\342\332\37\35\3457", 32) = 32
write(3</tmp/nia-map-chaos-fault-d2dmehcu/store/incoming/df183f12ee307055c8ec420c7dd2e035>, "\342\2\347OE:\247\235\22\273\332\346\303\205?\367\340{:$7<\371\2|&H\226\33\10\200\16", 32) = 32
fsync(3</tmp/nia-map-chaos-fault-d2dmehcu/store/incoming/df183f12ee307055c8ec420c7dd2e035>) = 0
renameat2(7</tmp/nia-map-chaos-fault-d2dmehcu/store/incoming>, "df183f12ee307055c8ec420c7dd2e035", 3</tmp/nia-map-chaos-fault-d2dmehcu/store/objects/02>, "22ef2519cde4306d612644ab1f4cd2be32108e214a4af6e8e421c530dfdb70", RENAME_NOREPLACE) = -1 EEXIST (File exists)
pread64(3</tmp/nia-map-chaos-fault-d2dmehcu/store/objects/02/22ef2519cde4306d612644ab1f4cd2be32108e214a4af6e8e421c530dfdb70>, "NIACLOS1\f\205Xb\22%\361\360 \215g\235\6/\327t'\210I\253{\t\265L\367g\327Y*\355\260\23\221\312\367\16FfS\232\224\206g\1774\206\270\315<\231>\204\260\337Rs\210y7\255\331l\356\377\0\0\0\0\0\0\0\n\f\205Xb\22%\361\360 \215g\235\6/\327t"..., 65536, 0) = 400
pread64(3</tmp/nia-map-chaos-fault-d2dmehcu/store/objects/02/22ef2519cde4306d612644ab1f4cd2be32108e214a4af6e8e421c530dfdb70>, "", 65136, 400) = 0
pread64(3</tmp/nia-map-chaos-fault-d2dmehcu/store/objects/02/22ef2519cde4306d612644ab1f4cd2be32108e214a4af6e8e421c530dfdb70>, "", 65536, 400) = 0
fsync(7</tmp/nia-map-chaos-fault-d2dmehcu/store/incoming>) = 0
pread64(3</tmp/nia-map-chaos-fault-d2dmehcu/store/objects/0c/8558621225f1f0208d679d062fd774278849ab7b09b54cf767d7592aedb013>, "\0\0\0\0\0\0\0\10NIACSEL1\221\312\367\16FfS\232\224\206g\1774\206\270\315<\231>\204\260\337Rs\210y7\255\331l\356\377\0\0\0\0\0\0\0\1\342\2\347OE:\247\235\22\273\332\346\303\205?\367\340{:$7<\371\2|&H\226\33\10\200\16\257\271\324\274&9\201\32"..., 65536, 0) = 152
pread64(3</tmp/nia-map-chaos-fault-d2dmehcu/store/objects/0c/8558621225f1f0208d679d062fd774278849ab7b09b54cf767d7592aedb013>, "", 65384, 152) = 0
pread64(3</tmp/nia-map-chaos-fault-d2dmehcu/store/objects/0c/8558621225f1f0208d679d062fd774278849ab7b09b54cf767d7592aedb013>, "", 65536, 152) = 0
pread64(3</tmp/nia-map-chaos-fault-d2dmehcu/store/objects/0c/8558621225f1f0208d679d062fd774278849ab7b09b54cf767d7592aedb013>, "\0\0\0\0\0\0\0\10NIACSEL1\221\312\367\16FfS\232\224\206g\1774\206\270\315<\231>\204\260\337Rs\210y7\255\331l\356\377\0\0\0\0\0\0\0\1\342\2\347OE:\247\235\22\273\332\346\303\205?\367\340{:$7<\371\2|&H\226\33\10\200\16\257\271\324\274&9\201\32"..., 393272, 0) = 152
pread64(3</tmp/nia-map-chaos-fault-d2dmehcu/store/objects/0c/8558621225f1f0208d679d062fd774278849ab7b09b54cf767d7592aedb013>, "", 393120, 152) = 0
pread64(3</tmp/nia-map-chaos-fault-d2dmehcu/store/objects/e2/02e74f453aa79d12bbdae6c3853ff7e07b3a24373cf9027c2648961b08800e>, "!<arch>\ndebian-binary   1789009493  0     0     100644  4         `\n2.0\ncontrol.tar.xz  17890094"..., 65536, 0) = 848
pread64(3</tmp/nia-map-chaos-fault-d2dmehcu/store/objects/e2/02e74f453aa79d12bbdae6c3853ff7e07b3a24373cf9027c2648961b08800e>, "", 64688, 848) = 0
pread64(3</tmp/nia-map-chaos-fault-d2dmehcu/store/objects/e2/02e74f453aa79d12bbdae6c3853ff7e07b3a24373cf9027c2648961b08800e>, "", 65536, 848) = 0
pread64(3</tmp/nia-map-chaos-fault-d2dmehcu/store/objects/e2/02e74f453aa79d12bbdae6c3853ff7e07b3a24373cf9027c2648961b08800e>, "!<arch>\n", 8, 0) = 8
pread64(3</tmp/nia-map-chaos-fault-d2dmehcu/store/objects/e2/02e74f453aa79d12bbdae6c3853ff7e07b3a24373cf9027c2648961b08800e>, "debian-binary   1789009493  0     0     100644  4         `\n", 60, 8) = 60
pread64(3</tmp/nia-map-chaos-fault-d2dmehcu/store/objects/e2/02e74f453aa79d12bbdae6c3853ff7e07b3a24373cf9027c2648961b08800e>, "2.0\n", 4, 68) = 4
pread64(3</tmp/nia-map-chaos-fault-d2dmehcu/store/objects/e2/02e74f453aa79d12bbdae6c3853ff7e07b3a24373cf9027c2648961b08800e>, "2.0\n", 4, 68) = 4
pread64(3</tmp/nia-map-chaos-fault-d2dmehcu/store/objects/e2/02e74f453aa79d12bbdae6c3853ff7e07b3a24373cf9027c2648961b08800e>, "control.tar.xz  1789009493  0     0     100644  428       `\n", 60, 72) = 60
pread64(3</tmp/nia-map-chaos-fault-d2dmehcu/store/objects/e2/02e74f453aa79d12bbdae6c3853ff7e07b3a24373cf9027c2648961b08800e>, "\3757zXZ\0\0\4\346\326\264F\4\300\354\2\200P!\1\26\0\0\0\0\0\0\0|>\270\354\340'\377\1d]\0\27\v\274\34}\1\225\300\35J>y\25\302\314&\243c\26a\254~l\376\25\335\311R\233\266\240uA\256\1\271\243{\373}\241\236%\343\332\343\326\v)\313\276.B\201\3744\267"..., 428, 132) = 428
pread64(3</tmp/nia-map-chaos-fault-d2dmehcu/store/objects/e2/02e74f453aa79d12bbdae6c3853ff7e07b3a24373cf9027c2648961b08800e>, "data.tar.xz     1789009493  0     0     100644  228       `\n", 60, 560) = 60
pread64(3</tmp/nia-map-chaos-fault-d2dmehcu/store/objects/e2/02e74f453aa79d12bbdae6c3853ff7e07b3a24373cf9027c2648961b08800e>, "\3757zXZ\0\0\4\346\326\264F\4\300\242\1\200P!\1\26\0\0\0\0\0\0\0\303\360P\333\340'\377\0\232]\0\27\v\274\34}\1\225\300\35J>y\25\302\314&\243c\26a\254~l\376\25\335\311R\233\266\240uA\256\1\271\243{\373}\241\236%\343\332\343\326\v)\313\276.B\201\3744\267"..., 228, 620) = 228
pread64(3</tmp/nia-map-chaos-fault-d2dmehcu/store/objects/e2/02e74f453aa79d12bbdae6c3853ff7e07b3a24373cf9027c2648961b08800e>, "!<arch>\ndebian-binary   1789009493  0     0     100644  4         `\n2.0\ncontrol.tar.xz  17890094"..., 65536, 0) = 848
pread64(3</tmp/nia-map-chaos-fault-d2dmehcu/store/objects/e2/02e74f453aa79d12bbdae6c3853ff7e07b3a24373cf9027c2648961b08800e>, "", 64688, 848) = 0
pread64(3</tmp/nia-map-chaos-fault-d2dmehcu/store/objects/e2/02e74f453aa79d12bbdae6c3853ff7e07b3a24373cf9027c2648961b08800e>, "", 65536, 848) = 0
pread64(3</tmp/nia-map-chaos-fault-d2dmehcu/store/objects/e2/02e74f453aa79d12bbdae6c3853ff7e07b3a24373cf9027c2648961b08800e>, "!<arch>\n", 8, 0) = 8
pread64(3</tmp/nia-map-chaos-fault-d2dmehcu/store/objects/e2/02e74f453aa79d12bbdae6c3853ff7e07b3a24373cf9027c2648961b08800e>, "debian-binary   1789009493  0     0     100644  4         `\n", 60, 8) = 60
pread64(3</tmp/nia-map-chaos-fault-d2dmehcu/store/objects/e2/02e74f453aa79d12bbdae6c3853ff7e07b3a24373cf9027c2648961b08800e>, "2.0\n", 4, 68) = 4
pread64(3</tmp/nia-map-chaos-fault-d2dmehcu/store/objects/e2/02e74f453aa79d12bbdae6c3853ff7e07b3a24373cf9027c2648961b08800e>, "2.0\n", 4, 68) = 4
pread64(3</tmp/nia-map-chaos-fault-d2dmehcu/store/objects/e2/02e74f453aa79d12bbdae6c3853ff7e07b3a24373cf9027c2648961b08800e>, "control.tar.xz  1789009493  0     0     100644  428       `\n", 60, 72) = 60
pread64(3</tmp/nia-map-chaos-fault-d2dmehcu/store/objects/e2/02e74f453aa79d12bbdae6c3853ff7e07b3a24373cf9027c2648961b08800e>, "\3757zXZ\0\0\4\346\326\264F\4\300\354\2\200P!\1\26\0\0\0\0\0\0\0|>\270\354\340'\377\1d]\0\27\v\274\34}\1\225\300\35J>y\25\302\314&\243c\26a\254~l\376\25\335\311R\233\266\240uA\256\1\271\243{\373}\241\236%\343\332\343\326\v)\313\276.B\201\3744\267"..., 428, 132) = 428
pread64(3</tmp/nia-map-chaos-fault-d2dmehcu/store/objects/e2/02e74f453aa79d12bbdae6c3853ff7e07b3a24373cf9027c2648961b08800e>, "data.tar.xz     1789009493  0     0     100644  228       `\n", 60, 560) = 60
pread64(3</tmp/nia-map-chaos-fault-d2dmehcu/store/objects/e2/02e74f453aa79d12bbdae6c3853ff7e07b3a24373cf9027c2648961b08800e>, "\3757zXZ\0\0\4\346\326\264F\4\300\242\1\200P!\1\26\0\0\0\0\0\0\0\303\360P\333\340'\377\0\232]\0\27\v\274\34}\1\225\300\35J>y\25\302\314&\243c\26a\254~l\376\25\335\311R\233\266\240uA\256\1\271\243{\373}\241\236%\343\332\343\326\v)\313\276.B\201\3744\267"..., 228, 620) = 228
fsync(8</tmp/nia-map-chaos-fault-d2dmehcu/store/incoming>) = 0
pread64(3</tmp/nia-map-chaos-fault-d2dmehcu/store/objects/e2/02e74f453aa79d12bbdae6c3853ff7e07b3a24373cf9027c2648961b08800e>, "\3757zXZ\0\0\4\346\326\264F\4\300\242\1\200P!\1\26\0\0\0\0\0\0\0\303\360P\333\340'\377\0\232]\0\27\v\274\34}\1\225\300\35J>y\25\302\314&\243c\26a\254~l\376\25\335\311R\233\266\240uA\256\1\271\243{\373}\241\236%\343\332\343\326\v)\313\276.B\201\3744\267"..., 228, 620) = 228
write(7</tmp/nia-map-chaos-fault-d2dmehcu/store/incoming/0ab17d0750598cfdc8f526d504e16897>, "\3757zXZ\0\0\4\346\326\264F\4\300\242\1\200P!\1\26\0\0\0\0\0\0\0\303\360P\333\340'\377\0\232]\0\27\v\274\34}\1\225\300\35J>y\25\302\314&\243c\26a\254~l\376\25\335\311R\233\266\240uA\256\1\271\243{\373}\241\236%\343\332\343\326\v)\313\276.B\201\3744\267"..., 228) = 228
fsync(7</tmp/nia-map-chaos-fault-d2dmehcu/store/incoming/0ab17d0750598cfdc8f526d504e16897>) = 0
renameat2(8</tmp/nia-map-chaos-fault-d2dmehcu/store/incoming>, "0ab17d0750598cfdc8f526d504e16897", 7</tmp/nia-map-chaos-fault-d2dmehcu/store/objects/17>, "335cf5b86dcc364ac6241c175942677b0b4a22ae92cc628c057f7a0f51812d", RENAME_NOREPLACE) = -1 EEXIST (File exists)
pread64(7</tmp/nia-map-chaos-fault-d2dmehcu/store/objects/17/335cf5b86dcc364ac6241c175942677b0b4a22ae92cc628c057f7a0f51812d>, "\3757zXZ\0\0\4\346\326\264F\4\300\242\1\200P!\1\26\0\0\0\0\0\0\0\303\360P\333\340'\377\0\232]\0\27\v\274\34}\1\225\300\35J>y\25\302\314&\243c\26a\254~l\376\25\335\311R\233\266\240uA\256\1\271\243{\373}\241\236%\343\332\343\326\v)\313\276.B\201\3744\267"..., 65536, 0) = 228
pread64(7</tmp/nia-map-chaos-fault-d2dmehcu/store/objects/17/335cf5b86dcc364ac6241c175942677b0b4a22ae92cc628c057f7a0f51812d>, "", 65308, 228) = 0
pread64(7</tmp/nia-map-chaos-fault-d2dmehcu/store/objects/17/335cf5b86dcc364ac6241c175942677b0b4a22ae92cc628c057f7a0f51812d>, "", 65536, 228) = 0
fsync(8</tmp/nia-map-chaos-fault-d2dmehcu/store/incoming>) = 0
pread64(3</tmp/nia-map-chaos-fault-d2dmehcu/store/objects/17/335cf5b86dcc364ac6241c175942677b0b4a22ae92cc628c057f7a0f51812d>, "\3757zXZ\0\0\4\346\326\264F\4\300\242\1\200P!\1\26\0\0\0\0\0\0\0\303\360P\333\340'\377\0\232]\0\27\v\274\34}\1\225\300\35J>y\25\302\314&\243c\26a\254~l\376\25\335\311R\233\266\240uA\256\1\271\243{\373}\241\236%\343\332\343\326\v)\313\276.B\201\3744\267"..., 65536, 0) = 228
pread64(3</tmp/nia-map-chaos-fault-d2dmehcu/store/objects/17/335cf5b86dcc364ac6241c175942677b0b4a22ae92cc628c057f7a0f51812d>, "", 65308, 228) = 0
pread64(3</tmp/nia-map-chaos-fault-d2dmehcu/store/objects/17/335cf5b86dcc364ac6241c175942677b0b4a22ae92cc628c057f7a0f51812d>, "", 65536, 228) = 0
pread64(3</tmp/nia-map-chaos-fault-d2dmehcu/store/objects/17/335cf5b86dcc364ac6241c175942677b0b4a22ae92cc628c057f7a0f51812d>, "\3757zXZ\0\0\4\346\326\264F\4\300\242\1\200P!\1\26\0\0\0\0\0\0\0\303\360P\333\340'\377\0\232]\0\27\v\274\34}\1\225\300\35J>y\25\302\314&\243c\26a\254~l\376\25\335\311R\233\266\240uA\256\1\271\243{\373}\241\236%\343\332\343\326\v)\313\276.B\201\3744\267"..., 228, 0) = 228
fsync(8</tmp/nia-map-chaos-fault-d2dmehcu/store/incoming>) = 0
pread64(3</tmp/nia-map-chaos-fault-d2dmehcu/store/objects/17/335cf5b86dcc364ac6241c175942677b0b4a22ae92cc628c057f7a0f51812d>, "\3757zXZ\0\0\4\346\326\264F\4\300\242\1\200P!\1\26\0\0\0\0\0\0\0\303\360P\333\340'\377\0\232]\0\27\v\274\34}\1\225\300\35J>y\25\302\314&\243c\26a\254~l\376\25\335\311R\233\266\240uA\256\1\271\243{\373}\241\236%\343\332\343\326\v)\313\276.B\201\3744\267"..., 228, 0) = 228
write(7</tmp/nia-map-chaos-fault-d2dmehcu/store/incoming/ee16e8cb3e1f5c7ff5b5d95871d37c1c>, "./\0\0\0\0\0\0\0\0\0\0\0\0\0\0\0\0\0\0\0\0\0\0\0\0\0\0\0\0\0\0\0\0\0\0\0\0\0\0\0\0\0\0\0\0\0\0\0\0\0\0\0\0\0\0\0\0\0\0\0\0\0\0\0\0\0\0\0\0\0\0\0\0\0\0\0\0\0\0\0\0\0\0\0\0\0\0\0\0\0\0\0\0\0\0"..., 10240) = 10240
fsync(7</tmp/nia-map-chaos-fault-d2dmehcu/store/incoming/ee16e8cb3e1f5c7ff5b5d95871d37c1c>) = 0
renameat2(8</tmp/nia-map-chaos-fault-d2dmehcu/store/incoming>, "ee16e8cb3e1f5c7ff5b5d95871d37c1c", 7</tmp/nia-map-chaos-fault-d2dmehcu/store/objects/53>, "eaa73bae94b643148a584cd24f77f7efe2e14ae15b7daeff5e2f469ee3b7e1", RENAME_NOREPLACE) = -1 EEXIST (File exists)
pread64(7</tmp/nia-map-chaos-fault-d2dmehcu/store/objects/53/eaa73bae94b643148a584cd24f77f7efe2e14ae15b7daeff5e2f469ee3b7e1>, "./\0\0\0\0\0\0\0\0\0\0\0\0\0\0\0\0\0\0\0\0\0\0\0\0\0\0\0\0\0\0\0\0\0\0\0\0\0\0\0\0\0\0\0\0\0\0\0\0\0\0\0\0\0\0\0\0\0\0\0\0\0\0\0\0\0\0\0\0\0\0\0\0\0\0\0\0\0\0\0\0\0\0\0\0\0\0\0\0\0\0\0\0\0\0"..., 65536, 0) = 10240
pread64(7</tmp/nia-map-chaos-fault-d2dmehcu/store/objects/53/eaa73bae94b643148a584cd24f77f7efe2e14ae15b7daeff5e2f469ee3b7e1>, "", 55296, 10240) = 0
pread64(7</tmp/nia-map-chaos-fault-d2dmehcu/store/objects/53/eaa73bae94b643148a584cd24f77f7efe2e14ae15b7daeff5e2f469ee3b7e1>, "", 65536, 10240) = 0
fsync(8</tmp/nia-map-chaos-fault-d2dmehcu/store/incoming>) = 0
pread64(3</tmp/nia-map-chaos-fault-d2dmehcu/store/objects/53/eaa73bae94b643148a584cd24f77f7efe2e14ae15b7daeff5e2f469ee3b7e1>, "./\0\0\0\0\0\0\0\0\0\0\0\0\0\0\0\0\0\0\0\0\0\0\0\0\0\0\0\0\0\0\0\0\0\0\0\0\0\0\0\0\0\0\0\0\0\0\0\0\0\0\0\0\0\0\0\0\0\0\0\0\0\0\0\0\0\0\0\0\0\0\0\0\0\0\0\0\0\0\0\0\0\0\0\0\0\0\0\0\0\0\0\0\0\0"..., 65536, 0) = 10240
pread64(3</tmp/nia-map-chaos-fault-d2dmehcu/store/objects/53/eaa73bae94b643148a584cd24f77f7efe2e14ae15b7daeff5e2f469ee3b7e1>, "", 55296, 10240) = 0
pread64(3</tmp/nia-map-chaos-fault-d2dmehcu/store/objects/53/eaa73bae94b643148a584cd24f77f7efe2e14ae15b7daeff5e2f469ee3b7e1>, "", 65536, 10240) = 0
pread64(3</tmp/nia-map-chaos-fault-d2dmehcu/store/objects/53/eaa73bae94b643148a584cd24f77f7efe2e14ae15b7daeff5e2f469ee3b7e1>, "./\0\0\0\0\0\0\0\0\0\0\0\0\0\0\0\0\0\0\0\0\0\0\0\0\0\0\0\0\0\0\0\0\0\0\0\0\0\0\0\0\0\0\0\0\0\0\0\0\0\0\0\0\0\0\0\0\0\0\0\0\0\0\0\0\0\0\0\0\0\0\0\0\0\0\0\0\0\0\0\0\0\0\0\0\0\0\0\0\0\0\0\0\0\0"..., 512, 0) = 512
pread64(3</tmp/nia-map-chaos-fault-d2dmehcu/store/objects/53/eaa73bae94b643148a584cd24f77f7efe2e14ae15b7daeff5e2f469ee3b7e1>, "./etc/\0\0\0\0\0\0\0\0\0\0\0\0\0\0\0\0\0\0\0\0\0\0\0\0\0\0\0\0\0\0\0\0\0\0\0\0\0\0\0\0\0\0\0\0\0\0\0\0\0\0\0\0\0\0\0\0\0\0\0\0\0\0\0\0\0\0\0\0\0\0\0\0\0\0\0\0\0\0\0\0\0\0\0\0\0\0\0\0\0\0"..., 512, 512) = 512
pread64(3</tmp/nia-map-chaos-fault-d2dmehcu/store/objects/53/eaa73bae94b643148a584cd24f77f7efe2e14ae15b7daeff5e2f469ee3b7e1>, "./etc/nia-test.conf\0\0\0\0\0\0\0\0\0\0\0\0\0\0\0\0\0\0\0\0\0\0\0\0\0\0\0\0\0\0\0\0\0\0\0\0\0\0\0\0\0\0\0\0\0\0\0\0\0\0\0\0\0\0\0\0\0\0\0\0\0\0\0\0\0\0\0\0\0\0\0\0\0\0\0\0\0"..., 512, 1024) = 512
pread64(3</tmp/nia-map-chaos-fault-d2dmehcu/store/objects/53/eaa73bae94b643148a584cd24f77f7efe2e14ae15b7daeff5e2f469ee3b7e1>, "\0\0\0\0\0\0\0\0\0\0\0\0\0\0\0\0\0\0\0\0\0\0\0\0\0\0\0\0\0\0\0\0\0\0\0\0\0\0\0\0\0\0\0\0\0\0\0\0\0\0\0\0\0\0\0\0\0\0\0\0\0\0\0\0\0\0\0\0\0\0\0\0\0\0\0\0\0\0\0\0\0\0\0\0\0\0\0\0\0\0\0\0\0\0\0\0"..., 502, 1546) = 502
pread64(3</tmp/nia-map-chaos-fault-d2dmehcu/store/objects/53/eaa73bae94b643148a584cd24f77f7efe2e14ae15b7daeff5e2f469ee3b7e1>, "\0\0\0\0\0\0\0\0\0\0\0\0\0\0\0\0\0\0\0\0\0\0\0\0\0\0\0\0\0\0\0\0\0\0\0\0\0\0\0\0\0\0\0\0\0\0\0\0\0\0\0\0\0\0\0\0\0\0\0\0\0\0\0\0\0\0\0\0\0\0\0\0\0\0\0\0\0\0\0\0\0\0\0\0\0\0\0\0\0\0\0\0\0\0\0\0"..., 512, 2048) = 512
pread64(3</tmp/nia-map-chaos-fault-d2dmehcu/store/objects/53/eaa73bae94b643148a584cd24f77f7efe2e14ae15b7daeff5e2f469ee3b7e1>, "\0\0\0\0\0\0\0\0\0\0\0\0\0\0\0\0\0\0\0\0\0\0\0\0\0\0\0\0\0\0\0\0\0\0\0\0\0\0\0\0\0\0\0\0\0\0\0\0\0\0\0\0\0\0\0\0\0\0\0\0\0\0\0\0\0\0\0\0\0\0\0\0\0\0\0\0\0\0\0\0\0\0\0\0\0\0\0\0\0\0\0\0\0\0\0\0"..., 7680, 2560) = 7680
fsync(8</tmp/nia-map-chaos-fault-d2dmehcu/store/incoming>) = 0
write(7</tmp/nia-map-chaos-fault-d2dmehcu/store/incoming/5696388c4dc2264404c721d7eec4b860>, "\0\0", 2) = 2
fsync(7</tmp/nia-map-chaos-fault-d2dmehcu/store/incoming/5696388c4dc2264404c721d7eec4b860>) = 0
renameat2(8</tmp/nia-map-chaos-fault-d2dmehcu/store/incoming>, "5696388c4dc2264404c721d7eec4b860", 7</tmp/nia-map-chaos-fault-d2dmehcu/store/objects/96>, "a296d224f285c67bee93c30f8a309157f0daa35dc5b87e410b78630a09cfc7", RENAME_NOREPLACE) = -1 EEXIST (File exists)
pread64(7</tmp/nia-map-chaos-fault-d2dmehcu/store/objects/96/a296d224f285c67bee93c30f8a309157f0daa35dc5b87e410b78630a09cfc7>, "\0\0", 65536, 0) = 2
pread64(7</tmp/nia-map-chaos-fault-d2dmehcu/store/objects/96/a296d224f285c67bee93c30f8a309157f0daa35dc5b87e410b78630a09cfc7>, "", 65534, 2) = 0
pread64(7</tmp/nia-map-chaos-fault-d2dmehcu/store/objects/96/a296d224f285c67bee93c30f8a309157f0daa35dc5b87e410b78630a09cfc7>, "", 65536, 2) = 0
fsync(8</tmp/nia-map-chaos-fault-d2dmehcu/store/incoming>) = 0
fsync(8</tmp/nia-map-chaos-fault-d2dmehcu/store/incoming>) = 0
write(7</tmp/nia-map-chaos-fault-d2dmehcu/store/incoming/dcc3384808a93629cb03aee2ad8a135d>, "\0\0", 2) = 2
fsync(7</tmp/nia-map-chaos-fault-d2dmehcu/store/incoming/dcc3384808a93629cb03aee2ad8a135d>) = 0
renameat2(8</tmp/nia-map-chaos-fault-d2dmehcu/store/incoming>, "dcc3384808a93629cb03aee2ad8a135d", 7</tmp/nia-map-chaos-fault-d2dmehcu/store/objects/96>, "a296d224f285c67bee93c30f8a309157f0daa35dc5b87e410b78630a09cfc7", RENAME_NOREPLACE) = -1 EEXIST (File exists)
pread64(7</tmp/nia-map-chaos-fault-d2dmehcu/store/objects/96/a296d224f285c67bee93c30f8a309157f0daa35dc5b87e410b78630a09cfc7>, "\0\0", 65536, 0) = 2
pread64(7</tmp/nia-map-chaos-fault-d2dmehcu/store/objects/96/a296d224f285c67bee93c30f8a309157f0daa35dc5b87e410b78630a09cfc7>, "", 65534, 2) = 0
pread64(7</tmp/nia-map-chaos-fault-d2dmehcu/store/objects/96/a296d224f285c67bee93c30f8a309157f0daa35dc5b87e410b78630a09cfc7>, "", 65536, 2) = 0
fsync(8</tmp/nia-map-chaos-fault-d2dmehcu/store/incoming>) = 0
fsync(8</tmp/nia-map-chaos-fault-d2dmehcu/store/incoming>) = 0
write(7</tmp/nia-map-chaos-fault-d2dmehcu/store/incoming/7ac1989da6fd8c5f2f1dae245e5de185>, "\0\0", 2) = 2
fsync(7</tmp/nia-map-chaos-fault-d2dmehcu/store/incoming/7ac1989da6fd8c5f2f1dae245e5de185>) = 0
renameat2(8</tmp/nia-map-chaos-fault-d2dmehcu/store/incoming>, "7ac1989da6fd8c5f2f1dae245e5de185", 7</tmp/nia-map-chaos-fault-d2dmehcu/store/objects/96>, "a296d224f285c67bee93c30f8a309157f0daa35dc5b87e410b78630a09cfc7", RENAME_NOREPLACE) = -1 EEXIST (File exists)
pread64(7</tmp/nia-map-chaos-fault-d2dmehcu/store/objects/96/a296d224f285c67bee93c30f8a309157f0daa35dc5b87e410b78630a09cfc7>, "\0\0", 65536, 0) = 2
pread64(7</tmp/nia-map-chaos-fault-d2dmehcu/store/objects/96/a296d224f285c67bee93c30f8a309157f0daa35dc5b87e410b78630a09cfc7>, "", 65534, 2) = 0
pread64(7</tmp/nia-map-chaos-fault-d2dmehcu/store/objects/96/a296d224f285c67bee93c30f8a309157f0daa35dc5b87e410b78630a09cfc7>, "", 65536, 2) = 0
fsync(8</tmp/nia-map-chaos-fault-d2dmehcu/store/incoming>) = 0
fsync(8</tmp/nia-map-chaos-fault-d2dmehcu/store/incoming>) = 0
write(7</tmp/nia-map-chaos-fault-d2dmehcu/store/incoming/0b113b2e52b8f2fa4c48a98b2263fc24>, "\0\0", 2) = 2
fsync(7</tmp/nia-map-chaos-fault-d2dmehcu/store/incoming/0b113b2e52b8f2fa4c48a98b2263fc24>) = 0
renameat2(8</tmp/nia-map-chaos-fault-d2dmehcu/store/incoming>, "0b113b2e52b8f2fa4c48a98b2263fc24", 7</tmp/nia-map-chaos-fault-d2dmehcu/store/objects/96>, "a296d224f285c67bee93c30f8a309157f0daa35dc5b87e410b78630a09cfc7", RENAME_NOREPLACE) = -1 EEXIST (File exists)
pread64(7</tmp/nia-map-chaos-fault-d2dmehcu/store/objects/96/a296d224f285c67bee93c30f8a309157f0daa35dc5b87e410b78630a09cfc7>, "\0\0", 65536, 0) = 2
pread64(7</tmp/nia-map-chaos-fault-d2dmehcu/store/objects/96/a296d224f285c67bee93c30f8a309157f0daa35dc5b87e410b78630a09cfc7>, "", 65534, 2) = 0
pread64(7</tmp/nia-map-chaos-fault-d2dmehcu/store/objects/96/a296d224f285c67bee93c30f8a309157f0daa35dc5b87e410b78630a09cfc7>, "", 65536, 2) = 0
fsync(8</tmp/nia-map-chaos-fault-d2dmehcu/store/incoming>) = 0
fsync(8</tmp/nia-map-chaos-fault-d2dmehcu/store/incoming>) = 0
write(7</tmp/nia-map-chaos-fault-d2dmehcu/store/incoming/d42b5359638215aa11f0b1497da9dae2>, "\0\0", 2) = 2
fsync(7</tmp/nia-map-chaos-fault-d2dmehcu/store/incoming/d42b5359638215aa11f0b1497da9dae2>) = 0
renameat2(8</tmp/nia-map-chaos-fault-d2dmehcu/store/incoming>, "d42b5359638215aa11f0b1497da9dae2", 7</tmp/nia-map-chaos-fault-d2dmehcu/store/objects/96>, "a296d224f285c67bee93c30f8a309157f0daa35dc5b87e410b78630a09cfc7", RENAME_NOREPLACE) = -1 EEXIST (File exists)
pread64(7</tmp/nia-map-chaos-fault-d2dmehcu/store/objects/96/a296d224f285c67bee93c30f8a309157f0daa35dc5b87e410b78630a09cfc7>, "\0\0", 65536, 0) = 2
pread64(7</tmp/nia-map-chaos-fault-d2dmehcu/store/objects/96/a296d224f285c67bee93c30f8a309157f0daa35dc5b87e410b78630a09cfc7>, "", 65534, 2) = 0
pread64(7</tmp/nia-map-chaos-fault-d2dmehcu/store/objects/96/a296d224f285c67bee93c30f8a309157f0daa35dc5b87e410b78630a09cfc7>, "", 65536, 2) = 0
fsync(8</tmp/nia-map-chaos-fault-d2dmehcu/store/incoming>) = 0
fsync(8</tmp/nia-map-chaos-fault-d2dmehcu/store/incoming>) = 0
write(7</tmp/nia-map-chaos-fault-d2dmehcu/store/incoming/08ed99906a0bbd221fc48bfea0c6dcf4>, "\0\0", 2) = 2
fsync(7</tmp/nia-map-chaos-fault-d2dmehcu/store/incoming/08ed99906a0bbd221fc48bfea0c6dcf4>) = 0
renameat2(8</tmp/nia-map-chaos-fault-d2dmehcu/store/incoming>, "08ed99906a0bbd221fc48bfea0c6dcf4", 7</tmp/nia-map-chaos-fault-d2dmehcu/store/objects/96>, "a296d224f285c67bee93c30f8a309157f0daa35dc5b87e410b78630a09cfc7", RENAME_NOREPLACE) = -1 EEXIST (File exists)
pread64(7</tmp/nia-map-chaos-fault-d2dmehcu/store/objects/96/a296d224f285c67bee93c30f8a309157f0daa35dc5b87e410b78630a09cfc7>, "\0\0", 65536, 0) = 2
pread64(7</tmp/nia-map-chaos-fault-d2dmehcu/store/objects/96/a296d224f285c67bee93c30f8a309157f0daa35dc5b87e410b78630a09cfc7>, "", 65534, 2) = 0
pread64(7</tmp/nia-map-chaos-fault-d2dmehcu/store/objects/96/a296d224f285c67bee93c30f8a309157f0daa35dc5b87e410b78630a09cfc7>, "", 65536, 2) = 0
fsync(8</tmp/nia-map-chaos-fault-d2dmehcu/store/incoming>) = 0
fsync(8</tmp/nia-map-chaos-fault-d2dmehcu/store/incoming>) = 0
pread64(3</tmp/nia-map-chaos-fault-d2dmehcu/store/objects/53/eaa73bae94b643148a584cd24f77f7efe2e14ae15b7daeff5e2f469ee3b7e1>, "mode=safe\n", 10, 1536) = 10
write(7</tmp/nia-map-chaos-fault-d2dmehcu/store/incoming/426fc061067ea71c79dbdb42092779df>, "mode=safe\n", 10) = 10
fsync(7</tmp/nia-map-chaos-fault-d2dmehcu/store/incoming/426fc061067ea71c79dbdb42092779df>) = 0
renameat2(8</tmp/nia-map-chaos-fault-d2dmehcu/store/incoming>, "426fc061067ea71c79dbdb42092779df", 7</tmp/nia-map-chaos-fault-d2dmehcu/store/objects/dc>, "d3e2dd5167bd8110a5450e2942e8d1b6788ad27e6e5965eab9e2da1f1de537", RENAME_NOREPLACE) = -1 EEXIST (File exists)
pread64(7</tmp/nia-map-chaos-fault-d2dmehcu/store/objects/dc/d3e2dd5167bd8110a5450e2942e8d1b6788ad27e6e5965eab9e2da1f1de537>, "mode=safe\n", 65536, 0) = 10
pread64(7</tmp/nia-map-chaos-fault-d2dmehcu/store/objects/dc/d3e2dd5167bd8110a5450e2942e8d1b6788ad27e6e5965eab9e2da1f1de537>, "", 65526, 10) = 0
pread64(7</tmp/nia-map-chaos-fault-d2dmehcu/store/objects/dc/d3e2dd5167bd8110a5450e2942e8d1b6788ad27e6e5965eab9e2da1f1de537>, "", 65536, 10) = 0
fsync(8</tmp/nia-map-chaos-fault-d2dmehcu/store/incoming>) = 0
pread64(3</tmp/nia-map-chaos-fault-d2dmehcu/store/objects/e2/02e74f453aa79d12bbdae6c3853ff7e07b3a24373cf9027c2648961b08800e>, "!<arch>\ndebian-binary   1789009493  0     0     100644  4         `\n2.0\ncontrol.tar.xz  17890094"..., 65536, 0) = 848
pread64(3</tmp/nia-map-chaos-fault-d2dmehcu/store/objects/e2/02e74f453aa79d12bbdae6c3853ff7e07b3a24373cf9027c2648961b08800e>, "", 64688, 848) = 0
pread64(3</tmp/nia-map-chaos-fault-d2dmehcu/store/objects/e2/02e74f453aa79d12bbdae6c3853ff7e07b3a24373cf9027c2648961b08800e>, "", 65536, 848) = 0
pread64(3</tmp/nia-map-chaos-fault-d2dmehcu/store/objects/e2/02e74f453aa79d12bbdae6c3853ff7e07b3a24373cf9027c2648961b08800e>, "!<arch>\n", 8, 0) = 8
pread64(3</tmp/nia-map-chaos-fault-d2dmehcu/store/objects/e2/02e74f453aa79d12bbdae6c3853ff7e07b3a24373cf9027c2648961b08800e>, "debian-binary   1789009493  0     0     100644  4         `\n", 60, 8) = 60
pread64(3</tmp/nia-map-chaos-fault-d2dmehcu/store/objects/e2/02e74f453aa79d12bbdae6c3853ff7e07b3a24373cf9027c2648961b08800e>, "2.0\n", 4, 68) = 4
pread64(3</tmp/nia-map-chaos-fault-d2dmehcu/store/objects/e2/02e74f453aa79d12bbdae6c3853ff7e07b3a24373cf9027c2648961b08800e>, "2.0\n", 4, 68) = 4
pread64(3</tmp/nia-map-chaos-fault-d2dmehcu/store/objects/e2/02e74f453aa79d12bbdae6c3853ff7e07b3a24373cf9027c2648961b08800e>, "control.tar.xz  1789009493  0     0     100644  428       `\n", 60, 72) = 60
pread64(3</tmp/nia-map-chaos-fault-d2dmehcu/store/objects/e2/02e74f453aa79d12bbdae6c3853ff7e07b3a24373cf9027c2648961b08800e>, "\3757zXZ\0\0\4\346\326\264F\4\300\354\2\200P!\1\26\0\0\0\0\0\0\0|>\270\354\340'\377\1d]\0\27\v\274\34}\1\225\300\35J>y\25\302\314&\243c\26a\254~l\376\25\335\311R\233\266\240uA\256\1\271\243{\373}\241\236%\343\332\343\326\v)\313\276.B\201\3744\267"..., 428, 132) = 428
pread64(3</tmp/nia-map-chaos-fault-d2dmehcu/store/objects/e2/02e74f453aa79d12bbdae6c3853ff7e07b3a24373cf9027c2648961b08800e>, "data.tar.xz     1789009493  0     0     100644  228       `\n", 60, 560) = 60
pread64(3</tmp/nia-map-chaos-fault-d2dmehcu/store/objects/e2/02e74f453aa79d12bbdae6c3853ff7e07b3a24373cf9027c2648961b08800e>, "\3757zXZ\0\0\4\346\326\264F\4\300\242\1\200P!\1\26\0\0\0\0\0\0\0\303\360P\333\340'\377\0\232]\0\27\v\274\34}\1\225\300\35J>y\25\302\314&\243c\26a\254~l\376\25\335\311R\233\266\240uA\256\1\271\243{\373}\241\236%\343\332\343\326\v)\313\276.B\201\3744\267"..., 228, 620) = 228
pread64(3</tmp/nia-map-chaos-fault-d2dmehcu/store/objects/e2/02e74f453aa79d12bbdae6c3853ff7e07b3a24373cf9027c2648961b08800e>, "!<arch>\ndebian-binary   1789009493  0     0     100644  4         `\n2.0\ncontrol.tar.xz  17890094"..., 65536, 0) = 848
pread64(3</tmp/nia-map-chaos-fault-d2dmehcu/store/objects/e2/02e74f453aa79d12bbdae6c3853ff7e07b3a24373cf9027c2648961b08800e>, "", 64688, 848) = 0
pread64(3</tmp/nia-map-chaos-fault-d2dmehcu/store/objects/e2/02e74f453aa79d12bbdae6c3853ff7e07b3a24373cf9027c2648961b08800e>, "", 65536, 848) = 0
pread64(3</tmp/nia-map-chaos-fault-d2dmehcu/store/objects/e2/02e74f453aa79d12bbdae6c3853ff7e07b3a24373cf9027c2648961b08800e>, "!<arch>\n", 8, 0) = 8
pread64(3</tmp/nia-map-chaos-fault-d2dmehcu/store/objects/e2/02e74f453aa79d12bbdae6c3853ff7e07b3a24373cf9027c2648961b08800e>, "debian-binary   1789009493  0     0     100644  4         `\n", 60, 8) = 60
pread64(3</tmp/nia-map-chaos-fault-d2dmehcu/store/objects/e2/02e74f453aa79d12bbdae6c3853ff7e07b3a24373cf9027c2648961b08800e>, "2.0\n", 4, 68) = 4
pread64(3</tmp/nia-map-chaos-fault-d2dmehcu/store/objects/e2/02e74f453aa79d12bbdae6c3853ff7e07b3a24373cf9027c2648961b08800e>, "2.0\n", 4, 68) = 4
pread64(3</tmp/nia-map-chaos-fault-d2dmehcu/store/objects/e2/02e74f453aa79d12bbdae6c3853ff7e07b3a24373cf9027c2648961b08800e>, "control.tar.xz  1789009493  0     0     100644  428       `\n", 60, 72) = 60
pread64(3</tmp/nia-map-chaos-fault-d2dmehcu/store/objects/e2/02e74f453aa79d12bbdae6c3853ff7e07b3a24373cf9027c2648961b08800e>, "\3757zXZ\0\0\4\346\326\264F\4\300\354\2\200P!\1\26\0\0\0\0\0\0\0|>\270\354\340'\377\1d]\0\27\v\274\34}\1\225\300\35J>y\25\302\314&\243c\26a\254~l\376\25\335\311R\233\266\240uA\256\1\271\243{\373}\241\236%\343\332\343\326\v)\313\276.B\201\3744\267"..., 428, 132) = 428
pread64(3</tmp/nia-map-chaos-fault-d2dmehcu/store/objects/e2/02e74f453aa79d12bbdae6c3853ff7e07b3a24373cf9027c2648961b08800e>, "data.tar.xz     1789009493  0     0     100644  228       `\n", 60, 560) = 60
pread64(3</tmp/nia-map-chaos-fault-d2dmehcu/store/objects/e2/02e74f453aa79d12bbdae6c3853ff7e07b3a24373cf9027c2648961b08800e>, "\3757zXZ\0\0\4\346\326\264F\4\300\242\1\200P!\1\26\0\0\0\0\0\0\0\303\360P\333\340'\377\0\232]\0\27\v\274\34}\1\225\300\35J>y\25\302\314&\243c\26a\254~l\376\25\335\311R\233\266\240uA\256\1\271\243{\373}\241\236%\343\332\343\326\v)\313\276.B\201\3744\267"..., 228, 620) = 228
fsync(8</tmp/nia-map-chaos-fault-d2dmehcu/store/incoming>) = 0
pread64(3</tmp/nia-map-chaos-fault-d2dmehcu/store/objects/e2/02e74f453aa79d12bbdae6c3853ff7e07b3a24373cf9027c2648961b08800e>, "\3757zXZ\0\0\4\346\326\264F\4\300\354\2\200P!\1\26\0\0\0\0\0\0\0|>\270\354\340'\377\1d]\0\27\v\274\34}\1\225\300\35J>y\25\302\314&\243c\26a\254~l\376\25\335\311R\233\266\240uA\256\1\271\243{\373}\241\236%\343\332\343\326\v)\313\276.B\201\3744\267"..., 428, 132) = 428
write(7</tmp/nia-map-chaos-fault-d2dmehcu/store/incoming/eb5a1ff84dc5281ee329eba89976963b>, "\3757zXZ\0\0\4\346\326\264F\4\300\354\2\200P!\1\26\0\0\0\0\0\0\0|>\270\354\340'\377\1d]\0\27\v\274\34}\1\225\300\35J>y\25\302\314&\243c\26a\254~l\376\25\335\311R\233\266\240uA\256\1\271\243{\373}\241\236%\343\332\343\326\v)\313\276.B\201\3744\267"..., 428) = 428
fsync(7</tmp/nia-map-chaos-fault-d2dmehcu/store/incoming/eb5a1ff84dc5281ee329eba89976963b>) = 0
renameat2(8</tmp/nia-map-chaos-fault-d2dmehcu/store/incoming>, "eb5a1ff84dc5281ee329eba89976963b", 7</tmp/nia-map-chaos-fault-d2dmehcu/store/objects/af>, "b9d4bc2639811abc00e478b9a42fab7510143ffd62dcd1951df3b03f4d7de4", RENAME_NOREPLACE) = -1 EEXIST (File exists)
pread64(7</tmp/nia-map-chaos-fault-d2dmehcu/store/objects/af/b9d4bc2639811abc00e478b9a42fab7510143ffd62dcd1951df3b03f4d7de4>, "\3757zXZ\0\0\4\346\326\264F\4\300\354\2\200P!\1\26\0\0\0\0\0\0\0|>\270\354\340'\377\1d]\0\27\v\274\34}\1\225\300\35J>y\25\302\314&\243c\26a\254~l\376\25\335\311R\233\266\240uA\256\1\271\243{\373}\241\236%\343\332\343\326\v)\313\276.B\201\3744\267"..., 65536, 0) = 428
pread64(7</tmp/nia-map-chaos-fault-d2dmehcu/store/objects/af/b9d4bc2639811abc00e478b9a42fab7510143ffd62dcd1951df3b03f4d7de4>, "", 65108, 428) = 0
pread64(7</tmp/nia-map-chaos-fault-d2dmehcu/store/objects/af/b9d4bc2639811abc00e478b9a42fab7510143ffd62dcd1951df3b03f4d7de4>, "", 65536, 428) = 0
fsync(8</tmp/nia-map-chaos-fault-d2dmehcu/store/incoming>) = 0
pread64(3</tmp/nia-map-chaos-fault-d2dmehcu/store/objects/af/b9d4bc2639811abc00e478b9a42fab7510143ffd62dcd1951df3b03f4d7de4>, "\3757zXZ\0\0\4\346\326\264F\4\300\354\2\200P!\1\26\0\0\0\0\0\0\0|>\270\354\340'\377\1d]\0\27\v\274\34}\1\225\300\35J>y\25\302\314&\243c\26a\254~l\376\25\335\311R\233\266\240uA\256\1\271\243{\373}\241\236%\343\332\343\326\v)\313\276.B\201\3744\267"..., 65536, 0) = 428
pread64(3</tmp/nia-map-chaos-fault-d2dmehcu/store/objects/af/b9d4bc2639811abc00e478b9a42fab7510143ffd62dcd1951df3b03f4d7de4>, "", 65108, 428) = 0
pread64(3</tmp/nia-map-chaos-fault-d2dmehcu/store/objects/af/b9d4bc2639811abc00e478b9a42fab7510143ffd62dcd1951df3b03f4d7de4>, "", 65536, 428) = 0
pread64(3</tmp/nia-map-chaos-fault-d2dmehcu/store/objects/af/b9d4bc2639811abc00e478b9a42fab7510143ffd62dcd1951df3b03f4d7de4>, "\3757zXZ\0\0\4\346\326\264F\4\300\354\2\200P!\1\26\0\0\0\0\0\0\0|>\270\354\340'\377\1d]\0\27\v\274\34}\1\225\300\35J>y\25\302\314&\243c\26a\254~l\376\25\335\311R\233\266\240uA\256\1\271\243{\373}\241\236%\343\332\343\326\v)\313\276.B\201\3744\267"..., 428, 0) = 428
fsync(8</tmp/nia-map-chaos-fault-d2dmehcu/store/incoming>) = 0
write(7</tmp/nia-map-chaos-fault-d2dmehcu/store/incoming/04dd601dc788aef44d63730177e66f11>, "/etc/nia-test.conf\n", 19) = 19
fsync(7</tmp/nia-map-chaos-fault-d2dmehcu/store/incoming/04dd601dc788aef44d63730177e66f11>) = 0
renameat2(8</tmp/nia-map-chaos-fault-d2dmehcu/store/incoming>, "04dd601dc788aef44d63730177e66f11", 7</tmp/nia-map-chaos-fault-d2dmehcu/store/objects/6a>, "483aacea69cb29a5b5f3d3539c38e6c6545123cd6b21b9602613ed7d9ea914", RENAME_NOREPLACE) = -1 EEXIST (File exists)
pread64(7</tmp/nia-map-chaos-fault-d2dmehcu/store/objects/6a/483aacea69cb29a5b5f3d3539c38e6c6545123cd6b21b9602613ed7d9ea914>, "/etc/nia-test.conf\n", 65536, 0) = 19
pread64(7</tmp/nia-map-chaos-fault-d2dmehcu/store/objects/6a/483aacea69cb29a5b5f3d3539c38e6c6545123cd6b21b9602613ed7d9ea914>, "", 65517, 19) = 0
pread64(7</tmp/nia-map-chaos-fault-d2dmehcu/store/objects/6a/483aacea69cb29a5b5f3d3539c38e6c6545123cd6b21b9602613ed7d9ea914>, "", 65536, 19) = 0
fsync(8</tmp/nia-map-chaos-fault-d2dmehcu/store/incoming>) = 0
fsync(8</tmp/nia-map-chaos-fault-d2dmehcu/store/incoming>) = 0
write(7</tmp/nia-map-chaos-fault-d2dmehcu/store/incoming/efb3c9c9162ba9d9eea9dcb0ad4af82a>, "Package: nia-test\nVersion: 1:2.0~rc1-3\nArchitecture: all\nMaintainer: Nia synthetic fixture\nDescr"..., 125) = 125
fsync(7</tmp/nia-map-chaos-fault-d2dmehcu/store/incoming/efb3c9c9162ba9d9eea9dcb0ad4af82a>) = 0
renameat2(8</tmp/nia-map-chaos-fault-d2dmehcu/store/incoming>, "efb3c9c9162ba9d9eea9dcb0ad4af82a", 7</tmp/nia-map-chaos-fault-d2dmehcu/store/objects/c1>, "5e5346c8cc38aa50241e3350fced5682318ca66d63f9ff59983cd669e03fae", RENAME_NOREPLACE) = -1 EEXIST (File exists)
pread64(7</tmp/nia-map-chaos-fault-d2dmehcu/store/objects/c1/5e5346c8cc38aa50241e3350fced5682318ca66d63f9ff59983cd669e03fae>, "Package: nia-test\nVersion: 1:2.0~rc1-3\nArchitecture: all\nMaintainer: Nia synthetic fixture\nDescr"..., 65536, 0) = 125
pread64(7</tmp/nia-map-chaos-fault-d2dmehcu/store/objects/c1/5e5346c8cc38aa50241e3350fced5682318ca66d63f9ff59983cd669e03fae>, "", 65411, 125) = 0
pread64(7</tmp/nia-map-chaos-fault-d2dmehcu/store/objects/c1/5e5346c8cc38aa50241e3350fced5682318ca66d63f9ff59983cd669e03fae>, "", 65536, 125) = 0
fsync(8</tmp/nia-map-chaos-fault-d2dmehcu/store/incoming>) = 0
fsync(8</tmp/nia-map-chaos-fault-d2dmehcu/store/incoming>) = 0
write(7</tmp/nia-map-chaos-fault-d2dmehcu/store/incoming/7eb7ed5aed8ece0780f1ab3f97da7771>, "#!/bin/sh\necho forbidden > /tmp/nia-intake-test-2s7g6qyf/SCRIPT_WAS_EXECUTED\n", 77) = 77
fsync(7</tmp/nia-map-chaos-fault-d2dmehcu/store/incoming/7eb7ed5aed8ece0780f1ab3f97da7771>) = 0
renameat2(8</tmp/nia-map-chaos-fault-d2dmehcu/store/incoming>, "7eb7ed5aed8ece0780f1ab3f97da7771", 7</tmp/nia-map-chaos-fault-d2dmehcu/store/objects/75>, "3e023a19719e4cbd6f0a3123253950f8ee355a16c56b939316d96d02520353", RENAME_NOREPLACE) = -1 EEXIST (File exists)
pread64(7</tmp/nia-map-chaos-fault-d2dmehcu/store/objects/75/3e023a19719e4cbd6f0a3123253950f8ee355a16c56b939316d96d02520353>, "#!/bin/sh\necho forbidden > /tmp/nia-intake-test-2s7g6qyf/SCRIPT_WAS_EXECUTED\n", 65536, 0) = 77
pread64(7</tmp/nia-map-chaos-fault-d2dmehcu/store/objects/75/3e023a19719e4cbd6f0a3123253950f8ee355a16c56b939316d96d02520353>, "", 65459, 77) = 0
pread64(7</tmp/nia-map-chaos-fault-d2dmehcu/store/objects/75/3e023a19719e4cbd6f0a3123253950f8ee355a16c56b939316d96d02520353>, "", 65536, 77) = 0
fsync(8</tmp/nia-map-chaos-fault-d2dmehcu/store/incoming>) = 0
pread64(3</tmp/nia-map-chaos-fault-d2dmehcu/store/objects/c1/5e5346c8cc38aa50241e3350fced5682318ca66d63f9ff59983cd669e03fae>, "Package: nia-test\nVersion: 1:2.0~rc1-3\nArchitecture: all\nMaintainer: Nia synthetic fixture\nDescr"..., 65536, 0) = 125
pread64(3</tmp/nia-map-chaos-fault-d2dmehcu/store/objects/c1/5e5346c8cc38aa50241e3350fced5682318ca66d63f9ff59983cd669e03fae>, "", 65411, 125) = 0
pread64(3</tmp/nia-map-chaos-fault-d2dmehcu/store/objects/c1/5e5346c8cc38aa50241e3350fced5682318ca66d63f9ff59983cd669e03fae>, "", 65536, 125) = 0
pread64(3</tmp/nia-map-chaos-fault-d2dmehcu/store/objects/c1/5e5346c8cc38aa50241e3350fced5682318ca66d63f9ff59983cd669e03fae>, "Package: nia-test\nVersion: 1:2.0~rc1-3\nArchitecture: all\nMaintainer: Nia synthetic fixture\nDescr"..., 16777216, 0) = 125
pread64(3</tmp/nia-map-chaos-fault-d2dmehcu/store/objects/c1/5e5346c8cc38aa50241e3350fced5682318ca66d63f9ff59983cd669e03fae>, "", 16777091, 125) = 0
pread64(3</tmp/nia-map-chaos-fault-d2dmehcu/store/objects/c1/5e5346c8cc38aa50241e3350fced5682318ca66d63f9ff59983cd669e03fae>, "Package: nia-test\nVersion: 1:2.0~rc1-3\nArchitecture: all\nMaintainer: Nia synthetic fixture\nDescr"..., 65536, 0) = 125
pread64(3</tmp/nia-map-chaos-fault-d2dmehcu/store/objects/c1/5e5346c8cc38aa50241e3350fced5682318ca66d63f9ff59983cd669e03fae>, "", 65411, 125) = 0
pread64(3</tmp/nia-map-chaos-fault-d2dmehcu/store/objects/c1/5e5346c8cc38aa50241e3350fced5682318ca66d63f9ff59983cd669e03fae>, "", 65536, 125) = 0
pread64(3</tmp/nia-map-chaos-fault-d2dmehcu/store/objects/c1/5e5346c8cc38aa50241e3350fced5682318ca66d63f9ff59983cd669e03fae>, "Package: nia-test\nVersion: 1:2.0~rc1-3\nArchitecture: all\nMaintainer: Nia synthetic fixture\nDescr"..., 16777216, 0) = 125
pread64(3</tmp/nia-map-chaos-fault-d2dmehcu/store/objects/c1/5e5346c8cc38aa50241e3350fced5682318ca66d63f9ff59983cd669e03fae>, "", 16777091, 125) = 0
fsync(7</tmp/nia-map-chaos-fault-d2dmehcu/store/incoming>) = 0
write(3</tmp/nia-map-chaos-fault-d2dmehcu/store/incoming/dac9f1ac5db3a74c28b7f0aca07a4f8b>, "NIASMAP1hhhhhhhhhhhhhhhh\0\0\0\0\0\0\0\0\0\0\0\0\0\0\0\0\0\0\0\0\0\0\0\0\0\0\0\0\0\0\0\0\0\0\0\0\0\0\0\0\0\0\0\0\0\0\0\0\0\0\0\0\0\0\0\0\0\0\0\0\0\0\0\0\f\205Xb\22%\361\360"..., 256) = 256
fsync(3</tmp/nia-map-chaos-fault-d2dmehcu/store/incoming/dac9f1ac5db3a74c28b7f0aca07a4f8b>) = 0
fsync(8</tmp/nia-map-chaos-fault-d2dmehcu/store/objects>) = 0
renameat2(7</tmp/nia-map-chaos-fault-d2dmehcu/store/incoming>, "dac9f1ac5db3a74c28b7f0aca07a4f8b", 3</tmp/nia-map-chaos-fault-d2dmehcu/store/objects/6d>, "711118b8e15d6b051cf5a65ea0850573801d61b2aa29d1e0c8bcd59117bbee", RENAME_NOREPLACE) = -1 EIO (Input/output error) (INJECTED)
write(1<pipe:[586988]>, "RESULT IO_ERROR 0000000000000000000000000000000000000000000000000000000000000000 0\n", 83) = 83
